nr,bid,brewery,name,kind,link,abv,ibu,rating,nr_raters,adding_date,text
0,5826629,B*BOP FERMENTORY,ÜÜÜÜÜÜÜÜ,Sour - Smoothie / Pastry,https://untappd.com/b/b-bop-fermentory-uuuuuuuu/5826629,4.5,N/A,4.23,944,05/13/24,"Mango Popsicle Tart Smoothie Nu Sour.An ice cream inspired thick and juicy Smoothie Nu Sour Ale conditioned on a ton of Alphonso mangoes, ice cream cones, vanilla and a pinch of pakistani Halite salt.  "
1,6030210,HORIZONT Brewing,Night Shift Vintage 2024 - Imperial Pastry Stout Aged In Bourbon Barrels With Hazelnut & Caramel,Stout - Imperial / Double Pastry,https://untappd.com/b/horizont-brewing-night-shift-vintage-2024-imperial-pastry-stout-aged-in-bourbon-barrels-with-hazelnut-and-caramel/6030210,11.8,N/A,4.22,1406,10/22/24,"Pető Kristóf sörfőzőnk ötlete. Az alap Imperial Stout, aminek jellegzetes csokis ízjegyei mellé igazából bármilyen csoki-ihletésű dolog illik, most kapott egy jó nagy adag mogyorótöretet és karamellt. A sör maga Bourbon hordókban érlelődött, hogy az alap ízjegyek kapjanak egy kis whiskey-s, hordós tuningot. The base is an Imperial Stout, whose distinctive chocolate notes pair well with any chocolate-inspired addition, and now it’s been given a generous amount of crushed hazelnuts and caramel. The beer itself was aged in Bourbon barrels to give the base flavors a touch of whiskey and barrel-aged finesse. "
2,3729199,Brew Your Mind,Big Lies,IPA - Triple,https://untappd.com/b/brew-your-mind-big-lies/3729199,9.5,N/A,4.22,2766,03/22/20,"Triple IPA monster, based on our Bright Lies IPA. "
3,4534884,HORIZONT Brewing,Night Shift Vintage 2021 Russian Imperial Stout Aged In Bourbon Barrels With Chocolate And Coffee,Stout - Imperial / Double Coffee,https://untappd.com/b/horizont-brewing-night-shift-vintage-2021-russian-imperial-stout-aged-in-bourbon-barrels-with-chocolate-and-coffee/4534884,12.5,N/A,4.2,1074,10/05/21,Russian Imperial Stout aged in Bourbon Barrels with Chocolate and Coffee added to the beer to give it a more round and delightful taste. 
4,6155091,Brew Your Mind,Eternal Dreams,IPA - Triple New England / Hazy,https://untappd.com/b/brew-your-mind-eternal-dreams/6155091,10.0,N/A,4.2,970,02/10/25,Hazy Tripla IPA Citra és Riwaka komlóval. Keep Dreaming sörünk legerősebb változata. 
5,4534878,HORIZONT Brewing,Night Shift Vintage 2021 Russian Imperial Stout Aged In Tennessee Whiskey & Bourbon Barrels,Stout - Russian Imperial,https://untappd.com/b/horizont-brewing-night-shift-vintage-2021-russian-imperial-stout-aged-in-tennessee-whiskey-and-bourbon-barrels/4534878,13.0,N/A,4.18,1328,10/05/21,Russian Imperial Stout aged in different whiskey barrels for the perfect balance and harmony in the taste. 
6,4742835,Brew Your Mind,Still Dreaming,IPA - Imperial / Double New England / Hazy,https://untappd.com/b/brew-your-mind-still-dreaming/4742835,8.2,N/A,4.18,1740,03/06/22,Hazy DIPA Citra és Riwaka komlóval. A Keep Dreaming erősebb változata. 
7,6122703,B*BOP FERMENTORY,MUMIA,Sour - Smoothie / Pastry,https://untappd.com/b/b-bop-fermentory-mumia/6122703,4.3,N/A,4.17,1727,01/09/25,"Pineapple Mango Maracuja Smoothie Nu Sour.A delicate and thick Smoothie Nu Sour infused with Egyptian pineapples, Alphonso mangoes, Ecuadorian passionfruits and a pinch of pakistani Halite salt. No Crumbs Left — All Sauce  "
8,4068063,HORIZONT Brewing,Night Shift Vintage 2020 Russian Imperial Stout Aged In Bourbon Barrels With Chocolate & Coffee,Stout - Imperial / Double Coffee,https://untappd.com/b/horizont-brewing-night-shift-vintage-2020-russian-imperial-stout-aged-in-bourbon-barrels-with-chocolate-and-coffee/4068063,12.0,N/A,4.16,1282,11/24/20,"This beer is a 12% ABV Russian Imperial Stout, that was brewed with 12 types of malts, 6 hours of boil time, and 3 months of fermenting to prepare it for a long journey in two types of freshly emptied Bourbon barrels. The finished beer was soaked on freshly roasted Ethiopean Coffee beans and cocoa beans from Ghana. The result is a beer rich in notes of coffee, chocolate, vanilla and bourbon which we gladly recommend for every beer lover. "
9,4381221,Brew Your Mind,Moment In Time 2021 Vanilla,Stout - Imperial / Double,https://untappd.com/b/brew-your-mind-moment-in-time-2021-vanilla/4381221,11.0,N/A,4.16,661,06/26/21,"2019. decemberében főztük, majd 2020 január elejétől 2021 május végéig grain whisky hordóban érleltük. Végül palackozás előtt kapott egy kis organikus mexikói vaníliát. Olajosan sűrű, édes, komplex sörital. "
10,5056111,HORIZONT Brewing,Night Shift Vintage 2022 Double Baltic Porter Aged In Rhum Barrels,Porter - Imperial / Double Baltic,https://untappd.com/b/horizont-brewing-night-shift-vintage-2022-double-baltic-porter-aged-in-rhum-barrels/5056111,14.4,N/A,4.16,1310,10/07/22,"In 2021, Horizont brewed its first Double Baltic Porter and from the first time we sampled it, we knew it had huge potential and needed to explored more thoroughly as a style. For this 2022 vintage, we chose Rhum Agricole barrels from Saint-Martin Island in the Caribbean so the recipe had to be changed to fit the essence of the barrel. The base beer is a pleasantly chocolatey, nutty, full-bodied, and sweet dark brown/black lager. Yes, it's a lager, as bottom-fermented yeast is traditionally used for this style, and due to the neutral fermentation, this type allows the malty, hoppy, and barrel notes to prevail. Enjoy this spectacular beer!Amikor 2021-ben lefőztük és kóstoltuk az első Double Baltic Porterünket, tudtuk, hogy ebben a stílusban hatalmas potenciál van. A 2022-es vintage tételt már más típusú, Rhum Agricole érlelésére felhasznált hordókba tettük. Ehhez egy kicsit módosítanunk kellett a maláta profilon a 2021-es verzióhoz képest. Az alap egy kellemesen csokis, mogyorós, testes és édeskés sötétbarna/fekete lager. Igen, lager, mivel hagyományosan alsóerjesztésű élesztőt használnak ehhez a stílushoz, illetve az ízsemleges erjedés miatt ez a típus hagyja jobban érvényesülni a malátás, komlós és hordós jegyeket. "
11,5919340,Mad Scientist,Glorious Mess,Sour - Smoothie / Pastry,https://untappd.com/b/mad-scientist-glorious-mess/5919340,5.7,N/A,4.16,1021,07/24/24,"Ice Cream Smoothie Sour with Mango, Pineapple, Apricot collab with our main crispy boys HOP HOOLIGANS (ROM) following our Bucharest collab BEAUTIFUL MESS "
12,5626567,HORIZONT Brewing,Night Shift Vintage 2023 - Vanilla & Cinnamon Bundt Cake Pastry Stout Aged In Tennessee Whiskey Barrels,Stout - Imperial / Double Pastry,https://untappd.com/b/horizont-brewing-night-shift-vintage-2023-vanilla-and-cinnamon-bundt-cake-pastry-stout-aged-in-tennessee-whiskey-barrels/5626567,11.0,N/A,4.15,1025,12/01/23,"Fahéjjal és vaníliával fűszerezett Pastry Stout, amelynek alapötlete a kuglóf volt. Az alapsör HBC 472 komlóval készült, amely segített elmélyíteni a hordós érlelés során átvett Tennessee whiskey hordók fás, hihetetlenül vaníliás ízjegyeit. A tökéletes ízvilágát a hozzáadott fahéjjal érte el ez a testes, zamatos sörkülönlegesség. This bottle hides an Imperial Pastry Stout made with cinnamon and vanilla, based on the idea of true love and a bundt cake.The base beer is made with American experimental hops called HBC 472, which helps to deepen the woody, vanilla flavors of the Tennessee whiskey barrels used during barrel maturation. In order to achieve the perfect taste, we added cinnamon to the beer's mouthfeel to achieve this gourmet beer specialty. "
13,4534892,HORIZONT Brewing,Night Shift Vintage 2021 Barleywine Aged In Rhum Barrels With Tonka Beans,Barleywine - English,https://untappd.com/b/horizont-brewing-night-shift-vintage-2021-barleywine-aged-in-rhum-barrels-with-tonka-beans/4534892,13.0,N/A,4.15,1307,10/05/21,Barleywine aged in rhum barrels with a little twist coming from the tonka beans. 
14,5056103,HORIZONT Brewing,Night Shift Vintage 2022 Russian Imperial Stout Aged In Bourbon Barrels with Chocolate & Coffee,Stout - Imperial / Double Coffee,https://untappd.com/b/horizont-brewing-night-shift-vintage-2022-russian-imperial-stout-aged-in-bourbon-barrels-with-chocolate-and-coffee/5056103,13.6,N/A,4.15,2194,10/07/22,"In 2020, when we tasted the first version of this beer, we felt a sense of pride like never before. This feeling has persisted every year since then. Our base beer is a midnight black, full-bodied Russian imperial stout, which we then matured on freshly roasted Ethiopian variant of a Budapest specialty coffee roaster and Ghanaian cocoa beans. All this was poured into freshly emptied bourbon barrels and aged for nearly a year to reach its most beautiful form. Enjoy this splendid beer!2020-ban amikor megkóstoltuk ennek a sörnek az első verzióját, akkor olyan büszkeség fogott el bennünket, mint előtte még soha. Ezt az érzést azóta is minden évben érezzük. Az alapsörünk egy éjfekete, testes russian imperial stout, amit egy budapesti specialty kávépörkölő frissen pörkölt etiópiai variánsán és ghánai kakaóbabon érleltünk utána. Mindezt frissen ürített bourbon hordókba fejtettük és érleltük közel egy évig, hogy elérje a legszebb formáját. "
15,4534894,HORIZONT Brewing,Night Shift Vintage 2021 Double Baltic Porter Aged In Bourbon Barrels,Porter - Imperial / Double Baltic,https://untappd.com/b/horizont-brewing-night-shift-vintage-2021-double-baltic-porter-aged-in-bourbon-barrels/4534894,14.0,N/A,4.15,1491,10/05/21,Double Mashed Baltic Porter aged in Bourbon Barrels. 
16,5056112,HORIZONT Brewing,Night Shift Vintage 2022 Wheat Wine Aged In Bourbon & Rum Barrels,Wheat Beer - Wheat Wine,https://untappd.com/b/horizont-brewing-night-shift-vintage-2022-wheat-wine-aged-in-bourbon-and-rum-barrels/5056112,15.1,N/A,4.15,1295,10/07/22,"For years we have considered blending our Wheat Wine Whiskey barrel aged beer with the Wheat Wine Rhum version. 2022 is the year it comes to fruition by blending these two great beers with a mixed barrel Wheat Wine. Our brewmaster, along with the team worked diligently to blend the proper proportions of each to create this unique brew. The whiskey barrel comes from a small American distillery while the Rhum Agricole barrel came from Saint Martin Island in the Caribbean. The third barrel started its journey in Tennessee filled with whiskey then traveled to Jamaica to be filled with Rum before making its way to Hungary to be filled with a portion of the beer you have in your hand. Enjoy this astonishing beer! Régóta szerettük volna blendelni a rumos és a bourbon hordókban érlelt búzaborunkat. 2022-ben valóra is váltottuk, méghozzá egy érdekes, tripla blend formájában. Kitartóan dolgoztunk az arányok eltalálásán, hogy létrehozzuk ezt az egyedi tételt. Az egyik, whiskey-s hordóban, amit ehhez a sörhöz választottunk, egy kis amerikai lepárló bourbon-je volt előzőleg. A rumoshordók a karibi-térségi Szent Martin szigetről származnak, ahol előzőleg Rhum Agricole voltak bennük. A harmadik hordóban először Tennessee Whiskey volt, majd áthajózott Jamaicába és ott egy zseniális rumot töltöttek bele, ezután mikor kiürült, nálunk landolt, hogy megtölthessük azzal a sörrel, amit a kezedben tartasz. "
17,4017430,HORIZONT Brewing,Night Shift Vintage 2020 Russian Imperial Stout Aged in Bourbon Barrels,Stout - Russian Imperial,https://untappd.com/b/horizont-brewing-night-shift-vintage-2020-russian-imperial-stout-aged-in-bourbon-barrels/4017430,12.0,N/A,4.15,1387,10/21/20,"This beer was brewed with 12 types of malts, 6 hours of boil time,and 3 months of fermenting to prepare it for a long journeyin freshly emptied Tennessee Whiskey Barrels. Thesebarrels give this thick, dark, black beer rich notes of vanillaand bourbon, resulting in a complex flavour combinationwhich we gladly recommend for every beer lover. "
18,3464237,Mad Scientist,Blackcurrant Trifle,Sour - Smoothie / Pastry,https://untappd.com/b/mad-scientist-blackcurrant-trifle/3464237,10.0,N/A,4.15,2750,10/04/19,"Collabfest 2019 Imperial Pastry Gose 8,2% brewed in collaboration with BrewDog Budapest and Mad ScientistThe 2nd batch, brewed by the request of BrewDog UK for Collabfest 2020 has the abv of 10% "
19,6010349,HORIZONT Brewing,Night Shift Vintage 2024 - Russian Imperial Stout Aged in Bourbon Barrels with Chocolate & Coffee,Stout - Russian Imperial,https://untappd.com/b/horizont-brewing-night-shift-vintage-2024-russian-imperial-stout-aged-in-bourbon-barrels-with-chocolate-and-coffee/6010349,11.2,N/A,4.14,1093,10/05/24,"A büszkeségünk 2020 óta, ez a Russian Imperial Stout etióp kávéval és ghánai kakaóval készül, 2 évig bourbon hordókban érlelve.Our pride since 2020, this Russian Imperial Stout is brewed with Ethiopian coffee and Ghanaian cocoa beans, aged 2 years in bourbon barrels. "
20,3618027,Brew Your Mind,No Memories,IPA - Imperial / Double,https://untappd.com/b/brew-your-mind-no-memories/3618027,8.7,N/A,4.13,2264,01/08/20,The stronger version of our Only Memories IPA.  
21,4895488,Brew Your Mind,Moment In Time 2022 Mexican Vanilla,Stout - Imperial / Double,https://untappd.com/b/brew-your-mind-moment-in-time-2022-mexican-vanilla/4895488,12.6,N/A,4.13,502,06/19/22,"11 hónapig ír grain whisky hordókban érleltük, majd palackozás előtt került bele egy kis organikus mexikói vanília. Olajosan sűrű, csokoládés ízvilágú, komplex sörital. "
22,5043675,Mad Scientist,Nasty Riff,Stout - Imperial / Double,https://untappd.com/b/mad-scientist-nasty-riff/5043675,14.0,N/A,4.12,1899,09/29/22,Mexican Cake Inspired Imperial Stout collab with Adroit Theory (USA) 
23,5273537,Brew Your Mind,Green Echo,IPA - Imperial / Double,https://untappd.com/b/brew-your-mind-green-echo/5273537,8.0,N/A,4.12,1500,03/14/23,motueka & citra dipa 
24,5056101,HORIZONT Brewing,Night Shift Vintage 2022 Russian Imperial Stout Aged In Tennessee Whiskey Barrels,Stout - Russian Imperial,https://untappd.com/b/horizont-brewing-night-shift-vintage-2022-russian-imperial-stout-aged-in-tennessee-whiskey-barrels/5056101,13.0,N/A,4.12,1763,10/07/22,"The Original Night Shift beer has returned to its founding! In 2016 when this beer was first brewed, it started the journey of the Night Shift line of beers. The 2022 version returns to the beginning, when it was matured only, and exclusively, in Tennessee Whiskey barrels. No spices, just the barrel, malt and hops. Every year we polish the recipe to make it more perfect and even silkier. Enjoy this classic beer!Ezzel a tétellel visszatértünk az eredeti Night Shift gyökereihez. Amikor 2016-ban lefőztük ennek a sörnek az első verzióját, nem is sejtettük, hogy hová vezet az útja. 2018-ban elkészült az első hordóérlelt változata, megkezdve a hosszú utazást, aminek most egy állomásához érkeztünk. Azóta is töretlen népszerűségnek örvend, és minden évben csiszolunk rajta egy kicsit, hogy még tökéletesebb és még selymesebb legyen. A 2022-es verzió visszatér a kezdetekhez, amikor csak és kizárólag Tennessee Whiskey hordóban érleltük. Semmi fűszer, csak a hordó, maláta és a komló, egy igazi klasszikus. "
25,5625799,HORIZONT Brewing,Night Shift Vintage 2023 - Rye Wine Aged In Bourbon Barrels - Aged 2 Years,Rye Wine,https://untappd.com/b/horizont-brewing-night-shift-vintage-2023-rye-wine-aged-in-bourbon-barrels-aged-2-years/5625799,10.2,N/A,4.12,891,11/30/23,"Ez a zamatos és egyedi ízélményt nyújtó, karamellizált rozsmalátával, valamint rozspehellyel készült rozsbor egy hihetetlenül krémes, gyümölcsös ízvilágú sör. Az alap rozsbort két évig érleltük Bourbon hordókban, az ez idő alatt átvett fás-viszkis ízjegyek komplex és kivételes ízvilágot adtak ennek az egészen különleges sörnek. With this Rye wine, we ventured further into the realm of the grain wine. From the point of view of brewing, we made the base beer with rye, an undeservedly underrated brewing grain, which was aged in bourbon barrels for nearly two years. Of course, we didn't just use plain, basic rye malt, since with this excellent beer we aim to show the diversity of this grain, so we also used two types of caramelized rye malt and rye flakes to create this unique beer. "
26,5687612,Brew Your Mind,Steep Dreaming,IPA - New England / Hazy,https://untappd.com/b/brew-your-mind-steep-dreaming/5687612,7.0,N/A,4.11,1225,01/21/24,Hazy IPA Citra és Riwaka komlóval. A Keep Dreaming sörünk dupla ipa szinten komlózott változata. 
27,6082605,Brew Your Mind,Moment In Time 2024: Calvados & Apple Brandy Barrel,Stout - Imperial / Double,https://untappd.com/b/brew-your-mind-moment-in-time-2024-calvados-and-apple-brandy-barrel/6082605,13.5,N/A,4.11,532,12/04/24,"A 50-50 Calvados and Apple Brandy barrel aged imperial stout blended into a single experience. Very moderate carbonation, smooth oily body and rich chocolate aromas, the stout is complemented by a mild, refreshing acidity imparted by the Brandy barrels. "
28,2074074,Brew Your Mind,Evermind,IPA - Imperial / Double New England / Hazy,https://untappd.com/b/brew-your-mind-evermind/2074074,8.2,N/A,4.09,3926,05/03/17,Our New England inspired double IPA 
29,5970051,Brew Your Mind,Everyday Lies,IPA - Imperial / Double New England / Hazy,https://untappd.com/b/brew-your-mind-everyday-lies/5970051,8.0,N/A,4.09,713,09/03/24,"Halfway between Bright Lies and Big Lies, there is Everyday Lies IPA. Hopped with Mosaic and Citra the same amount as Big Lies. "
30,2521955,Brew Your Mind,Money Cannon,IPA - Imperial / Double,https://untappd.com/b/brew-your-mind-money-cannon/2521955,8.3,N/A,4.09,1930,02/20/18,"This double New England insired IPA is a collaboration with our good friend armando_otchoa. This one comes with a blast of tropical fruit flavors and a velvety mouthfeel. Made with 30g/L australian and american hops. Amarillo, Galaxy, Citra "
31,5056107,HORIZONT Brewing,Night Shift Vintage 2022 Imperial Pecan Pie Stout Aged In Tennessee Whiskey Barrels,Stout - Imperial / Double Pastry,https://untappd.com/b/horizont-brewing-night-shift-vintage-2022-imperial-pecan-pie-stout-aged-in-tennessee-whiskey-barrels/5056107,13.6,N/A,4.08,1199,10/07/22,"A Horizont Night Shift tételei között minden évben megtalálható egy pastry stout. A 2022-es év „sütis” Night Shiftjéhez egy klasszikus amerikai süteményt, a pekándiós pitét vettük alapul. A pekándiós pite története az 1880-as évekig tekint vissza, és kimondottan kedvelt az USA deli államaiban, ahol a bourbon whiskey-t készítik, így természetesnek vettük, hogy hordóérleléshez egy Tennessee whiskey-s hordót válasszunk. Mivel a lepárló, ahonnan érkezett, karakteresebb, számottevően vaníliásabb esszenciájú hordókat használ, így ez fantasztikusan áll az alapsörnek, illetve a teljes koncepciónak is. Az alapsör egy sűrű, testes imperial stout, amibe rengeteg házilag pörkölt pekándiót tettünk, így kinyerve belőle az ízeket.ENEach year in the Horizont Night Shift line, we present to you a new pastry stout. The 2022 version is an expression of an American classic dessert, the pecan pie. The Pecan pie dates back to the 1880’s and is very popular in the Southern States where bourbon whiskey is made, so it was a natural fit to age this beer in Tennessee whiskey barrels. The distillery from which the barrels came emphasizes considerably more vanilla essence which is perfect for this brew. The base beer is an Imperial Stout which is a thick, full-bodied beer which was put into the barrels then we added copious amounts of home-roasted pecans, thus extracting the flavors from it. Enjoy this special beer! "
32,5571019,HORIZONT Brewing,Night Shift Vintage 2023 - Russian Imperial Stout Aged In Bourbon Barrels With Chocolate & Coffee,Stout - Imperial / Double Coffee,https://untappd.com/b/horizont-brewing-night-shift-vintage-2023-russian-imperial-stout-aged-in-bourbon-barrels-with-chocolate-and-coffee/5571019,11.5,N/A,4.08,878,10/19/23,"Minden évben meglep ennek a már kötelezővé vált tételnek a sokszínűsége. Az alapsör pörkölt malátás jegyei és a Bourbon hordók klasszikus, utánozhatatlan ízvilága már alapból egy egészen különleges, minden évben egyre harmonikusabb ízvilágot alkotnak az egy éves érlelés során, de az igazi varázslat a kakaó- és kávébab megszokott ízjegyeinek átvételekor történik. This beer surprises us each year, since the harmony between the base beer and the barrels turns out to be something magical. Add the classical taste of cocoa and coffee beans, and the perfect barrel aged beer is suddenly in front of you.    "
33,5201288,Brew Your Mind,Human Experiment THIRTY TWO,IPA - Imperial / Double,https://untappd.com/b/brew-your-mind-human-experiment-thirty-two/5201288,8.5,N/A,4.08,323,01/16/23,"Kísérletező sorozatunk legújabb tagja, egy dupla IPA 3 féle komlóval (citra, motueka, nelson sauvin) extrémen komlózva. "
34,5832490,Mad Scientist,Somlói Galuska 2024,Stout - Imperial / Double,https://untappd.com/b/mad-scientist-somloi-galuska-2024/5832490,11.0,N/A,4.08,639,05/18/24,"Our most ambitious collab ever including our amazing friends:Mixen of Culture Drops from DenmarkMárk of Moersleutel from the NetherlandsBoti of B*Bop Fermentory from HungaryMAD SCIENTIST BARREL PROJECTRum Barrel-Aged Pastry Imperial Stout With Walnut, Pecan, Cocoa Beans, Raisins And VanillaCELLAR MASTER NOTESTake time to do what makes your soul happyThe original Somlói Galuska was a real milestone for the Barrel Project when we made it back in 2019 with our dear friends at Moersleutel. It was the first barrel-aged pastry imperial stout for us as well as the first collab within the series and, you've been our witness, we learned so much from these guys. The second release Somlói Nodler already set the bar higher, but we are pretty sure that this third coming of the Somlói is 'the crème de la crème', a real blast of flavours and memories. Eat it and drink it, you sure deserve this treat! "
35,5448268,Brew Your Mind,Human Experiment THIRTY SEVEN,IPA - Imperial / Double New England / Hazy,https://untappd.com/b/brew-your-mind-human-experiment-thirty-seven/5448268,7.5,N/A,4.08,436,07/17/23,"Kísérleti sorozatunk legújabb tagja. A sör mindenben megegyezik az előző azaz 36-os Human Experimenttel, csak az élesztő egy általunk még korábban nem használt fajta. Nem is tudjuk eldönteni melyik tetszik jobban. Szerintetek melyik jobb?A Human Experiment sorozat új címkéin számunkra kedves alkotásokat mutatunk be. "
36,4017501,HORIZONT Brewing,Night Shift Vintage 2020 Wheat Wine Aged in Bourbon Barrels,Wheat Beer - Wheat Wine,https://untappd.com/b/horizont-brewing-night-shift-vintage-2020-wheat-wine-aged-in-bourbon-barrels/4017501,13.0,N/A,4.08,819,10/21/20,"It's a 13% ABV Wheat Wine, that wasbrewed with 4 types of malts, 8 hours of boil time, and3 months of fermenting to prepare it for a long journeyin freshly emptied Tennessee Whiskey Barrels.This wheat malt based, high alcohol beer contains copiousamounts of noble German hops, and was aged for12 months in oak barrels. The result is a silky, creamy wheatwine, with incredible complexity. "
37,5632011,HORIZONT Brewing,"Night Shift Vintage 2023 - Mexicake-Inspired Imperial Stout Aged In Rum, Rhum & Bourbon Barrels",Stout - Russian Imperial,https://untappd.com/b/horizont-brewing-night-shift-vintage-2023-mexicake-inspired-imperial-stout-aged-in-rum-rhum-and-bourbon-barrels/5632011,10.4,N/A,4.07,755,12/05/23,"Chilis, fahéjas Imperial Stout, triple-blended, azaz három különféle (Rum, Rhum és Bourbon) hordóban érlelt, majd gondosan meghatározott arányban vegyített tétel. A varázslatos alapsör egyéves érlelési időszakának végére kiemelkedő hordós ízjegyeket kapott, melyek mellett kiválóan jön a chili és a fahéj mámorítóan harmonikus, ámde visszafogott kombinációja.This full-bodied beer specialty with cinnamon, chili, and chocolate, is based on a true classic, the Mexicake. The base beer was aged in three different types of barrels (Bourbon, Rhum, Rum). The barrels used were various rum and rhum barrels from the Caribbean Islands, as well as bourbon barrels from the USA. "
38,5273250,Mad Scientist,Roasters Paradise Kianderi - Kenya,Stout - Imperial / Double Coffee,https://untappd.com/b/mad-scientist-roasters-paradise-kianderi-kenya/5273250,13.0,N/A,4.07,1467,03/14/23,collab with CASINO MOCCA 
39,6088760,Brew Your Mind,Moment In Time 2024: Maple Syrup,Stout - Imperial / Double,https://untappd.com/b/brew-your-mind-moment-in-time-2024-maple-syrup/6088760,13.5,N/A,4.07,302,12/09/24,"Moment In Time sorozatunk tagjai hordóérlelt, stout típusú komplex fekete söritalok, melyek a maláták összhangjára épülnek.15 éves, 200 literes amerikai – korábban kanadai juharszirupot tartalmazó – tölgyfahordóban 13 hónapig érlelt stout típusú fekete sör.Összesen 320 palack készült. "
40,3883223,Mad Scientist,Happy Finish Pedro Ximenez,Stout - Imperial / Double,https://untappd.com/b/mad-scientist-happy-finish-pedro-ximenez/3883223,12.5,N/A,4.07,514,07/21/20,"MAD SCIENTIST BARREL PROJECTBlended Barrel Aged Imperial Stout and PorterCELLAR MASTER NOTESPedro Ximenez is one of the noblest grape varieties that sherry is made from. We had the ultimate luck to get one of these barrels this special spirit had been aged in so we didn't waste time and filled it immediately.The Cuban rum strikes back! After Happy Finish Tawny port, which in fact was the first part of this mini-series, we used this type of barrel again to mature the very same peanut imperial stout, but this time we mixed it with Pedro Ximenez BA imperial porter to add the unique characteristics of sherry to the game. Long story short: it's a Black Forest Cake-party in your mouth! Bitter chocolate, molasses, walnut and a huge amount of berries with an acidic aftertaste. Yummy! "
41,6604120,Brew Your Mind,Human Experiment SIXTY THREE,IPA - Imperial / Double New England / Hazy,https://untappd.com/b/brew-your-mind-human-experiment-sixty-three/6604120,8.5,N/A,4.07,360,02/16/26,"Kísérleti sorozatunk legújabb tagja egy intenzíven komlózott hazy DDH dupla IPA Rakau, Nelson Sauvin és Citra komlóval.A Human Experiment sorozat új címkéin számunkra kedves alkotásokat mutatunk be. "
42,6022750,Unity Bar & Brewery,Raspberry X Mango X Passion Fruit Smoothie Sour,Sour - Smoothie / Pastry,https://untappd.com/b/unity-bar-and-brewery-raspberry-x-mango-x-passion-fruit-smoothie-sour/6022750,5.2,5,4.07,662,10/16/24,"A thick, pulpy smoothie sour with loads of raspberry, mango, and passion fruit purees. Just high quality fruit puree, no bullshit. We DO NOT play the fake gelato powder game!NO LACTOSE "
43,5281209,Brew Your Mind,Human Experiment THIRTY THREE,IPA - Imperial / Double,https://untappd.com/b/brew-your-mind-human-experiment-thirty-three/5281209,8.6,N/A,4.06,383,03/19/23,hazy dipa with Nectaron (and citra) hops 
44,5615183,HORIZONT Brewing,Night Shift Vintage 2023 - Wheat Wine Aged In Bourbon Barrels - Aged 2 Years,Wheat Beer - Wheat Wine,https://untappd.com/b/horizont-brewing-night-shift-vintage-2023-wheat-wine-aged-in-bourbon-barrels-aged-2-years/5615183,12.1,N/A,4.06,748,11/22/23,"Ez a tétel KETTŐ ÉVET töltött Bourbon és Tennessee whiskey-s hordókban, majd érlelést követően blendeltük. A két éves érlelési idő alatt olyan mélyen átvette az alap búzabor a hordók jellegzetes, whiskey-s, fás ízjegyeit, hogy csak ámultunk, amikor megkóstoltuk a palackozott terméket. A zamatos ízvilág, az utánozhatatlan gabonás, malátás ízjegyek gyönyörű harmóniát alkotnak a hordós jegyekkel. ENOur basic wheat wine was matured in two types of whiskey barrels for two years, and then blended in the right proportions after maturation, in order to achieve the perfect taste experience.Having aged for two years, the base wheat wine got some super-special taste notes from the barrels, which created a harmonious and amazing taste. "
45,6082610,Brew Your Mind,Rising Fall,IPA - New England / Hazy,https://untappd.com/b/brew-your-mind-rising-fall/6082610,7.0,70,4.06,801,12/04/24,"Crafted with Peacharine hops a standout New Zealand variety that recently made its debut. We believe Peacharine has incredible potential, bringing a unique profile to this IPA. "
46,4331772,Brew Your Mind,Moment In Time 2021,Stout - Imperial / Double,https://untappd.com/b/brew-your-mind-moment-in-time-2021/4331772,11.0,N/A,4.06,477,05/27/21,"Imperial stout with lots of oatmalt and oat flakes aged 16 months in Irish grain whiskey barrels. 2019. decemberében főztük, majd 2020 január elejétől 2021 május végéig grain whisky hordóban érleltük. Olajosan sűrű, édes, komplex sörital "
47,5273252,Mad Scientist,Roasters Paradise Koke Shalaye - Etiópia,Stout - Imperial / Double Coffee,https://untappd.com/b/mad-scientist-roasters-paradise-koke-shalaye-etiopia/5273252,13.0,N/A,4.05,1611,03/14/23,collab with CASINO MOCCA 
48,4990782,Brew Your Mind,No Memememories,IPA - Imperial / Double,https://untappd.com/b/brew-your-mind-no-memememories/4990782,8.7,N/A,4.05,374,08/24/22,"No Memories DIPA sörünk új, komlósabb verziója. Igazi nagyágyú! Testes, selymes, itatja magát. "
49,6555907,Brew Your Mind,Double Fall,IPA - Imperial / Double New England / Hazy,https://untappd.com/b/brew-your-mind-double-fall/6555907,8.2,N/A,4.05,357,01/02/26,Rising Fall sörünk nagytestvére rengeteg Peacherine és Citra komlóval hidegkomlózva 
0,1059193,Thomas Menner 1701,"Félbarna, Altbier",Altbier - Sticke / Latzenbier,https://untappd.com/b/thomas-menner-1701-felbarna-altbier/1059193,6.2,N/A,3.59,235,04/24/15, 
1,2587397,Guri Sörfőzde,Mélange,Altbier - Sticke / Latzenbier,https://untappd.com/b/guri-sorfozde-melange/2587397,6.0,N/A,3.53,226,04/05/18, 
0,4635993,Tacet Brewery,Die Walküre,Altbier - Traditional,https://untappd.com/b/tacet-brewery-die-walkure/4635993,5.2,N/A,3.57,550,12/12/21, 
1,945209,KESER (Kecskeméti Sörmesterek),Vörösbegy,Altbier - Traditional,https://untappd.com/b/keser-kecskemeti-sormesterek-vorosbegy/945209,5.5,39,3.52,386,01/16/15, 
2,2939801,HORIZONT Brewing,Günther Von Düsseldorf,Altbier - Traditional,https://untappd.com/b/horizont-brewing-gunther-von-dusseldorf/2939801,5.5,35,3.51,617,11/13/18,"Respect the classics! Copper color, malty-biscuity taste with hints of rosehip and fruity freshness in the end. Ridiculosly easy drinking.Egy igazi klasszikus! Felsőerjesztésű düsseldorfi sörstílus amit hosszú ideig lagereltünk. Sötét réz szín, kellemes malátás test, finoman gyümölcsös lecsengés. Könnyen iható téli sör.  "
0,5586581,Mad Scientist,Bonfires Burning Bright,Barleywine - American,https://untappd.com/b/mad-scientist-bonfires-burning-bright/5586581,9.0,N/A,4.02,309,10/30/23,"MAD SCIENTIST BARREL PROJECT Martinique Rum Barrel Aged Barley Wine With Caramel, Pumpkin And Pumpkin Spice Blend CELLAR MASTER NOTES“Build a man a fire, and he'll be warm for a day. Set a man on fire, and he'll be warm for the rest of his life.”Oh, dang, here we go again with a special blend that started out as a one-time-keg-only drop. But since we're going down this way, we got a decent amount of superb quality pumpkin and spiced up the season with this sweet, caramelly, woody, bit vegetal craziness in bottles as well. The Martinique rum barrel itself gave much spiciness, but the kind of misfits we are, we totally embrace the “a little more can't hurt” philosophy. So just treat yourself and taste our non-typical festive release before the lights go out. "
1,5798905,Mad Scientist,Mr. Wonderful,Barleywine - American,https://untappd.com/b/mad-scientist-mr-wonderful/5798905,10.2,N/A,4.01,257,04/22/24,"MAD SCIENTIST BARREL PROJECTRye Bourbon Barrel-Aged Caramel Barleywine With Pistachios, Orange And Lemon Zests, VanillaCELLAR MASTER NOTES""Why you think I'm out here actin' crazy?""Our brand new creation is rising high with the flavors of the baklava, the galaxy’s most beloved dessert. A massively caramelly sweetness as a backbone shows the mild spiciness of rye and oak, while the dominating tasting note comes from the roasted pistachios, nicely balanced out by the citrus zests, so the final product won't be too sticky. Already thinking about another version focusing more on the chocolaty notes... Who knows? Life is crazy. "
2,4289754,Mad Scientist,Liquid Florentine,Barleywine - American,https://untappd.com/b/mad-scientist-liquid-florentine/4289754,12.0,N/A,3.94,186,04/30/21,"MAD SCIENTIST BARREL PROJECTBarley Wine aged in Bourbon Barrel with hand-roasted Almond, Orange, Cocoa Beans, Orange Zest and SaltCELLAR MASTER NOTESMirror mirror on the wall, give Florentine to all!This time it seems like we managed to create the universal cookie beer because, despite Florentine being the main inspiration, every single one of us in the brewery was reminded of a different sweet treat after tasting: fruit bread, orange sponge cake, Sacher-cake, Túró Rudi (just Google this curd snack), you know the drill. What's for sure is that we've added a copious amount of hand-roasted almond as a backbone, hit on the taste and created acidity with orange, used the bitter greatness of cocoa and rounded it up with a hint of salt. The result can hardly be described in a written form, but if you are into pastry-inspired but not overwhelmingly sweet beers, this one will eat you alive. "
3,3617330,Mad Scientist,Bourbon & Bourbon,Barleywine - American,https://untappd.com/b/mad-scientist-bourbon-and-bourbon/3617330,13.5,N/A,3.9,163,01/07/20,"MAD SCIENTIST BARREL PROJECT Bourbon Whiskey barrel aged barleywine with Bourbon barrel aged coffee and maple syrup CELLAR MASTER NOTES This beer is special due to the addition of Bourbon Barrel aged coffee. This is the first release, where the inspiration didn't come from the base beer, nor the barrel, but the extra addition. Beer and barrel were selected after choosing the Bourbon BA coffee. The nose and taste are dominated by the fruity notes of lightly roasted coffee complemented by cinnamon and caramel notes of the maple syrup barlywine and Bourbon barrel. "
4,1336920,MONYO Brewing Co.,Franky Four Fingers (2015),Barleywine - American,https://untappd.com/b/monyo-brewing-co-franky-four-fingers-2015/1336920,13.0,55,3.84,174,12/03/15,"Sörfőzdénk legkomplexebb söre, amelynek magas alkoholtartalmát mindenféle hozzáadott cukor nélkül értük el. Tradicionális angol alapanyagokból készült, amelyben a fő szerepet a Maris Otter kapta. A komlózáshoz azonban egy új német komlót, a Mandarina Bavaria-t használtuk. Hogy nemesedjen és elérje mostani karakterisztikáját, egy évig érleltük palackban. Ennek az eredménye ez a nagyon sűrű, bronzvörös színű, gazdag malátás ital. Összetett ízvilágában a hordós, sherry-s jegyek keverednek a Mandarina komló citrusos fanyarságával. "
5,2345182,TuffBuzz,Freaky Freaky,Barleywine - American,https://untappd.com/b/tuffbuzz-freaky-freaky/2345182,13.0,60,3.81,492,10/18/17,"Here comes Freaky Freaky, a pumpkin barleywine brewed with tons of roasted butternut squash, basil, lemongrass and homemade citrus extract. This is a collaboration brew of Budapest breweries TuffBuzz and Mad Scientist.Trick or treat amigos! "
6,2972395,MONYO Brewing Co.,Franky Four Fingers (2018),Barleywine - American,https://untappd.com/b/monyo-brewing-co-franky-four-fingers-2018/2972395,12.3,N/A,3.81,562,12/04/18,"One of our most complex beers, the high alcohol percentage has nothing to do with any additional sugar. Made from traditional English ingredients, Maris Otter malt and Fuggle hop. It was aged in the bottle for a whole year to get its perfect characteristics. The result is a thick, red, rich malt drink. It tastes like sherry mixed with the aromas of the Fuggle hop. "
7,2281726,MONYO Brewing Co.,Franky Four Fingers (2017),Barleywine - American,https://untappd.com/b/monyo-brewing-co-franky-four-fingers-2017/2281726,13.0,N/A,3.79,729,09/08/17,"Franky Four Fingers of the year 2017Sörfőzdénk legkomplexebb söre, amelynek magas alkoholtartalmát mindenféle hozzáadott cukor nélkül értük el. Tradicionális angol alapanyagokból készült, amelyben a fő szerepet a Maris Otter kapta. A komlózáshoz azonban egy új német komlót, a Mandarina Bavaria-t használtuk. Hogy nemesedjen és elérje mostani karakterisztikáját, egy évig érleltük palackban. Ennek az eredménye ez a nagyon sűrű, bronzvörös színű, gazdag malátás ital. Összetett ízvilágában a hordós, sherry-s jegyek keverednek a Mandarina komló citrusos fanyarságával "
8,4261439,Szent András Sörfőzde,Houdini (2020),Barleywine - American,https://untappd.com/b/szent-andras-sorfozde-houdini-2020/4261439,11.0,68,3.77,392,04/10/21,"Te most egy magas alkoholtartalmú, erősen malátás, aszalt gyümölcsös ízkaraktereket hozó, hosszú érlelésű árpaborral (American Barleywine) nézel farkasszemet. Ez a palack már az első kóstoláskor is furfangokkal, meglepetéssel vár rád, de idővel megbűvöl, ámulatba ejt, akárcsak legendás névadója, a világ leghíresebb bűvésze és szabadulóművésze, Houdini. Ez nem csupán illúzió, sokkal inkább szakértelem és egy csipetnyi varázslat.You’re now facing a high-alcohol, heavily malted, long-matured barley wine (American Barleywine) that brings dried fruity flavor characteristics. This beer awaits you with a surprise from the very first tasting, but over time it enchants and amazes you, as did the world’s most famous magician and escape artist, Houdini, who this beer is named after. It’s not just an illusion, it’s more of an expertise and a hint of magic. "
9,4604836,Szent András Sörfőzde,Houdini (2021),Barleywine - American,https://untappd.com/b/szent-andras-sorfozde-houdini-2021/4604836,11.0,68,3.77,258,11/21/21, 
10,1843536,MONYO Brewing Co.,Franky Four Fingers (2016),Barleywine - American,https://untappd.com/b/monyo-brewing-co-franky-four-fingers-2016/1843536,13.0,34,3.77,373,11/30/16, 
11,2418696,Fehér Nyúl,Barleywine 2017,Barleywine - American,https://untappd.com/b/feher-nyul-barleywine-2017/2418696,11.0,90,3.76,207,12/07/17,"Van, amit nem szabad elkapkodni. Ez nem csak a sör érlelési idejére, de a fogyasztására is igaz. Szánj időt erre a desszert jellegű smash-re, amit egyféle komlóból és egyféle malátásból készítünk. Élvezd ki minden cseppjét, és lásd be, hogy nincs értelme rohanni. 14-16°C-on a legjobb. "
12,5180478,Szent András Sörfőzde,Houdini (2022),Barleywine - American,https://untappd.com/b/szent-andras-sorfozde-houdini-2022/5180478,11.0,68,3.76,219,12/29/22,Évjárat: 2022. Szabadítsd ki a palackból!EBC 71. Extrakt: 25°B. 
13,3537585,Fehér Nyúl,Barleywine 2019,Barleywine - American,https://untappd.com/b/feher-nyul-barleywine-2019/3537585,10.5,90,3.67,472,11/18/19,"Ne csak piszkáld, fiam, azt a drága ételt! Annak jár a desszert, aki megette az összes főzeléket. Nem fér, nem fér, dehogynem fér. Tunkold ki a szaftot is rendesen. Na? Jó. Tessék. Oszd be, mert ma már nincs több édesség!  "
14,2954236,Fehér Nyúl,Barleywine 2018,Barleywine - American,https://untappd.com/b/feher-nyul-barleywine-2018/2954236,10.5,90,3.66,357,11/22/18,"Ne csak piszkáld, fiam, azt a drága ételt! Annak jár a desszert, aki megette az összes főzeléket. Nem fér, nem fér, dehogynem fér. Tunkold ki a szaftot is rendesen. Na? Jó. Tessék. Oszd be, mert ma már nincs több édesség! "
0,4534892,HORIZONT Brewing,Night Shift Vintage 2021 Barleywine Aged In Rhum Barrels With Tonka Beans,Barleywine - English,https://untappd.com/b/horizont-brewing-night-shift-vintage-2021-barleywine-aged-in-rhum-barrels-with-tonka-beans/4534892,13.0,N/A,4.15,1307,10/05/21,Barleywine aged in rhum barrels with a little twist coming from the tonka beans. 
1,3520686,MONYO Brewing Co.,Franky (2019),Barleywine - English,https://untappd.com/b/monyo-brewing-co-franky-2019/3520686,11.5,N/A,3.88,735,11/08/19,"Barley wine-unk, a Franky 2019-es évjárata. A stílusra jellemző komplex és intenzív malátás jegyek jellemzik, valamint nagy test és viszkózus kortyérzet. Ízében és illatában a dió, a melasz és az aszalt gyümölcsök dominálnak, de melegítés hatására előbújnak a juharszirupos-karamellás aromák is. Kiváló téli sör, magas érlelési potenciállal.-----The vintage 2019 version of our barley wine, Franky. Full-bodied with a viscous mouthfeel. Complex maltiness, with notes of dried fruits, walnut, maple syrup and molasses. Perfect for the winter season. Cellarable. "
2,4051599,MONYO Brewing Co.,One-Handed Stuntman,Barleywine - English,https://untappd.com/b/monyo-brewing-co-one-handed-stuntman/4051599,13.0,N/A,3.84,217,11/13/20,"A One-Handed Stuntman az eddigi legsűrűbb árpaborunk, amit több órás forralással értünk el a főzés során. Rendkívül komplex ital, amelyben a malátásság kapja a főszerepet. Karamell, dió, aszaltgyümölcsök jellemzik illatban és ízben egyaránt.Egyszeri és limitált főzet.---One-Handed Stuntman is our thickest barley wine, what we achieved by boiling for several hours. It is an extremely complex drink in which maltiness plays a major role, characterized by caramel, walnuts and dried fruits in both aroma and taste. "
3,4628647,FIRST Craft Beer,Yvaga,Barleywine - English,https://untappd.com/b/first-craft-beer-yvaga/4628647,13.0,50,3.77,250,12/08/21,"Nincs vita, hogy a Laphroaig scotch-os, vagy a Maker's Mark bourbon-ös ízvilága passzol jobban sörünkhöz, hiszen a megoldás a kettő együtt. A blendelt whiskey jegyek legerősebbjei jelennek meg tömény, sötétborostyán barley wine sörünk gyümölcsös és harsány karakterén, egy intenzív, tüzes, de mégsem alkoholos, különleges ízélményben kulminálódva. "
4,3264260,HORIZONT Brewing,Caribbean Spirit,Barleywine - English,https://untappd.com/b/horizont-brewing-caribbean-spirit/3264260,9.5,40,3.77,206,06/05/19,"A classic barley wine with a BA twist. Boiled for 3 hours for a massive caramelly texture and flavour...and then we put it into Plantation rum barrels from Barbados. Loads of vanilla, coconut and oak with a hint of spicy boozyness. Egy igazi klassziks barley wine egy kis csavarral. Három órás forralással egészen karamelles, ragacsos textúrát és ízvilágot értünk el, ami mégis könnyen csúszik. A végeredmény egyik felét barbadosi Plantation rumos hordókba raktuk. Vanília, kókusz, finom hordósság és egy kis fűszeres alkohol.  "
5,3264267,HORIZONT Brewing,Tennessee Spirit,Barleywine - English,https://untappd.com/b/horizont-brewing-tennessee-spirit/3264267,9.5,40,3.76,185,06/05/19,"A classic barley wine with a BA twist. Boiled for 3 hours for a massive caramelly texture and flavour...and then we put it into Jack Daniels barrels. Loads of vanilla, coconut and oak with a little bit of smoky whiskey boozyness. Egy igazi klassziks barley wine egy kis csavarral. Három órás forralással egészen karamelles, ragacsos textúrát és ízvilágot értünk el, ami mégis könnyen csúszik. A végeredmény egyik felét Jack Daniels-es whiskey-s hordókba raktuk. Vanília, kókusz, finom hordósság és egy kis füstös alkohol. "
6,4271045,FIRST Craft Beer,Midnight Beast,Barleywine - English,https://untappd.com/b/first-craft-beer-midnight-beast/4271045,13.0,50,3.66,232,04/17/21,"A barley wine, vagyis árpabor a tapasztalt kraftsör-fogyasztók körében is különlegességnek számít. A Midnight Beast sem kivétel: igazi harapós sör, 13% alkoholfoka és borostyánszíne csak aláhúzza a sűrű, karakteresen malátás, enyhén gyümölcsös, de harsányan észteres ízvilágot. Egy ilyen sör nem csak itatja magát: zsákmányt ejt! "
0,4222515,Mad Scientist,Walrus 2: The Revenge Of The 'Nuss,Barleywine - Other,https://untappd.com/b/mad-scientist-walrus-2-the-revenge-of-the-nuss/4222515,13.0,N/A,4.04,430,03/15/21,"MAD SCIENTIST BARREL PROJECTA blend of Four Roses and Knob Creek Rye bourbon barrel-aged barley wines with in house-roasted walnut and vanillaCELLAR MASTER NOTESThe Walrus is back in town and this time he totally GOES NUTSWhen we experimented with 'I am The Walnut' a decision was made that besides the beast we have to create his evil twin: a darker, older, but still gentle brother. So we put tons and tons of hand-roasted walnuts into two different barrels of barley wine and rounded it up with vanilla. A sequel from an alternative universe! As a result, this bad boy has the chocolaty-nutty notes of walnut, that go just perfectly with the woody-spicy bourbon feel. And yes, you can say it's boring to say this (again), but in our opinion, this is our best one so far: revenge has never tasted this good! Like a good-old VHS blockbuster, you want to check it again, again and again. "
1,4036586,Mad Scientist,I Am the Walnut,Barleywine - Other,https://untappd.com/b/mad-scientist-i-am-the-walnut/4036586,12.5,N/A,3.97,177,11/02/20,"MAD SCIENTIST BARREL PROJECTJamaican rum barrel-aged barleywine with walnut, mahlep and tonka beansCELLAR MASTER NOTESIf you search carefully you may find traces of beer in this liquid walnut syrup.We experimented a lot with spice additions while working on this release to find the perfect combination. Finally, the interplay of walnut, tonka and mahlep came out as the winner combo.Yes, I know your question and the answer is: mahlep is an aromatic spice made from the seeds of a species of cherry providing the characteristics of bitter almond, cherry and marzipan. These notes perfectly match with the deep-woody walnut savors and the vibrating spiciness of tonka that strengthens up the presence of barrel-inflicted flavors. "
2,5809774,Mad Scientist,Tiny Barrel Project Old King Clancy Bourbon,Barleywine - Other,https://untappd.com/b/mad-scientist-tiny-barrel-project-old-king-clancy-bourbon/5809774,10.2,N/A,3.97,514,05/01/24,"From OLD KING CLANCY 2017 Maple Syrup Barleywine to OLD KING CLANCY 2022 Maple Syrup Barleywine, here's TINY BARREL PROJECT OLD KING CLANCY BOURBON Clermont Springs Bourbon Barrel Aged Barleywine with our friends TEYFÖL (Szentendre, Hungary) Bistro Here's our 7th TINY BARREL PROJECT release (and the 2nd in 2024) within our recently introduced category between the Specials series and Barrel Project in 330ml cans, dropping on the 10th of May, 2024 celebrating TEYFÖL's 1st Birthday! "
3,6272908,Mad Scientist,Mayhem Of Mash,Barleywine - Other,https://untappd.com/b/mad-scientist-mayhem-of-mash/6272908,12.0,N/A,3.95,349,05/21/25,"MAD SCIENTIST BARREL PROJECT collab with our old friend Mario from Bådin Bryggeri (NO)A Blend Of Bourbon Barrel-aged Caramel Barleywine And Tokaji Aszú Sweet Wine Barrel-aged RyewineCELLAR MASTER NOTESMadness? We eat mayhem for breakfast!Although we are big fans of blending barrels and beer styles, this one is a first, even for us. It’s also our debut collab with our friends at Bådin, and we went all in. We started with a highly aromatic, slightly dry ryewine aged in Hungarian Tokaji Aszú barrels as our thesis. Then we brought in the antithesis, a bold, sweet, toffee-laced barleywine straight out of a bourbon barrel. The result? A synthesis that’s not overwhelmingly sweet, but rich, spicy, and biscuit-like, with layers to get lost in. Oh, and it contains a nice mixture of grains as barley, rye, and oat, so don't worry about the 12%, technically, it still qualifies as breakfast granola. "
4,5243924,Mad Scientist,Old King Clancy 2022,Barleywine - Other,https://untappd.com/b/mad-scientist-old-king-clancy-2022/5243924,10.5,N/A,3.92,1671,02/19/23,Maple Syrup Barleywine 
5,4796468,Mad Scientist,Great Fireballs of Fire,Barleywine - Other,https://untappd.com/b/mad-scientist-great-fireballs-of-fire/4796468,11.0,N/A,3.92,289,04/14/22,"MAD SCIENTIST BARREL PROJECTPort Wine Barrel-aged Barley Wine With Cinnamon And HoneyCELLAR MASTER NOTESOh, you cinnamonical phantasmagoria, rise now and come to life!Adding cinnamon to your beer is almost always a good idea, but this time we really wanted to create something crazy (to be honest, we do this on a daily basis). We used tons of cinnamon sticks and roasted them well, so we ended up with a more intense and sharp flavor that pairs well with the red fruity-caramelly-nutty base embracing perfectly the sweetness of the unfermented honey. Not gonna lie, it's not that hard to figure out the source of inspiration here, as we tried to get the same intense, hot, cinnamon flavors as the infamous whiskey liquor goes. If you ask us, we nailed it. "
6,3791086,Mad Scientist,Lady Lockdown,Barleywine - Other,https://untappd.com/b/mad-scientist-lady-lockdown/3791086,14.5,N/A,3.92,212,05/19/20,"MAD SCIENTIST BARREL PROJECTEx-Reposado Mezcal Barrel Aged Barleywine  CELLAR MASTER NOTESThe exciting and pleasant combination of walnut, raisin, smoke and spiciness will make you wish you opened a brewery in Mexico.This surprisingly strong barleywine has sat more than a year in a reposado mezcal barrel, so enough time was given for the light smoky character and fruity spiciness, just like the oakiness of the barrel, to be soaked up. The base beer didn't come with empty hands either: the nutty, grapy and date-like tastes will get you at first sip, no matter if there's a lockdown or not. "
7,5333965,FIRST Craft Beer,Bran,Barleywine - Other,https://untappd.com/b/first-craft-beer-bran/5333965,13.0,N/A,3.88,172,04/27/23,"Grain Whisky Barrel Aged BarleywinePontosan két éven keresztül pihent whiskyhordóban érlelődve első árpaborunk - és nem hiába. A barley wine természetes gyümölcsössége, mazsolás-karamellás ízvilága és a whisky gabonás, halvány édessége tökéletesen passzolnak össze egy testes, de masszívan egyedi ízekkel és illatokkal sűrűn telerakott különlegességhez. "
8,3752471,Mad Scientist,Bad Santa,Barleywine - Other,https://untappd.com/b/mad-scientist-bad-santa/3752471,14.5,N/A,3.85,252,04/16/20,"MAD SCIENTIST BARREL PROJECTJamaican Rum Barrel aged Barleywine blendCELLAR MASTER NOTESThis high abv barleywine has rounded well in an old Jamaican rum barrel for the last year. To underline the spicey notes of the barrel, we've added cloves, vanilla and cinnamon. To enhance the deep, spicy tones of the rum, we have blended it with fresh barleywine. The outcome is outstandingly complex yet bursting with flavor. "
9,5615178,HORIZONT Brewing,Night Shift Vintage 2023 - Gerbeaud-Inspired Pastry Barley Wine Aged In Rhum Barrels,Barleywine - Other,https://untappd.com/b/horizont-brewing-night-shift-vintage-2023-gerbeaud-inspired-pastry-barley-wine-aged-in-rhum-barrels/5615178,10.3,N/A,3.82,954,11/22/23,"Az alap árpabort közel két évig érleltük Rhum Agricole hordókban, és természetesen kapott egy jó adag aszalt kajszibarackot, ghánai kakaóbabot és diót, hogy tényleg visszaadja az egyik kedvenc sütink autentikus ízjegyeit.Alkoholtartalma és a hordók jellegzetes ízjegyei szépen belesimulnak a sör gyümölcsös, malátás jegyeibe, melyeket csak felerősít és kimondottan egzotikussá tesznek az addíciók ízjegyei.ENThe underlying barley wine was fermented in freshly emptied rhum barrels for nearly two years. We added dried apricots during the aging process to release the delicious, fruity aromas inside, and then added walnuts and Ghanaian cocoa beans to our beer to achieve the expected flavor notes. "
10,4622324,Superside Brewery,Nutcracker Rum Barrel Aged Barley Wine,Barleywine - Other,https://untappd.com/b/yeast-side-nutcracker-rum-barrel-aged-barley-wine/4622324,11.5,N/A,3.79,174,12/03/21,Part of our new Side Of Legends series whixh start 2020. This an american style Barley wine and Aged in Rum Barrels. Strong  taste help to fight with Mouse King.:)  
11,5001908,HopTop Brewery,Canadian Lover,Barleywine - Other,https://untappd.com/b/hoptop-brewery-canadian-lover/5001908,12.5,N/A,3.78,207,09/01/22,"Kentucky bourbon - maple syrup barrel aged multigrain barley wine with rye, oat, wheat and barley. "
12,3925213,Mad Scientist,Pancake Party,Barleywine - Other,https://untappd.com/b/mad-scientist-pancake-party/3925213,10.5,N/A,3.78,217,08/19/20,"MAD SCIENTIST BARREL PROJECTA blend of maple syrup barley wine and blackcurrant imperial pastry sour aged in a bourbon barrelCELLAR MASTER NOTESAround a year ago we have filled a Widow Jane bourbon barrel with barleywine and after some time we added the last keg of Blackcurrant Trifle as a topup. You can recognize the woody-nutty character of maple syrup at first sniff with a somewhat fruity-acidic overtone. The next step will surely be a sip, right? What you find will be a rich bodied yet acidic barley wine with the taste of caramel and walnut, enhanced by the sweetness of vanilla but soured by blackcurrant, even when the beer reaches your throat. Cheers! "
13,4810823,HORIZONT Brewing,Selfish Games Pistachio Barleywine,Barleywine - Other,https://untappd.com/b/horizont-brewing-selfish-games-pistachio-barleywine/4810823,11.0,N/A,3.77,1011,04/23/22,English Barleywine infused with a lot of brewery roasted italian pistachio.  
14,5506762,Gravity Brewing,Perseid - Scotch Barleywine,Barleywine - Other,https://untappd.com/b/gravity-brewing-perseid-scotch-barleywine/5506762,12.3,56,3.77,170,08/31/23,"Perseid is a strong, old-school Scotch ale pushed into imperial territory.Developed from our classic wee heavy, Meteor, this is a powerful yet well-balanced beer, rich brown in hue, with a medium-heavy body full of dark malt and biscuit tones.A light touch of oak smoke leads on the nose, while the palate explores the full range of caramel character, from subtle honey to rich toffee. Long conditioning on toasted oak adds further depth to the caramel complexity, and nudges Perseid into the deep space between beer and whisky. "
15,5643134,FIRST Craft Beer,Notorious F.I.G.,Barleywine - Other,https://untappd.com/b/first-craft-beer-notorious-f-i-g/5643134,11.5,N/A,3.74,395,12/14/23, 
16,5008417,Balkezes,Young God,Barleywine - Other,https://untappd.com/b/balkezes-young-god/5008417,13.8,96,3.74,194,09/05/22,offspring of a (very) strong ale and a barley wine. reserved  for the best festivals. 
17,2643954,MONYO Brewing Co.,Nutty Moose,Barleywine - Other,https://untappd.com/b/monyo-brewing-co-nutty-moose/2643954,10.1,40,3.73,809,05/11/18,Oak Aged Chestnut Barley Wine. 
18,2928692,HORIZONT Brewing,Rice Rice Baby,Barleywine - Other,https://untappd.com/b/horizont-brewing-rice-rice-baby/2928692,9.0,40,3.65,430,11/06/18,"Three worlds collide: rice barley wine, saké yeast, tokaj aszú wine barrels. Complex, fruity and oak notes. Drink it next to the fireplace!Három világ találkozozása: rizses árpabor, szaké élesztő, tokaji aszús hordó. Komplex, gyümölcsösen illatos, hordós ízjegyek.  "
19,6099980,MONYO Brewing Co.,Barley Wine - Cinnamon Edition,Barleywine - Other,https://untappd.com/b/monyo-brewing-co-barley-wine-cinnamon-edition/6099980,15.6,N/A,3.49,554,12/19/24,"Ez a barley wine (árpabor) egy igazi különlegesség, amely a sörfőzés és a gasztronómia találkozásából született. Szándékosan szárazra erjesztettük, hogy az ízvilágát a komplexitás és elegancia határozza meg, nem pedig az édesség. Enyhe fahéjjal fűszereztük, amely egy klasszikus sütemény finom, fűszeres aromáira emlékeztet, ugyanakkor a száraz karakter megakadályozza, hogy túl nehézzé váljon.A kóstolás előtt érdemes egy kicsit szellőztetni, hogy az aromák teljes gazdagsága kibontakozzon.Csapra és üvegre hangolva:üvegben: lágyabb szénsavval kínáljuk, a sima, elegáns ízélményért,csapról: pezsgősebb hatás, amely egy száraz pezsgő frissességére emlékeztet.Prémium mini champagne-stílusú üvegben kerül forgalomba, amelyet parafadugó zár. Ez a dizájn az exkluzivitást és a kifinomultságot hangsúlyozza – olyan, akár egy ékszer a poharadban. Ez a kísérleti barley wine a tökéletes választás különleges alkalmakra, ahol az élményeké a főszerep. "
0,2617027,MONYO Brewing Co.,Zeus Likes And Weds It.,Belgian Blonde,https://untappd.com/b/monyo-brewing-co-zeus-likes-and-weds-it/2617027,5.2,10,3.73,234,04/23/18,"MONYO Radical series #06: Tokaji Barrel Aged Belgian Style Ale with vanilla, coriander and fresh orange peel. "
1,6339533,Fehér Nyúl,Crack the Code,Belgian Blonde,https://untappd.com/b/feher-nyul-crack-the-code/6339533,6.5,N/A,3.68,151,07/14/25,"A Muifelbrouwerij-vel össze kellet borulnunk, hogy feltörjük a modern belga sör kódját. Nyilván ehhez Enigma komló kellett, amit az ő elhíresült belga Blonde sörükbe dobtunk bele. Tavaly jártunk náluk, és az agyunkat eldobtuk a belga főzeteiktől, így egyértelművé vált, hogy milyen közös sört alkotunk. Természetesen a Nyulas csavart megkapta a hidegkomlózással.We had to team up with Muifelbrouwerij to crack the code of modern Belgian beer. Naturally, this called for Enigma hops, which we added to their renowned Belgian Blonde. We visited them last year and were blown away by their Belgian brews, so it became clear what kind of beer we’d create together. Of course, the signature Rabbit twist came through with the dry hopping. "
2,4714534,Parabolic Lazarus Brewery,Blonde Paradox,Belgian Blonde,https://untappd.com/b/parabolic-lazarus-brewery-blonde-paradox/4714534,5.3,24,3.57,361,02/13/22,"Lépj be a Parabolic Lazarus Brewery világába a Blonde Paradox-al, egy kivételes Belgian Blonde stílusú sörrel, amely hat hónapos erjesztés után érte el tökéletes ízét. Ez a 7,6%-os aranyszínű sör gazdag, komplex karakterével és gyönyörűen kiegyensúlyozott, finoman édes karamellás ízjegyeivel hódít. A belga sörkészítési hagyományoknak megfelelően készült, amely mélységet és édességet kölcsönöz az italnak, míg a finom, pezsgő szénsavasság felfrissíti az ízlelőbimbókat minden egyes kortynál. Engedd, hogy a Blonde Paradox elvarázsoljon és újraértelmezze a klasszikus blonde élményt!Step into the world of Parabolic Lazarus Brewery with Blonde Paradox- Belgian Blonde, an exceptional Belgian Blonde-style beer perfected after six months of fermentation. This 7.6% ABV golden brew captivates with its rich, complex character and beautifully balanced notes of subtle caramel sweetness.Crafted in the tradition of Belgian brewing, providing depth and a delightful sweetness, while the fine carbonation brings a refreshing sparkle with every sip.Let the Blonde Paradox enchant you and redefine the classic blonde experience! "
3,3585700,Pannonhalmi Főapátság Sörfőzde,Blonde,Belgian Blonde,https://untappd.com/b/pannonhalmi-foapatsag-sorfozde-blonde/3585700,5.0,25,3.46,2724,12/18/19, 
0,6490358,CSAPON! Podcast,Fisher Dübbel,Belgian Dubbel,https://untappd.com/b/csapon-podcast-fisher-dubbel/6490358,6.5,N/A,3.63,237,11/13/25,"dubbel, belga apátsági hagyományok, tokaji terroir.CSAPON! Podcast és a Balkezes ezer éve tervezett első közös söre és pont olyan lett mint amilyenre számítani lehet: klasszikus alap, agyament csavarral, sok-sok házi főzettel csiszolva mielőtt belevágtunk volna.konkrétabban: főztünk egy belga apátsági hagyományokra és alapanyagokra építő sört, bátran nevezhetjük dubbelnek. ám a klasszikus belga védjegyeket biztosító élesztő helyett Tokaj egyik pincéjének egyedi mikroflórájából izolált élesztővel dolgoztunk. ez eredmény gazdag, karamellás malátatest, a kandiscukor adta mélység és finom fűszeresség, meg ezer érdekes apróság amivel el lehet szöszölni a korty végén - biztos lesz aki a terroirt is kiveszi. "
1,5072903,Szent András Sörfőzde,TesztAndrás Omega.02,Belgian Dubbel,https://untappd.com/b/szent-andras-sorfozde-tesztandras-omega-02/5072903,7.0,25,3.62,183,10/18/22,"Az Omega.02 az apátsági sörgyártás szentandrási víziója, ami a belgák egyik legkomolyabb élesztőjével, a Lallemand Abbaye-al készült. Ebben a visszafogott komlózottságú barna dubbelben sem maradhat el a tradicionális belga párjára jellemző karakteres fűszeresség, a selymes korty és az intenzív mazsolás, datolyás illatok. Komoly beltartalmú, impozáns őszi sör, ahogy azt Belgiumban megálmodták. "
2,4773343,Mad Scientist,I'm In Love With the Coco,Belgian Dubbel,https://untappd.com/b/mad-scientist-i-m-in-love-with-the-coco/4773343,6.3,N/A,3.62,765,03/28/22,Coconut Infused Breakfast Dubbel 
3,4010744,Pannonhalmi Főapátság Sörfőzde,Dubbel,Belgian Dubbel,https://untappd.com/b/pannonhalmi-foapatsag-sorfozde-dubbel/4010744,6.5,20,3.53,1904,10/16/20,"Visszafogottan komlózott keserűsége teret enged a belga kandiscukor karamellás édességének és a malátás ízjegyeknek. Az élesztőnek köszönhetően jellegzetes banános, mazsolás illatok társulnak a krémes habhoz, melynek egy egyhén alkoholos, kerek kortyérzeteteredményeznek. Fogyasztása 10-14 °C-on javasolt! "
4,1782049,Vaskakas Brewing,Charlatan,Belgian Dubbel,https://untappd.com/b/vaskakas-sorfozde-charlatan/1782049,6.5,21,3.51,506,10/18/16,"Minden belga kolostornak megvan a maga hagyományos, egyedi, kiváló söre. A Charlatan megalkotásakor a belga sörök ízvilágára törekedtünk. Jellemzője a visszafogott gyümölcsösség mellett megjelenő komplex, malátás íz, amit kandiscukros lecsengés egészít ki. Erős, félbarna sör csodálatos fűszeres ízekkel. "
5,196869,Bors Serfőzde,Tuck Barát,Belgian Dubbel,https://untappd.com/b/bors-serfozde-tuck-barat/196869,6.5,N/A,3.49,707,07/07/12, 
6,2390662,Kőszegi Sör,Brown,Belgian Dubbel,https://untappd.com/b/koszegi-sor-brown/2390662,6.6,N/A,3.48,185,11/17/17, 
7,3928337,Zirci Apátsági Manufaktúra,Zirci Dubbel,Belgian Dubbel,https://untappd.com/b/zirci-apatsagi-manufaktura-zirci-dubbel/3928337,6.5,N/A,3.43,538,08/21/20, 
8,3239473,HopTop Brewery,Cherrific,Belgian Dubbel,https://untappd.com/b/hoptop-brewery-cherrific/3239473,4.5,16,3.41,392,05/21/19,"Cherrific is a refreshing Belgian-based beer made of real fruits, in which you can witness the encounter of the sour cherry and the sweet malt. Hops used: Hallertauer Hersbrücker "
0,5181846,Mad Scientist,Never Ending Trails,Belgian Quadrupel,https://untappd.com/b/mad-scientist-never-ending-trails/5181846,11.5,N/A,4.0,406,12/30/22,"MAD SCIENTIST BARREL PROJECT Team Series BalázsRye Bourbon Barrel-Aged Quadruple With Roasted Nuts And Dried ApricotCELLAR MASTER NOTESYou are now holding a precious, secret potion in your hand, the kind that humanity pursues to find for thousands of years, the ultimate key to eternal life, spiced up with the sweetest nut blend ever createdIf you think we're done with all the nut additions in our beers, you are definitely wrong. Moreover, we just started to feel how berserk we can go with these energy bombs! On a decadent rye bourbon barrel-aged quadrupel base, all of these dried fruity notes are amplified with additional dried apricots as a final twist. Ideal as a snack for those daylong hikes, you know, the ones that you wish would last forever. "
1,6537628,MONYO Brewing Co.,Eleven O’Clock Lady Likes Cantaloupes - 11th Anniversary Quadrupel With Cantaloupe,Belgian Quadrupel,https://untappd.com/b/monyo-brewing-co-eleven-o-clock-lady-likes-cantaloupes-11th-anniversary-quadrupel-with-cantaloupe/6537628,11.0,N/A,3.75,251,12/19/25,"A MONYO 11. szülinapjára készült ünnepi főzet egy különleges quadruppel, amely a stílus hagyományos erejét és mélységét egy váratlan, játékos réteggel egészíti ki: a sárgadinnyével. Gazdag, mély, meleg tónusú sör, amelyben a sárgadinnye puha édessége finoman beleolvad a malátás háttérbe — a lecsengés hosszú, sima, enyhén gyümölcsös. Egy igazi szülinapi desszert, csak épp folyékony formában. Limitált, ünnepi kiadás.///The festive brew created for MONYO's 11th birthday is a special quadrupel that complements the traditional strength and depth of the style with an unexpected, playful layer: melon. A rich, deep, warm-toned beer in which the soft sweetness of melon blends delicately into the malty background — the finish is long, smooth, and slightly fruity. A real birthday dessert, only in liquid form. Limited, festive edition. "
2,5202829,Mad Scientist,Gods of Joy,Belgian Quadrupel,https://untappd.com/b/mad-scientist-gods-of-joy/5202829,11.5,N/A,3.74,420,01/18/23,"MAD SCIENTIST BARREL PROJECT Double BA Quadruple Aged In Bourbon And Tokaji Aszú Sweet Wine BarrelsCELLAR MASTER NOTESQueen of beers, king of wines, divine vibesThe clash of two very different barrels always ends up in fun. Hints of chocolate and vanilla from bourbon and raisiny-fruity acidity from Tokaji Sweet wine barrel are just simply beautiful. As for the base, we picked a quadruple so there is a spicy breeze in the taste but overall the notes of the barrels dominate here. Tokaji is a quite special Hungarian wine type, it uses naturally dehydrated grapes to get the deep, walnutty-raisiny taste and golden color. Some say mixing beer and wine is a mistake. Well... Hold our beer! "
3,1763899,Mad Scientist,NZQ-1100 (2016),Belgian Quadrupel,https://untappd.com/b/mad-scientist-nzq-1100-2016/1763899,11.0,38,3.69,419,10/06/16, 
4,4497064,FIRST Craft Beer,Monk-y King,Belgian Quadrupel,https://untappd.com/b/first-craft-beer-monk-y-king/4497064,10.0,35,3.65,172,09/09/21,"Majomügyességgel akartuk megmászni az elénk gördített kihívást: mégis, milyen egy király, belga eredetű quadrupel?Szerintünk ilyen: borostyán, megbabonázó színekbe rejtve bújnak elő a buja, észteres, gyümölcsös ízjegyek, ahogy azt kell – a sörtípus ugyan belga szerzetesektől indult, de a világot bejárva most nálunk is erőre kapott, úgyhogy ragadd magadhoz sörkülönlegességünket! With a monkey’s dexterity we wanted to climb the challenge hurled in front of us: what’s our take on a Belgian quadrupel fit for a king? Well, this is it: an amber, mesmerizing colour, in which the lush, esterified, fruitful notes are hiding – although the type come from Belgian monks, but after the world tour it gained strength at our place – so don’t hesitate and grab our specialty beer! "
5,3920215,Pannonhalmi Főapátság Sörfőzde,Quadrupel,Belgian Quadrupel,https://untappd.com/b/pannonhalmi-foapatsag-sorfozde-quadrupel/3920215,10.0,23,3.63,2198,08/15/20, 
0,4674701,HORIZONT Brewing,Night Shift Vintage 2021 Strong Dark Red Wine,Belgian Strong Dark Ale,https://untappd.com/b/horizont-brewing-night-shift-vintage-2021-strong-dark-red-wine/4674701,11.0,N/A,3.94,875,01/11/22,Night Shift Vintage 2021 Belgian Dark Strong Ale aged in Bock red wine barrels. 
1,1081909,Bors Serfőzde,Mauritius,Belgian Strong Dark Ale,https://untappd.com/b/bors-serfozde-mauritius/1081909,7.5,N/A,3.57,219,05/11/15, 
0,4135485,MONYO Brewing Co.,MONYO x MÚZSA Muse,Belgian Strong Golden Ale,https://untappd.com/b/monyo-brewing-co-monyo-x-muzsa-muse/4135485,11.8,N/A,3.76,219,01/09/21,"A ""Muse"" a Four Seasons Hotel Gresham Palota szecessziós koktélbárjának, a Múzsának a hivatalos kraft söre.Közösen alkottuk meg ezt az elegáns Belgian Strong Ale-t, amit a tokaji Gizella Pince szamorodnis boroshordóiban érleltünk hosszabb ideig.Illatában a Belgian Strong Ale sörökre jellemző észteres, édeskés és kandisos jegyek jönnek egy kis hordós és fehérboros kiegészítéssel. A pohár fölé hajolva továbbá egy szolid ""funkys"", brettes vonal is megjelenik.Belekortyolva szintén a hordós, észteres, élesztős jegyek jellemzik melengető alkoholossággal, amit a szamorodni mézes, körtés, érett sárgabarackos lecsengése egészít ki.Komoly és komplex tétel, amit különleges eseményekhez, ünnepekhez ajánlunk.--- "
1,3638475,Fehér Nyúl,Babel Fish,Belgian Strong Golden Ale,https://untappd.com/b/feher-nyul-babel-fish/3638475,7.3,22,3.66,163,01/23/20,"Babilonban felépült volna a torony, ha ilyet rendelnek a munkásoknak, mivel 6 üveg elfogyasztása után a világ minden nyelvét megértették volna. "
2,1814707,Fűtőház Sörfőzde,M63 Bulldog,Belgian Strong Golden Ale,https://untappd.com/b/futohaz-sorfozde-m63-bulldog/1814707,8.5,18,3.65,299,11/11/16,"A „leg”-mozdony, a „leg”-sör. A legerősebb, legnagyobb – 18 hengeres -, selejtezéséig az M63-002 a leggyorsabb mozdony címet is viselhette. A Belgian Golden Strong méltó névadójához, extrakt tartalma 19,2 – alkohol tartalma 8,5%. Ütős kombináció, tényleg mosolyt csalhat az arcokra. Arany színű és erős – könnyűnek tűnik, pedig nem az. Mi szóltunk!... "
3,5129961,UGAR Brewery,Belgian Strong Ale,Belgian Strong Golden Ale,https://untappd.com/b/ugar-brewery-belgian-strong-ale/5129961,11.0,N/A,3.63,163,11/23/22,"BELGIAN STRONG ALE WITH ORANGE PEELA sokak számára ismert klasszikusnak számító erős belga típusú sört ezúttal keserű narancs héjjal tettük még komplexebbé.Maláták/Malts: Pilsner, Corapils, BiscuitKomlók/Hops: Hallertau Blanc, Mandarina Bavaria "
4,5103913,Szent András Sörfőzde,Esthajnal '22,Belgian Strong Golden Ale,https://untappd.com/b/szent-andras-sorfozde-esthajnal-22/5103913,6.5,48,3.44,436,11/04/22,"A látványa elcsábít, az íze rabul ejt. A limitált kiadású Esthajnal'22 a konyhát belengő süti illattal indít, majd egy nem túl édes, erősen fűszeres korty után a karácsony meghittségével ajándékoz meg. Kóstolj rá azokkal, akik a legfontosabbak neked. "
0,5205217,Szent András Sörfőzde,Inspektor,Belgian Tripel,https://untappd.com/b/szent-andras-sorfozde-inspektor/5205217,8.5,33,3.7,325,01/20/23,"Agatha Christie legendás belga detektívje, Hercule Poirot szabadon és képmutatás nélkül állította magáról, hogy remek ember. Ugyanezzel a határozottsággal indultunk neki ennek a belga tripelnek és végeredmény szerintünk példaértékű lett. Megvizsgáltuk, kinyomoztuk, elemeztük a részleteket és a szerzetesek évszázados tudását felhasználva hazánk - talán legizgalmasabb - sörét zártuk a palackba. Az Inspektor a belga sörökre jellemző karakteres fűszerességgel, gyümölcsös észteres és fenolos jegyekkel indít, mégis a kortyot száraz, kellemes keserűség zárja.Maláták: pilseni, melanoidinKomlók: Saaz, MagnumExtrakt (szárazanyagtartalom): 19,5 BallingEBC: 130,33 LAjánlott hőmérséklet: 7-12°CSörfőző: Mátyus TamásÖsszetevők: víz, árpamaláták (EU), komlók, sörélesztő. "
1,1468982,MONYO Brewing Co.,Belgian Trip,Belgian Tripel,https://untappd.com/b/monyo-brewing-co-belgian-trip/1468982,9.1,28,3.63,1238,03/16/16,"Újra elérhető a klasszikus belga Tripel stílusú sörünk, a Belgian Trip.Aromában és ízben is a florális, enyhén gyümölcsös jegyek dominálnak, ami a speciális élesztő által termelt észtereknek köszönhető.A hosszú érlelés miatt szépen lekerekedett, egy kis melengető alkoholosság és kandiscukros édesség jellemzi. Testes, de mégsem nehéz, a magas alkoholtartalom ellenére könnyen iható sör a hűvösebb napokra.---Our classic Belgian triple-style beer Belgian Trip is available again!Both its aroma and taste are led by floral and slightly fruity esters that come from the special yeast culture we used.As a result of long maturation in the steel tank it's nice and smooth, characterized by a slight, warming alcohol and candi-sugar sweetness.Full bodied yet not heavy despite its high abv content, it’s the perfect warmer for cold winter days. "
2,2465614,Guri Sörfőzde,Delírium,Belgian Tripel,https://untappd.com/b/guri-sorfozde-delirium/2465614,10.0,29,3.6,399,01/08/18, 
3,4064416,Pannonhalmi Főapátság Sörfőzde,Tripel,Belgian Tripel,https://untappd.com/b/pannonhalmi-foapatsag-sorfozde-tripel/4064416,8.0,27,3.57,1948,11/21/20, 
4,392770,Legenda Sörfőzde,TriplaX,Belgian Tripel,https://untappd.com/b/legenda-sorfozde-triplax/392770,12.0,N/A,3.55,219,06/26/13, 
5,3538498,Zirci Apátsági Manufaktúra,Tripel,Belgian Tripel,https://untappd.com/b/zirci-apatsagi-manufaktura-tripel/3538498,7.8,20,3.51,347,11/19/19, 
6,5321027,HopTop Brewery,Hibiscus Trip,Belgian Tripel,https://untappd.com/b/hoptop-brewery-hibiscus-trip/5321027,10.4,23,3.51,218,04/18/23,Hibiscus blossom infused belgian style tripel with a hint of rye malt.  
7,1547462,Gallica Hungary,Opus,Belgian Tripel,https://untappd.com/b/gallica-hungary-opus/1547462,9.5,N/A,3.46,667,05/09/16,"Kellemes illatából a gyümölcsös alaphang mellett finom komlóillat és fűszerek kandikálnak ki. Ízében a gyümölcsös-fűszeres ízek dominálnak, melyek a korty végén jelentkező intenzív komlókeserűséggel kiegészülve hosszú, markáns utóízzel búcsúznak. Hatalmas teste ellenére nem érezzük nehézkesnek, súlyosnak. Mesterien megkomponált alkotás! "
0,5886597,Humulus Lupus Brewing Project,BudaBest Bitter,Bitter - Best,https://untappd.com/b/humulus-lupus-brewing-project-budabest-bitter/5886597,4.4,N/A,3.64,178,06/28/24,"*Immáron az Honest Brews sörfőzdében készül, az állandó szortiment részeként!: https://untappd.com/b/honest-brews-budabest-bitter/6475917*Ez nem egy egyszerű szomjoltó: prémium összetevők, angol hagyományok és egy mindig pörgő, multikulti világváros életérzésének metszetében foglal helyet a BudaBest Bitter!Az angol pubkultúrát a frissen csapolt, könnyen csúszó sörök határozzák meg már több száz éve. A helyben készült, mindig friss ale a legjobb szociális kenőanyagok egyike, megannyi beszélgetés, barátság megalapozója és fenntartója. Ezt adja a BudaBest Bitter nekünk. Angol ízvilágú sör, ami itt készül Budapesten, s ami itt is fogy el: csak csapról, csak frissen! "
1,6580550,Unity Bar & Brewery,Best Bitter,Bitter - Best,https://untappd.com/b/unity-bar-and-brewery-best-bitter/6580550,4.5,33,3.59,206,01/25/26,"Our take on the classic Best Bitter style. Malt-forward with bready, toffe, and nutty notes. Clean, refreshing bitterness on the finish to make you come back for more.  "
0,2594517,Mad Scientist,Colonial Bitter - Oak Aged,Bitter - Extra Special / Strong (ESB),https://untappd.com/b/mad-scientist-colonial-bitter-oak-aged/2594517,6.2,N/A,3.63,253,04/09/18,Oak Aged ESB 
1,1499329,Mad Scientist,Colonial Bitter,Bitter - Extra Special / Strong (ESB),https://untappd.com/b/mad-scientist-colonial-bitter/1499329,6.2,N/A,3.59,254,04/07/16,"FIG STRONG BITTER!!Colonial Bitter is mixing two things we really love, figs and a proper english strong bitter. Dont expect a dessert beer. We used figs to highlight the fruitiness of the yeast and the english hops. "
2,1711122,Vaskakas Brewing,Comedias,Bitter - Extra Special / Strong (ESB),https://untappd.com/b/vaskakas-sorfozde-comedias/1711122,5.3,35,3.56,256,08/29/16,"Az Extra Special Bitter egy kiváló minőségű angol sör, amit mi a saját ízlésünk szerint főzünk. A Comedias egy nagyon ízletes és ugyanakkor kiegyensúlyozott sör, melyet karamellás lecsengés tesz teljessé. A hozzáadott komlók gyümölcsös aromát és frissítő ízt adnak ennek a sörnek. Érdemes vigyázni, veszélyesen itatja magát. "
3,6487648,Mad Scientist,LOTR - Prancing Pony,Bitter - Extra Special / Strong (ESB),https://untappd.com/b/mad-scientist-lotr-prancing-pony/6487648,5.0,N/A,3.52,626,11/10/25,"PRANCING PONY Extra Special Bitter 5% - A pint of peace before the storm.You can drink your fancy ales, but the only brew for the brave and true comes from The Prancing Pony!The Pony in Bree is more than an inn, it’s the pub of Middle-earth, where every road crosses and every story begins. Let your story begin here, among fellow travellers, hobbits, dwarves, secrets, songs and pints of course, that never seem to empty too fast.This ESB is a true fireside companion: golden, caramel and crystal malts provide subtle sweetness and gentle bitterness. Warm, honest, and a little rustic. A classic English character, like a night in Bree before adventure finds you. "
0,1398603,Etyeki Sörmanufaktúra,Bookkeepers' Bitter Ale,Bitter - Session / Ordinary,https://untappd.com/b/etyeki-sormanufaktura-bookkeepers-bitter-ale/1398603,5.2,40,3.51,544,01/22/16,"""A sör élvezetet jelent számunkra, a könyvekkel csak a bosszúságunk van.""(Goethe)Egy hosszú nap végén, amikor már annyit bámultad a képernyőt, hogy összefolynak a számok a szemed elött, a Bitter Ale megtalálja a módját, hogy ellazítson. Könnyen csúszó, merészen komlózott felsőerjesztésű világos sör. A Bitter Ale átmenetet képez az enyhén komlózott, általában fiatalon csapra vert pale alek és a hosszan érlelt, gyakran magasabb alkoholtartalmú, erőteljesen komlózott, magas keserűértékű IPA-k között. A sör testét a müncheni malátával kiegészített Maris Otter Ale maláta teszi robosztussá, amit egy csipetnyi búzamalátával finomítottunk. A “bitterséget” pedig a gazdagon adagolt hallertaui Magnumnak és az amerikai Centennialnak köszönheti. Az “i”-re a pontot a hidegkomlózás során hozzáadott Centennial teszi fel.Összetevők: Ivóvíz, Maris Otter pale ale maláta, müncheni- és búzamaláta, Magnum és Centennial komlók, sörélesztő "
1,1997625,HopTop Brewery,Black Knight,Bitter - Session / Ordinary,https://untappd.com/b/hoptop-brewery-black-knight/1997625,5.5,30,3.38,377,03/16/17,"With this English beer we express our adoration for Monthy Python. It has bitter taste but not intrusive, the aroma of malt keeps it in balance. The slight caramel flavor makes it even more exciting. "
0,2741896,Mighty Millers Brewing Co.,Endless Summer,Blonde / Golden Ale - Other,https://untappd.com/b/mighty-millers-brewing-co-endless-summer/2741896,5.6,21,3.65,164,07/10/18,"Kívántad már, hogy a nyár soha ne érjen véget? Az első korty Blonde Ale után épp így fogsz érezni. A felhasznált amerikai komlók és a kiváló minőségű maláták egyensúlya adja meg egyedi, frissítő ízét, mely így tökéletes nyári sört alkot.Have you ever wanted to experience a summer that would never end? From the first sip to the last, this Blonde Ale will bring you that experience. High quality malts are balanced by American hop varieties that bring a unique, refreshing taste along with a taste of summer year round. "
1,1539140,MONYO Brewing Co.,Summer Syndrome,Blonde / Golden Ale - Other,https://untappd.com/b/monyo-brewing-co-summer-syndrome/1539140,4.9,9,3.57,1171,05/04/16,"A legjobb nyarad palackba zárva. A Summer Syndrome egy nagyon könnyű, frissítő blonde ale rengeteg aromakomlóval a forró napokra. Strandoláshoz, koncertekhez, vagy esti lazuláshoz a fűben heverészve.  "
2,4454404,Hara’Punk Brewing,HUPA,Blonde / Golden Ale - Other,https://untappd.com/b/hara-punk-brewing-hupa/4454404,5.5,25,3.57,151,08/11/21,"Hazai összetevőkből elkészítettük a Hungarian Pale Ale-t! A sör egyik fontos alkotóeleme a Bácskai komló, amit nem szerettünk volna végtelen mennyiségben használni, elvégre az összes alapanyagot szerettük volna megmutatni. Nem billen el a mérleg a maláták irányába sem, így egy visszafogott, aranyszínű, könnyen iható sör készült, mely az ivó lagerek remek alternatívája. "
3,912897,Thomas Menner 1701,"Világos, Abbey Ale",Blonde Ale,https://untappd.com/b/thomas-menner-1701-vilagos-abbey-ale/912897,5.4,N/A,3.53,157,12/17/14, 
4,1904769,Pandulabeer,Long Day,Blonde Ale,https://untappd.com/b/pandulabeer-long-day/1904769,5.0,N/A,3.48,180,01/13/17, 
5,2390661,Kőszegi Sör,Blonde,Blonde / Golden Ale - Other,https://untappd.com/b/koszegi-sor-blonde/2390661,6.4,N/A,3.44,203,11/17/17, 
6,2021057,Hedon,Johnny Firpo,Blonde / Golden Ale - Other,https://untappd.com/b/hedon-johnny-firpo/2021057,4.8,23,3.44,2252,04/01/17, 
7,319904,Iguana Bar & Grill,Iguana,Blonde / Golden Ale - Other,https://untappd.com/b/iguana-bar-grill-iguana/319904,5.0,N/A,3.43,267,03/02/13,Mexican-style house beer at Iguana restaurant in Budapest 
8,1398604,Etyeki Sörmanufaktúra,Rocinante Blonde,Blonde / Golden Ale - Other,https://untappd.com/b/etyeki-sormanufaktura-rocinante-blonde/1398604,4.5,25,3.41,265,01/22/16,"""Maga házában mindenki hercegasszony lehet.""(Don Quijote)Aranysárga sör az angol sörfőző hagyományok nyomán. A Rocinante Blonde hófehér habja alól egy könnyű és harmonikus sör bukkan elő. Ízében az édeskés malátás jegyek dominálnak, amit szépen kiegészít a Cascade komló keserűsége.Két fő összetevője a Maris Otter és a pilseni maláta, melyeket pici „megfűszereztünk” két különlegesebb malátával.Összetevők: Ivóvíz, Maris Otter pale ale maláta, pilseni maláta, CaraPils, Premium pilseni maláta, Magnum és Cascade komló, sörélesztő "
9,5782482,Dreher Sörgyárak,Dreher Blonde Ale,Blonde / Golden Ale - Other,https://untappd.com/b/dreher-sorgyarak-dreher-blonde-ale/5782482,4.6,24,3.12,2089,04/09/24, 
0,2616983,Mad Scientist,Duplicator,Bock - Doppelbock,https://untappd.com/b/mad-scientist-duplicator/2616983,10.0,27,3.67,538,04/23/18,A collaboration brew with armando_otchoa without a twist. 
1,262282,Szent András Sörfőzde,Black Rose,Bock - Doppelbock,https://untappd.com/b/szent-andras-sorfozde-black-rose/262282,9.0,23,3.6,1583,11/12/12,"Ez a 22 Balling-fokos sör, főzdénk egyik büszkesége. Szűretlen duplabak, testes és gazdagon malátás, mégis lágy és bársonyos ízvilággal, kávés és karamelljegyekkel, néhol aszaltgyümölcsre emlékeztető illatokkal. Ha valami folyékony kenyér, akkor ez vitathatatlanul az.The Black Rose is definitely a source of pride in Békésszentandrás. This unfiltered doppelbock is slightly sparkling and measures at 22˚ Plato, which makes it a real delicacy for gourmets. It is a full-body beer, rich in malts, but still smooth and silky with a velvety taste, coffee and caramel flavours, sometimes with aromas reminiscent of dried fruit. "
2,6030325,Fehér Nyúl,Monks' Bread,Bock - Doppelbock,https://untappd.com/b/feher-nyul-monks-bread/6030325,7.1,N/A,3.59,316,10/22/24,"Folyékony kenyeret sütöttünk! A tradicionális duplabakok receptjét követve megalkottuk a sajátunkat, ami bajorságában letagadhatatlan és ízében pedig magasztos. Van itt karamellesség, kenyeresség, csokisság és testesség, úgy ahogy a Bencés szerzetesek szerették. De azért legyen világi ez a szerzetestrend!We baked liquid bread! Following the recipe of the traditional Doppelbock, we created our own, undeniable in its flavour and sublime in its taste. There's caramel, toastiness, chocolate and fullness, just the way the Benedictine monks liked it. But let this monkery be secular! "
3,302105,Fóti Kézműves Sörfőzde,Hammurapi +21,Bock - Doppelbock,https://untappd.com/b/foti-kezmuves-sorfozde-hammurapi-21/302105,8.0,N/A,3.59,336,01/29/13, 
4,205586,Szent András Sörfőzde,Szent András Könnye,Bock - Doppelbock,https://untappd.com/b/szent-andras-sorfozde-szent-andras-konnye/205586,9.0,23,3.58,1784,07/26/12,"A Szent András Könnye egy fekete áfonyás duplabak, amely már a palackból kiszabadulva félelmetesen intenzív áfonyaillattal indít. A testes és gazdagon malátás duplabakot finoman lengi körbe a valódi áfonya harmonikus ízvilága, így a kortyérzet egyszerre lesz gyümölcsös és bársonyosan krémes.Szent András Könnye ((Saint Andrew' Tears) is a blueberry infused double bock with intensive fruity taste and full malt flavours. The luscious characteristic blueberry flavours gently absorb the low hop bitterness and the highly fruity character balances the sweetness and creamy texture. Great choice for desserts.  "
5,3538497,Zirci Apátsági Manufaktúra,Fumus,Bock - Doppelbock,https://untappd.com/b/zirci-apatsagi-manufaktura-fumus/3538497,8.0,N/A,3.52,313,11/19/19,Füstös rozsos duplabak. 
6,3527373,Etyeki Sörmanufaktúra,Honeymator,Bock - Doppelbock,https://untappd.com/b/etyeki-sormanufaktura-honeymator/3527373,7.0,28,3.51,162,11/11/19,"Válogatott maláták és göböljárási napraforgóméz, diszkréten fűszerezve Hallertauer Perle komlóval és lassan, hosszan ászokolva. Ez a Honeymator, legújabb kollaborációnk, amit Szakács Milán méhésszel együtt készítettünk. Nem hiányozhat a téli hangulathoz. Kellemes mézes-malátás teltségével és masszívabb alkoholtartalmával béleli ki az ember szervezetét a hideg időben. "
0,4223138,HopTop Brewery,Eisbock 14%,Bock - Eisbock,https://untappd.com/b/hoptop-brewery-eisbock-14/4223138,14.0,N/A,3.85,194,03/16/21,Eisbock 14% ABV 2020 edition. Bottom fermented eisbock style specialty beer. The beer base was a traditional decocted bock. After the fermentation we freeze the bigger part of the water to archieve higher alcohol volume and increase taste intensity.  
1,4223135,HopTop Brewery,Eisbock 13%,Bock - Eisbock,https://untappd.com/b/hoptop-brewery-eisbock-13/4223135,13.0,N/A,3.76,169,03/16/21,Eisbock 13% ABV 2020 edition. Bottom fermented eisbock style specialty beer. The beer base was a traditional decocted bock. After the fermentation we freeze the bigger part of the water to archieve higher alcohol volume and increase taste intensity. BBE 11.03.2026 
0,3205051,Fehér Nyúl,Smoky Rabbit,Bock - Hell / Maibock / Lentebock,https://untappd.com/b/feher-nyul-smoky-rabbit/3205051,6.6,25,3.61,186,05/01/19,"Oké, hogy van ez a steaksütő és BBQ verseny, mondta András, de akkor már főzzünk rá egy sört is. Legyen füstös, mint minden versenyző a grill felett állva a májusi napon, és legyen könnyű, mint a szívünk egy több napos együttlét után. Igaz, Sanyi? "
1,5829345,FIRST Craft Beer,Second Round: Dance!,Bock - Hell / Maibock / Lentebock,https://untappd.com/b/first-craft-beer-second-round-dance/5829345,6.3,28,3.57,386,05/16/24,"Our second collaboration with Nova Runda resulted in a long-sought-for style, the maibock.Full bodied, malty and strong, it is the perfect way to cherish every day. To hold this beer was what thumbs were made for. "
2,362315,Rizmajer Kézműves Sörfőzde,Maibock,Bock - Hell / Maibock / Lentebock,https://untappd.com/b/rizmajer-kezmuves-sorfozde-maibock/362315,6.5,30,3.52,228,05/11/13, 
0,1449690,Bölcső Brew Crew,Busó,Bock - Single / Traditional,https://untappd.com/b/bolcso-brew-crew-buso/1449690,6.0,35,3.72,156,03/01/16, 
1,4584201,Fehér Nyúl,Buddenbock,Bock - Single / Traditional,https://untappd.com/b/feher-nyul-buddenbock/4584201,7.0,22,3.56,293,11/07/21,"Klasszikus stílusú barna bock. Malátás, minimális komlóssággal, tiszta erjedési profillal. A téli esték kiváló kísérője.Classic style brown bock. Malty with minimal hoppines and a clean fermentation profile. Perfect companion on winter nights. "
2,192436,Szent András Sörfőzde,Fekete,Bock - Single / Traditional,https://untappd.com/b/szent-andras-sorfozde-fekete/192436,7.0,20,3.55,1712,06/27/12,"A tradicionális baksör ízét a malátajegyek határozzák meg: a pörkölt müncheni maláta mellett kidomborodik a karamell-maláta édes karaktere. A magas extrakt tartalom egy erős, testes sört eredményez, melyet megfelelően fűszerez a hallertau perle komló. A fajtát először Einbeck kereskedővárosában főzték, majd később a bajor sörfőzők élesztették újra a stílust a városról elnevezve, ein bock néven. A baksöröknek különféle verziói elterjedtek, a Fekete egy tradícionális baksör.This traditional bock beer named Fekete (The Black) is defined by the taste of malts: besides the roasted Münich malt, caramel and adjunct malts add a sweet, roasted flavour. To make the picture a whole, Hallertau hop assures appropriate spiciness, resulting in a strong, full-body beer. The this type first brewed in the mercantile city of Einbeck and later revived by Bavarian brewers named after the city as ein bock. Different versions of bocks are common, Fekete is a traditional dunkelbock. "
3,3944889,HopTop Brewery,Baklava,Bock - Single / Traditional,https://untappd.com/b/hoptop-brewery-baklava/3944889,4.8,N/A,3.49,1257,09/01/20,"Walnut, honey, pistachio "
4,5584264,HORIZONT Brewing,Selfish Games - Sugar Plum Bock,Bock - Single / Traditional,https://untappd.com/b/horizont-brewing-selfish-games-sugar-plum-bock/5584264,5.7,N/A,3.37,634,10/28/23,"Egy klasszikus stílust elevenítettünk fel ezzel a Selfish Games tétellel. A Bock alapból egy ünnepekhez fűződő német stílus, amit mi most egy másik tradicionális gasztronómiai elemmel ötvöztünk, ez a Sugar Plum, vagyis a cukros/mézes, aszalt szilva. Ez egy klasszikus brit édesség, amit egy az egyben a karácsonyi ünnepekkel kötnek össze az angolszász kultúrában. Mi most ezt Till Áron sörfőzőnk ötlete és receptje alapján készítettük el, és egy varázslatos ízvilágú sört kaptunk végeredményként. A sör, ahogy kell, egy sötétborostyán színű, megjelenésében tiszta tétel lett. A bock tipikus malátás ízjegyei mellett feltűnik a szilva kellemesen édeskés ízvilága, melyet mesésen egészítenek ki a fahéj és a szegfűszeg jellemző ízjegyei.  "
5,1623,Dreher Sörgyárak,Bak,Bock - Single / Traditional,https://untappd.com/b/dreher-sorgyarak-dreher-bak/1623,7.3,24,3.2,13554,08/21/10,"Tartalmas élményekre vágysz? Fedezd fel ezt az intenzív ízű sört, melyet karamell malátávalfőztünk Neked! A Dreher Bak a Dreher Sörgyárak saját recept alapján készülő, 7,3% alkoholtartalmúbarna söre, melynek testességét a malátára és karamellre emlékeztető íze adja. Karaktereskeserűje harmonizál édes ízével, melyet a komlóillat tesz egésszé. Színe mélybarna,habja krémszerű.Looking for a meaningful experience? Discover this intensely flavoured beer with caramel malt with caramel malts! Dreher Bak is Dreher Breweries' own recipe, 7.3% alcohol by volume, with a strong taste of beer and a strong taste of beer brewed with our brewed beer malt.with a malty, caramel taste that gives it body. Character bitterness harmonises with its sweetness, which is complemented by a hop aroma. Deep brown in colour, creamy foam. "
0,4836187,HORIZONT Brewing,Selfish Games Hungarian Oak Aged Weizenbock,Bock - Weizenbock,https://untappd.com/b/horizont-brewing-selfish-games-hungarian-oak-aged-weizenbock/4836187,7.2,N/A,3.63,489,05/11/22,"We went with a classic style in this beer, but with the usual Horizont twist. We aged the beer on Hungarian oak chips to give an extra layer of coconut and vanilla flavor for this banana and clove bomb. "
0,4575954,Szent András Sörfőzde,Hildegard,Bock - Weizendoppelbock,https://untappd.com/b/szent-andras-sorfozde-hildegard/4575954,8.0,20,3.74,408,11/02/21,"A középkori élet egyik legmeghatározóbb apácája nemcsak Isten-látomásairól és az orvoslás kutatásairól ismert, de ő maga alkotta meg a világ első sörfőzési szakirodalmát, a Physica Sacra-t. Bingeni Szent Hildegardban az alázatosság nemcsak Isten, de a sör iránt is megvolt. Ez a maga nemében páratlan búza baksör hasonló elvek mentén született meg: tisztelgés a német sörök egyik ikonikus sörstílusa előtt, de törekvés is a tökéletességre. Egy borostyánszínű sör aszalt gyümölcsösös ízekkel és krémesen lágy kortyérzettel. "
1,2483185,Mad Scientist,Morning Wood,Bock - Weizendoppelbock,https://untappd.com/b/mad-scientist-morning-wood/2483185,7.8,N/A,3.69,615,01/23/18,Oak Aged Double Weizenbock 
0,6137442,InVitro Brewing,Late Night Radio,Brown Ale - American,https://untappd.com/b/invitro-brewing-late-night-radio/6137442,6.0,N/A,3.75,221,01/24/25, 
1,1857871,Balkezes,#4.1,Brown Ale - American,https://untappd.com/b/balkezes-4-1/1857871,6.5,N/A,3.66,222,12/10/16,"A Balkezes #4.1 (ejtsd: hess négypontegy) a White Label széria ötödik tagja.Összetevők:víz: 17 nk° (közepesen kemény)maláta: Pale Ale (Weyermann), Bükkfával füstölt árpamaláta (Weyermann), Caraamber (Weyermann), Carafa Type III (Weyermann)komló: keserűséghez: Warrior (US), aromához: Centennial (US), Simcoe (US), hidegkomló: simcoe (US)élesztő: safale us-05egyéb: búzapehely "
2,3505270,InVitro Brewing,Dark City Skyline,Brown Ale - American,https://untappd.com/b/invitro-brewing-dark-city-skyline/3505270,5.5,N/A,3.63,226,10/29/19,"The mix of roasted malts, crystal malts and american hops with citrusy, piny aroma gives a great complexity to this beer. Notes of caramel, coffee and nuts with medium body and bitterness.Hops: Chinook, Centennial. Music: Noir Jazz/Trip Hop. "
3,5507923,Etyeki Sörmanufaktúra,Just For Fun - Gyömbér - Cayenne Brown Ale,Brown Ale - American,https://untappd.com/b/etyeki-sormanufaktura-just-for-fun-gyomber-cayenne-brown-ale/5507923,7.0,20,3.58,168,09/01/23,"Egy Amerikai Brown Ale rengeteg gyömbérrel és cayenne borssal, a gyömbér hozza a kellemes ízt és illatot, míg a cayenne bors a korty végi csípősséget, a kerekséget pedig a hozzáadot méz teszi teljessé, könnyed 7% alkohol mellett. "
4,346588,Legenda Sörfőzde,James' Brown Ale,Brown Ale - American,https://untappd.com/b/legenda-sorfozde-james-brown-ale/346588,4.5,N/A,3.53,272,04/15/13, 
5,4075715,Viharsarok Sörfőzde,Éjsötét,Brown Ale - American,https://untappd.com/b/viharsarok-sorfozde-ejsotet/4075715,4.2,2,3.49,786,11/28/20,"Éj van, csend és egy jó barna sör éje,ha vágysz egy malátás, komlós,csokoládés ízre. Az Éjsötét egy pörköltmalátákból főzött modern, amerikaibarna ale, melynek gazdag karamellás íz hatja át közepes testességét.Újvilági komlókból, gyulai odafigyeléssel főzve. "
6,2133823,Reketye Brewing Co.,Brown Ale,Brown Ale - American,https://untappd.com/b/reketye-brewing-co-brown-ale/2133823,6.5,N/A,3.47,2223,06/08/17, 
7,534158,Bigfoot Sörfőzde,Ale Capone,Brown Ale - American,https://untappd.com/b/bigfoot-sorfozde-ale-capone/534158,6.0,N/A,3.47,611,12/17/13, 
8,3790231,Zirci Apátsági Manufaktúra,Alevation American Brown Ale,Brown Ale - American,https://untappd.com/b/zirci-apatsagi-manufaktura-alevation-american-brown-ale/3790231,4.5,25,3.43,424,05/18/20, 
0,1548120,Zirci Apátsági Manufaktúra,Főnix,Brown Ale - Belgian,https://untappd.com/b/zirci-apatsagi-manufaktura-fonix/1548120,6.2,N/A,3.56,241,05/10/16, 
1,1189728,Zirci Apátsági Manufaktúra,Belga,Brown Ale - Belgian,https://untappd.com/b/zirci-apatsagi-manufaktura-belga/1189728,6.0,N/A,3.34,979,08/07/15, 
0,3725211,Zentus Craft Beer,Abuse of Officials,Brown Ale - English,https://untappd.com/b/zentus-craft-beer-abuse-of-officials/3725211,6.5,55,3.6,226,03/18/20,"Zentus X KEG vol 3: Abuse of Officials brown IPA /w kveik yeast  & azacca+wakatu+amarilohazy, fruity taste and smell in brown colorFolytatódik a szakmai együttműködésünk a kedvenc budapesti kültúrhelyünkkel, a KEG Sörművházzal. A Too Many Players On The Ice és a Checking To The Head után ismét vagány sört főztünk közösen, egy kveik élesztővel készült barna IPA-t. "
1,3038353,HORIZONT Brewing,The Quick Brown Fox Jumps Over the Lazy Dog,Brown Ale - English,https://untappd.com/b/horizont-brewing-the-quick-brown-fox-jumps-over-the-lazy-dog/3038353,6.0,31,3.58,642,01/16/19,"Keepin' it old school! An exquisite and true to the style brown ale we brewed up with our friends from Oldskool Brewery (NL). Maltyness, drinkability, hints of coffe in the nose. Egy igazi old school főzet! Kitűnő brown ale, kitűnő holland barátainkkal, az Oldskool Brewerytől.  Masszívan malátás, mégis jól iható, intenzíven kávés illatokkal.  "
0,5645543,InVitro Brewing,OBEY (Agenda 30),Brown Ale - Imperial / Double,https://untappd.com/b/invitro-brewing-obey-agenda-30/5645543,9.0,N/A,3.86,403,12/15/23, 
1,3080574,Mad Scientist,Salt Cake City,Brown Ale - Imperial / Double,https://untappd.com/b/mad-scientist-salt-cake-city/3080574,9.0,40,3.79,648,02/14/19, 
2,4737380,Szent András Sörfőzde,TesztAndrás Alfa.10,Brown Ale - Imperial / Double,https://untappd.com/b/szent-andras-sorfozde-tesztandras-alfa-10/4737380,9.0,40,3.73,205,03/03/22,"Kollab: Marosvári ""Ogre"" László, Kővári ""Armando"" GergőAmerikai komlók már-már csokiba mártva! Marosvári „Ogre” László és Kővári „Armando” Gergő, - avagy a Vári Nővérek - és a Szent András kísérleti sörlabor kollabjában a klasszikus barna ale sörökre jellemző csokoládés krémességet és a pörkölt dióra, karamellre emlékeztető illatokat ötvözték a modern komlók trópusi, citrusos ízeivel. Így született meg ez a maláta-komló egyensúlyra törekvő imperial brown ale, aminek kellemes füstössége és tekintélyt parancsoló éjfekete megjelenése téged is kiráz a nadrágból! Füstbe ment terv, de piszkosul működik! "
3,914192,MONYO Brewing Co.,Brewsk Willis,Brown Ale - Imperial / Double,https://untappd.com/b/monyo-brewing-co-brewsk-willis/914192,7.7,41,3.63,266,12/18/14,"Brewsk Willis sörünk egy Imperial American Brown Ale, amivel új kategóriát teremtettünk Magyarországon. Az alapsör egy erősre főzött barna ale, amelyet az amerikai IPA-k mintájára komlóztunk.Egy robusztus opálosan rozsdás erős brown ale, amiből a Maris Otter maláta dióssága és – az élesztővel karöltve – málnás, fekete ribizlis erdei gyümölcsös aromája mellé érkezik a komlókeserű. A 7,7 % alkohol ellenére jól iható, testes téli darab. "
4,2534476,Mad Scientist,Dip Me Baby!,Brown Ale - Imperial / Double,https://untappd.com/b/mad-scientist-dip-me-baby/2534476,9.0,N/A,3.62,427,03/02/18,Imperial Chimney Cake Brown Ale 
5,4609893,SØRT.,Winter Onion,Brown Ale - Imperial / Double,https://untappd.com/b/sort-winter-onion/4609893,7.5,N/A,3.55,335,11/25/21,Onion chutney. Heavy and extreme stuff! The expertise of Kéhli Restaurant is the foundation in the Onion Chutney we used to make this Imperial Amber Ale extreme and special. The onion is dominating and when you take a sip it becomes nicely surrounded by the winter spices of the Chutney. 
0,6483558,Szent András Sörfőzde,Esthajnal '25,Brown Ale - Other,https://untappd.com/b/szent-andras-sorfozde-esthajnal-25/6483558,7.5,22,3.72,292,11/07/25,"A limitált kiadású karácsonyi sörünk, az Esthajnal '25 az ország egyik legismertebb desszertjét sör formájában idézi meg. Az eredmény egy gazdagon rétegzett pastry ale, amelyben a dió olajos íze, a mazsola aszalványos édessége és a csokoládé bársonyos aromái teremtik meg az ünnepi asztal hangulatát. Krémesen lágy, elegánsan desszertsör, aminek minden kortyánál beköszönt a karácsony.Maláták: pale, müncheni, karamell Komlók: MagnumExtrakt (szárazanyagtartalom): 25,5 BallingEgyéb összetevők: laktóz, dió, kakaó, mazsola, rum. "
1,6058004,Etyeki Sörmanufaktúra,Holy Spice Bear,Brown Ale - Other,https://untappd.com/b/etyeki-sormanufaktura-holy-spice-bear/6058004,8.0,25,3.64,234,11/14/24,"Az Etyeki összeáll a Debreceni Szóda Bárral és a Sárréti Chili Farmmal? Mi baj lehetne belőle :DEgy masszív 8%-os Brown Ale alap, megbolondítva gyömbérrel egy pici beleerjesztett mézzel, lime-al és Jalapeno-val. Így meg is kapjuk ezt a masszív, fűszeres, illatos, ízes barnát.  "
2,4579971,Guri Sörfőzde,Molotov,Brown Ale - Other,https://untappd.com/b/guri-sorfozde-molotov/4579971,9.0,N/A,3.6,178,11/05/21, 
3,6056180,Szent András Sörfőzde,Esthajnal '24,Brown Ale - Other,https://untappd.com/b/szent-andras-sorfozde-esthajnal-24/6056180,7.0,38,3.59,373,11/12/24,"Ha az ünnepi lakoma után jól lesne egy kávé. Mármint egy sör! Egyezzünk ki döntetlenben. Az Esthajnal ’24 egy izgalmas pastry ale, ami a reggeli cold brew kávéddal, tölgyfachipsz-szel és juharsziruppal készült, hogy az ünnepek alatt is mindig energikus legyél. Kellemesen krémes test, kávés stílusjegyek egy minden karácsonyi édességhez passzoló desszertsörben. Ha vannak sörök, amik igazán passzolnak a karácsony ízeihez, a terített asztal bőségéhez, akkor az Esthajnalok vitathatatlanul azok. Békés és boldog ünnepeket kívánunk! "
4,4686657,Apátúr Sörház és Tanműhely,Magister,Brown Ale - Other,https://untappd.com/b/apatur-sorhaz-es-tanmuhely-magister/4686657,5.5,N/A,3.53,206,01/21/22, 
5,3998088,Mad Scientist,Gingerbread Latte,Brown Ale - Other,https://untappd.com/b/mad-scientist-gingerbread-latte/3998088,7.0,N/A,3.52,1194,10/08/20,"Gingerbread Latte with lactose, ginger, coffee, nutmeg, cinnamon and vanilla "
6,2707315,Hedon,The Ballistic Biscuit,Brown Ale - Other,https://untappd.com/b/hedon-the-ballistic-biscuit/2707315,5.8,N/A,3.45,208,06/18/18,"When was the last time you got inspired by biscuit malt? Probably never, until now! The ballistic biscuit plays homage to biscuit malt. This brown ale with a twist also has 35% wheat in the grain bill for added mouthfeel and complexity. We play homage to hops with noble ancestry in this beer with Slovenian Celeia and Fuggles from the UK. Step out of your comfort zone with the ballistic biscuit. "
0,5505903,BPBW Budapest Beer Week,Kraft 2023,California Common,https://untappd.com/b/bpbw-budapest-beer-week-kraft-2023/5505903,5.0,N/A,3.52,244,08/30/23,"A BPBW már korábban megkapta a maga hibrid sörét, úgyhogy a műfaj kaliforniai gyökereihez visszanyúlva és egy legenda nyári búcsúja apropóján most elképzeltük, milyen lenne a gőzsör, ha Budapesten tör ki aranyláz. A Badass napfényes malátaalapja, a lager élesztő és a magas hőfokon erjesztés adott volt, de az amcsik helyett a főzés és hidegkomlózás során is jó adag kontinentális Hersbrucker és Hallertau Blanc viszik el a megosztott főszerepet.After its long slow goodbye, we reimagined how the Californian legend would taste like if the Gold Rush happened in our land. "
1,1032874,Szent András Sörfőzde,Magyar Vándor,California Common,https://untappd.com/b/szent-andras-sorfozde-magyar-vandor/1032874,5.6,35,3.48,3924,04/02/15,"Különleges lager/ale hibrid: kétféle (alsó és felsőerjesztésű) élesztő, négyféle komló, és háromféle maláta felhasználásával készült. A közepes alkoholtartalomnak köszönhetően a kimondottan testes íz könnyű kortyélménnyel párosul. A Magyar Vándor Főzdealapítónk, a nyugdíjba vonult Simkó József búcsúsöre: folyékony vándorbot egy következő generációnak.Magyar Vándor (Hungarian Strider) is a special Lager-Ale hybrid craft beer, made of five different types of hop and three kinds of malt, through bottom and top fermenting. The middle alcohol content ensures a really characteristic taste with an easy palate. This is the farewell beer that was made of our brewery founder, József Simkó before retiring: a liquid wandering stick for the next generation. "
0,5501360,TIMCO Brewing,Caliente Naranja,Pale Ale - American,https://untappd.com/b/timco-brewing-caliente-naranja/5501360,4.5,10,3.63,150,08/26/23,American Pale Ale with orange and habanero. 
1,2001844,Legenda Sörfőzde,Poison,Chilli / Chile Beer,https://untappd.com/b/legenda-sorfozde-poison/2001844,4.5,N/A,3.44,151,03/18/17,"Citra, chili. "
0,5414014,BudaPrés Cider,Kedvesem! 2022,Cider - Dry,https://untappd.com/b/budapres-cider-kedvesem-2022/5414014,6.6,N/A,3.64,177,06/23/23,"Kézzel szedett almák átválogatása után 24 órás héjon áztatás és maceráció. 9 hónap érlelést kapott palackozás előtt. Többféle almabor házasításából állt össze: Idared, Jonagold, Jonagored, Starking Delicious, Granny Smith, Pink Lady, Braeburn. A pasztőr kihagyása miatt friss alma aromák és könnyedség jellemzi. Palackozás előtt saját almalevével édesítettük egy picit. Félszáraz, 12g/l. "
1,3146009,A.K. Enterprise Kft.,MadDog Craft Cider DRY,Cider - Dry,https://untappd.com/b/a-k-enterprise-kft-maddog-craft-cider-dry/3146009,6.6,N/A,3.59,214,03/26/19,MadDog craft cider DRY is only available on draft. The cider is a lightly effervescent traditional craft cider made from Hungarian apples. It has a refreshing cider apple taste with a just a hint of sharpness. COLOUR – golden/light brown. TASTE-  Dry  
2,817644,Magyar Czider Kft.,Czider Száraz,Cider - Dry,https://untappd.com/b/magyar-czider-kft-czider-szaraz/817644,7.0,N/A,3.53,196,09/20/14, 
0,5695806,HORIZONT Brewing,Sour Series - Apple of My Eye,Cider - Graff,https://untappd.com/b/horizont-brewing-sour-series-apple-of-my-eye/5695806,5.2,N/A,3.5,602,01/29/24,"Sörfőzőnk Till Áron ezt a tételt is először otthon főzte le, ami alapján el is készült a recept, a szokásos Horizont-csavarral. Magát az almát a cefrézéskor kapta meg a főzésben lévő sörlé, darálék formájában. Ezt az almás-malátás sörlevet kezdtük el erjeszteni, majd a megfelelő időpontban kapott egy jó adag komlót (Simcoe, Amarillo, Callista, Riwaka), melyektől roppanós kortyérzetet kaptunk.Áron Till came up with the idea after meeting the guys from Budaprés Cider. The crushed apple was added during brewing, and then the beer was in fermentation tanks for some weeks. Then we added some special malts (Simcoe, Amarillo, Callista, Riwaka), which give the beer a hoppy flavor and crisp mouthfeel. "
0,3133620,A.K. Enterprise Kft.,MadDog Spiced (mulled) Cider,Cider - Herbed / Spiced,https://untappd.com/b/a-k-enterprise-kft-maddog-spiced-mulled-cider/3133620,6.0,N/A,3.8,203,03/18/19,"A still spiced cider which can be drunk hot or cold. Mixed spices, orange and lemon juice makes this an excellent winter warmer when drunk hot. COLOUR- CloudyTaste- Sweet, fruity and spicy. "
0,3558127,BudaPrés Cider,{K}omlós 2017,Cider - Hopped,https://untappd.com/b/budapres-cider-k-omlos-2017/3558127,7.0,N/A,3.58,245,11/30/19,"(K)omlós 2017Egy furcsa párosítás, a cider és a komló házassága. A ‘17-es évjárat egyik cuvéejéhez adtunk egy keveset a kedvenc komlónkból, hidegen áztatva, mert a megfelelő mennyiségben szerintünk gyönyörűen kiegészítik egymást a bodzás, citrusos és almás jegyek. 15g/l nyírfacukorral egyensúlyoztuk a nagyobb testet és élénk aromákat, így lett finom, süteményhez hasonlítóan omlós a korty. "
0,2854098,A.K. Enterprise Kft.,MadDog Craft Cider Apple & Blackcurrant,Cider - Other Fruit,https://untappd.com/b/a-k-enterprise-kft-maddog-craft-cider-apple-and-blackcurrant/2854098,5.5,N/A,3.61,431,09/20/18,A Lightly effervescent apple and blackberry cider with just a hint of bitterness that a blackcurrant can give.COLOUR - Dark purple TASTE - Medium to sweet  
1,4755215,A.K. Enterprise Kft.,MadDog Craft Cider Apple & Black Cherry,Cider - Other Fruit,https://untappd.com/b/a-k-enterprise-kft-maddog-craft-cider-apple-and-black-cherry/4755215,6.8,N/A,3.59,157,03/16/22,A Lightly effervescent apple and black cherry cider. The sweetness of the black cherry certainly comes out here. COLOUR - Dark purple TASTE - Sweet  
2,3880166,SzebKo Pálinkaház,Teachers Meggy Cider,Cider - Other Fruit,https://untappd.com/b/szebko-palinkahaz-teachers-meggy-cider/3880166,4.5,N/A,3.59,151,07/19/20, 
0,2483793,A.K. Enterprise Kft.,MadDog Craft Cider,Cider - Traditional / Apfelwein,https://untappd.com/b/a-k-enterprise-kft-maddog-craft-cider/2483793,6.5,N/A,3.54,329,01/23/18,"MadDog  is a lightly effervescent traditional craft cider made from a blend of Hungarian apples. It has a refreshing cider apple taste with just a hint of sharpness. Just 100% apple.A MadDog cider külünböző magyar almafajtákból készült, enyhén szénsavas, kézzel készített ital. Kellemesen üdítő íze éppen megfelelő savassággal párosul. 100% alma. "
0,4993421,Etyeki Sörmanufaktúra,Just For Fun - Lime & Maracuja,Cream Ale,https://untappd.com/b/etyeki-sormanufaktura-just-for-fun-lime-and-maracuja/4993421,4.8,18,3.59,189,08/26/22,Könnyű Cream Ale rengeteg lime-al és maracuja-val.  
1,3149676,MONYO Brewing Co.,Only Light Can Do That,Cream Ale,https://untappd.com/b/monyo-brewing-co-only-light-can-do-that/3149676,5.1,N/A,3.5,322,03/29/19,Vanilla Cream Ale. 
2,3238584,Etyeki Sörmanufaktúra,Beer Berry,Cream Ale,https://untappd.com/b/etyeki-sormanufaktura-beer-berry/3238584,4.5,15,3.36,285,05/20/19,Málnás cream ale. 
0,566467,Stari Sör,Fekete Lovag,Dark Ale,https://untappd.com/b/stari-sor-fekete-lovag/566467,5.8,N/A,3.49,235,01/20/14,"A tökéletes barna sört hatféle malátával készítjük, a sör ízvilágában a különlegesen válogatott malátafajtáknak köszönhetően fellelhető a csokoládé, a kávé és a karakteres sör íze, melyet a keserű komló teszt igazan kerekké. A sör felső erjesztésű élesztővel készül és szűretlen formában kerül a fogyasztóhoz. "
0,5698215,MadX,Funk 2024,Farmhouse Ale - Brett,https://untappd.com/b/madx-funk-2024/5698215,4.2,N/A,3.66,502,02/01/24,2024 version of our classic Foeder Aged American Farmhouse Ale 
0,2407369,MONYO Brewing Co.,Coal Miners Never Torture Pink Donkeys.,Farmhouse Ale - Grisette,https://untappd.com/b/monyo-brewing-co-coal-miners-never-torture-pink-donkeys/2407369,5.3,N/A,3.57,373,11/27/17,MONYO Radical Series #01:Grisette with Raspberry & Mint. 
1,3334269,KROIS Brewery,La Grisette,Farmhouse Ale - Grisette,https://untappd.com/b/krois-brewery-la-grisette/3334269,4.0,11,3.42,361,07/16/19, 
0,3475523,MadX,Apricot & Funk,Farmhouse Ale - Other,https://untappd.com/b/madx-apricot-and-funk/3475523,6.0,N/A,3.92,559,10/11/19,Funky Farmhouse Ale with Apricots 
1,3475576,MadX,Peach & Funk,Farmhouse Ale - Other,https://untappd.com/b/madx-peach-and-funk/3475576,4.8,N/A,3.91,523,10/11/19,Funky Farmhouse Ale with Peaches 
2,3758445,MadX,Pinot Sauvage,Farmhouse Ale - Other,https://untappd.com/b/madx-pinot-sauvage/3758445,7.0,N/A,3.89,511,04/21/20,Barrel Aged Golden Sour Ale with Pinot Noir Grapes 
3,3907560,InVitro Brewing,Terra Incognita,Farmhouse Ale - Other,https://untappd.com/b/invitro-brewing-terra-incognita/3907560,6.5,N/A,3.87,166,08/07/20,Fermented with kveik yeast and  aged in a 5 year old Hungarian oak barrel from Miklós Csabi winery for 9 months. 
4,3999467,MadX,Raspberry & Funk,Farmhouse Ale - Other,https://untappd.com/b/madx-raspberry-and-funk/3999467,5.7,N/A,3.86,323,10/09/20,Funky Farmhouse Ale With Raspberries 
5,4139758,MadX,Stone & Funk,Farmhouse Ale - Other,https://untappd.com/b/madx-stone-and-funk/4139758,5.4,N/A,3.86,482,01/13/21,"Funky Farmhouse Ale with Apricot, Peach and Vanilla "
6,5008949,MadX,Raspberry & Funk 2022,Farmhouse Ale - Other,https://untappd.com/b/madx-raspberry-and-funk-2022/5008949,5.7,N/A,3.84,513,09/05/22,"The 2022 September release of our Funky Farmhouse Ale With Raspberries, the 2nd batch of Raspberry & Funk, first released in the September of 2020 "
7,3522913,MadX,Plum & Funk,Farmhouse Ale - Other,https://untappd.com/b/madx-plum-and-funk/3522913,6.0,N/A,3.82,520,11/09/19,Foeder Aged American Farmhouse Ale with Plums added 
8,5008952,MadX,Uborkasaláta & Funk 2022,Farmhouse Ale - Other,https://untappd.com/b/madx-uborkasalata-and-funk-2022/5008952,4.2,N/A,3.81,288,09/05/22,"The 2022 September release of our Hungarian Cucumber Salad Funky Farmhouse Ale, the 2nd batch of Uborkasaláta & Funk, first released in the October of 2021Sequel of the infamous Magyar Uborkasaláta [Hungarian Cucumber Salad] as a MADX release in kegs and 750ml bottles  "
9,3562307,MadX,Spirit Animal,Farmhouse Ale - Other,https://untappd.com/b/madx-spirit-animal/3562307,5.6,N/A,3.8,417,12/04/19,Foeder Aged American Farmhouse Ale with Hibiscus and Ginger 
10,3549607,MadX,Funk,Farmhouse Ale - Other,https://untappd.com/b/madx-funk/3549607,5.6,N/A,3.78,597,11/26/19,Foeder Aged American Farmhouse Ale 
11,4691358,MadX,Stone & Funk 2021,Farmhouse Ale - Other,https://untappd.com/b/madx-stone-and-funk-2021/4691358,5.4,N/A,3.77,161,01/26/22,"The 2022 January release of our Funky Farmhouse Ale with Apricot, Peach and Vanilla, the 2nd batch of Stone & Funk, first released in the January of 2021 "
12,4496764,MadX,Mulfunktion,Farmhouse Ale - Other,https://untappd.com/b/madx-mulfunktion/4496764,5.5,N/A,3.76,253,09/09/21,Funky Farmhouse Ale With Mulberries 
13,5994829,MadX,Raspberry & Funk 2024,Farmhouse Ale - Other,https://untappd.com/b/madx-raspberry-and-funk-2024/5994829,5.5,N/A,3.73,193,09/23/24,"The 2024 September release of our Funky Farmhouse Ale With Raspberries, the 3rd batch of Raspberry & Funk, first released in the September of 2020, then in the September of 2022 "
14,5828200,MadX,Uborkasaláta & Funk 2024,Farmhouse Ale - Other,https://untappd.com/b/madx-uborkasalata-and-funk-2024/5828200,4.0,N/A,3.72,294,05/15/24,"The 2024 May release of our Hungarian Cucumber Salad Funky Farmhouse Ale, the 3rd batch of Uborkasaláta & Funk, first released in the October of 2021Sequel of the infamous Magyar Uborkasaláta [Hungarian Cucumber Salad] as a MADX release in kegs and 750ml bottles "
15,4353997,MadX,Uborkasaláta & Funk,Farmhouse Ale - Other,https://untappd.com/b/madx-uborkasalata-and-funk/4353997,4.2,N/A,3.72,674,06/10/21,"Hungarian Cucumber Salad Funky Farmhouse Ale 4,2%Sequel of the infamous Magyar Uborkasaláta [Hungarian Cucumber Salad], this time as a MADX release in kegs and 750ml bottles "
16,4587102,MadX,Rocconut & Funk,Farmhouse Ale - Other,https://untappd.com/b/madx-rocconut-and-funk/4587102,5.7,N/A,3.72,441,11/10/21,"Funky Farmhouse Ale With Raspberry, Roasted Coconut And Vanilla "
17,5995519,MadX,Rocconut & Funk 2024,Farmhouse Ale - Other,https://untappd.com/b/madx-rocconut-and-funk-2024/5995519,5.5,N/A,3.68,259,09/24/24,"2024 version of our Funky Farmhouse Ale With Raspberry, Roasted Coconut And Vanilla we first released in the October of 2021 "
18,4673420,MadX,Funk 2021,Farmhouse Ale - Other,https://untappd.com/b/madx-funk-2021/4673420,5.6,N/A,3.67,153,01/09/22,The 2021 version of our signature Foeder Aged American Farmhouse Ale 
19,3985311,MadX,Cantaloupe Express,Farmhouse Ale - Other,https://untappd.com/b/madx-cantaloupe-express/3985311,6.9,N/A,3.62,472,09/29/20,Barrel Aged Sour Farmhouse Ale with Cantaloupe Melons collab with our Belgian friends at Brouwerij Alvinne 
20,5746951,MadX,The Funk Vault,Farmhouse Ale - Other,https://untappd.com/b/madx-the-funk-vault/5746951,5.0,N/A,3.62,411,03/13/24,"Barrel Aged Sour Ale with Apricot, Walnuts, Cocoa Beans & Vanilla collab with our friends at Vault City (UK) "
21,4699636,MadX,Bloodymary & Funk,Farmhouse Ale - Other,https://untappd.com/b/madx-bloodymary-and-funk/4699636,4.5,N/A,3.6,454,02/02/22,"A Blend Of Foeder Aged Farmhouse Ale And Barrel Aged Oud Bruin With Tomato, Celery Stalk And Spices "
22,4682725,MadX,Carrot Charmer,Farmhouse Ale - Other,https://untappd.com/b/madx-carrot-charmer/4682725,5.0,N/A,3.55,520,01/18/22,"Foeder Aged Farmhouse Ale with Carrot, Cinnamon and Vanilla "
0,5610502,UGAR Brewery,Liquid Fruit Bread,Farmhouse Ale - Sahti,https://untappd.com/b/ugar-brewery-liquid-fruit-bread/5610502,9.4,N/A,3.87,337,11/18/23,"Sahti with apricot, juniper and spices. "
1,5129969,UGAR Brewery,Sahti,Farmhouse Ale - Sahti,https://untappd.com/b/ugar-brewery-sahti/5129969,13.0,N/A,3.75,265,11/23/22, 
2,6067330,UGAR Brewery,Rouge Allure,Farmhouse Ale - Sahti,https://untappd.com/b/ugar-brewery-ugar-rouge-allure/6067330,12.0,N/A,3.72,370,11/22/24,"Meggyel, vaníliával, fahéjjal, borókabogyóval és tonkababbal ízesített gyümölcsös sör. "
3,6508193,UGAR Brewery,ROSA,Farmhouse Ale - Sahti,https://untappd.com/b/ugar-brewery-rosa/6508193,11.0,N/A,3.49,240,11/27/25,"SAHTI WITH STRAWBERRIES, RASPBERRIES AND SPICES. "
0,4497071,FIRST Craft Beer,Phobetor,Farmhouse Ale - Saison,https://untappd.com/b/first-craft-beer-phobetor/4497071,11.0,10,3.72,261,09/09/21,"Vörösboros hordóinkban egy éven át érleltük Imperial Saisonunkat szederrel, ribizlivel és meggyel, hogy a lehető legtöbb ízt és illatot átvéve igazi hidat képezzen bor és sör között. Száraz, testes, mégis gyümölcsös ínyencségről van szó – bár nem a hagyományos sörös vonalba illik, mi hisszük, a sör ilyen is lehet! "
1,3957504,Brew Your Mind,Saison ONE,Farmhouse Ale - Saison,https://untappd.com/b/brew-your-mind-saison-one/3957504,6.1,N/A,3.68,191,09/10/20,French Saison dry hopped with Nelson sauvin hops.  
2,4856551,Mad Scientist,Erlenmeyer Bong,Farmhouse Ale - Saison,https://untappd.com/b/mad-scientist-erlenmeyer-bong/4856551,6.2,N/A,3.65,892,05/25/22,NZ Dry Hopped New Wave Saison with our friends at ARPUS BREWING from Latvia 
3,3070111,Zentus Craft Beer,Don't Try So Hard 01,Farmhouse Ale - Saison,https://untappd.com/b/zentus-craft-beer-don-t-try-so-hard-01/3070111,8.6,40,3.65,163,02/07/19,"tentative series 01Not all will succeed first, try again, but not so hard. The road to success consists of attempts, however this presses on towards to reach the end. The beer is a one-time brew release and made for the way of development "
4,5829445,Fehér Nyúl,Pacifiction,Farmhouse Ale - Saison,https://untappd.com/b/feher-nyul-pacifiction/5829445,5.5,N/A,3.64,194,05/16/24,"A Sailor's Grave Co. ausztrál főzdével nagyot gondoltunk és alkottunk egy ausztrál komlókkal (Ella és Eclipse) megtolt Saisont. With the Australian brewery, Sailor's Grave Co., we thought its a great idea to push the boundaries of a Saison by dry-hopping it with a good amount of Australian hops (Ella and Eclipse). Cheers mate! "
5,3326634,Fehér Nyúl,Sanzon Rural,Farmhouse Ale - Saison,https://untappd.com/b/feher-nyul-sanzon-rural/3326634,6.4,12,3.64,183,07/12/19,"D. az IPA-kat szereti, de inkább boros - érti is, szereti is.A saison meglepte.Világos, ropogós, ott a komló szőlős aromája, az élesztőfűszeressége; mint egy jó rizlingfröccs a diófa alatt. "
6,2375039,Dimbo Lab,Riesling Saison 2017,Farmhouse Ale - Saison,https://untappd.com/b/dimbo-lab-riesling-saison-2017/2375039,8.7,23,3.61,186,11/05/17,"A strong saison fermented with fresh riesling must from our friends, the Strommer Vinery by the lake Balaton.  "
7,3464397,Zip's Brewhouse,Mck Brummbeer,Farmhouse Ale - Saison,https://untappd.com/b/zip-s-brewhouse-mck-brummbeer/3464397,6.5,15,3.61,150,10/04/19,"Blackcurrant infused SaisonFeketeribizli velő hozzáadásával készült vörös sörÖtödik SéfSörként az egri Macsinka János séf (Macok Bisztró) egy feketeribizlis saison elkészítésére inspirálta sörfőzőmestereinket. Az így létrejött különlegesség, a mck #brumbeer blackcurrant saison jelképértékű is: vörös színével és finom, boros utánérzésével tisztelgés az Egri Bikavér legendája előtt. "
8,1581438,Mad Scientist,Saison 15,Farmhouse Ale - Saison,https://untappd.com/b/mad-scientist-saison-15/1581438,5.4,26,3.61,374,06/01/16,Classic Summer Saison - The Mad Scientist brewlab series 
9,3528922,HORIZONT Brewing,Plucking Elderflowers (White Wine Barrel Aged),Farmhouse Ale - Saison,https://untappd.com/b/horizont-brewing-plucking-elderflowers-white-wine-barrel-aged/3528922,5.0,N/A,3.61,256,11/13/19,"A collaboration with Talfryn from London Fields Brewery aiming to seize the essence of modern Hungarian flavours. The saisons refresingh notes are fortified with some elderflower and was aged in used Hungarian (Zierfandler) white wine barrels giving it a subtle twist. // A London Fields Breweryvel készített saisonunkhoz bodzát adtunk és 5 hónapig fehérboros (Cirfandli) hordóban pihentettük, hogy egy egészen friss, csípős, gyümölcsös és fűszeres eredményt kapjunk.  "
10,3797549,Guri Sörfőzde,Belga Saison,Farmhouse Ale - Saison,https://untappd.com/b/guri-sorfozde-belga-saison/3797549,5.0,N/A,3.6,158,05/23/20, 
11,4668194,SIMA brewing,Stay Hibrated!,Farmhouse Ale - Saison,https://untappd.com/b/sima-brewing-stay-hibrated/4668194,6.0,21,3.6,237,01/05/22,"Legújabb sörünk kiváló döntés, ha kicsit hidratálnál a masszívabb fekete sörök után. A Stay Hibrated! egy belga élesztővel jó szárazra erjesztett, frissítő, könnyed hibiszkuszos Saison, melyben a gyümölcsösség és a fűszeres észterek remek egyensúlyban vannak. Hallertauer Blanc és Citra komlókkal hidegkomlózva, és meleg- és hidegoldalon hibiszkusz virággal ízesítve az izgalmas felfrissülés garantált. --Stay Hibrated! The newest member of our team, is a light bodied, dry finished refresher. A Belgian-style Saison with a hint of hibiscus flower, dry hopped with Hallertauer Blanc and Citra hops.  "
12,3382281,Reketye Brewing Co.,Szegfű Borso Zoltán?,Farmhouse Ale - Saison,https://untappd.com/b/reketye-brewing-co-szegfu-borso-zoltan/3382281,6.5,N/A,3.59,229,08/14/19, 
13,3506089,Zentus Craft Beer,Checking To the Head Or Neck,Farmhouse Ale - Saison,https://untappd.com/b/zentus-craft-beer-checking-to-the-head-or-neck/3506089,7.0,15,3.58,259,10/30/19,"Olyan jól sikerült az első közös főzésünk a KEG Sörművházzal, hogy az folytatásért kiáltott.Ezúttal kockáztattunk, egy zöldséges saison sörrel.Bloody Mary ihlette saison sör – ez áll a címkén sörtípus gyanánt. A név önmagáért beszél: az alap sörösszetevők mellé igen sok cherry paradicsom, szárzeller, fekete- és zöldbors került a lébe, amelyet az erjedés után még alaposan meg is hidegrozmaringoztunk.Recipe: Zentus & KEG Crew (Áron Donáth Dániel Incze) "
14,1886824,Mad Scientist,Bière De Miel,Farmhouse Ale - Saison,https://untappd.com/b/mad-scientist-biere-de-miel/1886824,7.0,27,3.58,215,12/29/16, 
15,4478188,TIMCO Brewing,FRISS,Farmhouse Ale - Saison,https://untappd.com/b/timco-brewing-friss/4478188,5.5,26,3.57,314,08/27/21,"French for ""season"", this light-colored, traditional, pastoral ale-style beer originates from the experiences  of the brewer while traveling in Belgium. Saison's traditionally are light-bodied, dry and spicy goodness. But why call it ""Fresh"", you might ask? Because what makes something fresher than Thai Basil, lemongrass and lemon peel? This is our twist on a ""season"" beer which is great for all seasons! Santé mes amies! "
16,3717155,Reketye Brewing Co.,Madame Giselle On The Casting Couch,Farmhouse Ale - Saison,https://untappd.com/b/reketye-brewing-co-madame-giselle-on-the-casting-couch/3717155,4.5,30,3.57,283,03/12/20,Lovely saison with kardamom fermented with house saison yeast.  
17,2340174,FIRST Craft Beer,Farmhouse White Ale,Farmhouse Ale - Saison,https://untappd.com/b/first-craft-beer-farmhouse-white-ale/2340174,4.5,N/A,3.56,211,10/14/17,"Egy könnyű, amarillóval és citrával hidegkomlótozott witbier Farmhouse stílusú újraértelmezése.A vallóniai eredetű típus és a belga búzasör egyvelege üdítően visszaadja a vidéki hangulatot, szalmaszőke színével, száraz testével méltó kísérője a frissítő őszi estéknek. "
18,3238656,HORIZONT Brewing,Burst Into Flame,Farmhouse Ale - Saison,https://untappd.com/b/horizont-brewing-burst-into-flame/3238656,5.5,N/A,3.56,289,05/20/19,"A saison inspired by the fiery riffs of Haunt, brewed with the amazing Karel from White Stork. Tangerine everything: tangerine colored saison with added tangerine and Mandarina Bavaria hops for the full experience. Drink it and rise like a phoenix! "
19,4805109,Mad Scientist,Tingle Kringle,Farmhouse Ale - Saison,https://untappd.com/b/mad-scientist-tingle-kringle/4805109,5.0,N/A,3.54,631,04/20/22,Sichuan Pepper Infused Saison 
20,706171,Hara’Punk Brewing,Monkey Funky,Farmhouse Ale - Saison,https://untappd.com/b/hara-punk-brewing-monkey-funky/706171,5.9,35,3.54,455,06/07/14, 
21,5403873,Fehér Nyúl,Oasis,Farmhouse Ale - Saison,https://untappd.com/b/feher-nyul-oasis/5403873,4.4,N/A,3.54,278,06/16/23,"Csavar a klasszikus stíluson, ez a kísérleti saison uborkával, lime-al és rózsaborssal lett fűszerezve.A twist on the classic style, this experimental saison is spiced with cucumber, lime and pink pepper. "
22,3450733,HORIZONT Brewing,Rozé Saison,Farmhouse Ale - Saison,https://untappd.com/b/horizont-brewing-roze-saison/3450733,5.0,N/A,3.53,235,09/26/19,"A collaboration with the fine Lisicza winery from Hungary. We used their fresh rosé must during fermentation, also adding a hint of strawberry to enhance flavors and aromas. The outcome is a fresh, dry, zesty beer with color reminiscent of cherryflowers. A lot of red berry notes in the nose, a real treat for the rosé lovers. // Ez a sör egy különleges együttműködés a HORIZONT és a Lisicza Borház között. Rozé ihlette saison típusú sörünkhöz a Lisicza legfrisebb mustját használtuk, hogy egy igazán izgalmas ízkombinációt kapjunk. A végeredmény egy száraz, üde, ropogós sör, színe a barack- és a cseresznyevirág között játszik, illatában piros gyümölcsök, eper és a saison fűszeressége viszi a prímet. Egy igazi csemege a rosé-k kedvelőinek! "
23,1466333,MONYO Brewing Co.,Black Alligator,Farmhouse Ale - Saison,https://untappd.com/b/monyo-brewing-co-black-alligator/1466333,9.0,26,3.53,1998,03/13/16,"A MONYO Brewing Co. bemutatja a Black Alligatort, a könyörtelen ragadozót. A sör alapja egy hagyományos saison, amelynek fűszeres karakterét a három fajta élesztő mellett a boróka és az Alligator Pepper teszi egyedivé. Utóbbi egy különleges nyugat-afrikai borsfajta, amely egyszerre ad enyhén csípős és citrusos ízeket a sörnek. A színe sötét, mint az aligátor bőre, de a klasszikus pörkölt malátás ízjegyeket mellőzi. "
24,1081904,Bors Serfőzde,Will Scarlet,Farmhouse Ale - Saison,https://untappd.com/b/bors-serfozde-will-scarlet/1081904,6.0,N/A,3.52,172,05/11/15,"Ez a sörkategória a belga földművesek kedvenc frissítője volt a múltban. Szezon ALE-ünk egy kellemes nyári ívó sör. Erőssége szokványos, nem túlzott, gyümölcsössége dominál. A vadélesztővel érlelt sörünk egy igazi különlegesség, legalább is a magyar ""szokás sörökhöz"" képest. "
25,3756334,Vaskakas Brewing,Sunshine Reggae,Farmhouse Ale - Saison,https://untappd.com/b/vaskakas-sorfozde-sunshine-reggae/3756334,5.0,15,3.52,389,04/19/20,Saison with lemongrass. 
26,6273861,HORIZONT Brewing,Endless Marathon,Farmhouse Ale - Saison,https://untappd.com/b/horizont-brewing-endless-marathon/6273861,6.0,20,3.52,602,05/22/25,"Egy izgalmas kollaboráció a holland Van Moll sörfőzdével ez a belga saison stílusú, világos és fűszeres sör. Édesköménymag, édes narancshéj, narancsvirág, szecsuáni bors, valamint egy csipet koriandermag adják a sör fűszeres komplexitását. Az extra karakter érdekében Sorachi Ace komló került bele, amely kapros és gyógynövényes aromájáról ismert.--An exciting collaboration with Dutch brewery Van Moll, this bright and spicy saison. Fennel seeds, sweet orange peel, orange blossom, Sichuan pepper, and a touch of coriander seed create a layered, aromatic complexity. For an extra dimension, we used Sorachi Ace hops, known for their distinctive dill and herbal notes. "
27,2999376,MONYO Brewing Co.,Brewing After Sex Is Very Relaxing.,Farmhouse Ale - Saison,https://untappd.com/b/monyo-brewing-co-brewing-after-sex-is-very-relaxing/2999376,6.3,15,3.51,599,12/21/18,"Eredetileg sörfőzdénk negyedik születésnapjára főztük ezt a kétféle szamorodnis hordóban érlelt brettes saisont, de a magas érlelési potenciál miatt úgy döntöttünk, hogy az üvegek egy részét visszatartjuk.Most viszont úgy érezzük, hogy a csúcson van: a stílusra jellemző fűszeres, borsos jegyekkel rendelkező alapsört a hordók tölgyfás jegyein túl, a szamorodni bodzás és ananászos gyümölcsössége, valamint a brett istállós, lópokrócos karaktere egészíti ki.  A végeredmény különösen elegáns, ásványos és rendkívül száraz, ideális frissítője a meleg nyári napoknak.-----We originally brewed this double szamorodni wine barrel aged brett saison with for the fourth anniversary of our brewery, but we’ve decided to cellar a part of the bottles for an additional year and a half to see how it continues to evolve with the passing time.We’re now feeling that it’s time to present how it developed since you’ve last tasted it. Layers of pepper and earthy characteristics from the saison yeast and the brett that play nice with the woody, oaky notes for the barrel, aging and the pineapple- and elderflower-like flavors of the szamorodni wine. With a bone-dry finish, it’s the ideal summer sipper. "
28,4407737,Fehér Nyúl,Szechuan Season,Farmhouse Ale - Saison,https://untappd.com/b/feher-nyul-szechuan-season/4407737,5.7,21,3.51,379,07/12/21,Kísérleti saison tetemes mennyiségű szecsuáni bors hozzáadásával.Experimental saison with Sichuan pepper. 
29,4188287,FIRST Craft Beer,Season of the Phoenix,Farmhouse Ale - Saison,https://untappd.com/b/first-craft-beer-season-of-the-phoenix/4188287,11.0,10,3.48,276,02/19/21,"Ahogy a főnixmadár a halálból feltámadva új erőre kel, úgy kezdünk neki mi is 2021-nek! Az új élet pedig új kihívásokra vár: összeraktunk hát egy főzőháznyi gyümölcskosarat - egy fűszeres, észteres, száraz saisonba csomagoltunk megggyet, szedret és ribizlit, hogy egy fanyar, száraz különlegességet hozzunk létre. "
30,2708541,Superside Brewery,Berryside,Farmhouse Ale - Saison,https://untappd.com/b/yeast-side-berryside/2708541,4.5,15,3.48,365,06/19/18, 
31,4755169,Mad Scientist,Zest Contest,Farmhouse Ale - Saison,https://untappd.com/b/mad-scientist-zest-contest/4755169,5.0,N/A,3.47,694,03/16/22,Citrus Infused Saison 
32,3134383,Mad Scientist,Hidden Jam,Farmhouse Ale - Saison,https://untappd.com/b/mad-scientist-hidden-jam/3134383,5.3,27,3.47,608,03/19/19,"HIDDEN JAM strawberry - rhubarb belgian saison 5,3% collab w/ Edge Brewing, TuffBuzz, Black Horn BrewingIn this attempt, a classical style is being put in a modern environment. A common beer is transformed to ""craft"". It is a challenge to add any extra ingredients to the impressive character of the saison yeast. It is so dominant in style that you can't dominate it, it is only possible to go along with it with a complimenting addition. Anyway we added strawberries and rhubarb until we have spent an amount close to a second hand Suzuki, and hoped for the best.  "
33,4909152,MONYO Brewing Co.,Home Alone In Sichuan,Farmhouse Ale - Saison,https://untappd.com/b/monyo-brewing-co-home-alone-in-sichuan/4909152,6.6,N/A,3.46,283,06/29/22,"Megérkezett az Első Magyar Házisörfőző Egyesülettel közösen készített Saisonunk!Egykori adatok szerint a kraft sörfőzdék alapítóinak a 90%-a házisörfőzőként kezdte az ipart. Nincs ez máshogy nálunk, a MONYO-nál sem. Ahogy említettük már korábban, Németh Anti, a főzdénk egyik alapítója is otthon kezdte a főzést a konyhában néhány lábosban.Ennek tiszteletére készítettük ezt a kollab sört, méghozzá úgy, hogy a tavalyi verseny győztes receptjét lefőztük “nagyban”. Most TE is megkóstolhatod ennek az együttműködésnek a gyümölcsét, ugyanis amíg májusban nálunk zajlott a jubileumi X. Nemzetközi Házisörfőző Verseny, addig ez a sör bizony ott rotyogott a főzőüstünkben.A Home Alone In Sichuan recepjét Szabó Karcsi jegyzi és egy szecsuáni borsos Saison. Borostyánszínű balanszos ital, amelyben a szecsuáni bors íze nem tolakodó, hanem szép összhangban van a sörrel. Könnyed, kevésbé észteres, igazi ivós ""belga"", ami kiválóan oltja a szomjad a nagy nyári melegben. "
34,2730757,MONYO Brewing Co.,Afterparty,Farmhouse Ale - Saison,https://untappd.com/b/monyo-brewing-co-afterparty/2730757,5.6,7,3.42,742,07/03/18,Easy drinkin' summer Saison with cucumber and kaffir lime leaves. Collaboration brew with the one and only Cerveses La Pirata! :) 
35,3790232,Zirci Apátsági Manufaktúra,Alevation Saison,Farmhouse Ale - Saison,https://untappd.com/b/zirci-apatsagi-manufaktura-alevation-saison/3790232,4.5,21,3.38,437,05/18/20, 
36,3266324,Zirci Apátsági Manufaktúra,Piperitum Mobile,Farmhouse Ale - Saison,https://untappd.com/b/zirci-apatsagi-manufaktura-piperitum-mobile/3266324,5.0,N/A,3.31,273,06/06/19, 
0,5997659,Szent András Sörfőzde,Feszt Október,Festbier,https://untappd.com/b/szent-andras-sorfozde-feszt-oktober/5997659,6.0,20,3.61,438,09/26/24,"A Feszt Október minden kortya a müncheni Oktoberfest népünnepélyét, a világ egyik legnagyobb sörfesztiváljának hangulatát idézi: roppanós bajor kolbászok, sörrel teli sátrak, zene és tánc hangulata szabadul ki minden palackból. Sörünk egy kenyeresen malátás, aranyló ropogós bajor oktoberfest stílusú lager. Minden kortya legalább annyira különleges, mint maga az Oktoberfest és annak összetéveszthetetlen sörei. "
1,5980155,HORIZONT Brewing,Horizont - Oaktoberfest (KEG ONLY),Festbier,https://untappd.com/b/horizont-brewing-horizont-oaktoberfest-keg-only/5980155,5.1,N/A,3.6,192,09/12/24,"Egy klasszikus német festbier, nagyon extra csavarral, ugyanis a sört amerikai tölgyfacsipszen pihentettük, hogy nagyon kellemes, fás-vaníliás ízvilággal egészítsük ki a jellemzően malátás, festbier-es ízjegyeket. Ez a sör kizárólag hordóban, partnereinknél kapható, LIMITÁLT MENNYISÉGBEN, az Octoberfest alkalmából.  "
2,3531775,Fehér Nyúl,Creeping Ivy,Festbier,https://untappd.com/b/feher-nyul-creeping-ivy/3531775,5.9,28,3.55,160,11/15/19,"Casanova még nem ismerte az igazi csábítás titkát.Pedig a recept egyszerű: egy kis vörös must és egyjó, német láger. Ez minden asszony álma? "
3,5992540,Fehér Nyúl,Festive Fever,Festbier,https://untappd.com/b/feher-nyul-festive-fever/5992540,5.9,N/A,3.48,309,09/21/24,"We get together every year, wherever we come from. We dance on the benches, hold the heavy jugs and we are getting used to this music slowly. "
0,2982313,Mad Scientist,Morpheus,Fruit Beer,https://untappd.com/b/mad-scientist-morpheus/2982313,6.7,45,3.77,302,12/10/18,"Your healthy dose of fruits for the Winter as it's not something light and easy ""lemonadish"", but strong and thick. Guava is very dominant so a crazy amount of strawberries were needed to compensate the flavor with a tiny twist of pistachio to close the composition. We've had this recipe for a long time, but we've always felt it was too expensive and insane for the market. Let's see how it turns out now! "
1,1921124,Mad Scientist,WildCard,Fruit Beer,https://untappd.com/b/mad-scientist-wildcard/1921124,7.0,60,3.74,217,01/24/17, 
2,5237345,HopTop Brewery,Cottage Rudolph,Fruit Beer,https://untappd.com/b/hoptop-brewery-cottage-rudolph/5237345,7.6,N/A,3.66,265,02/15/23,Cottage Rudolph (túró rudi) style fruity ale  
3,783337,Legenda Sörfőzde,Tripla Meggy,Fruit Beer,https://untappd.com/b/legenda-sorfozde-tripla-meggy/783337,8.2,N/A,3.63,512,08/17/14,This is a very strong and unique tripel trappist style beer with some fruits. love. 
4,6409262,HopTop Brewery,Pistachio Cottage Rudolph,Fruit Beer,https://untappd.com/b/hoptop-brewery-pistachio-cottage-rudolph/6409262,5.0,N/A,3.62,159,09/12/25,"Yellowish, slightly hazy ale beer resembling a fruity t.rudi. Its alcohol content is 5%, which is lower than its predecessor, but it goes well with the extra character provided by pistachios. The aromas are slightly citrusy with a silky sweetness provided by lactose.  "
5,5783084,Fóti Kézműves Sörfőzde,Spíler Cherry,Fruit Beer,https://untappd.com/b/foti-kezmuves-sorfozde-spiler-cherry/5783084,4.5,N/A,3.62,183,04/10/24,Sweet and tasty 
6,413518,Legenda Sörfőzde,Meggy,Fruit Beer,https://untappd.com/b/legenda-sorfozde-meggy/413518,4.8,N/A,3.61,227,07/25/13, 
7,4927390,Világ Sörei By FIRST,Pireneusi Málnás Búzasör,Fruit Beer,https://untappd.com/b/vilag-sorei-by-first-pireneusi-malnas-buzasor/4927390,4.5,N/A,3.61,151,07/11/22, 
8,4453662,Superside Brewery,Mauritania,Fruit Beer,https://untappd.com/b/yeast-side-mauritania/4453662,6.5,N/A,3.6,215,08/10/21,Side Of Nature. Mango- Gingerthe best combintaion for herbs and fruits. Taste like the wildlife in capital. 
9,4926581,Parabolic Lazarus Brewery,Cherry Ale,Fruit Beer,https://untappd.com/b/parabolic-lazarus-brewery-cherry-ale/4926581,5.0,N/A,3.6,346,07/10/22, 
10,3690056,Zentus Craft Beer,Ruby Cher,Fruit Beer,https://untappd.com/b/zentus-craft-beer-ruby-cher/3690056,4.2,16,3.6,186,02/24/20,Vörös kveik gyümölccsel (meggyes) 
11,3156729,MONYO Brewing Co.,Exotic Post Traumatic,Fruit Beer,https://untappd.com/b/monyo-brewing-co-exotic-post-traumatic/3156729,4.6,N/A,3.6,329,04/02/19,"Strawberry Brut Ale. Collaboation brew with the hungarian rock band, Ivan & The Parazol. "
12,2271485,Guri Sörfőzde,Szilvás,Fruit Beer,https://untappd.com/b/guri-sorfozde-szilvas/2271485,5.0,N/A,3.6,196,09/01/17,Szilvavelő ágyra fejtett pilseni típusu láger sör. 
13,5486063,SIMA brewing,Sir Eldergrapes,Fruit Beer,https://untappd.com/b/sima-brewing-sir-eldergrapes/5486063,9.2,N/A,3.6,235,08/14/23,"Imperial fruited Kveik Ale w/ red grapes, elderberry and lactose "
14,2883372,Fóti Kézműves Sörfőzde,Fruit Garden - Meggy,Fruit Beer,https://untappd.com/b/foti-kezmuves-sorfozde-fruit-garden-meggy/2883372,4.5,8,3.59,197,10/08/18,Meggysör 
15,3115375,Sümegi Sörfőzde,Sárgabarackos Búza,Fruit Beer,https://untappd.com/b/sumegi-sorfozde-sargabarack/3115375,5.2,N/A,3.58,441,03/08/19, 
16,5980017,MONYO Brewing Co.,Strawberry Crab,Fruit Beer,https://untappd.com/b/monyo-brewing-co-strawberry-crab/5980017,3.2,N/A,3.57,443,09/12/24,Strawberry Weizen! 
17,4361999,Stari Sör,Epres álom,Fruit Beer,https://untappd.com/b/stari-sor-epres-alom/4361999,3.3,N/A,3.57,225,06/14/21, 
18,4464136,Viharsarok Sörfőzde,Zöldalma,Fruit Beer,https://untappd.com/b/viharsarok-sorfozde-zoldalma/4464136,4.2,N/A,3.57,525,08/17/21,"Ezt az élénkítő főzetet aktív pihenéshez ajánljuk. A radlert egy német vendéglős találta fel, mikor a hirtelen nagyra nőtt biciklis tömeg miatt gyorsan fogyó sörhöz limonádét adott. Persze nem kell sportolónak lenni, hogy élvezni tudjunk egy jó radlert, fűnyírás mellé is kiváló. Sőt a pohár emelgetése is testmozgásnak számít. "
19,5389841,Pannonhalmi Főapátság Sörfőzde,Meggy Ale,Fruit Beer,https://untappd.com/b/pannonhalmi-foapatsag-sorfozde-meggy-ale/5389841,4.2,12,3.57,593,06/05/23, 
20,4775146,MONYO Brewing Co.,Mango Hero,Fruit Beer,https://untappd.com/b/monyo-brewing-co-mango-hero/4775146,4.5,7,3.56,3691,03/30/22,"Új taggal bővül az állandóan elérhető söreink csapata!A Hős visszatért, de ezúttal az érett mangócskákat veszi védelmébe. Ez a mango ale szintén nem egy szirupos szuperhős történet, csak tiszta, igazi gyümölcs és egy jó ale kombója, készen arra, hogy megmentse az estéd!Kóstold meg a rengeteg valódi mangóból főzött Mango Hero-t, amely olyan mintha egy érett mangóba harapnál. Kissé krémes kortyérzete és a gyümölcs édes-fanyarkás íze remekül harmonizál a klasszikus ale típusú sörrel. "
21,3239472,HopTop Brewery,Tropical Swinger Summer,Fruit Beer,https://untappd.com/b/hoptop-brewery-tropical-swinger-summer/3239472,4.5,35,3.56,233,05/21/19,"A little bit sweeter version of the original Tropical Swinger Club with less alcohol content. A real flavor explosion, the tropical fruitiness dominates the flavor, while not losing the real beer character. "
22,4453643,Superside Brewery,Beary,Fruit Beer,https://untappd.com/b/yeast-side-beary/4453643,5.0,12,3.56,186,08/10/21,"Side Of Nature series. The best option for berry fruits. Here you can find the Blackberry, Rasberry and some Sour cherry. Fruits for all. "
23,4936379,LöWOLF Craft Beer Co.,Fruuthie-Smoothie Hurricane,Fruit Beer,https://untappd.com/b/lowolf-craft-beer-co-fruuthie-smoothie-hurricane/4936379,6.0,N/A,3.56,157,07/17/22, 
24,4999826,MONYO Brewing Co.,Toxic Mango,Fruit Beer,https://untappd.com/b/monyo-brewing-co-toxic-mango/4999826,4.3,N/A,3.55,167,08/30/22,There is No Planet B. 
25,2191066,FIRST Craft Beer,Blueberry Ale,Fruit Beer,https://untappd.com/b/first-craft-beer-blueberry-ale/2191066,4.5,N/A,3.55,4923,07/13/17,"Búzasör áfonyával? Úttörő áfonyás kraftsörünk igazi különlegesség az első pillanattól fogva! Frissítően fanyar íze és áfonyakék színe már előre jelzik: bonts meg egyet, ha üdítően gyümölcsös, mégis lazítóan sörös élményre vársz!Wheat beer with blueberries? Our pioneering blueberry krafts is a real speciality from the moment you first taste it! With a refreshingly tart taste and blueberry-blue colour, you'll know you're in for a refreshingly fruity yet relaxing beer experience. "
26,814495,Szarvasi Kézműves Sörfőzde,Szarvasi Sörmester Meggyes Mámor,Fruit Beer,https://untappd.com/b/szarvasi-kezmuves-sorfozde-szarvasi-sormester-meggyes-mamor/814495,5.0,N/A,3.55,314,09/18/14, 
27,1889001,Szarvasi Kézműves Sörfőzde,Meggyes Favágó,Fruit Beer,https://untappd.com/b/szarvasi-kezmuves-sorfozde-meggyes-favago/1889001,5.0,N/A,3.54,184,12/31/16,Sour cherry ale 
28,4208678,Viharsarok Sörfőzde,Napnyugta,Fruit Beer,https://untappd.com/b/viharsarok-sorfozde-napnyugta/4208678,4.1,N/A,3.54,1044,03/06/21,"A nap lement, de koránt sincs csend,mert egy korty után az égbe kiáltjuk,hogy az igazi meggysört végre megtaláltuk!A Napnyugta elkerüli korunkmeggysöreinek minden buktatóját.Tiszta színű, harmonikus, valódi. Egyfanyar, gyümölcsös sör, ami nemfelejtett el sörnek lenni. "
29,4437982,MONYO Brewing Co.,MONYO X Carson Coma - Zsibongó 2021,Fruit Beer,https://untappd.com/b/monyo-brewing-co-monyo-x-carson-coma-zsibongo-2021/4437982,4.1,N/A,3.54,208,07/31/21,"MONYO x Carson Coma hivatalos collab sör, rengeteg birsalmalével főzve. "
30,2746719,Legenda Sörfőzde,Sárgabarack,Fruit Beer,https://untappd.com/b/legenda-sorfozde-sargabarack/2746719,4.8,N/A,3.54,150,07/14/18, 
31,1014273,Guri Sörfőzde,Meggyes,Fruit Beer,https://untappd.com/b/guri-sorfozde-guri-meggyes/1014273,4.5,N/A,3.53,437,03/18/15,Könnyű gyümölcsös láger sör. 
32,2342497,Sümegi Sörfőzde,Gyömbér-Lime,Fruit Beer,https://untappd.com/b/sumegi-sorfozde-gyomber-lime/2342497,5.0,N/A,3.53,177,10/15/17, 
33,3220312,FIRST Craft Beer,Double Cherry,Fruit Beer,https://untappd.com/b/first-craft-beer-double-cherry/3220312,7.0,13,3.53,511,05/10/19, 
34,2994034,Szarvasi Kézműves Sörfőzde,Vörös Meggyes,Fruit Beer,https://untappd.com/b/szarvasi-kezmuves-sorfozde-voros-meggyes/2994034,5.0,13,3.52,408,12/17/18,Cherry flavoured variant of Ír Vörös Sör 
35,3439419,Reketye Brewing Co.,Melonade,Fruit Beer,https://untappd.com/b/reketye-brewing-co-melonade/3439419,6.0,20,3.52,174,09/19/19,Tisztán görögdinnyelével cefrézett saison.we mashed in a tonn of melons. no really literally...no water in this beer. crazy 
36,2191065,FIRST Craft Beer,Belgian Cherry,Fruit Beer,https://untappd.com/b/first-craft-beer-belgian-cherry/2191065,4.5,13,3.52,4713,07/13/17,"Fantasztikusan meggyes sörünk alapja egy hagyományos belga búza sörkülönlegesség – ezt formáltuk fanyar illatú, burgundivörös, érett és zamatos gyümölcsös kraftsörré. Hiszen nálunk nincs megalkuvás: gyümölcsös söreink is a legjobb kraftfőzés hagyományai szerint készülnek!Our fantastic sour cherry beer is based on a traditional Belgian wheat speciality beer - we've transformed it into a tart, burgundy-red, ripe and juicy fruity krafts beer. Because we don't compromise: our fruit beers are also brewed in the best craft brewing tradition! "
37,3836101,hübris,müggy,Fruit Beer,https://untappd.com/b/hubris-muggy/3836101,4.2,18,3.52,2074,06/20/20,cherry beer 
38,1104298,Gyertyános Sörfőzde,Licsi,Fruit Beer,https://untappd.com/b/gyertyanos-sorfozde-licsi/1104298,5.5,N/A,3.52,160,05/30/15,"A nagy sörforradalom és a gyümölcsös sörök évről-évre növekvő palettájából nem maradhatott ki ezen ázsiai szerelemgyümölcs hozzáadásával készített különlegesség. A licsi gyümölcs mind ízében, mind illatában jól passzol a sörhöz, vonzóvá varázsolja az italt. A gyümölcsös jegyek minden kortyában jól dominálnak, nyári melegben egy kimondottan kellemes, egzotikus szomjoltó. Alkoholtartalma 5,5%. "
39,3300882,Félegyházi Sörműhely,Meggyes,Fruit Beer,https://untappd.com/b/felegyhazi-sormuhely-felegyhazi-meggyes/3300882,4.0,N/A,3.52,203,06/26/19,"Üdítően frissítő, könnyed gyümölcsös sör, melyben először a meggy harsány zamata dominál, majd gyümölcs édessége és buja fanyarsága felváltva jelenik meg a kortyokban. "
40,3881825,Szent András Sörfőzde,Áfonyás Ale,Fruit Beer,https://untappd.com/b/szent-andras-sorfozde-afonyas-ale/3881825,4.0,10,3.52,801,07/20/20,"Ez a magas gyümölcstartalmú, kékáfonya és tőzegáfonya felhasználásával készült Áfonyás Ale tökéletes harmóniája az édes és a savanykás ízeknek, literenkénti 150 grammos gyümölcstartalmával pedig pont olyan, mintha gyümölcsbe harapnál. Egy vízparti pihenéshez, napsütéses piknikhez, vagy egy könnyed nyári desszert mellé is tökéletes kiegészítő.This highly fruity Áfonyás Ale (Blueberry and Cranberry Ale) is the perfect harmony of sweet and sour flavors, and with a fruit content of 150 grams per liter, it’s just like biting into a fruit. It is a great option during a waterfront holiday, a sunny picnic, but it is also a perfect choice with a light summer dessert. "
41,4826063,Viharsarok Sörfőzde,Ribizli,Fruit Beer,https://untappd.com/b/viharsarok-sorfozde-ribizli/4826063,4.2,N/A,3.51,298,05/04/22,"Indul a ribizliszezon! Ez a könnyen iható, nyárias felsőerjesztésű gyümölcsös Ale valódi ribizlisűrítménnyel készült. Világos rózsaszínű, íze mint a friss és enyhén fanyar ribizlilekváré, ami jól kiegészíti az Ale tónusait és felfrissít a hőségben. ?Összetevők: víz, árpamaláta, ribizlisűrítmény (víz, cukor, gyümölcssűrítmény, étkezési sav: citromsav, aszkorbinsav, aroma, tatósítószerek: kálium-szorbát, kálium-metabiszulfit, színezék), komló, élesztő, kálium-szorbát "
42,391830,Stari Sör,Hamvas,Fruit Beer,https://untappd.com/b/stari-sor-hamvas/391830,3.3,N/A,3.51,359,06/24/13,"Gondolták volna, hogy a tradicionális magyar gyümölcsből sör is készíthető? A pils típusú sört szilvaágyon érleljük, és a végeredmény egy, a szomjúságot kiválóan csillapító ital.Ahogy a poharat az orrunkhoz emeljük, érezzük a hamvas szilva kellemes illatát. A sör 2016 februárjában a csehországi nemzetközi Aranypecsét Sörversenyen aranyérmet szerzett. "
43,447594,Legenda Sörfőzde,Birs Sör,Fruit Beer,https://untappd.com/b/legenda-sorfozde-birs-sor/447594,4.8,N/A,3.51,152,09/06/13,"Cloudy golden to orange colour, some off white head ; aroma is dominated by apple with some citruses "
44,5929975,UGAR Brewery,Cherry Speedo,Fruit Beer,https://untappd.com/b/ugar-brewery-cherry-speedo/5929975,6.5,N/A,3.51,165,08/01/24, 
45,6372523,FIRST Craft Beer,Cute Grapefruit,Fruit Beer,https://untappd.com/b/first-craft-beer-cute-grapefruit/6372523,3.5,N/A,3.51,235,08/10/25,Grapefruit Ale.Low Alcohol.Exclusive Edition for SPAR. 
46,1565199,Stari Sör,Feketeribi,Fruit Beer,https://untappd.com/b/stari-sor-feketeribi/1565199,3.3,N/A,3.5,492,05/21/16,"Valódi ritkaság, amely nemcsak látványában, de ízvilágában is egyedülálló élményt nyújt a gyümölcssör szerelmeseinek.A 30%-os gyümölcstartalomnak köszönhetően színe a fekete ribizli pirosas-lilás színét hozza, utánozhatatlan édes-fanyar ízével pedig elcsábítja a szomjukat csillapítani vágyókat. "
47,1886884,Synthesis,Meggyes,Fruit Beer,https://untappd.com/b/synthesis-meggyes/1886884,4.7,13,3.49,350,12/29/16,Szűretlen belga stílusú meggyes ízesítésű búzasör. 
48,401664,Legenda Sörfőzde,Áfonya,Fruit Beer,https://untappd.com/b/legenda-sorfozde-afonya/401664,4.8,N/A,3.49,215,07/08/13, 
49,3186874,Guri Sörfőzde,Ribizlis,Fruit Beer,https://untappd.com/b/guri-sorfozde-ribizlis/3186874,5.0,N/A,3.48,304,04/20/19, 
0,6178065,Mad Scientist,Funk Popstar,Gluten-Free,https://untappd.com/b/mad-scientist-funk-popstar/6178065,6.5,N/A,3.65,326,03/03/25,Gluten-Free West Coast IPA with Turkey's Pick Blend as a new one-off version of our core range gluten-free ipa POPSTAR 
1,6455635,Mad Scientist,Galactic Popstar,Gluten-Free,https://untappd.com/b/mad-scientist-galactic-popstar/6455635,6.0,N/A,3.65,177,10/22/25,Gluten-Free West Coast IPA with Galaxy hops as the 11th version of our core range gluten-free ipa POPSTAR 
2,6075225,HORIZONT Brewing,Into the Timberstorm,Gluten-Free,https://untappd.com/b/horizont-brewing-into-the-timberstorm/6075225,6.0,N/A,3.62,348,11/28/24,"Az alap ötlet az volt, hogy egy tényleg kesernyés, igazán komlós, az eddigiektől elétérő West Coast-ot rakjunk össze, egy nagyon ütős komlóprofillal. Na hát ez meg is történt, hiszen a Cascade-Chinook páros mellé bedobtuk a Sybilla nevű lengyel komlóvariánst.Ettől persze az alapvetően gyantás, fenyős, nagyon frissítő ízvilág kapott egy kis gyümis-citrusos, virágos tuningot.The idea was to create a truly bitter, intensely hoppy West Coast IPA with a standout hop profile—something different from what we've done before. And we nailed it! Alongside the classic Cascade-Chinook combo, we added Sybilla, a Polish hop variety.This addition gives the resinous, piney, and super-refreshing base a fruity-citrusy, floral boost.  "
3,3264507,Ninka Project,Midday Pale Ale,Gluten-Free,https://untappd.com/b/ninka-project-midday-pale-ale/3264507,5.0,N/A,3.62,151,06/05/19,"A Midday igazi társad lesz a mindennapokban. Könnyed, frissítő és természetesen gluténmentes. A jellegzetes gyümölcsös ízekről pedig az újhullámos amerikai komlók nagyágyúi, a Citra, Mosaic és Warrior komlók gondoskodnak. Akár még napközben is belefér! "
4,5676342,Mad Scientist,NZ POPSTAR,Gluten-Free,https://untappd.com/b/mad-scientist-nz-popstar/5676342,6.4,N/A,3.61,336,01/11/24,Manilita Single-Hop Gluten-Free West Coast IPA 
5,2972853,Ninka Project,Cherry Bomb,Gluten-Free,https://untappd.com/b/ninka-project-cherry-bomb/2972853,4.5,N/A,3.59,166,12/04/18,"100% meggy. Fontosnak érezzük, hogy a gyümölcsös sörök kedvelőinek is tudjunk gluténmentes alternatívát adni - így született meg a Cherry Bomb. Igazi természetes, gyümölcsös íz, Pale Ale alapokon! Kóstold meg, nem fogsz benne csalódni! "
6,5767941,Mad Scientist,Jazz Popstar,Gluten-Free,https://untappd.com/b/mad-scientist-jazz-popstar/5767941,6.4,N/A,3.59,352,03/29/24,Nelson Sauvin Single-Hop Gluten-Free West Coast IPA 
7,5643160,Mad Scientist,Synthpop Star,Gluten-Free,https://untappd.com/b/mad-scientist-synthpop-star/5643160,6.4,N/A,3.58,286,12/14/23,Kohatu Single-Hop Gluten-Free West Coast Ipa 
8,6342292,Mad Scientist,Surf Popstar,Gluten-Free,https://untappd.com/b/mad-scientist-surf-popstar/6342292,6.8,N/A,3.58,198,07/17/25,Gluten-Free West Coast IPA with Hungarian Cashmere hops as the 10th version of our core range gluten-free ipa POPSTAR  
9,5793844,Mad Scientist,Country Popstar,Gluten-Free,https://untappd.com/b/mad-scientist-country-popstar/5793844,6.6,N/A,3.57,349,04/19/24,Southern Cross Single-Hop Gluten-Free West Coast IPA 
10,6438006,Mad Scientist,Post Star Lager,Gluten-Free,https://untappd.com/b/mad-scientist-post-star-lager/6438006,5.7,N/A,3.57,199,10/06/25,Gluten-Free Citra-Simcoe Dry-Hopped Lageraka the love-child of our HELLES 50  50-days-helles and POPSTAR gluten-free IPA 
11,5142934,Mad Scientist,K-Pop Star,Gluten-Free,https://untappd.com/b/mad-scientist-k-pop-star/5142934,8.8,N/A,3.54,717,12/02/22,"Gluten-free single hop DIPA with Columbus, the abv is a bit higher than POPSTAR and we're thrilled to release a one-off version of our core range gluten-free IPA "
12,6092829,Mad Scientist,Indie Popstar,Gluten-Free,https://untappd.com/b/mad-scientist-indie-popstar/6092829,6.2,N/A,3.54,314,12/13/24,Gluten-free single hop west coast with Pacific Sunrise hops from New Zealand as a new one-off version of our core range gluten-free ipa POPSTAR 
13,5302449,Mad Scientist,Powerpop Star,Gluten-Free,https://untappd.com/b/mad-scientist-powerpop-star/5302449,6.3,N/A,3.53,391,04/04/23,"""Loneliness is such a sad affair, And I can hardly wait to be with you again..."" Power to the Popstar, Simcoe is the name of the game, while we rebel together through the night one more time without the gluten holding us down! ""Come back to me again, And play your sad guitar"" "
14,2697376,Mad Scientist,Popstar,Gluten-Free,https://untappd.com/b/mad-scientist-popstar/2697376,6.0,N/A,3.52,6544,06/12/18,"Gluten-free single hop Citra IPAThere's no biz, like showbiz. A super-nice single hop citra IPA from the MAD SCIENTIST core range that can easily be enjoyed even if you don't have any intolerancies. Crispy. Refreshing. Forget about the gluten, here comes the sun! "
15,6178195,HORIZONT Brewing,Chillwave,Gluten-Free,https://untappd.com/b/horizont-brewing-chillwave/6178195,6.0,36,3.48,922,03/03/25,"Gluten-free West Coast IPA made with Hallertau Blanc, Cascade, Motueka and Columbus hops. "
16,4706642,MONYO Brewing Co.,Grumpy Octopus (Glutenfree),Gluten-Free,https://untappd.com/b/monyo-brewing-co-grumpy-octopus-glutenfree/4706642,5.8,N/A,3.47,1071,02/07/22,"Megérkezett az új, egész évben elérhető gluténmentes sörünk, a Grumpy Octopus!Ezt a sörünket már eddig is ismerhetted, azonban most egy erjedés alatti technológiai eljárásnak köszönhetően gluténmentesítettük. Ízben nincs különbség az elődjéhez képest, hiszen ugyanúgy árpamalátából készül.A Grumpy Octopus hivatalosan is gluténmentes terméknek számít. A mintát az akkreditált Bálint Analitika Laboratóriumban vizsgáltattuk be, ahol ELISA módszerrel határozták meg a glutén/gliadin tartalmat. Az Európai Unióban érvényes szabályozás szerint a 20mg/kg határérték alatti gluténtartalmú élelmiszer tekinthető gluténmentesnek, aminek a Grumpy Octopus megfelel. Minden egyes főzetet külön vizsgálatnak vetünk alá, így garantálva a gluténmentességet.Típusát tekintve egy 5.8%-os klasszikus West Coast IPA, amerikai (Colombus, Cascade, Centennial, Mosaic) komlókkal főzve, amelyek a citrusos, trópusi gyümölcsös aromákért felelősek. Intenzív komlós íz és az IPA-kra jellemző keserűség, száraz kortyérzettel jellemzi. "
17,3217514,Ninka Project,Big Apple,Gluten-Free,https://untappd.com/b/ninka-project-big-apple/3217514,4.7,N/A,3.44,159,05/08/19,"Almafröccsre vágysz, de legszívesebben söröznél? Nem kell választanod! Kóstold meg a nyár egyik slágerét, a Big Apple sörünket. Pale Ale 100% alma hozzáadásával! "
18,4424145,HopTop Brewery,Mangoman,Gluten-Free,https://untappd.com/b/hoptop-brewery-mangoman/4424145,5.5,10,3.32,928,07/23/21,Our first gluten-free fruit beer with a huge amount of mango. https://hoptop.hu/MANGOMAN-GLUTENMENTES-PALE-ALE-55 
19,3628869,Pécsi Sörfőzde,Pécsi Sör Bio Premium Lager,Gluten-Free,https://untappd.com/b/pecsi-sorfozde-pecsi-sor-bio-premium-lager/3628869,5.0,18,3.06,818,01/16/20, 
20,2972560,Pécsi Sörfőzde,Pécsi Prémium Lager Gluténmentes,Gluten-Free,https://untappd.com/b/pecsi-sorfozde-pecsi-premium-lager-glutenmentes/2972560,5.0,18,2.99,911,12/04/18,Gluten-free premium lager 
0,4795372,MONYO Brewing Co.,Hungarian Terroir: Szekszárd Kékfrankos Barrel Aged Wild Grape Ale 2020,Grape Ale - Other,https://untappd.com/b/monyo-brewing-co-hungarian-terroir-szekszard-kekfrankos-barrel-aged-wild-grape-ale-2020/4795372,7.9,N/A,3.82,214,04/13/22,"Megérkezett az idei első Hungarian Terroir sörünk! Ahogy a Release Calendarunk-ban láthattátok idén négy új Hungarian Terroir tétellel jelentkezünk.A Hungarian Terroir kategóriát az olyan söröknek hoztuk létre, amik teljesen egyediek és megismételhetetlenek. Igazi gasztronómiai kuriózumok, amiből egy év alatt mindössze négy tétel debütál, ráadásul nagyon minimális és limitált darabszámban.Az idei első tételt a szekszárdi Vida Borbirtokkal közösen készítettük. A borászattól kapott kékfrankos szőlőtörkölyt és mustot használtuk fel a főzés során, a szőlőn található mikroorganizmusok pedig spontán erjesztették le a sörlevet.Ezután két évig szintén a borászattól kapott másodtöltésű kékfrankos hordókban érleltük ezt a sört. Így született meg ez az izgalmas hibrid ital funky-s, brettes, lambic-szerű jegyekkel, amelyben a kékfrankos gyümölcsössége is érvényesül. Kevesebb, mint 2000 palack készült belőle összesen. "
1,3989276,MONYO Brewing Co.,Hungarian Terroir: Villány - Spontan Merlot 2018,Grape Ale - Other,https://untappd.com/b/monyo-brewing-co-hungarian-terroir-villany-spontan-merlot-2018/3989276,8.3,N/A,3.74,280,10/02/20,"Megérkezett a legújabb Hungarian Terroir tétel. Ezúttal ismét a Villányi borvidékre látogattunk és Lelovits Tamással közösen hoztuk létre a Spontan Merlot 2018-at. A sört ezúttal is spontán erjesztettük le a Merlot szőlőhéjon található mikroorganizmusokkal, ráadásul az erjesztés is boroshordókban ment végbe. Az erjedés után további 2 évet pihent a sör a hordókban, az eredmény pedig egy szuper izgalmas wild ale lett. Kitöltve egy bronz színű, enyhén fanyar és savanykás italt kapunk, melynek illatában és ízében is a gyümölcsös-funky-s jegyek dominálnak egy kis fával a háttérben. Talán az eddigi legkiegyensúlyozottabb a tétel a szériából.---The newest member of the Hungarian Terroir series is here!This time we visited the Villány wine region once again and created the Spontan Merlot 2018 together with Tamás Lelovits. This beer was also fermented spontaneously with the microorganisms on the Merlot grape skins, and the fermentation ended in wine barrels. After the fermentation, the beer rested in the barrels for another 2 years, and the result is a super exciting wild ale.When poured, we get a bronze-colored, slightly astringent and sour drink, the aroma and taste are dominated by fruity-funky notes with a little wood in the background. Perhaps the most balanced item in the series so far. "
2,2812210,MONYO Brewing Co.,Hungarian Terroir: Villány - Spontan Syrah 2017,Grape Ale - Other,https://untappd.com/b/monyo-brewing-co-hungarian-terroir-villany-spontan-syrah-2017/2812210,8.1,10,3.73,1296,08/24/18,"A Hungarian Terroir szériánk első tagja a villányi Heumann Pincészettel kollaborációban valósult meg. Az általunk főzött malátahangsúlyos alapsört a tőlük kapott Syrah törköllyel oltottuk be, a szőlő héján található mikroorganizmusokra bízva az erjesztést. A leerjedt sört pedig szintén a pincészettől kapott használt Syrah barrique hordókba töltöttük, ahol nagyjából egy évet érlelődött a sör. A végeredmény illatában a funky-s, virágos jegyek, míg ízében a borszőlős és intenzív gyümölcsös aromák dominálnak. A kissé édeskésen induló kortyérzet végül egy fanyar, enyhén savanyú lecsengésbe torkollik. Kerek és könnyen érthető, szépen kiegyensúlyozott sör – borrajongóknak is.-----The first beer in our Hungarian Terroir series is a wild ale aged in Hungarian Syrah barrique red wine barrels from Heumann Winery for a year. Out of the bottle, Spontan Syrah pour deep amber red colour with a faint hue, announcing itself with bevy of wildflowers and an earthy funk. On the palate, flavours of jammy berries, wine grapes meld together with notes of woody oakiness. Medium-bodied and splendidly sour, Spontan Syrah’s crisp and pleasantly tart finish is underscored by an elegant minerality and bellini-like effervescence. "
3,5198614,MONYO Brewing Co.,"Surprise, Surprise - 8th Anniversary Barrel Aged Sauvignon Blanc Grape Ale With Mango",Grape Ale - Other,https://untappd.com/b/monyo-brewing-co-surprise-surprise-8th-anniversary-barrel-aged-sauvignon-blanc-grape-ale-with-mango/5198614,6.2,N/A,3.72,169,01/14/23, 
4,3150194,MONYO Brewing Co.,Hungarian Terroir: Bodrog Borműhely - Belgian Strong Ale 2018,Grape Ale - Other,https://untappd.com/b/monyo-brewing-co-hungarian-terroir-bodrog-bormuhely-belgian-strong-ale-2018/3150194,8.6,N/A,3.7,546,03/29/19,"A Hungarian Terroir szériánk ötödik tagja a Bodrog Borműhellyel kollaborációban valósult meg. Tőlük kaptunk kései szüretelésű édes furmint törkölyt, ami valójában a Mesés névre hallgató boruk alapja. Ezzel oltottuk be az általunk főzött malátahangsúlyos alapsört, a szőlő héján található mikroorganizmusokra bízva az erjesztést. A végeredmény egy klasszikus erős belga ale lett, prosecco-szerű száraz kortyérzettel, amiben a furmintra jellemző mézes, aszalt gyümölcsös íz- és illatjegyek, valamint gyümölcsös (érett alma és körte) észteresség dominál, némi belga élesztős fűszerességgel kiegészülve. Erős és komplex, igazi „egészestés” különlegesség.--The fifth beer in our Hungarian Terroir series is a Belgian strong ale brewed in collaboration with Bodrog Borműhely Winery. Inviting aromas of dried fruits, wildflower honey and vanilla swirl to the nose and excite the palate. Deep flavors of perfectly ripe apples, pears and molasses build on the palate and are lengthened with each sip by candied raisin, punch and the distinct spiciness of the Belgian saison yeast. Hearty and complex with a medium body and prosecco-like dry finish, this Belgian strong ale is ideal for capping off a special evening spent with your loved ones. "
5,5228197,MONYO Brewing Co.,Hungarian Terroir: Villány - Oak Aged Cabernet Franc Imperial Stout 2021,Grape Ale - Other,https://untappd.com/b/monyo-brewing-co-hungarian-terroir-villany-oak-aged-cabernet-franc-imperial-stout-2021/5228197,8.4,N/A,3.7,414,02/08/23, 
6,4960521,MONYO Brewing Co.,Hungarian Terroir: Balatonboglár - Barrel Aged Sauvignon Blanc Grape Ale 2021,Grape Ale - Other,https://untappd.com/b/monyo-brewing-co-hungarian-terroir-balatonboglar-barrel-aged-sauvignon-blanc-grape-ale-2021/4960521,6.7,N/A,3.7,409,08/03/22,"Megérkezett a Hungarian Terroir széria legújabb, nyári tagja!A sorozat történetében először látogattunk a Balatoni borrégióba, ahol a Kristinus Borbirtokkal közösen alkottuk meg ezt az izgalmas, nem mindennapi sört. Egy fahordóban érlelt Terroir, ahol a Sauvignon Blanc kapja a főszerepet. A Kristinustól kapott mustot együtt erjesztettük le a sörlével, amit aztán közel egy évig fehérboros fahordókba tettünk érni. A végeredmény a többi Terroir-hoz hasonlóan nagyon különleges és egyedi.Gyönyörű arany szín, illatában sok kajszibarack, enyhe levendula, némi funky jegyekkel, használt fehérboros hordó. Ízében nagyon visszafogott savasság, némi malátás karamell. Alacsony szénsavtartalmú, dőlnek a sárgabarack és körte jegyek. Elegáns, kiegyensúlyozott, mint egy gueuze.Határozottan kipróbálnánk kéksajttal, esetleg egy Bleu d'Auvergne-el. "
7,2968553,MONYO Brewing Co.,Hungarian Terroir: Gizella - Spontan Hárslevelű 2018,Grape Ale - Other,https://untappd.com/b/monyo-brewing-co-hungarian-terroir-gizella-spontan-harslevelu-2018/2968553,5.4,N/A,3.67,709,12/01/18,"A Hungarian Terroir szériánk harmadik tagja a tokaji Gizella Pincével kollaborációban valósult meg. Az általuk főzött malátahangsúlyos alapsört a tőlük kapott hárslevelű szőlőtörköllyel oltottuk be, a szőlő héján található mikroorganizmusokra bízva az erjesztést. A végeredmény rendkívül szépen hozza a terroirra jellemző ásványosságot, visszafogott fehérboros-borszőlős ízjegyekkel és friss gyümölcsösséggel, valamint kellemesen savanykás lecsengéssel. Mondhatni a Spontan Syrah könnyedebb, áramvonalasítottabb párja.--The third beer in our Hungarian Terroir series is an American wild ale brewed in collaboration with Gizella Winery from Tokaj. Sweeping aromas of white grape-juice, vibrant citrus, peach and stum continue seamlessly to the flavor of white wine, spice, wine grapes and an earthy minerality, and also carry subtle notes of wood character. With it’s elegant structure, pleasant tartness and light body, it’s like the younger brother of our Spontan Syrah. "
8,3021144,MONYO Brewing Co.,Hungarian Terroir: Szekszárd - Spontan Kadarka 2018,Grape Ale - Other,https://untappd.com/b/monyo-brewing-co-hungarian-terroir-szekszard-spontan-kadarka-2018/3021144,6.8,N/A,3.63,655,01/03/19,"A Hungarian Terroir szériánk negyedik tagja a szekszárdi ifjabb Márkvárt Jánossal kollaborációban valósult meg. Az általunk főzött malátahangsúlyos alapsört a tőle kapott kadarka törköllyel oltottuk be, a szőlő héján található mikroorganizmusokra bízva az erjesztést. A végeredmény nagyon hasonlít a Villány – Spontan Syrah 2017-hez: ennek az illatában is ott vannak a funky-s, virágos jegyek, valamint ízében a borszőlős és intenzív gyümölcsös aromák, de ez a változat fűszeresebb, üdébb annál. Bátran ajánljuk borrajongóknak is.-----The fourth beer in our Hungarian Terroir series is an American wild ale brewed in collaboration with János Márkvárt Winery from Szekszárd. Spontan Kadarka announces itself with a bevy of wildflowers and an earthy funk. On the palate, flavours of wine grapes, jammy strawberries and rosehip meld together with notes of woody oakiness. Medium-bodied and splendidly sour, Spontan Kadarka is like the spicier, fresher version of our Spontan Syrah that will please not just beer geeks, but wine lovers too! "
9,4309960,MONYO Brewing Co.,Hungarian Terroir: Szekszárd - Hungarian Grape Ale 2020,Grape Ale - Other,https://untappd.com/b/monyo-brewing-co-hungarian-terroir-szekszard-hungarian-grape-ale-2020/4309960,4.8,N/A,3.59,242,05/13/21,"A Hungarian Terroir sorozatunk újabb taggal bővül a Hungarian Grape Ale 2020 személyében.Ezúttal ismét Szekszárdra látogattunk, egész pontosan a Vida Borbirtokhoz. A Vidáéktól kapott kadarka mustot és törkölyt együtt erjesztettük az alapsörrel, ráadásul a tőlük kapott borélesztőt használtuk fel a fermentációhoz.Így sikerült megalkotnunk az eddigi legkönnyedebb Hungarian Terroir tételt. Igazi tavaszias ital, színben roséra hajaz, illatban és ízben is a bogyós gyümölcsök és a csonthéjasok dominálnak. Laza ivós, bisztrós ital egy kis visszafogott savassággal.---Our Hungarian Terroir series is expanded with another release, a Hungarian Grape Ale. This time we visited Szekszárd again, specifically Vida Wine Estate.The Kadarka juice and pomace Vida estate provided were fermented together with the basic beer, the fermentation was made by the culture specially used for this variety. This is how we managed to produce the lightest Hungarian Terroir item so far. A real spring drink, it has typical rosé color, berries and nuts dominate both aroma and taste. An easy to drink, bistro beer with a restrained and elegant acidity. "
10,5118063,MONYO Brewing Co.,Sleepy Fox,Grape Ale - Other,https://untappd.com/b/monyo-brewing-co-sleepy-fox/5118063,5.8,N/A,3.49,253,11/14/22,"Kóstold meg a legújabb szezonális sörünket!Egy igazi őszi sört készítettünk. A Sleepy Fox egy kékszőlős ale, amit Zweigelt szőlőlével és a Costa Ricai Bányai birtokról kapott Cascara-val (kávégyümölcs) tettünk még izgalmasabbá.Könnyű, friss és fanyar, amit a borongós őszi estékhez ajánlunk a leginkább. "
11,5829800,Pannonhalmi Főapátság Sörfőzde,Grape,Grape Ale - Other,https://untappd.com/b/pannonhalmi-foapatsag-sorfozde-grape/5829800,5.6,N/A,3.35,383,05/16/24, 
0,1109512,RothBeer,Gingermeister,Hard Ginger Beer,https://untappd.com/b/rothbeer-gingermeister/1109512,5.1,25,3.34,811,06/02/15,"Our Gingermeister is about the classic triad of ginger, honey and lemon. A light, bright, top-fermented beer is the base and we put honey, lots of freshly grated ginger and lemon zest in it at the end of the hop boiling. Intense flavor and aroma, a real summer refreshment.Finished third place at Brussels Beer Challenge 2016. "
1,4175129,Borsodi Sörgyár,Gyömbér Ale,Hard Ginger Beer,https://untappd.com/b/borsodi-sorgyar-gyomber-ale/4175129,4.0,20,2.96,2135,02/10/21, 
0,4235122,Pänel Brewery,Dëwla,Historical Beer - Grodziskie / Grätzer,https://untappd.com/b/panel-brewery-dewla/4235122,3.0,22,3.68,158,03/24/21,"A Historical polish beer, Piwo Grodziskie brewed with 100% oak smoked wheat malt and dry hopped with Amarillo (~14g/l) "
0,2666960,Mad Scientist,Dealbreaker,Historical Beer - Lichtenhainer,https://untappd.com/b/mad-scientist-dealbreaker/2666960,3.6,N/A,3.61,330,05/25/18,A collaboration with our dear friends Tuff Buzz and Black Horn for BPBW 2018. Enjoy 
1,5312355,HORIZONT Brewing,Sour Series - Sweet Dreams Are Made of Prunes,Historical Beer - Lichtenhainer,https://untappd.com/b/horizont-brewing-sour-series-sweet-dreams-are-made-of-prunes/5312355,5.1,14,3.6,741,04/12/23,"Sörfőzőnk, Lackner Rolf elképzelése alapján készült Lichtenhainer, egy füstös, savanyú búzasör, igazi klasszikus, amit Rolf szilvás kivitelben álmodott meg, egy vadonatúj, modern köntösbe öltöztetve. Füstösségét tölgyfán füstölt malátával értük el, majd az alapsört lesavanyítottuk és hozzáadtuk a szilvát és aszalt szilvát. Ízében savanyú, füstös, illatában frissítően gyümölcsös, egy igazi álom. Sweet Dreams Are Made of Prunes is a classic beer style made with a true modern twist. Since this is one of Rolf's favorite beer styles, he wanted to stay true to the original recipe, so we brewed it with oak-smoked wheat malt and added plums and prunes. Sour and smoky to the taste, yet fruity and refreshing on the tongue, truly a dream! "
0,6176158,Parabolic Lazarus Brewery,Irish Red Ale Hybrid Kveik Edt.,Historical Beer - Other,https://untappd.com/b/parabolic-lazarus-brewery-irish-red-ale-hybrid-kveik-edt/6176158,5.2,N/A,3.63,151,03/01/25,"Egy tökéletes ír vörös ale alapot alkottunk, amelynek mély borostyán ragyogása és karamellás, pirított malátás teste a klasszikus stílus minden erényét megőrzi. A csavar azonban a fermentációban rejlik: a sokak által kedvelt kveik élesztő vad erejével keltettük életre.Ebben a sörben a norvég viharisten fegyverének nyers ereje találkozik az ír háború istennőjének titokzatosságával. A kveik élesztő izgalmas karaktere narancsos, enyhén fűszeres és mézes jegyekkel gazdagítja a karamellás, pörkölt malátás alapot, miközben a tiszta, száraz lecsengés minden kortyot újabbra csábít.Egyesíti a kelta és viking hagyományokat, akárcsak azok a harcosok, akik egykor az ír partokon szálltak partra. Vajon ők is ilyen sörrel ünnepelték a győzelmet? "
0,2576464,Reczer Ser,Collabrew Series #2 - Rye Hard,Historical Beer - Roggenbier,https://untappd.com/b/reczer-ser-collabrew-series-2-rye-hard/2576464,8.0,17,3.6,199,03/29/18,"Csináltunk egy roggenbiert, közel 40% rozsmalátával. A főzőház 30 órán át küzdött, mert nekünk imperial kellett. Aztán ezt a bajor sörtípust amerikai (Citra, Amarillo és Simcoe) komlókkal fűszereztük. Hát persze hogy hidegkomlóztuk is, azt meg a francia Barba Rouge variánssal. Ráadásul belga élesztővel fermentáltunk, hogy semmi se legyen normális. Van valami problémád ezzel? Mit kérdezgetsz?Inkább igyad!Fogyasztási hőmérséklet 12°C "
0,4139408,Brew Your Mind,Völgy Honey Lager,Honey Beer,https://untappd.com/b/brew-your-mind-volgy-honey-lager/4139408,6.5,N/A,3.65,721,01/13/21,Honey lager a szekszárdi Völgy Méhészet vegyes virágmézével. 
1,4069350,Viharsarok Sörfőzde,Mézeskalács,Honey Beer,https://untappd.com/b/viharsarok-sorfozde-mezeskalacs/4069350,5.8,N/A,3.59,313,11/25/20,"- Csak a gombokat ne, gumicukorból vannak! - mindta a mézeskalács, mielőtt sörfőzőmesterünk Levente Pastry Ale-t főzött volna belőle. A méz és keksz ízjegyeit a Matis Otter, Melanoidin és Wheat Crystal maláták emelik ki, a Ringwood Ale élesztő pedig egy édes sört erjeszt, amit valódi vegyes virágmézzel érleltünk. "
0,4429898,Brew Your Mind,Keep Dreaming,IPA - American,https://untappd.com/b/brew-your-mind-keep-dreaming/4429898,7.0,N/A,4.05,2758,07/26/21,Hazy IPA  Citra és Riwaka komlóval.Hazy IPA with Citra and Riwaka hops. 
1,5359906,Brew Your Mind,Only Memories DDH,IPA - American,https://untappd.com/b/brew-your-mind-only-memories-ddh/5359906,7.1,N/A,4.03,1249,05/15/23,"Only Memories alapsörünk duplán hidegkomlózott verziója, melyben a recept szerinti Citra és Nelson Sauvin komlók mennyiségének másfélszeresét használjuk, két adagban hozzáadva. "
2,4725098,Brew Your Mind,Human Experiment TWENTY THREE,IPA - American,https://untappd.com/b/brew-your-mind-human-experiment-twenty-three/4725098,7.2,N/A,4.02,328,02/21/22,"Ez a sorozat a kísérletezésről szól. Egyszeri főzetek, melyek jelentősen különböznek egymástól, nem ugyanannak a sörnek az újabb főzetei. Ebben a sörben amerikai és ausztrál komlókat használtunk dupla ipa mennyiségben. "
3,3381084,Brew Your Mind,Only Memories 2020 - 2023,IPA - American,https://untappd.com/b/brew-your-mind-only-memories-2020-2023/3381084,7.1,N/A,3.99,2201,08/13/19, 
4,1883659,Brew Your Mind,Money Gun,IPA - American,https://untappd.com/b/brew-your-mind-money-gun/1883659,7.5,N/A,3.98,849,12/27/16,It is a collaboration with our good friend armando_otchoa. This one is sharply bitter and comes with a blast of citrusy tropical fruit flavors. Made with more than 17g/L australian and american hops.  
5,5087807,Brew Your Mind,Small Dreams,IPA - American,https://untappd.com/b/brew-your-mind-small-dreams/5087807,5.5,N/A,3.96,1841,10/24/22,"Keep Dreaming IPA sörünk könnyedebb verziója, mely komlózási mennyiségben abszolút IPA kategóriába esik, alacsony alkoholfoka ellenére is. "
6,6032628,Brew Your Mind,K.a.f.é. 2024 Edition,IPA - American,https://untappd.com/b/brew-your-mind-k-a-f-e-2024-edition/6032628,6.5,N/A,3.92,358,10/24/24,Hazy IPA amerikai komlókkal és Bányai Geisha zöld kávébabbal (nincs megpörkölve). 
7,3813415,Brew Your Mind,All Together,IPA - American,https://untappd.com/b/brew-your-mind-all-together/3813415,7.2,N/A,3.9,160,06/05/20, 
8,5428887,Brew Your Mind,Clear Vision,IPA - American,https://untappd.com/b/brew-your-mind-clear-vision/5428887,6.0,N/A,3.89,441,07/03/23,"Trópusi gyümölcsös aromájú kevésbé ""ködös"" kinézetű frissítő, könnyedebb ital. "
9,3123485,Brew Your Mind,Human Experiment Five,IPA - American,https://untappd.com/b/brew-your-mind-human-experiment-five/3123485,7.0,N/A,3.88,213,03/13/19,"A Human Experiment egy sorozat, melynek tagjai jelentősen különböznek egymástól, nem ugyanannak a sörnek az újabb főzetei. Ez a sorozat a kísérletezésről szól.Az aktuális ÖTÖS számú tulajdonságai: egyszerű maláta profil, kedvenc komlóinkkal (Citra és Nelson). "
10,4224173,InVitro Brewing,Mahakali,IPA - American,https://untappd.com/b/invitro-brewing-mahakali/4224173,6.5,N/A,3.86,539,03/17/21,"Pouring a deep murky yellow color and tastes both dank and bright citrus, berry, peach, grassy earth, and touch of sweet that’s balanced by a rounded bitterness. The aroma mirrors the taste allowing the interplay of mosaic and a well-balanced beer to be enjoyed. "
11,5486016,Brew Your Mind,Clear Vision DDH,IPA - American,https://untappd.com/b/brew-your-mind-clear-vision-ddh/5486016,6.6,N/A,3.86,158,08/14/23,"Trópusi gyümölcsös aromájú kevésbé ""ködös"" kinézetű sörital. "
12,1804155,Brew Your Mind,Peach Please... - Vermont Edition,IPA - American,https://untappd.com/b/brew-your-mind-peach-please-vermont-edition/1804155,6.5,N/A,3.86,189,11/03/16,"After a very educational trip to Vermont US, we made a batch of our ""Peach Please..."" IPA with Vermot Ale Yeast = Conan.  "
13,6286291,Brew Your Mind,K.a.f.é. 2025 Edition,IPA - American,https://untappd.com/b/brew-your-mind-k-a-f-e-2025/6286291,6.5,N/A,3.86,403,05/31/25, 
14,6170621,Brew Your Mind,Human Experiment FIFTY ONE,IPA - American,https://untappd.com/b/brew-your-mind-human-experiment-fifty-one/6170621,7.3,N/A,3.86,248,02/24/25,"Duplán hidegkomlózott West Coast IPA hangulatú sörital.Keserű, de nem bántón és nem tudod miért, de nagyon itatja magát.A Human Experiment sorozat új címkéin számunkra kedves alkotásokat mutatunk be. "
15,6348096,Brew Your Mind,Clean Project: IPA,IPA - American,https://untappd.com/b/brew-your-mind-clean-project-ipa/6348096,6.0,N/A,3.85,833,07/21/25,"Bemutatkozik modern west coast stílusú ALE sörital szériánk - azaz a CLEAN PROJECT - jelenleg első és egyetlen tagja egy IPA, melyben Simcoe, Mosaic és Citra komlókat és egy klasszikus west coast élesztőt használtunk. Tiszta, frissítő, jól iható, kellemesen keserű ital. "
16,2099030,Balkezes,LD50 - Amarillo 2016,IPA - American,https://untappd.com/b/balkezes-ld50-amarillo-2016/2099030,7.0,N/A,3.85,257,05/18/17,"Single hop Amarillo, többször hidegkomlózott, 7% (korábban 6,5%) alkoholtartalommal rendelkező ""hop burst"" IPA. minden egyéb összetevő annak van alárendelve, hogy megmutassa mit tud a komló. "
17,6262299,Brew Your Mind,Human Experiment FIFTY SIX,IPA - American,https://untappd.com/b/brew-your-mind-human-experiment-fifty-six/6262299,6.5,N/A,3.85,425,05/12/25,"Kísérleti sorozatunkban egy ideje már keressük a west coast stílusú IPA-k irányában nekünk leginkább szimpatikus ízvilágú söritalt. A mostani főzetben Simcoe, Mosaic és Citra (amerikai) komlókat és egy klasszikus west coast élesztőt használtunk.A Human Experiment sorozat új címkéin számunkra kedves alkotásokat mutatunk be. "
18,5120771,UGAR Brewery,Trailer #009 - Two Worlds Collide,IPA - American,https://untappd.com/b/ugar-brewery-trailer-009-two-worlds-collide/5120771,7.5,N/A,3.84,201,11/16/22,"Két világ, egy közös nevező. West Coast stílusú komlózás grapefruitos, fenyős ízjegyekkel, és a kortyot az elejétől a végéig kísérő kellemes keserűséggel.Van persze csavar is az TRAILER-ben, a #009-es számúban, hiszen mindezt ínycsiklandó neipa ködösség egészíti ki. "
19,6453517,Brew Your Mind,Battle Juice,IPA - American,https://untappd.com/b/brew-your-mind-battle-juice/6453517,5.6,N/A,3.83,262,10/19/25,"Modern west coast stílusú IPA sörital, Simcoe, Elani és Krush komlókkal. Tiszta, frissítő, jól iható, kellemesen keserű ital.Eleget téve a Hop Growers of America megtisztelő felkérésének, 12 európai sörfőzde között idén is lehetőséget kaptunk arra, hogy részt vegyünk az általuk szervezett sörfőző versenyen.Ennek a kihívásnak az apropóján készült el legújabb főzetünk a Battle Juice névre keresztelt ital, melyben a szervező által küldött Elani és Krush komlók mellett egy kis Simcoe-t is használtunk. "
20,3650765,InVitro Brewing,Northern Disco,IPA - American,https://untappd.com/b/invitro-brewing-northern-disco/3650765,6.5,N/A,3.83,832,01/31/20,Made with Norwegian yeast and packed with North American hops.Recommended music: Scandi-disco/Space Disco/Electro House 
21,5730253,InVitro Brewing,Social Misanthrope,IPA - American,https://untappd.com/b/invitro-brewing-social-misanthrope/5730253,7.0,N/A,3.83,353,02/28/24,"Hazy west coast with Galaxy, Mistral and Simcoe. "
22,3583885,Balkezes,LD50 - Simcoe,IPA - American,https://untappd.com/b/balkezes-ld50-simcoe/3583885,7.0,N/A,3.82,269,12/17/19,"Single hop Simcoe, többször hidegkomlózott, 7% alkoholtartalommal rendelkező ""hop burst"" IPA. minden egyéb összetevő annak van alárendelve, hogy megmutassa mit tud a komló. "
23,6601255,InVitro Brewing,Hopeful Nihilist,IPA - American,https://untappd.com/b/invitro-brewing-hopeful-nihilist/6601255,7.0,N/A,3.82,155,02/14/26, 
24,6429688,Brew Your Mind,Strange Symmetry,IPA - American,https://untappd.com/b/brew-your-mind-strange-symmetry/6429688,6.0,N/A,3.82,567,09/29/25,"Modern west coast stílusú ALE sörital, Citra és Nelson Sauvin komlóval hidegkomlózva. Tiszta, frissítő, jól iható, kellemesen keserű ital. "
25,2031108,Brew Your Mind,Peach Please...,IPA - American,https://untappd.com/b/brew-your-mind-peach-please/2031108,6.5,N/A,3.81,3768,04/07/17,Our flagship IPA. We used no fruit in this beer. 
26,5239698,Brewing Vibes Brewery,Mission Complete,IPA - American,https://untappd.com/b/brewing-vibes-brewery-mission-complete/5239698,7.0,N/A,3.81,341,02/17/23,"Hops: Simcoe, Simcoe Cryo, Mosaic, Mosaic Cryo "
27,4378621,FIRST Craft Beer,Mindhack,IPA - American,https://untappd.com/b/first-craft-beer-mindhack/4378621,7.0,55,3.81,467,06/25/21,"Kapaszkodj meg a füleidben, hiszen itt van Minden Agyak Eldobója, a FIRST és a Brew Your Mind közös szüleménye, a Mindhack! Bőségesen megszórt Mosaic és Azacca komlók meresztik a szemeket már az első illatoktól, hogy a ködösnek hagyott szűretlen, szeparálatlan IPA-t kóstolók elégedett csettintéssel nyugtázhassák: ezek a srácok most együtt is megcsinálták!Hold on to your ears, since the common creation of the breweries Brew Your Mind and FIRST, here is Mindhack! Rarely do we start a collab, but our shared past and friendship are the guarantees to brew a true specialty. The generously added Mosaic and Azacca hops dare all eyes from the first scents so that everyone tasting this hazy IPA will lay back with a smile: these guys did it again! "
28,5554067,InVitro Brewing,I Am the Bread of Life,IPA - American,https://untappd.com/b/invitro-brewing-i-am-the-bread-of-life/5554067,6.0,N/A,3.81,210,10/06/23,"Classic West Coast IPA with Centennial, Falconer's Flight and Simcoe hops. "
29,4806600,UGAR Brewery,"Trailer #004 - Long, Hard And Full Of Seamen",IPA - American,https://untappd.com/b/ugar-brewery-trailer-004-long-hard-and-full-of-seamen/4806600,7.5,50,3.81,305,04/21/22,"Komló, komló, meg egy kis vanília.Az általatok nagyon hamar megkedvelt – amiért ezúton is hálásak vagyunk – TRAILER szériánkat egy Hazy West Coast IPA-val folytatjuk. Ködös-dzsúzos megjelenés, klasszikusan citrusos kesenyékben tobzódó, száraz, mégis selymes west coast ipa jelleg és kortyérzet, amit hidegen hozzáadott, házi vaníliatinktúrával bolondítottunk meg.The result of the idea of creating a single brew that can both suit the taste palate of them gents and the ladies as well ;)Decadent bitterness hiding beneath a layer of prominent vanilla. You choose your ""poison""! Focus on the dankness, that re-returning refreshing, crisp sip, or enjoy the creaminess of the vanilla all night long. "
30,2111171,Zentus Craft Beer,Tropical Kitty,IPA - American,https://untappd.com/b/zentus-craft-beer-tropical-kitty/2111171,6.1,50,3.8,1282,05/25/17,"Crafted for: Cirmi, Brewmaster: Zentus, recipe: Zentus & AM "
31,3381086,Brew Your Mind,Money Pistol,IPA - American,https://untappd.com/b/brew-your-mind-money-pistol/3381086,6.2,N/A,3.8,456,08/13/19, 
32,5323807,InVitro Brewing,2Nite We're Enemiez,IPA - American,https://untappd.com/b/invitro-brewing-2nite-we-re-enemiez/5323807,7.5,N/A,3.8,316,04/20/23,"West Coast IPA for craft beer gangstas.Amarillo, Cascade, Citra, Columbus "
33,5101883,InVitro Brewing,Stargazer,IPA - American,https://untappd.com/b/invitro-brewing-stargazer/5101883,6.5,N/A,3.8,240,11/03/22,"Brewed in collaboration with the mighty  Hungarian death metal band Beneath The Void. Oldschool West Coast IPA with Citra, Columbus and Simcoe hops. "
34,6316676,InVitro Brewing,San Ysidro,IPA - American,https://untappd.com/b/invitro-brewing-san-ysidro/6316676,6.0,N/A,3.8,211,06/25/25,"El Camino Del InVitro part I -West Coast IPA with cascade, chinook, columbus, simcoe "
35,1591985,Brew Your Mind,Peach Please... (old version),IPA - American,https://untappd.com/b/brew-your-mind-peach-please-old-version/1591985,6.5,65,3.78,207,06/08/16,Gyümölcsmentes IPANo fruit IPA 
36,4420229,InVitro Brewing,Sultana For Life,IPA - American,https://untappd.com/b/invitro-brewing-sultana-for-life/4420229,6.3,N/A,3.78,359,07/20/21, 
37,3375379,InVitro Brewing,Retrowave,IPA - American,https://untappd.com/b/invitro-brewing-retrowave/3375379,6.5,N/A,3.77,987,08/09/19,"Our year round India Pale Ale. Influenced by 80’s with a modern twist just like the music genre Retrowave. We tried to squeeze the most aroma and flavor into the cans without loosing the beer's freshness and balance. Hops: Amarillo, Cascade, Columbus, Simcoe Recommended music: Retrowave/Synthwave. "
38,5412379,Brewing Vibes Brewery,Cruising Vibes,IPA - American,https://untappd.com/b/brewing-vibes-brewery-cruising-vibes/5412379,7.0,N/A,3.77,161,06/22/23,"Hops: Simcoe, Simcoe Cryo, Citra, Citra Cryo "
39,2534391,Mad Scientist,West Coast Samurai,IPA - American,https://untappd.com/b/mad-scientist-west-coast-samurai/2534391,7.0,N/A,3.76,1755,03/02/18,"Yuzu West Coast IPA1st batch released in the February of 2018 with 6,6% abv2nd batch released in cans and kegs the end of December 2019 with 7,0% abv3rd batch released in cans and kegs the February of 2021 with 7,0% abv again "
40,6170891,Brewing Vibes Brewery,What's Your Plan For Tomorrow ?,IPA - American,https://untappd.com/b/brewing-vibes-brewery-what-s-your-plan-for-tomorrow/6170891,7.0,N/A,3.76,250,02/25/25,"Hops: Simcoe, Simcoe Cryo, Mosaic, Mosaic Cryo, Motueka "
41,5249234,InVitro Brewing,Neo - Trad,IPA - American,https://untappd.com/b/invitro-brewing-neo-trad/5249234,7.0,N/A,3.76,234,02/24/23,"This bad boy is a modern take on a classic old style.West Coast IPA with Cascade, Citra and Simcoe. "
42,435937,Csupor Craft Beer,Tántorgó ParIPA,IPA - American,https://untappd.com/b/csupor-craft-beer-tantorgo-paripa/435937,6.5,63,3.76,958,08/21/13, 
43,4631430,HORIZONT Brewing,Selfish Games Wet Hopped IPA,IPA - American,https://untappd.com/b/horizont-brewing-selfish-games-wet-hopped-ipa/4631430,5.5,36,3.76,486,12/10/21,"IPA made with frozen fresh hops from Yakima Chief which means, we got our hands on freshly picked hop cones from the USA. We used Azacca and Citra for this beer. "
44,4995675,InVitro Brewing,Solar Flare,IPA - American,https://untappd.com/b/invitro-brewing-solar-flare/4995675,6.7,N/A,3.75,304,08/27/22,"S.O.L.A.R. Flare brewed in collaboration with the Hungarian, melodic post hardcore band Shell Beach to promote their latest album.Hops: Sultana, Olicana, Lemondrop, Amarillo, Riwaka  "
45,3925272,InVitro Brewing,Alpha,IPA - American,https://untappd.com/b/invitro-brewing-alpha/3925272,6.5,N/A,3.75,446,08/19/20,"West coast style ipa with Cascade, Citra, Mosaic and Simcoe hops. A refreshing classic style with good aromas and nice bitter finish.  "
46,5947390,UGAR Brewery,Trailer #024 - More West More Coast,IPA - American,https://untappd.com/b/ugar-brewery-trailer-024-more-west-more-coast/5947390,7.0,N/A,3.75,270,08/15/24,"Egy West Coast IPA: keserű ízvilág, borostyán szín, klasszik West Coast és cryo komlókkal a hideg oldalon. "
47,5296126,UGAR Brewery,Trailer #011 - Back To The Basics,IPA - American,https://untappd.com/b/ugar-brewery-trailer-011-back-to-the-basics/5296126,7.5,N/A,3.75,342,03/31/23,West Coast IPA. 
48,3690028,Zentus Craft Beer,Kattegat Kitty,IPA - American,https://untappd.com/b/zentus-craft-beer-kattegat-kitty/3690028,5.0,36,3.75,389,02/24/20,A Tropical Kitty limitált változata norvég kveik típusú élesztő felhasználásával 
49,5953453,HORIZONT Brewing,Selfish Games - Zenith Vortex,IPA - American,https://untappd.com/b/horizont-brewing-selfish-games-zenith-vortex/5953453,7.1,N/A,3.75,737,08/20/24,"Collab WC IPA brewed with InVitro Brewing. Citra, Lemondrop, Simcoe & Columbus hops create a nice and crisp flavor profile. Citrusy and piney, your next perfect choice.  "
0,350981,RothBeer,Távoli Galaxis,IPA - Australian,https://untappd.com/b/rothbeer-tavoli-galaxis/350981,6.1,70,3.64,8789,04/23/13,"Galaxy far, far away...Távoli Galaxis is the representative of drier and lighter trend of IPA beers. Its name and the citrusy and tropical fruity aromas and the unique flavor are due to the Australian Galaxy hop. The absolute winner of the 2nd Hungarian International Homebrewing Competition in 2013, and won the Favourite Craft Beer of Hungary Award of the Year in 2012. A Távoli Galaxis az IPA-k szárazabb, könnyedebb irányvonalának képviselője. Nevét, valamint citrusos, trópusi gyümölcsökre emlékeztető egyedi aromáját az ausztrál Galaxy komlónak köszönheti. 2012 Grand Champion díjas söre. EGészségetekre! "
0,5904688,Parabolic Lazarus Brewery,Agent Orange,IPA - Belgian,https://untappd.com/b/parabolic-lazarus-brewery-agent-orange/5904688,5.0,35,3.66,281,07/12/24,"Meet and try our new explosive beer, so Agent Orange - a big body of beer thanks to malt, yeast like for IPA, lots of green tea sencha, lactose, and natural orange juice, Eldorado hops for dry hopping, the name speaks for itself! "
1,2469760,MONYO Brewing Co.,Squirrel Orchestra,IPA - Belgian,https://untappd.com/b/monyo-brewing-co-squirrel-orchestra/2469760,6.7,N/A,3.64,276,01/12/18,Belgian Style IPA brewed with Cascade & Chinook hops & dry-hopped with Barbe Rouge. 
2,4932385,Szent András Sörfőzde,TesztAndrás Beta.31,IPA - Belgian,https://untappd.com/b/szent-andras-sorfozde-tesztandras-beta-31/4932385,4.6,34,3.64,215,07/15/22,"A Beta.31-ben testet öltött egy páratlanul illatos, fűszeres, karakteres különlegesség, melyben a belga élesztőkre és újvilági komlókra helyeztük a hangsúlyt. Az ipa sörök univerzumának páratlan tagja, csonthéjas és trópusi gyümölcsöket idéző, enyhén fűszeres jegyekkel. "
3,302042,Hopfanatic Brewery,Bitterfly,IPA - Belgian,https://untappd.com/b/hopfanatic-brewery-bitterfly/302042,7.0,70,3.54,564,01/29/13, 
4,2424759,Gallica Hungary,India Pale Ale,IPA - Belgian,https://untappd.com/b/gallica-hungary-india-pale-ale/2424759,6.0,N/A,3.42,607,12/10/17,"Ez a Tomahawk, Cascade, Saaz, Amarillo és Hallertau Blanc komló és kétféle enyhén pörkölt maláta felhasználásával készült rézszínű ital a komlófajták találkozásának köszönheti virágos illatát és kiegyensúlyozott ízét. A Nelson Sauvin komlóval történő száraz komlózásnak köszönhetően a Sauvignon Blanc borokra emlékeztető ízjegyekkel is találkozhatunk a korty végén.Egy igazán frissítő ital, melynek színe, illata és íze tökéletes összhangban vannak egymással. Fogyassza vörös húsú szárnyasok és fűszeres sertéshúsok, Cheddar és Emmenthali sajtok mellé. Ajánljuk minden alkalomra! "
0,6496424,Brew Your Mind,Silent Shadow,IPA - Black / Cascadian Dark Ale,https://untappd.com/b/brew-your-mind-silent-shadow/6496424,6.5,N/A,3.86,601,11/17/25,Selymes kortyú modern black (fekete) IPA Citra és Nelson Sauvin komlóval és pörkölt malátás ízjegyekkel. 
1,3519724,Szent András Sörfőzde,Esthajnal '19,IPA - Black / Cascadian Dark Ale,https://untappd.com/b/szent-andras-sorfozde-esthajnal-19/3519724,7.0,N/A,3.77,365,11/07/19,"Az Esthajnal sorozat hetedik darabjában, az Esthajnal '19-ben az őszibarack frissességét kiválóan egészíti ki a gyümölcsös aromájú Galaxy komló, és a festőmaláta éjfekete színe. Az eredmény egy emlékezetes fekete IPA némi csavarral. "
2,5800662,Fraktaal Brewing,Nocturnus,IPA - Black / Cascadian Dark Ale,https://untappd.com/b/fraktaal-brewing-nocturnus/5800662,5.5,N/A,3.76,337,04/24/24,"Szereted az IPA-t? Mi is! Ezt a Black IPA receptet egy klasszikus IPA alapra húztuk fel, mert szerintünk a Black IPA nem egy komlós Stout. Az volt a célunk, hogy a WestCoastokhoz méltó maláta testet és komlózást adjunk neki. Azért, hogy egy igazi modern IPA-t kapjunk végeredményül, duplán hidegkomlóztuk Idaho7 és Idaho7 Cryo komlókkal. Cheers! "
3,430665,Legenda Sörfőzde,Black Jack,IPA - Black / Cascadian Dark Ale,https://untappd.com/b/legenda-sorfozde-black-jack/430665,8.2,N/A,3.73,201,08/14/13, 
4,4485447,InVitro Brewing,Myrkwood,IPA - Black / Cascadian Dark Ale,https://untappd.com/b/invitro-brewing-myrkwood/4485447,6.0,N/A,3.72,350,09/01/21,"Dark and mysterious like ancient nordic forests. The North American hops add spicy, earthy, resinous, bitter taste and great aroma with a nice komplex mouthfeel due to dark malts and Norwegian yeast.Recommended music: Atmospheric Black Metal / Blackgaze "
5,521305,Gólem,Sötét Bunkó,IPA - Black / Cascadian Dark Ale,https://untappd.com/b/golem-sotet-bunko/521305,6.5,70,3.71,1223,12/03/13,"Malts: Pale ale, Carahell, Carafa, CaramünichHops: Citra, Simcoe, Magnum, Cascade "
6,4616508,SIMA brewing,Choxymoron Raspberry-Vanilla Edition,IPA - Black / Cascadian Dark Ale,https://untappd.com/b/sima-brewing-choxymoron-raspberry-vanilla-edition/4616508,6.5,65,3.71,309,11/29/21,"A gyümölcsök szerelmeseinek elkészítettük Black IPA-nk málnás-vaníliás változatát a téli bekuckózáshoz. A Choxy gyümölcsös komlózására ráerősítettünk rengeteg málnapürével, a hozzáadott madagaszkári bourbon-vanília háttérben megbúvó ízjegyei pedig kellemes, lágy összhangot alkotnak a csokimalátával, így téve teljessé a gyümölcsös csokimámort.--This one is for the fruit lovers. We have infused our black IPA with a ridiculous amount of raspberry and bourbon vanilla from Madagascar.A fruity fragrant goodness with a hint of roasted bitter chocolate to warm our hearts. Amarillo and Citra hops bring their signature fruity taste after every sip. "
7,4180283,SIMA brewing,Choxymoron,IPA - Black / Cascadian Dark Ale,https://untappd.com/b/sima-brewing-choxymoron/4180283,6.5,65,3.7,334,02/13/21,"Black, de mégis Pale Ale?! Étcsokis ízjegyek, de étcsoki hozzáadása nélkül?! - Igen! Ez a sör maga a Choxymoron! A SIMA második gyermeke. Az alapmalátákhoz adott csokoládé- és festőmaláta gondoskodik a csokis és enyhén pörkölt karakterről, az Amarillo és Citra komlók pedig kellemes gyümölcsös ízjegyekkel kerekítik le a kortyot. --Black, but still a Pale Ale?! A dark chocolate taste without any chocolate?! --- Yep! This is a Choxymoron. SIMA's second born. Chocolate malt gives Choxy it's character, chocolaty goodness with a hint of roasted bitterness. Amarillo and Citra hops bring their signature fruity taste after every sip. "
8,5597159,Szent András Sörfőzde,Esthajnal '19 - Batch #2,IPA - Black / Cascadian Dark Ale,https://untappd.com/b/szent-andras-sorfozde-esthajnal-19-batch-2/5597159,6.0,60,3.69,257,11/08/23,"Az Esthajnal sorozat hetedik darabjában, az Esthajnal ’19-ben az őszibarack frissességét kiválóan egészítik ki a trópusi gyümölcsökre emlékeztető modern komlók intenzív ízei és a festőmaláta éjfekete színe. Az eredmény egy emlékezetes, kellemesen gyümölcsös fekete IPA, némi csavarral. "
9,1307819,MONYO Brewing Co.,BLK IPA,IPA - Black / Cascadian Dark Ale,https://untappd.com/b/monyo-brewing-co-blk-ipa/1307819,6.3,51,3.69,670,11/09/15,"A NextGen sorozatban a MONYO Brewing fiatal, tehetséges sörfőzői mutatkoznak be.Urbancsok Péter debütáló söre egy Black IPA, ami magán hordozza a típusra jellemző összes karakterjegyet. Sötét, de ízében nem dominál a pörköltmaláta, csukott szemmel kóstolva világos sörnek is gondolhatnánk. Erőteljes fenyőgyantás, citrusos ízvilágát az amerikai Warrior és Simcoe komlók adják. "
10,993321,Zip's Brewhouse,Hopiverzum,IPA - Black / Cascadian Dark Ale,https://untappd.com/b/zip-s-brewhouse-hopiverzum/993321,6.0,71,3.66,341,02/28/15,"Ezzel a sörrel a komló barátainak igyekszünk a kedvében járni, oly módon, hogy csipetnyi fenyőillatot csempésztünk főzetünkbe. Az Amarillo, Ahtanum és Cascade komlók kombinációja adja sörünk citrusos-fenyős aromáját, melyet karamell- és csokoládé-maláták kombinációjával tettünk hangsúlyosabbá. "
11,2467538,Fehér Nyúl,Cranachan,IPA - Black / Cascadian Dark Ale,https://untappd.com/b/feher-nyul-cranachan/2467538,6.0,65,3.66,279,01/10/18,"Skócia zord tájai és kedvelt édessége, a cranachan ihlette ezt a karakteres Black IPA-t, amit a skót Fyne Ales sörfőzdével együtt készítettünk. Fekete, keserű és karcos, ám a hozzáadott zabpehely selymessége és a málna zamata lekerekíti az éleket. "
12,6472695,MONYO Brewing Co.,Hop Harvest Black IPA 2025,IPA - Black / Cascadian Dark Ale,https://untappd.com/b/monyo-brewing-co-hop-harvest-black-ipa-2025/6472695,5.9,N/A,3.63,285,10/30/25,"A friss komló feketében tálalva.Idén 10. alkalommal ültünk össze, hogy elkészítsük a HopHarvest’-et, a MONYO és az Uradalmi közös főzetét. Idén egy karakteres Black IPA formájában, amelyben a friss komló harsány aromái találkoznak a pörkölt maláták mélységével.A felhasznált komló szeptember 22-én, Válon az Uradalmi Sörmanufaktúránál került szüretelésre, így minden kortyban ott van a komlószüret friss, zöld energiája.Illatában gyantás, gyümölcsös és fenyős jegyek keverednek a finom kávés–csokis háttérrel, kortyérzete pedig egyszerre selymes és frissítő.------Fresh hops served black.This year we met for the 10th time to prepare HopHarvest’, the joint brew of MONYO and Uradalmi. This year, in the form of a characterful Black IPA, in which the bright aromas of fresh hops meet the depth of roasted malts. The hops used were harvested on September 22nd at Uradalmi Sörmanufaktúra in Vál, so every sip contains the fresh, green energy of the hop harvest. Its aroma combines resinous, fruity and piney notes with a delicate coffee-chocolate background, and its sipping sensation is both silky and refreshing. "
13,3653366,KROIS Brewery,Seven Seas,IPA - Black / Cascadian Dark Ale,https://untappd.com/b/krois-brewery-seven-seas/3653366,7.0,65,3.62,220,02/01/20,"Ahoy, cimbora! Csukd be a szemed és képzeld magad egy morajló tengeren hánykolódó kalózhajón. Érzed a sötétbe burkolózó víz erejét, érzed a félelmet? Most nyítsd ki a szemed és kóstolj bele a Seven Seas-be! Fertő-parti fözdeként ezt a sört tisztelgésként főztük a 7 tengert megjáró tengerészek előtt!Komlók: Vic Secret, Tomahawk, Polaris, Citra, Simcoe, Chinook, Cascade "
14,4341960,Reczer Ser,Black Flamingo,IPA - Black / Cascadian Dark Ale,https://untappd.com/b/reczer-ser-black-flamingo/4341960,6.1,57,3.61,304,06/02/21,"DDH Black IPA - Magnum, Simcoe, Chinook, Centennial komlókkal főzve és duplán hidegkomlózva.Ez a sörtípus olyan ritka és különleges, mint a fekete flamingó. Állsz és nézed a madarat és tudod, hogy ennek nem ilyennek kellene lennie. Ez van ezzel a sörrel is. Beleszagolsz a fekete italba, megszokásból várod, hogy kávés, csokis, esetleg pörköltes aromák az orrodba másszanak, de nem! A dupla hidegkomlózásnak köszönhetően, a virágos, citrusos illatok vágnak orrba, és nem érted hogy lehet ez egy fekete sörnél. "
15,6173625,Mad Scientist,LOTR - Mordor,IPA - Black / Cascadian Dark Ale,https://untappd.com/b/mad-scientist-lotr-mordor/6173625,5.5,N/A,3.59,2268,02/28/25,"No light. No mercy. Just hops and fire.After the fruitfulness of ELVENBERRY, the crispness of DWARVEN FORGE and the lightness of WHITE TREE PALE, the fourth release of our Lord of the Rings series has arrived by popular demand, because without the darkness of MORDOR, the adventure would not be complete...Where the ashes rise to the sky, this black IPA is born. Inspired by the gloomy land of Mordor, where darkness meets fire. Deep tones of crisp malts merge with the ferociously pungent bite of hops - earthy, resinous and citrusy notes, as if forged by Sauron himself. One sip and you know there's no turning back. "
16,1721709,Bors Serfőzde,The Seven Deadly Sins - Wrath,IPA - Black / Cascadian Dark Ale,https://untappd.com/b/bors-serfozde-the-seven-deadly-sins-wrath/1721709,5.6,35,3.55,168,09/06/16,"7 tagú sorozatunk komlóvariációkra épül. Olyan sört szerettünk volna készíteni, ami a megszokott erős testes söreinktől eltérően akár literes korsóból is kortyolgatható. Visszafogott ereje nem megy a test rovására, ugyanakkor a komlózás művészetét akartuk megmutatni a sörkedvelő közönségnek.Wrath a harag maga. Fekete színe, döbbenetes erős teste sörkritikusokat is megihletett. Az 5.6% alkoholtartalom mellett erős ütős ízek jellemzik, ezért nem a korsózós kategóriába tartozik. Kiválóan megy a nehéz ételekhez. "
0,5366555,MadX,Funk Soul Brother 2023,IPA - Brett,https://untappd.com/b/madx-funk-soul-brother-2023/5366555,9.5,N/A,3.7,231,05/20/23,BPBW 2023 Budapest Beer Week premier 
1,3549602,MadX,Brett By Numbers,IPA - Brett,https://untappd.com/b/madx-brett-by-numbers/3549602,7.0,N/A,3.65,443,11/26/19,Foeder Aged Double Dry Hopped 100% Brett IPA collab with Brew By Numbers (UK) 
0,2865887,Mad Scientist,I Am Brut,IPA - Brut,https://untappd.com/b/mad-scientist-i-am-brut/2865887,7.9,N/A,3.75,221,09/28/18, 
1,3449465,Mad Scientist,Lumbersexual,IPA - Brut,https://untappd.com/b/mad-scientist-lumbersexual/3449465,7.4,N/A,3.66,287,09/25/19,Keg-only brut ipa with spruce tips 
2,2918565,Mad Scientist,Chërka,IPA - Brut,https://untappd.com/b/mad-scientist-cherka/2918565,7.5,46,3.64,1100,10/31/18,"A Chardonnay / IPA hybrid together with Vylyan wineryWe tried to cross boundaries between wine and beer with this collab together with one of the biggest name among Hungarian wineries, Vylyan.  Chërka has been made with a crazy amount of must (young wine) and was super-dry hopped in the end. "
3,4387041,Szent András Sörfőzde,TesztAndrás Beta.09,IPA - Brut,https://untappd.com/b/szent-andras-sorfozde-tesztandras-beta-09/4387041,4.9,23,3.6,219,06/30/21,"A Brut IPA legfontosabb tulajdonsága a szárazság, innen ered a pezsgős BRUT megnevezés. A magas szénsavtartalom, az új-zélandi nelson sauvin komló fehérboros, szőlős ízkarakterei és a buborékok könnyed játéka teszi ezt az ipát egy igazán különleges, komplex sörélménnyé. "
4,3048219,MONYO Brewing Co.,Magic Always Comes With A Price.,IPA - Brut,https://untappd.com/b/monyo-brewing-co-magic-always-comes-with-a-price/3048219,6.3,N/A,3.52,579,01/23/19,White Grape Brut IPA. 
5,5486498,FIRST Craft Beer,Dry Hard,IPA - Brut,https://untappd.com/b/first-craft-beer-dry-hard/5486498,2.7,63,3.4,178,08/14/23, 
0,4484310,Mad Scientist,Megageil,IPA - Cold,https://untappd.com/b/mad-scientist-megageil/4484310,5.9,N/A,3.74,1065,08/31/21,It's supposed to be a highly drinkable and super crisp type of an 'ipa-ish' style beer. We really don't want to confuse anyone but we do it anyway. Cold IPA. Sounds cool. Cool IPA. Could be a thing too. It's hard to come up with something new in 2021 if you know what I mean. 
1,4982119,BPBW Budapest Beer Week,BPBW 2022,IPA - Cold,https://untappd.com/b/bpbw-budapest-beer-week-bpbw-2022/4982119,6.1,N/A,3.72,843,08/18/22,"Cold Ipa is now a hype style, but here we have taken the idea further, we are almost creating a brand new style, the Cold New England IPA as the collab of the 12 Hungarian participating breweries.We pushed the idea of the West Coast Ipa with lager yeast a bit further to be hazy, less bitter, but fully packed with hops, from the direction of the New England Ipa style with wheat malts, oatmeal, the freshest hops and an experimental yeast.w/ Balkezes, B*Bop Fermentory, Mad Scientist, Dealbreaker, Horizont, HopTop, Monyo, Fehér Nyúl, Reketye, InVitro, First, UgarVERY SPECIAL THANKS TO OUR PARTNERS Boortmalt, Lallemand, Yakima Chief, Canvasa – Leibinger, Mad Scientist "
2,5631902,Fehér Nyúl,Double Dive,IPA - Cold,https://untappd.com/b/feher-nyul-double-dive/5631902,8.2,N/A,3.71,161,12/05/23,"Nagyot megy a Szimplában a Cool Duel, de az exkluzív tétel után szerettünk volna egy szélesebb körben is elérhető változattal kijönni. Így született meg a Double Dive. 8,2% alkoholtartalom, basmati rizzsel kiegészített malátabázis, Falconer’s Flight keverék és Citra komló; mindez egy száraz, határozottan keserű sörben testesül meg.Cool Duel made it big at Szimpla, so we wanted to brew a not so-exclusive title among the same lines. So Double Dive was born: 8,2% abv, a malt base upgraded with basmati rice, Falconer’s Flight blend and Citra hops. All of this embodies a dry, distinctly bitter beer. "
3,5897603,Szent András Sörfőzde,TesztAndrás Beta.17,IPA - Cold,https://untappd.com/b/szent-andras-sorfozde-tesztandras-beta-17/5897603,6.0,34,3.7,179,07/06/24,"Se nem lager, se nem ale, de mindegy is, mert így tökéletes. A cold IPA egy komlóhangsúlyos, de kifejezetten száraz és harsányan keserű sör. Félúton van egy jól megkomlózott lager, egy NEIPA és egy west coast IPA között, de úgy itatja magát, akár egy cseh pilzeni. Ennek a típusnak az alapja lényegében egy rizzsel főzött lager, ami neipás komlózással – itt a fűszeres- grapefruitos új-zélandi Riwaka komlóval – készül, lager hőmérsékleten erjesztve. Ez a sör azoknak szól, akik szeretnének kicsit visszanyúlni az IPA-k gyökereihez, de igazából minden IPA fanatikusnak erősen ajánlott. "
4,6063444,Mad Scientist,Cold Cocaine,IPA - Cold,https://untappd.com/b/mad-scientist-cold-cocaine/6063444,7.2,N/A,3.7,667,11/18/24,Revenge is a dish best served cold and the cold ipa version of our bestseller dipa takes everything further in a crisp and dry way. Let's celebrate Liquid Cocaine Day on the 18th of November together with this special one-off!!! 
5,5254792,Fehér Nyúl,Aurora,IPA - Cold,https://untappd.com/b/feher-nyul-aurora/5254792,6.4,N/A,3.68,202,02/28/23,"Könnyed, száraz és természetesen jó keserű; Chinook, Mosaic, Simcoe és Magnum komlók felelnek az ízekért és illatokért.Easy to drink, dry and delightfully bitter; Chinook, Mosaic, Simcoe and Magnum varieties are responsible for the hoppines. "
6,5051193,Fehér Nyúl,Silencio,IPA - Cold,https://untappd.com/b/feher-nyul-silencio/5051193,6.5,54,3.67,234,10/03/22,"Első Cold IPA sörünk száraz, kellemes kortyérzettel és a felhasznált Pacific Sunrise, Citra, Simcoe és Amarillo komlóknak köszönhetően rendkívül aromatikus!Our first Cold IPA is dry with a nice mouthfeel and due to the used Pacific Sunrise, Citra, Simcoe and Amarillo hop varieties, indeed it is very aromatic! "
7,5671205,SIMA brewing,Cure For Monday,IPA - Cold,https://untappd.com/b/sima-brewing-cure-for-monday/5671205,6.1,N/A,3.67,333,01/05/24,"Nem vagyunk egyedül, amikor azt mondjuk, a januárnak van egy ""év hétfője"" vibeja.  Hátrahagyott önfeledt huncutkodások után pislog a fél világ az elfelejtett vállalati jelszava fölött, kávéba kapaszkodva próbálunk visszailleszkedni a társadalom produktív sodrába. Ehhez kitűnő társ a Cure for Monday Cold IPA-nk, mely a basmati rizsnek és a Centennial, Vic Secret, Chinook és Cascade komlóknak köszönhetően hozza az igazán fincsi, száraz, új kortyra hívó West Coast-os jegyeket.  "
8,5713312,UGAR Brewery,Trippy Little Summer Dream Lime Peel & Leaf Cold IPA,IPA - Cold,https://untappd.com/b/ugar-brewery-trippy-little-summer-dream-lime-peel-and-leaf-cold-ipa/5713312,4.9,N/A,3.67,258,02/14/24,"kedves idegen! engedd meg, hogy egyvibráló, meleg és citrusokkal öleltnyári álomba kalauzoljunk.kérlek helyezkedj el kényelmesen éskortyolj bele a sörünkbe! most pedigélvezd a mennyei nyugalmat!ez a cold ipa egy könnyed darab hibridláger élesztővel, új-zélandi komlókkal,a tökéletes ízbalansz kedvéért pedig egyleheletnyi lime héjjal és kaffir limelevéllel. "
9,5341021,Fehér Nyúl,Pioneer,IPA - Cold,https://untappd.com/b/feher-nyul-pioneer/5341021,6.1,51,3.66,207,05/02/23,"Ezt a közepes erősségű Cold IPA-t klasszikus amerikai komlófajtákkal ízesítettük. A Cascade, Citra, Amarillo és Centennial fajták citrusos, gyantás ízvilága kiválóan passzol a Basmati rizzsel felturbózott száraz, de kellemes kortyérzetű testhez.This medium strength Cold IPA is flavored with classic American hop varieties. The citrusy, resinous flavor of the Cascade, Citra, Amarillo and Centennial is the perfect match for the dry but pleasant body, boosted with Basmati rice. "
10,5403568,hübris,Hüpped // DDH Cold Ipa,IPA - Cold,https://untappd.com/b/hubris-hupped-ddh-cold-ipa/5403568,6.0,14,3.65,841,06/16/23,"mondhatnánk bonyolultan is, de egyszerűen finom. hübris hüpped alsóerjesztésű duplán hidegkomlózott világos sör "
11,5728793,Vaskakas Brewing,Cold Zealand,IPA - Cold,https://untappd.com/b/vaskakas-sorfozde-cold-zealand/5728793,6.8,21,3.65,176,02/26/24,"A Cold IPA egy egészen fiatal sörstílus, ami lényegében egy lager élesztővel készült west coast-nál is nyugatibb IPA. Nagy arányban tettünk hozzá rizspelyhet, aminek köszönhetően igazán szárazra erjedt a sör. A végeredmény egy friss, ropogós komlóbomba, melyben a barackos és trópusi gyümölcsös jegyek dominálnak. Az első korty után azt fogod kívánni, hogy soha ne ürüljön ki a poharad! "
12,5978124,Fehér Nyúl,Euphoria,IPA - Cold,https://untappd.com/b/feher-nyul-euphoria/5978124,6.4,N/A,3.65,173,09/10/24,"Egy korty és máris az idegpályák megfeszülnek a felrobbanó szinapszisoktól, a végállomás meg egy állapot. Az eufória. Az El Dorado és Idaho 7 komlók fokozzák ezt a hatást!One sip and your neural pathways are tightened by the exploding synapses, and the end is a state. Euphoria. El Dorado and Idaho 7 hops enhance this effect!  "
13,4949041,Mad Scientist,Super Cold IPA,IPA - Cold,https://untappd.com/b/mad-scientist-super-cold-ipa/4949041,6.0,N/A,3.65,777,07/26/22,RICE COLD IPA w/ Idaho7 & Ahtanum hops 
14,5798927,Fehér Nyúl,Pink Deal,IPA - Cold,https://untappd.com/b/feher-nyul-pink-deal/5798927,6.0,N/A,3.65,191,04/22/24,"Idén is átvették az uralmat a hölgyek a főzdében és ennek egy Cold IPA lett az eredménye. Az idei Pink Boots komlómixbe HBC 638, El Dorado®, Ahtanum® és Idaho 7® ment. The female employees of the brewery took over the reins, and the result is a Cold IPA. This year's Pink Boots blend consisted of HBC 638, El Dorado®, Ahtanum® and Idaho 7®. "
15,5265890,UGAR Brewery,F**k You Please,IPA - Cold,https://untappd.com/b/ugar-brewery-f-k-you-please/5265890,5.6,N/A,3.64,916,03/09/23, 
16,5863901,Etyeki Sörmanufaktúra,DeadZealand,IPA - Cold,https://untappd.com/b/etyeki-sormanufaktura-deadzealand/5863901,4.5,30,3.63,183,06/10/24,"Februárban elkészült, és márciusban premierezett a Limában a Vaskakas x Etyek ColdZealand cold IPA, majd ezt tovább gondolva lejöttek a Vaskakasos srácok Etyekre és kicsit átalakítva a receptet megfőztük nálunk is a sört.Ugyan úgy Cold IPA vonalon mozogva, és Új-Zélandi komlókkal, de visszafogottabb alkohollal, és más hidegkomlózással, plusz minimális ászokolással készítettük el újra a ColdZealand-ot, amely immár DeadZealand.Kevésbé hazy, roppanósan lágeres, de ott a Dr.Rudi gyantás, fenyős, földes ízvilága, és mellette a Nectaron gyümölcsössége, valamint a rizspehely okozta szárazabb, lazább kortyérzet.Kiváló partner a nyári melegben, mert a 4,5%-os alkohol nem küld padlóra kettő másodperc alatt. "
17,5595580,ŐriBird Sörfőzde,Seabreeze,IPA - Cold,https://untappd.com/b/oribird-sorfozde-seabreeze/5595580,6.0,N/A,3.63,160,11/06/23,"A crisp, clean hop delivery system.This Cold IPA is fermented cool with lager yeast and dry-hopped for maximum brightness. Expect a lean body, vibrant hop character, and a clean, dry finish that leaves you ready for the next sip.Citrusy, floral, with a touch of tropical bite — smooth bitterness, no haze, no fuss.Hops: Motueka x Citra / Amarillo x BRU-1ABV: 6% | IBU: 40 | Format: 0.33L "
18,5151453,Superside Brewery,2 in 1 Side,IPA - Cold,https://untappd.com/b/yeast-side-2-in-1-side/5151453,5.5,N/A,3.61,291,12/08/22,"Ez egy IPA és egy Lager hibrid verziója. Modern korunk eklektikája megengedi a különböző rendszerek közötti átjárhatóságot. Mi átjárjuk a rendszert. A doboz egyik fele lager, a másik fele IPA.  "
19,4714569,Parabolic Lazarus Brewery,Cold IPA,IPA - Cold,https://untappd.com/b/parabolic-lazarus-brewery-cold-ipa/4714569,5.5,N/A,3.59,164,02/13/22, 
20,5461034,HORIZONT Brewing,Selfish Games - Centennial Affair,IPA - Cold,https://untappd.com/b/horizont-brewing-selfish-games-centennial-affair/5461034,4.7,N/A,3.55,650,07/27/23,"A horvát Garden Brewery-vel már eszméletlen régóta szerettünk volna egy könnyed, nyári IPA-t összehozni, persze egy kis csavarral. Nos, a legnagyobb örömünkre egy olyan kombót raktunk össze, amiben bőven megvan a potenciál, hogy a nyár egyik nagy slágere legyen. Egy Cold Session IPA-t főztünk le, amit grapefruit héjával ízesítettünk. A Cold IPA egy eléggé fiatal, de nagyon közkedvelt stílus (lagerélesztőkkel készült, kristálytiszta megjelenésű IPA), melyet mi most a session IPA stílussal kombináltunk, így egy alapból komlósabb, kesernyésebb sört terveztünk megalkotni, egy ízvilágban passzoló gyümölccsel ízesítve.ENWe finally had the chance to collaborate with The Garden Brewery, the famous craft brewery from Croatia and this collab is a BLAST!The guys came to us during BPBW, and we brewed a nice IPA with Centennial hops. Then we added grapefruit peels just to complement the citrusy, piney notes of the hops, and make it a truly summery beer. The style is complex, since it's a cold session IPA, a lower ABV cold IPA (4.7%), with the bitter taste of Centennial hops, and the bittersweet aroma of the grapefruit peels. The combination of these two tastes is a heavenly affair, that makes this beer super lovable and easily drinkable. Behind the crystal-clear appearance, there's a light body with incredible taste.  "
0,6059564,Parabolic Lazarus Brewery,Leaf It To Me! Nectaron®,IPA - English,https://untappd.com/b/parabolic-lazarus-brewery-leaf-it-to-me-nectaron/6059564,5.8,35,3.64,235,11/15/24,"This New England IPA represents hop craftsmanship at its best. Double dry-hopped with freshly harvested wet Nectaron hops, it preserves rich tropical and fruity notes. Magnum, Rakau, Nelson Sauvin, and El Dorado hops add citrusy, resinous, and fruity layers during the boil. A smooth malt base of Pilsner, wheat, Vienna, and caramel malts is balanced by Verdant yeast, creating a hazy appearance and silky taste. Mango, peach, pineapple, and citrus tones harmonize vibrantly.     "
1,6488317,Mad Scientist,LOTR - Rohan,IPA - English,https://untappd.com/b/mad-scientist-lotr-rohan/6488317,6.2,N/A,3.62,671,11/11/25,"ROHAN India Pale Ale 6.2% - “Ride now! Ride, even to ruin.”Rohan will answer. It took six releases from the world of The Lord of the Rings to bring forth a true IPA, and now, at last, the riders have arrived.This beer carries the taste of Rohan’s freedom: sunshine, hops, and eternal glory.Inspired by the windswept plains and the horse-lords of the Riddermark, this noble IPA gallops with Nelson Sauvin, Motueka and Pacific Sunrise hops, bringing the freshness of open fields and the ripe fruits of a new dawn.Bold, bright, and beautifully crushable, like the breeze trailing behind a charging horse. "
2,3450056,RothBeer,Bakancslista #27 - Olicana (UK),IPA - English,https://untappd.com/b/rothbeer-bakancslista-27-olicana-uk/3450056,6.5,70,3.58,289,09/25/19,"-Limited running-Our Bucket list is a single hop series. We use different kind of hops for every release, but the other parts of the recipe remains the same. The amber colored, medium bodied, moderately caramelly malt backbone supports the distinct hop profiles well. Our goal is to showcase the exciting, colorful world of hops through some special varieties. Depending on the actual hop variety you can notice citrusy, tropical fruity hop aroma, or detect peaches, red berries or more traditional spicy or flowery notes. The releases are continuously numbered following the name of the hop, for example: #27 - Olicana. "
3,1227708,Bors Serfőzde,Mortianna,IPA - English,https://untappd.com/b/bors-serfozde-mortianna/1227708,6.0,N/A,3.53,439,09/06/15,"Egy klasszikus IPA, ami a maga citrusos, narancsos íz világával garantáltan leveszi az embert a lábáról. 5 fajkomló felhasználásával készül. A sörízbomba kedvelőinek nem fog csalódást okozni. "
4,2234432,Krak'n Town,Krak'n IPA,IPA - English,https://untappd.com/b/krak-n-town-krak-n-ipa/2234432,6.2,55,3.51,379,08/09/17,"It's our concept as the hop lover’s dream with a fruity aroma, set off by a thick caramel malt middle, and long tropical hop finish. Close your eyes and imagine the steampunk copper-age via this full bodied amber IPA made just for us. "
5,1691571,HopTop Brewery,Sunset,IPA - English,https://untappd.com/b/hoptop-brewery-sunset/1691571,5.7,55,3.41,833,08/15/16,"Hops used: Cascade, MosaicTraditional IPA with a twist, as we have not used any noble hops. Higher final gravity, fruitiness give more presence to the grain bill.  "
6,345267,Legenda Sörfőzde,Kelet-Indiai Társaság,IPA - English,https://untappd.com/b/legenda-sorfozde-kelet-indiai-tarsasag/345267,6.5,N/A,3.39,505,04/13/13,"Light brown colour ale with small creamy white foam what slowly disappearing. Body is medium taste is caramel and sweet malt with medium exotic (citric) hoppy. Fruity like ananas, banana.  "
7,2447616,Grape-Vine Kft. (Kézműves Sör),Prémium IPA,IPA - English,https://untappd.com/b/grape-vine-kft-kezmuves-sor-premium-ipa/2447616,6.0,N/A,3.11,1013,12/25/17,Kalapos Kézműves Sörök 
0,5824392,Szent András Sörfőzde,Mangós Raw Ipa,IPA - Fruited,https://untappd.com/b/szent-andras-sorfozde-mangos-raw-ipa/5824392,7.0,N/A,3.75,812,05/11/24,"Ezt a forralás nélkül készült hazy raw IPA-t a Szent Andrási kreativitás és koncentrált komlózás teszi különlegessé.Sörünk a mangó és a modern komlók trópusi gyümölcsös jegyeivel kápráztat el, míg a habanero enyhe csipőssége a korty lecsengésében segít. "
1,5558854,Mad Scientist,Damnhouse,IPA - Fruited,https://untappd.com/b/mad-scientist-damnhouse/5558854,6.0,N/A,3.72,772,10/09/23,DDH IPA with Lemon Zest and Spruce TipsA special edition of DDH MADHOUSE celebrating the 3rd birthday of Madhouse Budapest 
2,5776405,Mad Scientist,Tokyo Kaiju,IPA - Fruited,https://untappd.com/b/mad-scientist-tokyo-kaiju/5776405,9.0,N/A,3.68,868,04/05/24,West Coast DIPA with Yuzu 
3,5980619,HORIZONT Brewing,GoGo Apricot,IPA - Fruited,https://untappd.com/b/horizont-brewing-gogo-apricot/5980619,5.6,N/A,3.66,306,09/12/24,"Hazy IPA sárgabarackkal, amit az izraeli Meltzer és New Pioneer főzdékkel készítettünk, különleges megrendelésre. Hazy IPA with apricot, brewed in collaboration with Meltzer and New Pioneer from Israel. "
4,6201842,Szent András Sörfőzde,Nyúlon Túl '25,IPA - Fruited,https://untappd.com/b/szent-andras-sorfozde-nyulon-tul-25/6201842,5.6,23,3.65,227,03/23/25,"Folyékony bátorság a húsvéti locsolkodáshoz. A szentandrási nyúl idén sem tétlenkedett, batyujába egy ködös és krémes East Coast IPA került, melyet valódi feketeribizlivel, szederrel és kakukkfűvel bolondított meg. Ez a limitált kiadású tavaszköszöntő sör az extra krémesség és a kissé fűszeres, joghurtos ízvilág mellett a virágzó kertet is a poharadba varázsolja. "
5,6182234,FIRST Craft Beer,7th Saga,IPA - Fruited,https://untappd.com/b/first-craft-beer-7th-saga/6182234,8.5,55,3.63,281,03/07/25,"(HU) A tesók összetartanak: Beer Brothersös barátaink hetedik születésnapja alkalmából ismét elkészítettük közös Dupla IPA-nkat, ezúttal azonban nem csak a komlókon csavartunk egyet.A 2025-ös DIPA ugyanis szó szerint tobzódik a gyümölcsben: több mint 300 kilogram igazi banán-, ananász- és kókuszpüré került a főzetbe, egészen új szintre emelve a trópusi gyümölcsös aromák intenzitását. Igazi nyári hangulat a kora tavaszi nap alatt: toljatok be ti is egyet a tesók egészségére!(EN) Brothers stick together: To celebrate the seventh birthday of our Beer Brothers friends, we have once again made our joint Double IPA, but this time we have not only tweaked the hops.The 2025 DIPA is literally bursting with fruit: more than 300 kilograms of real banana, pineapple and coconut puree have been added to the brew, raising the intensity of the tropical fruit aromas to a whole new level. A real summer mood under the early spring sun: have a sip of one to the health of the brothers! "
6,6196417,Mad Scientist,Not A Sunrise But A Galaxy Rise,IPA - Fruited,https://untappd.com/b/mad-scientist-not-a-sunrise-but-a-galaxy-rise/6196417,7.0,N/A,3.62,417,03/19/25,"Hazy Ipa with Orange and Lactose, the 2025 improved version of 2019's popular Not A Sunrise "
7,6315801,Mad Scientist,Not A Sunrise But A Glorious Dawn,IPA - Fruited,https://untappd.com/b/mad-scientist-not-a-sunrise-but-a-glorious-dawn/6315801,7.0,N/A,3.58,579,06/24/25,Fruited Neipa With Raspberries after the 2025 improved version of 2019's popular Not A Sunrise  
8,2954033,Mad Scientist,Frooth Hoperator,IPA - Fruited,https://untappd.com/b/mad-scientist-frooth-hoperator/2954033,6.0,45,3.56,5625,11/22/18,"Fruity, hoppy, smooth, but the name says it all! Passion fruit is one of the most amazing addition to beer because of its incredibly intense aroma and complex acidity. "
9,5993786,Mad Scientist,Freddy - Bloodlust West Coast IPA,IPA - Fruited,https://untappd.com/b/mad-scientist-freddy-bloodlust-west-coast-ipa/5993786,6.66,N/A,3.5,1671,09/22/24,"Freddy - Bloodlust West Coast IPA w/ Blood Orange and Black Carrot JuiceDo you always turn inside out when you're thirsty? Now you can put an end to this nightmare once and for all. A bursting citrus shocks you on the nose at first, sweet and savory at the beginning sip, before the bitterness of blood orange gives you the coup de grace. 6.66% has never been so easy! "
10,5392494,Mad Scientist,Quantum Flavourdynamics,IPA - Fruited,https://untappd.com/b/mad-scientist-quantum-flavourdynamics/5392494,8.3,N/A,3.5,1641,06/08/23,Fruited Neipa With Guava and Pineapple collab w/ Folkingebrew (NL) 
11,5829447,HORIZONT Brewing,Selfish Games - Jungle Sunrise,IPA - Fruited,https://untappd.com/b/horizont-brewing-selfish-games-jungle-sunrise/5829447,6.1,N/A,3.46,986,05/16/24,"A sima IPA alapot megdobtuk egy jó nagy adag specialty kávéval, amit egyenesen a Casino Mocca-tól hoztunk, de utána még megcsavartuk egy csomó vérnaranccsal.Ízében a komlókeserű mellé gyönyörűen odasimul a vérnarancs keserűsége, míg a kávé jellegzetes ízjegyei harmonikusan kiegyensúlyozzák és sokkal egzotikusabb irányba viszik az ízjegyeket. Incredibly delicious, juicy, tropical fruity beer with coffee.Pleasant hop bitterness, wonderfully complemented by the citrus of the blood orange. The mouthfeel is pleasant and refreshing, with the hop bitterness beautifully blending with the blood orange bitterness, while the distinctive coffee notes harmoniously balance and take the flavor in a much more exotic direction. "
0,3618027,Brew Your Mind,No Memories,IPA - Imperial / Double,https://untappd.com/b/brew-your-mind-no-memories/3618027,8.7,N/A,4.13,2264,01/08/20,The stronger version of our Only Memories IPA.  
1,5273537,Brew Your Mind,Green Echo,IPA - Imperial / Double,https://untappd.com/b/brew-your-mind-green-echo/5273537,8.0,N/A,4.12,1500,03/14/23,motueka & citra dipa 
2,2521955,Brew Your Mind,Money Cannon,IPA - Imperial / Double,https://untappd.com/b/brew-your-mind-money-cannon/2521955,8.3,N/A,4.09,1930,02/20/18,"This double New England insired IPA is a collaboration with our good friend armando_otchoa. This one comes with a blast of tropical fruit flavors and a velvety mouthfeel. Made with 30g/L australian and american hops. Amarillo, Galaxy, Citra "
3,5201288,Brew Your Mind,Human Experiment THIRTY TWO,IPA - Imperial / Double,https://untappd.com/b/brew-your-mind-human-experiment-thirty-two/5201288,8.5,N/A,4.08,323,01/16/23,"Kísérletező sorozatunk legújabb tagja, egy dupla IPA 3 féle komlóval (citra, motueka, nelson sauvin) extrémen komlózva. "
4,5281209,Brew Your Mind,Human Experiment THIRTY THREE,IPA - Imperial / Double,https://untappd.com/b/brew-your-mind-human-experiment-thirty-three/5281209,8.6,N/A,4.06,383,03/19/23,hazy dipa with Nectaron (and citra) hops 
5,4990782,Brew Your Mind,No Memememories,IPA - Imperial / Double,https://untappd.com/b/brew-your-mind-no-memememories/4990782,8.7,N/A,4.05,374,08/24/22,"No Memories DIPA sörünk új, komlósabb verziója. Igazi nagyágyú! Testes, selymes, itatja magát. "
6,5736832,Brew Your Mind,Human Experiment FORTY THREE,IPA - Imperial / Double,https://untappd.com/b/brew-your-mind-human-experiment-forty-three/5736832,8.0,N/A,4.04,406,03/04/24,"Kísérleti sorozatunk legújabb tagja, melyben Nelson Sauvin és Kohia Nelson komlót használtunk. "
7,5789798,Brew Your Mind,Evermind w/ Nelson Sauvin,IPA - Imperial / Double,https://untappd.com/b/brew-your-mind-evermind-nelson-edition/5789798,8.2,N/A,4.03,387,04/15/24,"Sűrű, krémes, ízbomba. Citrusos, ananászos, trópusi gyümölcsös ízvilágú Imperial IPA söritalunk. Duplán hidegkomlózva és ezúttal Nelson Sauvin komló is került a második adagba. "
8,4544249,Brew Your Mind,Human Experiment NINETEEN,IPA - Imperial / Double,https://untappd.com/b/brew-your-mind-human-experiment-nineteen/4544249,8.7,N/A,4.03,353,10/11/21,"Ebbe a söritalban a német Hallertau Amarillo komlót teszteltük. Ez a sorozat a kísérletezésről szól.Egyszeri főzetek, melyek jelentősen különböznek egymástól, nem ugyanannak a sörnek az újabb főzetei. "
9,2428388,Brew Your Mind,Double Peach Please...,IPA - Imperial / Double,https://untappd.com/b/brew-your-mind-double-peach-please/2428388,7.7,N/A,4.01,2401,12/14/17,A stronger version of our flagship IPA Peach please... 
10,4917518,Brew Your Mind,Human Experiment TWENTY EIGHT,IPA - Imperial / Double,https://untappd.com/b/brew-your-mind-human-experiment-twenty-eight/4917518,9.0,N/A,4.0,329,07/04/22,"Kísérletező sorozatunk legújabb tagja, melyben nelson és citra mellett ZAPPA komlót használtunk.  "
11,4248043,Brew Your Mind,Human Experiment FIFTEEN,IPA - Imperial / Double,https://untappd.com/b/brew-your-mind-human-experiment-fifteen/4248043,7.7,N/A,4.0,234,04/02/21,"Ez a sorozat a kísérletezésről szól. Egyszeri főzetek, melyek jelentősen különböznek egymástól, nem ugyanannak a sörnek az újabb főzetei. Ebben a sörben nem a szokásos élesztőnket használtuk Mosaic és Citra komlókkal.7,7% alk. 0,44l "
12,3123480,Brew Your Mind,Money Gun Supreme,IPA - Imperial / Double,https://untappd.com/b/brew-your-mind-money-gun-supreme/3123480,8.5,N/A,4.0,260,03/13/19, It is a collaboration with our good friend armando_otchoa. This one is sharply bitter and comes with a blast of citrusy tropical fruit flavors. Made with more than 20g/L australian and american hops. Double version of our first collaboration beer Money Gun. 
13,4804194,Brew Your Mind,Human Experiment TWENTY FOUR,IPA - Imperial / Double,https://untappd.com/b/brew-your-mind-human-experiment-twenty-four/4804194,8.3,N/A,3.99,179,04/19/22,"Kísérleti sorozatunk legújabb tagja, melyben Citra és Motueka komlót használtunk.  "
14,3888616,Brew Your Mind,Human Experiment ELEVEN,IPA - Imperial / Double,https://untappd.com/b/brew-your-mind-human-experiment-eleven/3888616,8.8,N/A,3.99,203,07/25/20,"Ezt a söritalt duplán hidegkomlóztuk amerikai komlókkal.Ez a sorozat a kísérletezésről szól. Egyszeri főzetek melyek jelentősen különböznek egymástól, nem ugyanannak a sörnek az újabb főzetei. "
15,4600912,Brew Your Mind,Human Experiment TWENTY,IPA - Imperial / Double,https://untappd.com/b/brew-your-mind-human-experiment-twenty/4600912,8.1,N/A,3.99,393,11/19/21,"Ez a sorozat a kísérletezésről szól. Egyszeri főzetek, melyek jelentősen különböznek egymástól, nem ugyanannak a sörnek az újabb főzetei.Ebben a sörben 4 féle amerikai komlót és a maláta mellett tönkölybúza pelyhet is használtunk. "
16,4288266,Brew Your Mind,Human Experiment SIXTEEN,IPA - Imperial / Double,https://untappd.com/b/brew-your-mind-human-experiment-sixteen/4288266,8.8,N/A,3.98,163,04/29/21,"Elegáns, extra krémes kortyérzetű nedű. Ezt a söritalt duplán hidegkomlóztuk egy olyan új-zélandi komlóval amit már nagyon rég óta ki szerettünk volna próbálni, de nem tudtuk beszerezni.Ez a sorozat a kísérletezésről szól. Egyszeri főzetek melyek jelentősen különböznek egymástól, nem ugyanannak a sörnek az újabb főzetei. "
17,5028105,Brew Your Mind,Human Experiment TWENTY NINE,IPA - Imperial / Double,https://untappd.com/b/brew-your-mind-human-experiment-twenty-nine/5028105,7.7,N/A,3.96,264,09/19/22,"Kísérletező sorozatunk legújabb tagja, melyben egy új élesztőt próbáltunk ki.  A komlózásban nem fukarkodtunk kedvenc amerikai komlóinkkal. "
18,4186321,Brew Your Mind,Human Experiment THIRTEEN,IPA - Imperial / Double,https://untappd.com/b/brew-your-mind-human-experiment-thirteen/4186321,8.3,N/A,3.95,365,02/18/21, 
19,3829862,Brew Your Mind,Human Experiment NINE,IPA - Imperial / Double,https://untappd.com/b/brew-your-mind-human-experiment-nine/3829862,7.8,N/A,3.95,210,06/16/20,"A Human Experiment egy sorozat, melynek tagjai jelentősen különböznek egymástól, nem ugyanannak a sörnek az újabb főzetei. Ez a sorozat a kísérletezésről szól. Az sorozat KILENCES számú tagját kókuszos, trópusi gyümölcsös ízvilág jellemzi. Komlók: Citra, Sabro, Vic Secret. "
20,4402069,Brew Your Mind,Human Experiment SEVENTEEN,IPA - Imperial / Double,https://untappd.com/b/brew-your-mind-human-experiment-seventeen/4402069,7.9,N/A,3.95,420,07/09/21,"Ez a sorozat a kísérletezésről szól. Egyszeri főzetek, melyek jelentősen különböznek egymástól, nem ugyanannak a sörnek az újabb főzetei.Alapja Extra Pale Ale és zabmaláta, komlózásában az eddigi egyik legextrémebb mennyiségű 3 féle komlóval (amerikai, ausztrál és új-zélandi). "
21,2386293,Brew Your Mind,Endless Waves 2018-2021,IPA - Imperial / Double,https://untappd.com/b/brew-your-mind-endless-waves-2018-2021/2386293,7.7,N/A,3.95,598,11/13/17,New England inspired imperial IPA with Australian hops. 
22,2821576,Brew Your Mind,Parallel Dimension - 2019,IPA - Imperial / Double,https://untappd.com/b/brew-your-mind-parallel-dimension-2019/2821576,7.8,N/A,3.94,454,08/30/18,24g/l american hops and our house yeast blend makes this IPA thick and creamy and taste almost like pineapple juice. 
23,5138289,Brew Your Mind,Human Experiment THIRTY ONE,IPA - Imperial / Double,https://untappd.com/b/brew-your-mind-human-experiment-thirty-one/5138289,8.0,N/A,3.93,477,11/28/22,"Kísérletező sorozatunk legújabb tagja, egy dupla IPA német Amarillo komlóval. "
24,4712933,Brew Your Mind,Human Experiment TWENTY TWO,IPA - Imperial / Double,https://untappd.com/b/brew-your-mind-human-experiment-twenty-two/4712933,8.0,N/A,3.93,213,02/12/22,"Ez a sorozat a kísérletezésről szól. Egyszeri főzetek, melyek jelentősen különböznek egymástól, nem ugyanannak a sörnek az újabb főzetei.Ebben a sörben egy ausztrál komlót próbáltunk ki: az ECLIPSE-t. "
25,5572416,Brew Your Mind,Stereo Vision,IPA - Imperial / Double,https://untappd.com/b/brew-your-mind-stereo-vision/5572416,8.0,N/A,3.93,861,10/20/23,Double IPA with Mosaic 
26,6496426,Brew Your Mind,Human Experiment SIXTY ONE,IPA - Imperial / Double,https://untappd.com/b/brew-your-mind-human-experiment-sixty-one/6496426,8.0,N/A,3.92,381,11/17/25,"Kísérleti sorozatunk legújabb tagja egy intenzíven komlózott dupla IPA (Mosaic Riwaka és Citra), melyben egy új élesztőt próbáltunk ki.A Human Experiment sorozat új címkéin számunkra kedves alkotásokat mutatunk be. "
27,3471248,Brew Your Mind,Human Experiment Seven,IPA - Imperial / Double,https://untappd.com/b/brew-your-mind-human-experiment-seven/3471248,8.0,N/A,3.91,219,10/08/19, 
28,5560290,Brewing Vibes Brewery,All the Best And Fuck the Rest,IPA - Imperial / Double,https://untappd.com/b/brewing-vibes-brewery-all-the-best-and-fuck-the-rest/5560290,8.0,N/A,3.9,348,10/10/23,"Hops: Simcoe, Simcoe Cryo, Mosaic, Mosaic Cryo "
29,4670002,Brew Your Mind,Human Experiment TWENTYONE,IPA - Imperial / Double,https://untappd.com/b/brew-your-mind-human-experiment-twentyone/4670002,8.4,N/A,3.89,221,01/07/22,"Ez a sorozat a kísérletezésről szól. Egyszeri főzetek, melyek jelentősen különböznek egymástól, nem ugyanannak a sörnek az újabb főzetei.Ebben a sörben egy olyan amerikai komlót használtunk amit eddig még soha: a LOTUS-t. Az eredmény egy nagyon egyedi és különleges aromájú ital lett. "
30,3740500,Mad Scientist,Astral Projection Sabro,IPA - Imperial / Double,https://untappd.com/b/mad-scientist-astral-projection-sabro/3740500,7.9,N/A,3.89,770,04/04/20,DDH DIPA with Sabro & Galaxy hops as a pair of ASTRAL PROJECTION NZL 32-2 DDH DIPA released just 1 day apart. 
31,5071851,Brew Your Mind,Mátra Muscat Grape 2022,IPA - Imperial / Double,https://untappd.com/b/brew-your-mind-matra-muscat-grape-2022/5071851,7.9,N/A,3.89,280,10/17/22,"Major Levente abasári borász barátunk bio Muscat szőlőmustjával együtt erjesztett dupla IPA amerikai, ausztrál és új-zélandi komlókkal. "
32,3933471,Mad Scientist,Egomaniac Simcoe,IPA - Imperial / Double,https://untappd.com/b/mad-scientist-egomaniac-simcoe/3933471,8.0,N/A,3.88,863,08/24/20,"DDH DIPA 8 %When Egomaniac came out in 2018, we introduced a hop addition of 30g/liter which was by that time the most anyone has ever done in Hungary. By now, we are pretty sure, that this is not the case anymore, but we still consider this one a really nice recipe for a beer.Egomaniac is single-hop, trying to showcase the very characteristic of a single variety of hops. Originally this was Citra, but with this one, it is one of our other inhouse favorite: Simcoe. Today, these hops are considered veteran classics of the industry but we can't help it. We still love to use them. When we tried to characterize Simcoe, we came up with the words pomelo and passion fruit. It really depends on your crop and the brew itself too, but this is what we have.When we rebrewed Egomaniac now in 2020, we were so curious about what we can achieve with it using our knowledge in brewing by that time. We are curious again, especially because we can finally package this one in its perfect form: a 0,44 can. "
33,5303335,Reketye Brewing Co.,Ambrosia,IPA - Imperial / Double,https://untappd.com/b/reketye-brewing-co-ambrosia/5303335,8.5,N/A,3.88,309,04/05/23, 
34,3885077,Brew Your Mind,Human Experiment TEN,IPA - Imperial / Double,https://untappd.com/b/brew-your-mind-human-experiment-ten/3885077,8.1,N/A,3.87,187,07/23/20,"Ez a sörital Citra és Vic Secret komlóval és egy speciális komlókivonattal készült krémes kortyérzetű trópusi gyümölcsös ízvilágú Double IPA.Ez a sorozat a kísérletezésről szól. Egyszeri főzetek melyek jelentősen különböznek egymástól, nem ugyanannak a sörnek az újabb főzetei. "
35,4617389,Mad Scientist,Astral Projection Talus,IPA - Imperial / Double,https://untappd.com/b/mad-scientist-astral-projection-talus/4617389,7.9,N/A,3.86,676,11/30/21,"DDH DIPA with Talus & Galaxy hops, the 5th release of our Astral Projection series "
36,4865461,Brew Your Mind,Human Experiment TWENTY SIX,IPA - Imperial / Double,https://untappd.com/b/brew-your-mind-human-experiment-twenty-six/4865461,8.6,N/A,3.86,258,05/30/22,"Kísérletező sorozatunk legújabb tagja, egy dupla IPA a megszokottól eltérően egy neutrálisabb élesztővel és szinte kizárólag Mosaic komlóval. "
37,3027620,Brew Your Mind,Human Experiment Four,IPA - Imperial / Double,https://untappd.com/b/brew-your-mind-human-experiment-four/3027620,8.3,N/A,3.86,487,01/08/19,"A Human Experiment egy sorozat, melynek tagjai jelentősen különböznek egymástól, nem ugyanannak a sörnek az újabb főzetei. Ez a sorozat a kísérletezésről szól.Az aktuális NÉGYES számúban például nem a szokásos élesztő kultúránkat használtuk és a felhasznált igen nagy mennyiségű komló (több, mint 20g/l) hozzáadásának módján is változtattunk. "
38,5068472,Brew Your Mind,Human Experiment THIRTY,IPA - Imperial / Double,https://untappd.com/b/brew-your-mind-human-experiment-thirty/5068472,7.8,N/A,3.86,245,10/15/22,Kísérletező sorozatunk legújabb tagja 4 féle amerikai komlóval és egy teljesen új élesztővel. 
39,6611821,HORIZONT Brewing,Double Hazy Queen (2026 Edition),IPA - Imperial / Double,https://untappd.com/b/horizont-brewing-double-hazy-queen-2026-edition/6611821,8.0,N/A,3.86,316,02/23/26,"Fogtuk mindazt, amit a Hazy Queenben szerettek - a krémes testet, a puha kortyérzetet, a trópusi gyümölcsbombát és feltoltuk a potmétert. Nem kicsit. Duplán.8% alkohol.Citra. Nelson Sauvin. Mosaic.Szuperködös, zamatos, lédús és pimaszul gyümölcsös.-We took everything you loved about Hazy Queen — the creamy body, the soft mouthfeel, the tropical fruit bomb — and turned the dial all the way up. Not just a little. Double.8% ABV.Citra. Nelson Sauvin. Mosaic.Super hazy, rich, juicy, and unapologetically fruity. "
40,6064296,Brewing Vibes Brewery,All the Best And Still Fuck The Rest,IPA - Imperial / Double,https://untappd.com/b/brewing-vibes-brewery-all-the-best-and-still-fuck-the-rest/6064296,8.0,N/A,3.85,389,11/19/24,"Hops: Simcoe, Simcoe Cryo, Mosaic, Mosaic Cryo "
41,2676672,Zentus Craft Beer,Double Kitty,IPA - Imperial / Double,https://untappd.com/b/zentus-craft-beer-double-kitty/2676672,7.6,60,3.85,1011,05/31/18,"DIPA vers. of orig fav. cat /w double vol. Mosaic, Simcoe, "
42,1549035,Balkezes,GreyJoy,IPA - Imperial / Double,https://untappd.com/b/balkezes-greyjoy/1549035,9.0,99,3.85,4345,05/11/16,"Earl Grey teával és bergamottal feldobott dupla IPA.Felhasznált komlók: Magnum, Cascade, Mosaic, Citra "
43,6492517,Unity Bar & Brewery,Double Hazy Day #01,IPA - Imperial / Double,https://untappd.com/b/unity-bar-and-brewery-double-hazy-day-01/6492517,7.5,60,3.84,157,11/14/25,"A full-bodied, juciy hazy double IPA with Riwaka, Nelson, and Stryrian Wolf hops. "
44,6513944,Brew Your Mind,Clean Project: DIPA,IPA - Imperial / Double,https://untappd.com/b/brew-your-mind-clean-project-dipa/6513944,8.0,N/A,3.84,287,12/01/25,"Bemutatkozik modern west coast stílusú ALE sörital szériánk - azaz a CLEAN PROJECT - dupla IPA tétele, melyben Simcoe, Mosaic és Citra komló mellett Riwaka kivonatot és egy klasszikus west coast élesztőt használtunk. Tiszta, tartalmas, kellemesen keserű, szűretlen ital. "
45,3743253,Mad Scientist,Astral Projection NZL 32-2,IPA - Imperial / Double,https://untappd.com/b/mad-scientist-astral-projection-nzl-32-2/3743253,7.9,N/A,3.84,1011,04/07/20,DDH DIPA with NZL 32-2 & Galaxy hops as a pair of ASTRAL PROJECTION SABRO released just 1 day apart. 
46,3550900,Mad Scientist,Hazelord,IPA - Imperial / Double,https://untappd.com/b/mad-scientist-hazelord/3550900,8.0,N/A,3.83,1438,11/27/19,New World DDH DIPA 
47,990498,Csupor Craft Beer,"Hello, My Name Is Sudan",IPA - Imperial / Double,https://untappd.com/b/csupor-craft-beer-hello-my-name-is-sudan/990498,8.2,71,3.82,474,02/26/15,"Sudan is a captive Northern White Rhinoceros who lives at the Ol Pejeta Conservancy in Laikipia, Kenya. He is known for being the last male of his subspecies in the world and one of only five living Northern White Rhinoceroses in the world. He is also the only male on the African continent.The beer itself is an Imperial India Pale Ale with 8.2% alcohol content.űWe aged it for four month before we served. (This is the premiere as we serve it on the Alltech Craftbrew and Food Fair) We should all pay attention for this poor Rhino who is soo alone on this big mudball.The taste is too complex to explain, experience it for yourself…   "
48,4702134,Reketye Brewing Co.,Bright Future,IPA - Imperial / Double,https://untappd.com/b/reketye-brewing-co-bright-future/4702134,8.0,N/A,3.82,663,02/04/22, 
49,4079904,Zentus Craft Beer,Imperial Lynx,IPA - Imperial / Double,https://untappd.com/b/zentus-craft-beer-imperial-lynx/4079904,9.0,60,3.82,254,12/02/20,"DDH imperial IPA /w Loral, Idaho7, Simco + northern style yeast "
0,5052201,Mad Scientist,Black Lines,IPA - Imperial / Double Black,https://untappd.com/b/mad-scientist-black-lines/5052201,9.0,N/A,3.73,1074,10/04/22,Double Black Ipa 
1,2322977,Mad Scientist,Hell Dorado,IPA - Imperial / Double Black,https://untappd.com/b/mad-scientist-hell-dorado/2322977,7.6,60,3.71,155,10/04/17,alpha batch of our double black IPA hopped with massive amounts of El Dorado hops 
2,3300377,Reczer Ser,Black Mirror,IPA - Imperial / Double Black,https://untappd.com/b/reczer-ser-black-mirror/3300377,7.6,55,3.71,287,06/26/19,"Ez a sör tükröt tart eléd! Szembesít önmagaddal, megmutatja a kíméletlen igazságot. Rájössz, hogy kicsit olyan, mint te. Ahogy te sem csak egyféle vagy, ez az ital sem az. Amilyen borúlátó vagy hétfő reggel, épp oly fekete. Annyira IPA, amennyire szabad vagy a kedvenc koncerteden ugrálva. Halványan málnás, mint az első csókod emléke, keserű, mint a csalódásaid. Épp csak annyira kávés, amennyire néha kétségeid merülnek fel. Olyan erő lakozik benne, mint benned, amikor felállsz a századik pofon után is. "
0,1984438,Brew Your Mind,Candy Flip - Strawberry,IPA - Imperial / Double Milkshake,https://untappd.com/b/brew-your-mind-candy-flip-strawberry/1984438,7.6,N/A,3.94,657,03/07/17,"A collaboration with a talented brewer and a very good friend of ours: Máté Ábrahám. We are trying to be progressive and bring you the best possible beers. This is a Milkshake Double IPA made with Golden Promise, Golden Naked Oats, Caralight, Lactose, Citra, Mosaic, Strawberry and our house yeast.A secret ingredient’s been added during the boil.:) "
1,2689780,Brew Your Mind,Candy Flip - Pineapple,IPA - Imperial / Double Milkshake,https://untappd.com/b/brew-your-mind-candy-flip-pineapple/2689780,8.3,N/A,3.87,469,06/08/18,"Ábrahám Máté barátunkkal közös projektünk legújabb tagja ez az 100%-os ANANÁSSZAL, egy kis ananász sűrítménnyel és LAKTÓZzal készült milkshake DIPA. "
2,2359224,Brew Your Mind,Candy Flip - Watermelon,IPA - Imperial / Double Milkshake,https://untappd.com/b/brew-your-mind-candy-flip-watermelon/2359224,7.6,N/A,3.83,831,10/27/17,"A collaboration with a talented brewer and a very good friend of ours: Máté Ábrahám (Horizont Brewery). This is a Milkshake Double IPA made with Lactose, Watermelon and our house yeast. "
3,6100458,Brew Your Mind,Candy Flip - Tangerine,IPA - Imperial / Double Milkshake,https://untappd.com/b/brew-your-mind-candy-flip-tangerine/6100458,8.5,N/A,3.81,304,12/19/24, 
4,4682109,Brew Your Mind,Candy Flip - Coconut,IPA - Imperial / Double Milkshake,https://untappd.com/b/brew-your-mind-candy-flip-coconut/4682109,7.9,N/A,3.77,303,01/17/22,"Ábrahám Máté barátunkkal közös projektünk ez a kókusszal, gyömbérrel és laktózzal készült milkshake IPA. "
5,3528688,Mad Scientist,Not A Sunrise,IPA - Imperial / Double Milkshake,https://untappd.com/b/mad-scientist-not-a-sunrise/3528688,8.0,N/A,3.68,447,11/13/19,Tart Milkshake DIPA with Orange and Vanilla 
6,5588400,Mad Scientist,Queen of Graceland,IPA - Imperial / Double Milkshake,https://untappd.com/b/mad-scientist-queen-of-graceland/5588400,9.0,N/A,3.64,845,11/01/23,Imperial Milk Shake Pale Ale with Sour Cherry and CoconutTry it - pair it - blend it with TENNESSEE DICE ROLLER Imperial Stout with Almond and Vanilla 
0,4742835,Brew Your Mind,Still Dreaming,IPA - Imperial / Double New England / Hazy,https://untappd.com/b/brew-your-mind-still-dreaming/4742835,8.2,N/A,4.18,1740,03/06/22,Hazy DIPA Citra és Riwaka komlóval. A Keep Dreaming erősebb változata. 
1,2074074,Brew Your Mind,Evermind,IPA - Imperial / Double New England / Hazy,https://untappd.com/b/brew-your-mind-evermind/2074074,8.2,N/A,4.09,3926,05/03/17,Our New England inspired double IPA 
2,5970051,Brew Your Mind,Everyday Lies,IPA - Imperial / Double New England / Hazy,https://untappd.com/b/brew-your-mind-everyday-lies/5970051,8.0,N/A,4.09,713,09/03/24,"Halfway between Bright Lies and Big Lies, there is Everyday Lies IPA. Hopped with Mosaic and Citra the same amount as Big Lies. "
3,5448268,Brew Your Mind,Human Experiment THIRTY SEVEN,IPA - Imperial / Double New England / Hazy,https://untappd.com/b/brew-your-mind-human-experiment-thirty-seven/5448268,7.5,N/A,4.08,436,07/17/23,"Kísérleti sorozatunk legújabb tagja. A sör mindenben megegyezik az előző azaz 36-os Human Experimenttel, csak az élesztő egy általunk még korábban nem használt fajta. Nem is tudjuk eldönteni melyik tetszik jobban. Szerintetek melyik jobb?A Human Experiment sorozat új címkéin számunkra kedves alkotásokat mutatunk be. "
4,6604120,Brew Your Mind,Human Experiment SIXTY THREE,IPA - Imperial / Double New England / Hazy,https://untappd.com/b/brew-your-mind-human-experiment-sixty-three/6604120,8.5,N/A,4.07,360,02/16/26,"Kísérleti sorozatunk legújabb tagja egy intenzíven komlózott hazy DDH dupla IPA Rakau, Nelson Sauvin és Citra komlóval.A Human Experiment sorozat új címkéin számunkra kedves alkotásokat mutatunk be. "
5,6555907,Brew Your Mind,Double Fall,IPA - Imperial / Double New England / Hazy,https://untappd.com/b/brew-your-mind-double-fall/6555907,8.2,N/A,4.05,357,01/02/26,Rising Fall sörünk nagytestvére rengeteg Peacherine és Citra komlóval hidegkomlózva 
6,6066270,Brew Your Mind,Human Experiment FORTY NINE,IPA - Imperial / Double New England / Hazy,https://untappd.com/b/brew-your-mind-human-experiment-forty-nine/6066270,8.3,N/A,4.05,405,11/21/24,"Ez az igazán ízgazdag hazy dupla IPA sörital zabmalátára épülő malátaprofillal készült. Talus + Citra  komlót tettünk az örvénykádba, első adag hidegkomlónak a tamásiban termett ""amerikai komlómixet"" + Citra-t, második adag hidegkomlónak pedig Nectaron-t + Citra-t használtunk. A Human Experiment sorozat új címkéin számunkra kedves alkotásokat mutatunk be. "
7,6120559,Brew Your Mind,Human Experiment FIFTY,IPA - Imperial / Double New England / Hazy,https://untappd.com/b/brew-your-mind-human-experiment-fifty/6120559,9.0,N/A,4.04,474,01/06/25,"Our experimental series is about stepping outside our comfort zone and trying something new. In this case it's Riwaka Amplifire hop oil product from Clayton Hops. The beer is extremely aromatic and flavourful, mostly on the tropical fruity side. "
8,5952265,Brew Your Mind,Human Experiment FORTY SEVEN,IPA - Imperial / Double New England / Hazy,https://untappd.com/b/brew-your-mind-human-experiment-forty-seven/5952265,8.3,N/A,4.03,468,08/19/24,Ebben a hazy DIPA sörben 5 féle komlót használtunk és triplán hidegkomlóztuk. A Human Experiment sorozat új címkéin számunkra kedves alkotásokat mutatunk be. 
9,5763866,Brew Your Mind,Human Experiment FORTY FOUR,IPA - Imperial / Double New England / Hazy,https://untappd.com/b/brew-your-mind-human-experiment-forty-four/5763866,8.5,N/A,4.03,421,03/25/24,"Kísérleti sorozatunk legújabb tagja, melyben Citra és Kohia MOTUEKA komlót használtunk.A Human Experiment sorozat új címkéin számunkra kedves alkotásokat mutatunk be. "
10,5428885,Brew Your Mind,Human Experiment THIRTY SIX,IPA - Imperial / Double New England / Hazy,https://untappd.com/b/brew-your-mind-human-experiment-thirty-six/5428885,9.0,N/A,4.03,454,07/03/23,"Kísérleti sorozatunk legújabb tagja, melyben a saját élesztőkultúránkat és simcoe,citra és mosaic komlókat használtunk. (a sör egyébként mindenben megegyezik az előző azaz 35-ös Human Experimenttel, csak az élesztő más)A Human Experiment sorozat új címkéin számunkra kedves alkotásokat mutatunk be. "
11,4928262,Brew Your Mind,Endless Waves,IPA - Imperial / Double New England / Hazy,https://untappd.com/b/brew-your-mind-endless-waves/4928262,7.7,N/A,4.02,828,07/12/22,"Ausztrál és új-zélandi komlókkal készült trópusi ""hangulatú"" imperial IPA. "
12,6202816,Brew Your Mind,Human Experiment FIFTY THREE,IPA - Imperial / Double New England / Hazy,https://untappd.com/b/brew-your-mind-human-experiment-fifty-three/6202816,9.0,N/A,4.01,354,03/24/25,"Kísérleti sorozatunk legújabb tagja, egyszeri főzet, mely a HBC 1019 nevű kísérleti amerikai komlóra épülő kétszer hidegkomlózott (DDH) dupla IPA.A Human Experiment sorozat új címkéin számunkra kedves alkotásokat mutatunk be. "
13,6178344,Brew Your Mind,Human Experiment FIFTY TWO,IPA - Imperial / Double New England / Hazy,https://untappd.com/b/brew-your-mind-human-experiment-fifty-two/6178344,9.0,N/A,4.01,411,03/03/25,"Kísérleti sorozatunk tagja egyszeri főzet, mely a Tolna VÁRmegyében Tamásiban termett Cashmere nevű komlóra épülő kétszer hidegkomlózott (DDH) dupla IPA.A Human Experiment sorozat új címkéin számunkra kedves alkotásokat mutatunk be. "
14,6429685,Brew Your Mind,Human Experiment SIXTY,IPA - Imperial / Double New England / Hazy,https://untappd.com/b/brew-your-mind-human-experiment-sixty/6429685,8.4,N/A,4.01,408,09/29/25,"Kísérleti sorozatunk legújabb tagja egy intenzíven komlózott hazy dupla IPA, mely a maláták mellett egy titkos összetevővel készült, amitől a sör testessége és kortyérzete nagyon kellemesen sűrű, selymes. Komlózás: Citra és Nelson-Sauvin.A Human Experiment sorozat új címkéin számunkra kedves alkotásokat mutatunk be. "
15,5496820,Brew Your Mind,Human Experiment THIRTY EIGHT,IPA - Imperial / Double New England / Hazy,https://untappd.com/b/brew-your-mind-human-experiment-thirty-eight/5496820,8.0,N/A,4.01,527,08/23/23,lupomax hops only  
16,6262302,Brew Your Mind,Some More Nectar,IPA - Imperial / Double New England / Hazy,https://untappd.com/b/brew-your-mind-some-more-nectar/6262302,8.0,N/A,4.0,496,05/12/25,Summer Nectar sörünk erősebb verziója. Nectaron és Citra komlóval duplán hidegkomlózott hazy dupla IPA. 
17,4473343,Brew Your Mind,Human Experiment EIGHTEEN,IPA - Imperial / Double New England / Hazy,https://untappd.com/b/brew-your-mind-human-experiment-eighteen/4473343,8.2,N/A,4.0,257,08/23/21,"Ez a sorozat a kísérletezésről szól. Egyszeri főzetek, melyek jelentősen különböznek egymástól, nem ugyanannak a sörnek az újabb főzetei.Ebben a sörben a sorozat FIFTEEN tagjának maláta profilját és élesztőjét a SIXTEEN komlózásával kombináltuk.  "
18,5667678,Brew Your Mind,Human Experiment FORTY ONE,IPA - Imperial / Double New England / Hazy,https://untappd.com/b/brew-your-mind-human-experiment-forty-one/5667678,8.6,N/A,4.0,398,01/01/24,"Kísérleti sorozatunk legújabb tagja, melyben egy új-zélandi komlót a Peacharine-t használtuk 2 másik amerikai komlóval együtt. "
19,5399232,Brew Your Mind,Human Experiment THIRTY FIVE,IPA - Imperial / Double New England / Hazy,https://untappd.com/b/brew-your-mind-human-experiment-thirty-five/5399232,8.2,N/A,4.0,440,06/12/23,"Kísérleti sorozatunk legújabb tagja, melyben egy új élesztőt és simcoe, citra és mosaic komlókat használtunk. Kellemesen testes, csonthéjasgyümölcsökre emlékeztető aromájú ital. "
20,6381895,Brew Your Mind,Human Experiment FIFTY NINE,IPA - Imperial / Double New England / Hazy,https://untappd.com/b/brew-your-mind-human-experiment-fifty-nine/6381895,8.0,N/A,4.0,249,08/18/25,"Kísérleti sorozatunkban ezúttal az amerikai Cashmere nevű komlót helyezzük előtérbe, melyet egy ""kis"" új-zélandi Nelson Sauvin és Riwaka egészít ki.A Human Experiment sorozat új címkéin számunkra kedves alkotásokat mutatunk be. "
21,6280150,Brew Your Mind,Human Experiment FIFTY SEVEN,IPA - Imperial / Double New England / Hazy,https://untappd.com/b/brew-your-mind-human-experiment-fifty-seven/6280150,8.5,N/A,3.99,447,05/26/25,"Ez a sörital az amerikai BC Hop Ranch családi komlófarmról származó Simcoe komlóra épül, melynek karakteres, egyedi aromája azonnal elnyerte tetszésünket az új komlóminták kóstolása során.A címkén ezúttal Huminilowicz Vanda @huminilowiczvanda 'A postás halála dombormű parafrázisa' című alkotását láthatjátok. "
22,6357127,Brew Your Mind,Human Experiment FIFTY EIGHT,IPA - Imperial / Double New England / Hazy,https://untappd.com/b/brew-your-mind-human-experiment-fifty-eight/6357127,7.8,N/A,3.99,381,07/29/25,"Ebben a söritalban a ""komlósság"" - még élvezhető - felső határát keressük. Egyszerű pilseni maláta mellett majdnem ugyanannyi zabpehely, búzapehely és zabmaláta adják a masszív alapot a grandiózus komlózásnak, mely Riwaka, Citra, Nelson Sauvin és Mosaic fajtákból áll. Az eredmény egy sűrű, intenzív, ízgazdag, markánsan , de nem bántóan keserű folyadék :) "
23,6628185,Brew Your Mind,Human Experiment SIXTY FOUR,IPA - Imperial / Double New England / Hazy,https://untappd.com/b/brew-your-mind-human-experiment-sixty-four/6628185,8.0,N/A,3.99,353,03/09/26,Kísérleti sorozatunk legújabb tagja egy duplán hidegkomlózott hazy dupla IPA melyben Citra és Simcoe komlók mellett Mosaic CRYO-t próbáltunk ki.A Human Experiment sorozat új címkéin számunkra kedves alkotásokat mutatunk be. 
24,6671542,Brew Your Mind,Human Experiment SIXTY FIVE,IPA - Imperial / Double New England / Hazy,https://untappd.com/b/brew-your-mind-human-experiment-sixty-five/6671542,8.0,N/A,3.99,463,04/13/26,"Kísérleti sorozatunk legújabb tagja egy duplán hidegkomlózott hazy dupla IPA, melynek a malátaalapja illetve a benne használt élesztő az előző Sixty Four sörrel azonos, komlózása viszont a Sabro és Motueka komlók harmóniájára épül.A Human Experiment sorozat új címkéin számunkra kedves alkotásokat mutatunk be. "
25,4893387,Brew Your Mind,Human Experiment TWENTY SEVEN,IPA - Imperial / Double New England / Hazy,https://untappd.com/b/brew-your-mind-human-experiment-twenty-seven/4893387,7.7,N/A,3.98,223,06/18/22,Strata and citra version 
26,6615637,Brew Your Mind,Decade of Buzz,IPA - Imperial / Double New England / Hazy,https://untappd.com/b/brew-your-mind-decade-of-buzz/6615637,8.2,N/A,3.97,386,02/27/26,"Brewed for the 10th Birthday of BEERSELECTION Craft Beer Store.Double dry hopped exclusively with New Zealand hops: Manilita, Riwaka and Nelson Sauvin. "
27,6531813,Brew Your Mind,Human Experiment SIXTY TWO,IPA - Imperial / Double New England / Hazy,https://untappd.com/b/brew-your-mind-human-experiment-sixty-two/6531813,8.0,N/A,3.97,330,12/14/25,"Kísérleti sorozatunk legújabb tagja egy intenzíven komlózott hazy DDH dupla IPA Elani, Rakau, Krush és Citra komlókkal.A Human Experiment sorozat új címkéin számunkra kedves alkotásokat mutatunk be. "
28,3440884,HORIZONT Brewing,Selfish Games - Double Hazy Queen,IPA - Imperial / Double New England / Hazy,https://untappd.com/b/horizont-brewing-selfish-games-double-hazy-queen/3440884,8.2,57,3.97,2331,09/20/19,"Megszavaztátok, megfőztük: szülinapi sörünk a Double Hazy Queen. Testes, krémes dupla New England IPA, rengeteg (egészen pontosan 20g/L) Nelson Sauvin, Citra és Mosaic komlóval. // You wanted it, you've got it: our 3rd anniversary beer is the Double Hazy Queen. A creamy, thick double New England IPA, with huuuuge amounts (20g/L) of Nelson Sauvin, Citra and Mosaic hops.  "
29,5891221,Brew Your Mind,Deep Echo,IPA - Imperial / Double New England / Hazy,https://untappd.com/b/brew-your-mind-deep-echo/5891221,9.5,N/A,3.96,180,07/01/24,Hazy DIPA Citra és Motueka komlóval. 
30,5703501,Brew Your Mind,Parallel Dimension,IPA - Imperial / Double New England / Hazy,https://untappd.com/b/brew-your-mind-parallel-dimension/5703501,7.8,N/A,3.94,230,02/05/24,"2019 óta nem főztük, de 2024-ben visszatér. Amerikai és ausztrál komlókkal intenzíven komlózva. "
31,5531233,Brew Your Mind,Human Experiment THIRTY NINE,IPA - Imperial / Double New England / Hazy,https://untappd.com/b/brew-your-mind-human-experiment-thirty-nine/5531233,8.0,N/A,3.94,355,09/18/23,"Kísérleti sorozatunk legújabb tagja. Ebben a sörben egy teljesen új élesztőt próbáltunk ki 3 féle amerikai komlóval. Ízvilága: csonthéjas és trópusi gyümölcsös, kortyérzete krémes de nem túl sűrű.  "
32,6050924,HORIZONT Brewing,Selfish Games - Double Hazy Queen 2024 - Nectaron Edition,IPA - Imperial / Double New England / Hazy,https://untappd.com/b/horizont-brewing-selfish-games-double-hazy-queen-2024-nectaron-edition/6050924,8.0,N/A,3.94,715,11/08/24,"Persze, hogy idén is kiadjuk a Double Hazy Queen 2024-es változatát! És persze, hogy most mertünk egy jó nagyot csavarni a recepten, hiszen az eddigi felerősített Hazy Queen alapkomlókon kívül most dobtunk bele egy szép nagy rakás Nectaront is, hogy sokkal zamatosabb és gyümisebb ízvilága legyen ennek az amúgy is zseniális dupla NEIPA-nak. Szóval a dupla királynő visszatért! Nem is akárhogy! "
33,5526323,UGAR Brewery,Trailer #015 - Go Big Or Go Home,IPA - Imperial / Double New England / Hazy,https://untappd.com/b/ugar-brewery-trailer-015-go-big-or-go-home/5526323,8.0,N/A,3.93,396,09/15/23, 
34,5832529,Brew Your Mind,Human Experiment FORTY FIVE,IPA - Imperial / Double New England / Hazy,https://untappd.com/b/brew-your-mind-human-experiment-forty-five/5832529,7.9,N/A,3.93,464,05/18/24,Dupla IPA részben Magyarországon termelt komlóval hidegkomlózva.A Human Experiment sorozat új címkéin számunkra kedves alkotásokat mutatunk be. 
35,5874883,Mad Scientist,Where the Party At,IPA - Imperial / Double New England / Hazy,https://untappd.com/b/mad-scientist-where-the-party-at/5874883,7.8,N/A,3.91,783,06/19/24,"Brewed together with Cam of Willibald during BPBW Budapest Beer Week 2024 brings together all the know-how from  Ayr, Ontario, Canada and Budapest, Hungary in the form of a NEIPA brewed with Citra and Rakau. "
36,6689042,Brew Your Mind,Human Experiment SIXTY SIX,IPA - Imperial / Double New England / Hazy,https://untappd.com/b/brew-your-mind-human-experiment-sixty-six/6689042,7.0,N/A,3.91,247,04/27/26,"Kísérleti sorozatunk legújabb tagja egy duplán hidegkomlózott hazy IPA, melynek intenzív aromavilága extra pale ale és zab malátával főzött alapra épül és a Manilita és Citra komlók tulajdonságait hangsúlyozza.A Human Experiment sorozat új címkéin számunkra kedves alkotásokat mutatunk be. "
37,5910936,UGAR Brewery,Trailer #022 - Utopia,IPA - Imperial / Double New England / Hazy,https://untappd.com/b/ugar-brewery-trailer-022-utopia/5910936,8.0,N/A,3.9,304,07/17/24,"Cryo komlókkal és egy superdelic nevű új-zélandi komlóval készült, ami bogyós és trópusi gyömölcsös ízvilágot robbant a szádban. "
38,5076777,Reketye Brewing Co.,Parallel Parking,IPA - Imperial / Double New England / Hazy,https://untappd.com/b/reketye-brewing-co-parallel-parking/5076777,7.5,45,3.9,311,10/21/22,Collab with Finback in Budapest. Citra Riwaka Mosaic. Juicy ❤️ 
39,5043630,Mad Scientist,Smooth Hoperator Supreme,IPA - Imperial / Double New England / Hazy,https://untappd.com/b/mad-scientist-smooth-hoperator-supreme/5043630,8.1,N/A,3.89,767,09/29/22,"DDH Kveik DIPA, following the footsteps of Smooth Hoperator and Double Hoperator "
40,5803372,UGAR Brewery,Trailer #020 - G. O. A. T.,IPA - Imperial / Double New England / Hazy,https://untappd.com/b/ugar-brewery-trailer-020-g-o-a-t/5803372,9.2,N/A,3.88,241,04/26/24,"In the realm of beers, at TRAILER #20 throne,Stands the ""GOAT,"" where legends are known.With pineapple's sweetness and citrus bright,Its dank allure ignites the night.Brewed in New England's proud embrace,A masterpiece crafted with finesse and grace.In each sip, a tale of flavor unfolds,The GOAT, the pinnacle, where greatness molds. "
41,3735957,HORIZONT Brewing,Playground - DDH Double New England IPA,IPA - Imperial / Double New England / Hazy,https://untappd.com/b/horizont-brewing-playground-ddh-double-new-england-ipa/3735957,8.0,60,3.87,793,03/30/20,"Thicc. A double NEIPA with 20g/L fresh Mosaic, Centennial and Nelson hops. // Egy kellemesen krémes, vastag dupla NEIPA, jó nagy adag friss komlóval. Mosaic, Centennial, Nelson Sauvin, 20g/l! "
42,2386259,Mad Scientist,Egomaniac,IPA - Imperial / Double New England / Hazy,https://untappd.com/b/mad-scientist-egomaniac/2386259,8.6,N/A,3.86,1287,11/13/17,Double new england style IPA 
43,3706683,FIRST Craft Beer,Yemaya,IPA - Imperial / Double New England / Hazy,https://untappd.com/b/first-craft-beer-yemaya/3706683,8.2,58,3.86,248,03/06/20,"Víz nélkül nincs élet. Ez az évezredes tudás hívta elő Afrika mélyéről Yemaya-t, a víz teremtő erejének úrnőjét. Mi pedig ezzel az őserejű Dupla New England IPA-val támogatjuk a Brewgooder kampányát, melynek célja, hogy tiszta vizet biztosítsanak a legkiszolgáltatottabbaknak. A társadalmi felelősségvállalás és Sörkéntesség mindig is kiemelt helyen szerepelt nálunk - ezúttal minden sör árából 50 forintot biztosítasz a malawi-i rászorulóknak építendő kutak, vízgyűjtők és vízhálózat létrehozásához. Segítsünk együtt azoknak, akiknek már a tiszta víz is ajándék. "
44,6171927,UGAR Brewery,Trailer #034 - THE MAGNIFICENT,IPA - Imperial / Double New England / Hazy,https://untappd.com/b/ugar-brewery-trailer-034-the-magnificent/6171927,8.2,N/A,3.85,329,02/26/25,"DDH DOUBLE NEIPAHops: mosaic hyperboost, motueka cryo, strata "
45,6254099,Brew Your Mind,Human Experiment FIFTY FIVE,IPA - Imperial / Double New England / Hazy,https://untappd.com/b/brew-your-mind-human-experiment-fifty-five/6254099,9.5,N/A,3.85,394,05/05/25,"Kísérleti sorozatunk ezen tagjában Simcoe, Cirta és Nelson Sauvin komlókat használtunk és egy új hazy élesztőt próbáltunk ki.A Human Experiment sorozat új címkéin számunkra kedves alkotásokat mutatunk be. "
46,4046037,Dealbreaker,K15,IPA - Imperial / Double New England / Hazy,https://untappd.com/b/dealbreaker-k15/4046037,7.5,N/A,3.85,1269,11/08/20,"DDH Double New England IPA//Modern structure on concrete foundation where everything is about the freshest crop Galaxy: this is K15, a single hop double NEIPA we designed together with Contemporary Architecture Centre. Happy 15th birthday KÉK!//Betonbiztos alapok, modern szerkezet: ez a K15, a Kortárs Építészeti Központtal közösen tervezett egykomlós dupla NEIPA, melyben minden a legfrissebb szüretelésű Galaxy komlóról szól. Boldog 15. szülinapot KÉK! "
47,4886130,Mad Scientist,Flannelsexual,IPA - Imperial / Double New England / Hazy,https://untappd.com/b/mad-scientist-flannelsexual/4886130,8.4,N/A,3.85,916,06/13/22,DDH Kveik Dipa With Spruce Tips And Citrus Zest 
48,2638214,Mad Scientist,Double Hoperator,IPA - Imperial / Double New England / Hazy,https://untappd.com/b/mad-scientist-double-hoperator/2638214,7.5,66,3.84,2252,05/06/18,"Double Dry Hopped Madness following the footsteps of our SMOOTH HOPERATOR first released in the May of 2018 with 8% of abv, the second batch followed in the June of 2020, while the third batch came out of the tanks in the November of 2021 with the abv of 7,5% "
49,4719027,UGAR Brewery,Trailer #003 - Point of No Return,IPA - Imperial / Double New England / Hazy,https://untappd.com/b/ugar-brewery-trailer-003-point-of-no-return/4719027,9.1,N/A,3.84,231,02/17/22, 
0,6137311,UGAR Brewery,Trailer #030 - Naughty Nectar,IPA - Milkshake,https://untappd.com/b/ugar-brewery-trailer-030-naughty-nectar/6137311,8.8,N/A,3.81,317,01/24/25,"Milkshake NEIPA with apricot and vanilla.hops:mosaic, nectaron "
1,5826669,Brew Your Mind,Candy Flip - Cantaloupe,IPA - Milkshake,https://untappd.com/b/brew-your-mind-candy-flip-cantaloupe/5826669,7.0,N/A,3.8,805,05/13/24,Ábrahám Máté barátunkkal közös projektünk legújabb tagja ez a SÁRGADINNYÉVEL és LAKTÓZzal készült milkshake IPA.  
2,3196247,Mad Scientist,Martin & Lewis,IPA - Milkshake,https://untappd.com/b/mad-scientist-martin-and-lewis/3196247,7.1,N/A,3.79,642,04/26/19,"Vanilla milkshake IPA""When Mia orders a $5 shake from waiter “Buddy Holly” (Steve Buscemi), he asked if she wanted it “Martin and Lewis or Amos and Andy?” He is referring to two comedy duos — Dean Martin and Jerry Lewis, two white dudes; and the Amos ‘n Andy Show, two black guys. Basically, he’s asking her if she wants a vanilla shake or a chocolate shake. (She opts for vanilla.)"" "
3,5782676,LöWOLF Craft Beer Co.,Moana KötengiTengi,IPA - Milkshake,https://untappd.com/b/lowolf-craft-beer-co-moana-kotengitengi/5782676,5.4,14,3.74,307,04/09/24,"DDH New Zealand (Rakau, Motueka) Milkshake Hazy IPA    (LöWOLF - Hoppy Juice series: 3th)• EN: It’s brewed with two great NZ hops: Rakau, MotuekaWe also added some lactose to make the mounthfeel even skiller.    • HU: Két különéeges új-zélandi komlóval (Rakau, Motueka) készítettük, amely mellé adtunk még egy kis laktózt is, hogy a kortyérzet még selymesebb legyen. "
4,6376334,LöWOLF Craft Beer Co.,Almost Hawaii,IPA - Milkshake,https://untappd.com/b/lowolf-craft-beer-co-almost-hawaii/6376334,6.2,21,3.72,250,08/14/25,"EN: Our favorite hop trio – Nectaron, El Dorado, and Sabro – brings the flavors of Hawaii to life (with no added fruit). The tropical character comes purely from exotic hops, expressive yeast, a hint of hibiscus, and a touch of lactose for that silky mouthfeel. One sip, and you're on island time.HU: Kedvenc komlótriónk – Nectaron, El Dorado és Sabro – ezúttal Hawaii ízeit idézi meg (gyümölcs hozzáadása nélkül). A trópusi karakterről csupán az egzotikus komlók, az élesztő, egy csipetnyi hibiszkusz, valamint a selymes kortyérzetről a laktóz gondoskodik. Egy korty, és máris a szigetekre repülsz. "
5,3379921,Zentus Craft Beer,Don't Try So Hard #2,IPA - Milkshake,https://untappd.com/b/zentus-craft-beer-don-t-try-so-hard-2/3379921,7.0,N/A,3.7,201,08/12/19,"Apricot Milkshake IPAwater, barley malt, flaked oats, 100 kg home-grow apricot, hops (Galaxy, Mosaic, Citra), lactose, yeast, "
6,6312986,UGAR Brewery,Trailer #039 - Melon Mirage,IPA - Milkshake,https://untappd.com/b/ugar-brewery-trailer-039-melon-mirage/6312986,7.9,N/A,3.69,221,06/21/25,Milkshake NEIPA with Galaxy Spectrum and Nectaron hops and added cantaloupes and vanilla. 
7,2928586,Mad Scientist,Goodbye Moonmen,IPA - Milkshake,https://untappd.com/b/mad-scientist-goodbye-moonmen/2928586,5.8,N/A,3.68,282,11/06/18,Banana cheesecake pale ale to be exact. Enjoy.  
8,2720725,Mad Scientist,Chill Haze,IPA - Milkshake,https://untappd.com/b/mad-scientist-chill-haze/2720725,7.0,N/A,3.68,1294,06/27/18,"Passion Fruit Smoothie IPAThe first batch has been 5,3% back in the June of 2018, now we added a little bit of more magic to push the abv up to 7% for the 2nd batch during the December of 2020. Cheers! "
9,4832405,Viharsarok Sörfőzde,Túrós Batyu,IPA - Milkshake,https://untappd.com/b/viharsarok-sorfozde-turos-batyu/4832405,6.0,N/A,3.67,153,05/07/22,"Képzeld el, ahogyan kora reggel egy pékség előtt sétálva a frissen sült túrós batyu tejszínes, lágy és édes illata hívogat. Ez a Viharsarok túrós batyu Milkshake IPA első kortya, melyben a krémesen komlós ízek dominálnak és együtt kerekednek le, hogy a valódi vaníliával a bársonyos túrós batyu hamisítatlan ízét adják. "
10,5220335,LöWOLF Craft Beer Co.,Seagull Coast,IPA - Milkshake,https://untappd.com/b/lowolf-craft-beer-co-seagull-coast/5220335,5.8,31,3.65,260,02/02/23,DDH Milkshake HAZY IPA. 
11,4841251,HopTop Brewery,Tropical Swinger Club Milkshake,IPA - Milkshake,https://untappd.com/b/hoptop-brewery-tropical-swinger-club-milkshake/4841251,5.0,10,3.57,1841,05/14/22,"The 2022 version of the HopTop classical flagship Fruit IPA. Tropical fruits, lactose, kveik. So fruity! "
12,3884973,Reketye Brewing Co.,Lotus,IPA - Milkshake,https://untappd.com/b/reketye-brewing-co-lotus/3884973,6.5,90,3.57,395,07/23/20, 
13,4243386,Viharsarok Sörfőzde,EGGNOG,IPA - Milkshake,https://untappd.com/b/viharsarok-sorfozde-eggnog-viharsarok-and-one-beer-collab/4243386,6.3,N/A,3.56,352,03/29/21,"Ez a sörünk a Viharsarok & One Beer közös ötletéből született. Az autentikus tojáslikőr inspirálta fűszereket (vanília, fahéj, szerecsendió, kardamom, szegfűszeg) bátran egészítettük ki némi komlókeserűséggel. A kveik élesztő a számára megfelelő extrém magas, szinte már forrónak számító 40°C-os erjesztési hőmérsékleten elképesztő gyümölcsösséget eredményezett. A krémes textúráért elsősorban a nagy mennyiségű zabpehely és zabmaláta felel. A laktóz telt szájérzetet, édes ízeket hoz, ami jól működik a természetes vanília kivonattal.Az eggnog gyakran citrom- vagy narancshéjjal szórt, ez inspirálta a hidegoldali komlózást, ami egyúttal ködös, dzsúzos megjelenést is kölcsönöz a sörnek. "
14,3325580,Zip's Brewhouse,69,IPA - Milkshake,https://untappd.com/b/zip-s-brewhouse-69/3325580,6.0,28,3.54,228,07/11/19,Szőlőmust hozzáadásával készült világos sör. 
15,3068050,Hedon,Uncle John,IPA - Milkshake,https://untappd.com/b/hedon-uncle-john/3068050,7.3,61,3.47,606,02/05/19, 
16,5451682,HopTop Brewery,Funky Munky,IPA - Milkshake,https://untappd.com/b/hoptop-brewery-funky-munky/5451682,4.6,N/A,3.44,296,07/20/23,"HopTop Brewery (Budapest, Hungary) & CraftCentral.ie (Dublin, Ireland) collab brew.Smooth and fruity Apricot lactose-free milkshake IPA with a creamy mouthfeel.A real flavour bomb based on a light IPA. The taste is dominated by the fruitiness of apricots, but it does not lose its true IPA character. Its real specialty is that despite being a milkshake IPA, it is LACTOSE FREE, as it gets its silkiness from almond milk and its sweet undertone from vanilla!Tropical flavours balanced with a mild bitterness, extra juicy, rounded off with a creamy, soft and velvety mouthfeel that reminds of a milkshake.Take a sip and enjoy! "
17,3938223,HopTop Brewery,Take A Shake,IPA - Milkshake,https://untappd.com/b/hoptop-brewery-take-a-shake/3938223,4.0,N/A,3.29,977,08/28/20,Strawberry-coconut milkshake IPA. The aroma of strawberry and coconut is enhanced by the sweetness of lactose in the beer. The dry-hopping process with Sabro completes the taste perfectly.Epres kókuszos milkshake IPA. Az eper és a kókusz aromáját a laktóz édessége emeli ki a sörből. A hozzáadott Sabro hidegkomló teszi teljessé az ízvilágot. 
0,5687612,Brew Your Mind,Steep Dreaming,IPA - New England / Hazy,https://untappd.com/b/brew-your-mind-steep-dreaming/5687612,7.0,N/A,4.11,1225,01/21/24,Hazy IPA Citra és Riwaka komlóval. A Keep Dreaming sörünk dupla ipa szinten komlózott változata. 
1,6082610,Brew Your Mind,Rising Fall,IPA - New England / Hazy,https://untappd.com/b/brew-your-mind-rising-fall/6082610,7.0,70,4.06,801,12/04/24,"Crafted with Peacharine hops a standout New Zealand variety that recently made its debut. We believe Peacharine has incredible potential, bringing a unique profile to this IPA. "
2,5623403,Brew Your Mind,Human Experiment FORTY,IPA - New England / Hazy,https://untappd.com/b/brew-your-mind-human-experiment-forty/5623403,7.0,N/A,4.04,320,11/28/23,"Kísérleti sorozatunk tagja, melyben egy új-zélandi komlót a Peacharine-t használtuk. "
3,5586510,Brew Your Mind,Blue Echo,IPA - New England / Hazy,https://untappd.com/b/brew-your-mind-blue-echo/5586510,6.7,N/A,4.03,1228,10/30/23,Hazy IPA Citra és Motueka komlóval. A Green Echo könnyedebb változata. 
4,4616393,Reketye Brewing Co.,Le Tits Forever,IPA - New England / Hazy,https://untappd.com/b/reketye-brewing-co-le-tits-forever/4616393,8.3,N/A,4.0,738,11/29/21,"A nagysikerű LE TITS NOW folytatása, Med Scientist re-kollab.Sokak kedvenc The Bruce komlós neipája most LE TITS FOREVER néven újra lázba hozza a várost, (a Bolygót!) Teste sűrű és mégis játszi könnyedséggel csúszik le, miközben a komlók orgiája miatt elpirulsz, és egy kicsit szégyeneld magad, mert túl hevesen reagált a tested. "
5,5944739,Brew Your Mind,Nexion,IPA - New England / Hazy,https://untappd.com/b/brew-your-mind-nexion/5944739,7.0,N/A,3.99,261,08/13/24,"Mckenzie, Simcoe, Cascade és Citra komlókkal készült hazy IPA, melyet az egyik jól bevált élesztő kombinációnkkal készítettünk el szekszárdi főzdénkben. "
6,2463379,Brew Your Mind,Bright Lies,IPA - New England / Hazy,https://untappd.com/b/brew-your-mind-bright-lies/2463379,6.5,N/A,3.99,6293,01/06/18,"New England inspired IPA with lots of oat malt, extra pale malt, citra and mosaic hops. "
7,5687246,Brew Your Mind,Human Experiment FORTY TWO,IPA - New England / Hazy,https://untappd.com/b/brew-your-mind-human-experiment-forty-two/5687246,7.0,N/A,3.97,256,01/21/24,"Kísérleti sorozatunk legújabb tagja, melyben 4 féle komlót használtunk (Citra, Mosaic, Simcoe, Nelson Sauvin). A sör alapja ugyanaz, mint a Human Experiment FORTY-nak. "
8,5917496,Brew Your Mind,Summer Nectar,IPA - New England / Hazy,https://untappd.com/b/brew-your-mind-summer-nectar/5917496,6.0,N/A,3.96,1421,07/22/24,Nectaron és Citra komlóval komlózott DDH IPA. 
9,6254105,Brew Your Mind,Bright Lies - Riwaka,IPA - New England / Hazy,https://untappd.com/b/brew-your-mind-bright-lies-riwaka/6254105,6.5,N/A,3.95,443,05/05/25,"Szalmasárga színű szűretlen IPA sörünk citra és mosaic komlóval, melybe ezúttal Riwaka Amplifire komlókivonat is került hidegkomlózáskor. "
10,4947922,Brew Your Mind,Trusted Friend,IPA - New England / Hazy,https://untappd.com/b/brew-your-mind-trusted-friend/4947922,7.0,N/A,3.94,592,07/25/22,Hazy IPA Citra és Strata komlóval. 
11,5917493,Brew Your Mind,Human Experiment FORTY SIX,IPA - New England / Hazy,https://untappd.com/b/brew-your-mind-human-experiment-forty-six/5917493,6.0,N/A,3.94,220,07/22/24,"Hazy IPA melyben Citra-t és Magyarországon termelt (Nugget, Comet és Cascade) komlót használtunk. A Human Experiment sorozat új címkéin számunkra kedves alkotásokat mutatunk be. "
12,3650620,Mad Scientist,Le Tits Now,IPA - New England / Hazy,https://untappd.com/b/mad-scientist-le-tits-now/3650620,8.3,N/A,3.93,1089,01/31/20,"A collab with our friend Zoli of Reketye Brewing, brewed with ""The Bruce"" by Freestyle Hops "
13,5428889,Brew Your Mind,Simple Memories,IPA - New England / Hazy,https://untappd.com/b/brew-your-mind-simple-memories/5428889,6.0,N/A,3.93,1346,07/03/23,Ebben a söritalban kedvenc komlóinkat (Citra és Nelson) helyezzük előtérbe egyszerű maláta profil mellett. Only Memories IPA sörünk könnyedebb verziója. 
14,6014038,Brew Your Mind,Mátra Riesling Grape - 2024,IPA - New England / Hazy,https://untappd.com/b/brew-your-mind-matra-riesling-grape-2024/6014038,7.0,N/A,3.92,284,10/09/24,"Major Levente abasári borász barátunk 2024-as bio Olaszrizling szőlőmustjával együtt erjesztett hazy IPA amerikai és új-zélandi komlókkal.7% 0,44l "
15,6356516,Brew Your Mind,Original Kitty,IPA - New England / Hazy,https://untappd.com/b/brew-your-mind-original-kitty/6356516,6.7,N/A,3.92,272,07/28/25,"A szegedi Cirmi Gastropub 10. szülinapjára készült sörital. Simcoe, Mosaic és Motueka komlókkal. Közös recept Ábrahám Máté barátunkkal. "
16,6680407,Brew Your Mind,Cashmore,IPA - New England / Hazy,https://untappd.com/b/brew-your-mind-cashmore/6680407,6.5,N/A,3.91,392,04/20/26,"Legújabb hazy IPA sörünk gazdag, zabmalátás alapra épül, amely telt kortyérzetet biztosít. Hidegkomlózásához a Citra mellett Magyarországon, Tamásiban termesztett Cashmere komlót használtunk. "
17,6211540,Brew Your Mind,Human Experiment FIFTY FOUR,IPA - New England / Hazy,https://untappd.com/b/brew-your-mind-human-experiment-fifty-four/6211540,6.8,N/A,3.91,258,04/01/25,"Kísérleti sorozatunk ezen tagjában Vista, Mosaic és Nelson komlóthasználtunk egyszerű malátaprofil mellett (lager maláta + búzapehely),és egy semleges ízprofilú élesztővel erjesztettük.A címkén ezúttal Drabik Tamás @drabiktamas  ""Árnyék-Alak"" című alkotása szerepel. "
18,6331272,Brew Your Mind,HUNiverzum,IPA - New England / Hazy,https://untappd.com/b/brew-your-mind-huniverzum/6331272,5.8,N/A,3.91,461,07/07/25,"Közös projektünk a cseh Falkon-nal egy zab- és rozsmalátával főzött nem túl erős, de tartalmas IPA, melyet izgalmas cseh komlókkal is hidegkomlóztunk (duplán). 8 évvel ezelőtt főztünk Csehországban egy Univerzum nevű IPA-t velük, a névválasztás innen adta magát. :) "
19,5970048,Brew Your Mind,Bright Lies Summer Edition,IPA - New England / Hazy,https://untappd.com/b/brew-your-mind-bright-lies-summer-edition/5970048,5.5,N/A,3.9,260,09/03/24, 
20,6366646,Gravity Brewing,Perihelion: Rakau - DDH Hazy IPA,IPA - New England / Hazy,https://untappd.com/b/gravity-brewing-perihelion-rakau-ddh-hazy-ipa/6366646,7.0,41,3.89,156,08/06/25,"After Nebula and Cosmic Dust, we're launching a brand new hazy series: Perihelion is a bolder, higher-ABV lineup where each release puts the spotlight on a single standout hop.The first in the series features Rakau, which brings huge aromas of red plum and ripe apricot. This rich orchard fruit base is reinforced with the classic notes of Citra and Simcoe, adding juicy mango and zesty yuzu to the mix. "
21,5341637,Szent András Sörfőzde,TesztAndrás Beta.36,IPA - New England / Hazy,https://untappd.com/b/szent-andras-sorfozde-tesztandras-beta-36/5341637,7.0,55,3.89,277,05/02/23,"Hazánk első forralás nélkül készült kisüzemi hazy raw IPÁ-ja kirívó fehérjetartalommal és koncentrált komlózással olyannyira népszerű lett, hogy elkészítettük ennek valódi mangóval és habanero paprikával felturbózott változatát. Az eredmény magáért beszél. A Beta.36 egy szemtelenül testes, igazán krémes ízorgia, ami a mangó és a komlók trópusi gyümölcsös jegyeivel kápráztat el. A habanero pedig segít a korty lecsengésében, ezzel maradandóvá téve az amúgy is különleges sörélményt. "
22,5402471,UGAR Brewery,Trailer #014 - Summer Juice,IPA - New England / Hazy,https://untappd.com/b/ugar-brewery-trailer-014-summer-juice/5402471,6.8,N/A,3.88,248,06/15/23, 
23,4062115,Hajnali Sörfőzők,Dreaming of Clouds,IPA - New England / Hazy,https://untappd.com/b/hajnali-sorfozok-dreaming-of-clouds/4062115,6.0,9,3.87,1064,11/20/20, 
24,3291842,Zentus Craft Beer,Too Many PLAYERS On The Ice,IPA - New England / Hazy,https://untappd.com/b/zentus-craft-beer-too-many-players-on-the-ice/3291842,6.5,70,3.87,448,06/21/19,"Too Many PLAYERS On The Ice    TDH NEIPA - Zentus x KEG SörmüvhàzHeadbrewer: Dàniel KissRecipe: KEG Crew (Àron Donàth, Dàniel Incze)                     Triple Dry-Hopped New England motivated IPA------------------------------------------------------Összetevők: ivóvíz, árpamaláta, búzapehely,zabpehely, komló, sörélesztőIngredients: water, barley malt, flaked wheat,flaked oats, hops, yeast.Hops: Callista, El Dorado, Azacca,Mosaic LupuLN2, Warrior, Amarillo "
25,6437918,Brew Your Mind,Mátra Riesling Grape - 2025,IPA - New England / Hazy,https://untappd.com/b/brew-your-mind-matra-riesling-grape-2025/6437918,7.0,N/A,3.86,330,10/06/25,Major Levente abasári borász barátunk 2025-ös bio Olaszrizling szőlőmustjával együtt erjesztett hazy IPA amerikai és új-zélandi komlókkal. 
26,4146278,Fehér Nyúl,CityZen,IPA - New England / Hazy,https://untappd.com/b/feher-nyul-cityzen/4146278,5.6,N/A,3.86,354,01/18/21,"Trópusi gyümölcsök ízei jelennek meg ebben a kifejezetten selymes NEIPA-ban, amiért a Cryo Simcoe - Citra – Amarillo triumvirátusa a felelős. Tropical fruits’ flavors appear in this especially silky NEIPA, for which the triumvirate of Cryo Simcoe – Citra – Amarillo is responsible.Címke szöveg: Mi a harmónia?Eme doboz polgárainak, a citrusos és gyümölcsös komlók aromantikus együttélése. Ez az élet nem keserű! "
27,3484718,Brew Your Mind,Where Is My Galaxy?,IPA - New England / Hazy,https://untappd.com/b/brew-your-mind-where-is-my-galaxy/3484718,6.5,N/A,3.86,527,10/17/19, 
28,6255375,HORIZONT Brewing,Selfish Games - Skybreaker,IPA - New England / Hazy,https://untappd.com/b/horizont-brewing-selfish-games-skybreaker/6255375,6.0,N/A,3.85,1323,05/07/25,"Megszokott minőségű Horizont NE IPA nem megszokott komlóprofillal, hiszen kizárólag új-zélandi szüretelésű Superdelic, Nectaron és Cascade komlókat használtunk ehhez a sörünkhöz. Az eredmény egy szuper ködös, szuper gyümölcsös, szuper friss New England IPA lett, az új kedvencünk. Horizont’s usual high-quality NEIPA with an unusual twist – this time, we used only New Zealand-grown hops: Superdelic, Nectaron, and Cascade. The result is a super hazy, super fruity, super fresh New England IPA – our new favorite. "
29,4318324,Hajnali Sörfőzők,Aurora,IPA - New England / Hazy,https://untappd.com/b/hajnali-sorfozok-aurora/4318324,6.5,N/A,3.85,234,05/18/21,"Amikor tudod, hogy a vad és kíméletlenéjszaka elragad, ne feledd,a hajnali istennője az, ki megragad!(Mert az éj sötét és tele van iszonyattal.) "
30,4212989,Hajnali Sörfőzők,Fogra39,IPA - New England / Hazy,https://untappd.com/b/hajnali-sorfozok-fogra39/4212989,6.0,N/A,3.85,596,03/09/21,"Egy kóstoló a Paradicsom mérgéből, melynek már most függője vagy, így már te is  toxikus lettél. "
31,3997939,FIRST Craft Beer,Sup Bro,IPA - New England / Hazy,https://untappd.com/b/first-craft-beer-sup-bro/3997939,6.8,58,3.85,318,10/08/20,"Ellenálhatatlan, eddig ismeretlen illatokat és ízeket kínál 'Sup Bro, idei Single Hop NEIPA-nk. Az alig két éve kitenyésztett, máig főleg kísérleti komlóként ismert Sabrot használtuk New England IPA-nk egyetlen komlójaként, hogy a rá jellemző, máshoz szinte nem is hasonlítatható aromákkal töltsük fel szaglószerveinket. Elsősorban mandarinos, enyhén kókuszos, nyomokban fenyős jegyekre számíthatunk - rá is játszottunk, hiszen DDH IPA-ként közel 24 gramm / liter komlózásával egy igazi IPA-bombát kaptunk. "
32,3860609,Fehér Nyúl,Hyperblast,IPA - New England / Hazy,https://untappd.com/b/feher-nyul-hyperblast/3860609,6.2,25,3.85,321,07/06/20,"DDH NEIPA Tudod milyen az, amikor nem elég? Amikor még több komlóra és még több malátára vágysz! Az első korty után jön a robbanás! "
33,5926325,Brew Your Mind,Peach Please... 2024 Summer Edition,IPA - New England / Hazy,https://untappd.com/b/brew-your-mind-peach-please-2024-summer-edition/5926325,5.5,N/A,3.84,180,07/29/24,Peach Please... IPA sörünk 1%-al könnyedebb verziója. 
34,6637873,Unity Bar & Brewery,Another Hazy Day #16,IPA - New England / Hazy,https://untappd.com/b/unity-bar-and-brewery-another-hazy-day-16/6637873,5.5,40,3.84,197,03/17/26,"Hazy IPA sorozatunk új tagja.Felhasznált komlók: Nelson Sauvin, Simcoe.Aromájában tórpusi gyümis, citrusos, vágott füves, kenderes jegyek uralkodnak. Juicy mégis ivós. "
35,6472675,Gravity Brewing,Cosmic Dust: Riwaka - Thiolized IPA,IPA - New England / Hazy,https://untappd.com/b/gravity-brewing-cosmic-dust-riwaka-thiolized-ipa/6472675,5.0,31,3.84,165,10/30/25,"The newest incarnation of Cosmic Dust is here! This brew combines the transformative power of IRC7 yeasts with a selection of New Zealand Riwaka hops and the Mega Terps blend.Cosmic Dust: Riwaka unites the vinous notes of Marlborough Sauvignon Blanc grapes with classic New Zealand hop character. Replacing the previous version's Nelson Sauvin and Motueka, fresh Riwaka hops and the Mega Terps blend are the new focus. Mega Terps is a purpose-built, thiol-rich blend of Southern Cross, Motueka, and Rakau hops. These headline varietals combine with a big dose of mash hops and Phantasm precursors to unlock maximum rich tropical aromas across the brewing process.The result is an almost magical blend of typical New Zealand hop character: lime zest, wildflower blossoms, sweet nectarine. All this, along with the rich thiol complexity of Sauvignon Blanc grapes, freshly cut grass, and ripe, floral guava. "
36,5066584,Mad Scientist,QDH Madhouse,IPA - New England / Hazy,https://untappd.com/b/mad-scientist-qdh-madhouse/5066584,6.1,N/A,3.84,1026,10/14/22,After MADHOUSE and DDH MADHOUSE we're presenting QDH MADHOUSE for the 2nd birthday of Madhouse Budapest Craft Beer Bar & Bistro! 
37,6186306,HORIZONT Brewing,Hazy Queen - Superdelic Edition,IPA - New England / Hazy,https://untappd.com/b/horizont-brewing-hazy-queen-superdelic-edition/6186306,6.0,N/A,3.84,501,03/10/25,"A Hazy Queen egy különleges csavarral!A megszokott komlók mellett beletettünk egy szép adag Superdelic-et is, ettől még gyümölcsösebb, még zamatosabb lett az egész. Hazy Queen with a special twist! Besides the hops we always add to our flagship beer, we decided to try it with a nice amount of Superdelic hops. Thus the fruitier and even tastier version! "
38,5979349,Reketye Brewing Co.,Hop Nebula,IPA - New England / Hazy,https://untappd.com/b/reketye-brewing-co-hop-nebula/5979349,7.0,35,3.83,175,09/11/24,27gr/liter nelson sauvin selected lot. Integalactic birthday ipa brewed for the 10th anniversary 
39,6536378,UGAR Brewery,Trailer #045 - MAJESTIC FUSION,IPA - New England / Hazy,https://untappd.com/b/ugar-brewery-trailer-045-majestic-fusion/6536378,8.0,N/A,3.83,259,12/18/25,"DOUBLE NEW ENGLAND IPAHops: nectaron, mosaic, nectaron cryo "
40,4577064,UGAR Brewery,Trailer #001 - The Golden One,IPA - New England / Hazy,https://untappd.com/b/ugar-brewery-trailer-001-the-golden-one/4577064,7.4,N/A,3.83,241,11/03/21, 
41,6389485,HORIZONT Brewing,Tales From Canada,IPA - New England / Hazy,https://untappd.com/b/horizont-brewing-tales-from-canada/6389485,6.0,N/A,3.83,653,08/25/25,"Egy Hazy IPA, ami egyszerre repít el Kanadába, Új-Zélandra és Budapestre.Nelson Sauvin szőlős-gyümölcsös eleganciája, Superdelic trópusi csavara és Citra örök citrusossága húzza a fő vonalat – mi pedig rátettünk még egy lapáttal. Hátizsáknyi kanadai élmény, pár elcsent trükk, és annyi komló, amit józan ésszel már nem lehetne indokolni (nem is próbáltuk).-A Hazy IPA that takes you to Canada, New Zealand and Budapest in one sip?Nelson Sauvin brings the grape-and-fruit elegance, Superdelic adds a tropical twist, and Citra lays down that juicy citrus punch – and then we just kept going.A backpack full of Canadian experiences, a few borrowed tricks, and more hops than common sense would allow (not that we ever tried to stop). "
42,4845258,UGAR Brewery,Trailer #005 - Quintesszencia,IPA - New England / Hazy,https://untappd.com/b/ugar-brewery-trailer-005-quintesszencia/4845258,6.9,N/A,3.83,211,05/17/22, 
43,5558875,UGAR Brewery,Trailer #016 - Passion For Dank,IPA - New England / Hazy,https://untappd.com/b/ugar-brewery-trailer-016-passion-for-dank/5558875,5.6,N/A,3.83,255,10/09/23, 
44,4958360,UGAR Brewery,Trailer #006 - Sex On The Puszta,IPA - New England / Hazy,https://untappd.com/b/ugar-brewery-trailer-006-sex-on-the-puszta/4958360,6.6,N/A,3.83,279,08/01/22, 
45,5052352,Szent András Sörfőzde,TesztAndrás Beta.30,IPA - New England / Hazy,https://untappd.com/b/szent-andras-sorfozde-tesztandras-beta-30/5052352,7.0,56,3.83,242,10/04/22,"Hazánk első forralás nélkül készült kisüzemi hazy raw IPÁ-ja, kirívó fehérjetartalommal, koncentrált Citra Lupomax és Galaxy komlózással. Egy új komlófeldolgozási technikájának köszönhetően a Lupomax komlótobozokat a feldolgozás során nem csak ledarálják és összepréselik, de a zöld növényi részek jelentős részét leválasztják a komló terméséről, hiszen azok nem tartalmaznak lupulint, illóolajokat, alfa-savakat és semmi egyéb aromáért felelős anyagot. A pelletek mérete és súlya nem változik, de az aromáért felelős anyagok - főleg a lupulin - koncentrációja jelentősen megnő. Így lesz a Beta.30 egy szemtelenül testes, igazán krémes, trópusi gyümölcsös jegyeket kidomborító hazy IPA, a modern komlók elsöprő erejével. "
46,5697140,UGAR Brewery,Trailer #018 - Cryo Heaven,IPA - New England / Hazy,https://untappd.com/b/ugar-brewery-trailer-018-cryo-heaven/5697140,7.5,N/A,3.82,286,01/31/24,"In the land of UGAR Brewery, where the Trailer rivers flow,A brewer's art, a tale to bestow.Number #18 a crafty concoction, a hoppy delight,A symphony of flavors, a beer lover's flight.Cryo hops lured us to into a dance to embrace,The frozen essence to be released, for every hophead's grace.Bursting with tropical notes, like a sunlit shore,A New England IPA, with all the lupulin we adore. "
47,5976517,UGAR Brewery,Trailer #25 - A New Dawn Rises,IPA - New England / Hazy,https://untappd.com/b/ugar-brewery-trailer-25-a-new-dawn-rises/5976517,7.2,N/A,3.82,291,09/08/24,"A TRAILER sorozat következő tagja nagyrészt új-zélandi komlókkal készült. A sör három különleges komlófajtával lett komlózva, amelyek intenzív trópusi aromákat adnak a sörnek. A Cryo Mosaic komló különösen intenzív mangó- és citrusaromát ad, míg a Nectaron és a Superdelic komló is hozzájárul a sör komplex és gazdag ízvilágához. Az új  Pomona (A fán termő gyümölcsök istennője)  élesztő teszi igazán különlegessé, krémes textúrát és a gazdag, trópusi aromákat kölcsönöz a sörnek. "
48,5121058,HORIZONT Brewing,Traveling Monkey Time Warp,IPA - New England / Hazy,https://untappd.com/b/horizont-brewing-traveling-monkey-time-warp/5121058,7.0,N/A,3.82,1194,11/17/22,"A norvég Monkey Brew főzdével együttműködésben készült NEIPA, melyhez a Yakima Chief Cryo Pop nevű komlóját használtuk fel. A fenntarthatóság és technológiai újítás jegyében fejlesztett komló masszív virágos, gyümölcsös ízvilágot ad a sörnek. Brewed with our friends from Monkey Brew (Norway), we used Yakima Chief's high-end hops, Cryo Pop for this citrusy, fruity NEIPA.   "
49,6083490,UGAR Brewery,Trailer #028 Juicy Bombs,IPA - New England / Hazy,https://untappd.com/b/ugar-brewery-trailer-028-juicy-bombs/6083490,7.0,N/A,3.82,271,12/05/24,"NEIPA Pomona élesztővel, Cryo Pop, Strata, Krush és Nectaron komlókkal.  "
0,6531895,Brewing Vibes Brewery,Baby On Board,IPA - New Zealand,https://untappd.com/b/brewing-vibes-brewery-baby-on-board/6531895,7.2,N/A,3.8,248,12/14/25,"Rakau, Riwaka, Motueka Cryo "
1,6101669,UGAR Brewery,Post Holiday Blues,IPA - New Zealand,https://untappd.com/b/ugar-brewery-post-holiday-blues/6101669,5.2,N/A,3.74,168,12/20/24, 
2,5956855,SIMA brewing,Superdelicious,IPA - New Zealand,https://untappd.com/b/sima-brewing-superdelicious/5956855,6.7,N/A,3.73,293,08/23/24,"Szuperfinom lédús gyümölcslé, nevéhez hűen az új-zélandi Superdelic komlóra kihegyezve, melyet a szintén új-zélandi Riwaka és Nelson Sauvin komlók támogatnak, hogy igazán kerek legyen az összkép. "
3,3585092,Dealbreaker,Thorazine Sunrise,IPA - New Zealand,https://untappd.com/b/dealbreaker-thorazine-sunrise/3585092,6.3,35,3.67,306,12/18/19,"6.3% New Zealand IPA dry-hopped with KohatuA tropical fruitbomb hazy IPA orange in colour, bitter in taste, lime and pineapple in aroma with one of our favourite hops, Kohatu in the leading role.Music and beer are our universal languages. Thorazine Sunrise is an old friend coming home after long years on the road in a seriously remastered incarnation as a special guest and beer of Fekete Zaj festival. To make this whole cultural noise even deeper, it has to be noted that this strange name of our beer is a fictive album by a fictive band called the Nomatics from Jonathan Franzen' s novel, The Corrections. Plot twist? He actually gave us the permissions to the name back in 2015, when the original batch was released.Ingredients: water, barley malts, hops (Chinook, Wai-iti, Kohatu), yeast "
0,3668104,Brew Your Mind,Human Experiment Eight,IPA - Other,https://untappd.com/b/brew-your-mind-human-experiment-eight/3668104,7.1,N/A,3.79,151,02/11/20, 
1,5058556,Hajnali Sörfőzők,Triumphus,IPA - Other,https://untappd.com/b/hajnali-sorfozok-triumphus/5058556,6.5,N/A,3.74,162,10/08/22,DDH New age ipa 
2,6673828,HORIZONT Brewing,Hazy Queen - Kohia Nelson Edition,IPA - Other,https://untappd.com/b/horizont-brewing-hazy-queen-kohia-nelson-edition/6673828,6.0,N/A,3.73,172,04/16/26,"A Hazy Queen negyedik Special Edition-je új-zélandi Kohia Nelson komlóval érkezik, ami egy maracuja-alapú, trópusi karakterű blend. Nem harsány, inkább mélyen hozza a gyümölcsöket: maracuja, narancs, guava, egy kis pink grapefruit csavarral.Illatban érett, lédús aromák, kortyban selymes, ködös test és szépen rétegzett ízvilág. Nem gejl, nem túltolt – a lecsengés tiszta, enyhén száraz, határozott komlós jelenléttel.Gyümölcsös, elegáns és veszélyesen jól iható. Pont, amit egy Hazy Queentől vársz.-The fourth Hazy Queen Special Edition is brewed with New Zealand Kohia Nelson hops – a passion fruit-driven tropical blend that doesn’t shout, but goes deep: passion fruit, orange, guava, with a twist of pink grapefruit.On the nose: ripe, juicy aromatics. On the palate: smooth, hazy body with layered complexity. Not sweet, not over the top – finishes clean and slightly dry, with a firm hop character.Fruity, elegant, and dangerously drinkable. Exactly what you expect from a Hazy Queen. "
3,4534560,Hajnali Sörfőzők,SKÖLL,IPA - Other,https://untappd.com/b/hajnali-sorfozok-skoll/4534560,6.2,N/A,3.73,208,10/04/21, 
4,3197126,UGAR Brewery,Gray Matter,IPA - Other,https://untappd.com/b/ugar-brewery-gray-matter/3197126,7.2,65,3.72,1420,04/26/19,Earl Gray infused west coast IPA. 
5,6471830,UGAR Brewery,Spectrum - Vivid Hop Dream,IPA - Other,https://untappd.com/b/ugar-brewery-spectrum-vivid-hop-dream/6471830,5.6,N/A,3.72,200,10/29/25,"Northern Style IPA With Wet And Dry Hopshops: WET HOPS, MOSAIC "
6,6211612,HORIZONT Brewing,Selfish Games - Hops of the Damned,IPA - Other,https://untappd.com/b/horizont-brewing-selfish-games-hops-of-the-damned/6211612,6.2,N/A,3.72,899,04/01/25,"Ez a második InVitro-val közös kollabunk!Ismét egy West Coast IPA, mert szimplán imádjuk és szimplán jókat tudunk csinálni. Persze Tomi és Marci feltuningolták a komlókat egy kis NZ Cascade-del, Simcoe-val és Columbusszal. Így lett egy kellemesen fenyős, gyantás, kicsit füves ízvilágú sörike. Egészségedre!  "
7,4676454,InVitro Brewing,Drone,IPA - Other,https://untappd.com/b/invitro-brewing-drone/4676454,7.3,N/A,3.71,431,01/13/22,"Well rounded IPA combining American and Australian hops (citra, mosaic, galaxy), English yeast (Verdant) and malts from Holland and Germany (malted barley, oat, wheat and oat flakes).  "
8,3861570,Brewing Vibes Brewery,Ride the Vibes,IPA - Other,https://untappd.com/b/brewing-vibes-brewery-ride-the-vibes/3861570,6.5,N/A,3.7,364,07/07/20,"Columbus,Simcoe,GalaxyÉlesztőgomba módjára szaporodtak bennünk a gondolatok, az eredmény pedig egy trópusi gyümölcsös jegyekkel megáldott, fejleszakítós portéka lett. Lehet bármilyen napod, bármiféle élethelyzet, a vibe már az első szimat után garantáltan meglovagolja az elméd!  "
9,5641916,UGAR Brewery,Beers of Books - Budapest Noir,IPA - Other,https://untappd.com/b/ugar-brewery-beers-of-books-budapest-noir/5641916,6.7,N/A,3.7,202,12/13/23,Cascara infused west coast IPA 
10,3459686,Fehér Nyúl,Freyja,IPA - Other,https://untappd.com/b/feher-nyul-freyja/3459686,6.5,30,3.69,177,10/01/19,"Csak engedd, hogy Freyja átrepítsen a tűz és jég birodalmán és elfoglalhasd helyed Folkvangban.""Norse IPA"" kveik élesztővel "
11,6171920,UGAR Brewery,Trailer #033 - HOPPY SUNSET,IPA - Other,https://untappd.com/b/ugar-brewery-trailer-033-hoppy-sunset/6171920,4.8,N/A,3.68,267,02/26/25,"MODERN WEST COAST IPA WITH CARIBBEAN ORANGES AND BOTANICALSHops: mosaic hyperboost, simcoe cryo, citra "
12,4444635,Reketye Brewing Co.,Firestarter,IPA - Other,https://untappd.com/b/reketye-brewing-co-firestarter/4444635,6.2,N/A,3.67,231,08/05/21, 
13,6055384,Fehér Nyúl,Drink the Christmas Tree 2024,IPA - Other,https://untappd.com/b/feher-nyul-drink-the-christmas-tree-2024/6055384,6.7,N/A,3.66,457,11/11/24,"Frissen szüretelt ezüstfenyő hajtásokkal ízesítettük az idei Drink the Christmas Tree West Coast IPÁ-t a Chinook, Citra és Simcoe komlóhármas mellett. Igazi száraz gyantabomba, határozott keserűvel és intenzív fenyős illatfelhővel plusz ízzel. Fenyőfa kraftba zárva. We've put a pine tree into a West Coast IPA! You'd be thinking that we are talking nonsense. We would be, if we hadn't collected a big batch of fresh blue spruce needles. Check out this year's Drink the Christmas Tree, which adds a good dose of piney goodness to the expected hoppy resinousness of a West Coast IPA thanks to the Chinook, Citra, and Simcoe hops.  "
14,6438600,HORIZONT Brewing,Hop Me Baby,IPA - Other,https://untappd.com/b/horizont-brewing-hop-me-baby/6438600,5.5,N/A,3.66,518,10/07/25,"FRISSEN SZEDETT MAGYAR KOMLÓBÓL!Van az a nap az évben, amikor minden a komlóról szól. Kastélyosdombón épp szedték a friss magyar Chinookot, mi pedig már indítottuk is a hűtőkocsit. Pár órával később a főzőházban illatozott az egész, hogy a lehető legfrissebben mutassa meg, mire képes a magyar komló.A Chinook földes és gyantás, benne fűszer, citrus és egy adag nyári napfény. Hidegoldalon Centennial, Cascade és Columbus pellettel egészítettük ki, hogy az amerikai klasszikusok felvillantsák a citrusos oldalát.Egy frisskomlós IPA, ami egyszerre nyers, illatos és élő -  pont, mint egy séta a kastélyosdombói komlósorok között a szüret napján.-BREWED WITH FRESHLY PICKED HUNGARIAN HOPS!There’s that one day in the year when everything revolves around hops. In Kastélyosdombó, the fresh Hungarian Chinook was being harvested - and we already had the cold truck running. A few hours later, the whole brewhouse was filled with that green, living aroma, showing what Hungarian hops can really do when used fresh.The Chinook brings earthy and resinous notes with hints of spice, citrus, and a touch of summer sunshine. On the cold side, we added Centennial, Cascade, and Columbus pellets to let the American classics highlight the citrusy edge.A fresh hop IPA that’s raw, aromatic, and alive - like walking through the hop rows of Kastélyosdombó on harvest day. "
15,6628975,HORIZONT Brewing,Burning the Candle At Both Ends,IPA - Other,https://untappd.com/b/horizont-brewing-burning-the-candle-at-both-ends/6628975,6.0,53,3.65,344,03/10/26,"A Mad Scientist és mi is idén lettünk 10 évesek, ezért egy oda-vissza kollabbal ünneplünk. Mi egy West Coast IPA-t főztünk, ők egy New England IPA-t – a közös pont a magyar termesztésű Cashmere komló.A Cashmere mellé Chinook és Columbus került, így született egy citrusos, gyantás, határozottan komlóközpontú IPA ropogós keserűséggel és száraz lecsengéssel.Two breweries. Two styles. One shared milestone.Both Horizont Brewing and Mad Scientist turn 10 this year, so we celebrate with a cross-collab. This West Coast IPA features Hungarian-grown Cashmere with Chinook and Columbus for bright citrus, resinous hops, crisp bitterness and a clean finish. "
16,5111510,Fehér Nyúl,Drink the Christmas Tree 2022,IPA - Other,https://untappd.com/b/feher-nyul-drink-the-christmas-tree-2022/5111510,6.7,N/A,3.65,476,11/10/22,"Karácsonyi fenyős sörsorozatunk 2022-es tagja ismét egy IPA alapra épül, aminek ízesítéséért a már jól megszokott, frissen szedett fenyőágak mellett a Citra, Chinook és Simcoe komlóhármas és egy kis narancshéj, valamint fenyőkivonat felel!Our spruce infused Christmas ale line’s 2022 addition is once again based on an IPA. The flavor and aroma of this beer depends on the freshly picked blue spruce, Citra, Chinook and Simcoe hops, and a pinch of dried orange skin and a dash of spruce essence! "
17,6136118,HopTails Brewery,Triumvirate,IPA - Other,https://untappd.com/b/hoptails-brewery-triumvirate/6136118,7.0,N/A,3.65,179,01/23/25,"Etyek x HopTails x Reketye East Coast IPA (Nectaron, Denali) "
18,4973908,Fehér Nyúl,Kveik Thunder,IPA - Other,https://untappd.com/b/feher-nyul-kveik-thunder/4973908,8.2,10,3.65,204,08/12/22,"Ezt a kveik élesztővel erjedt, papayával és guavával ízesített hazy IPA-t a sörfőzőink nagy kedvence, a Trópusi Vihar című film ihlette!This kveik yeast fermented, papaya and guava infused hazy IPA was inspired by a favorite of our brewing team, the movie Tropic Thunder! "
19,6324918,HORIZONT Brewing,Ország Söre 2025,IPA - Other,https://untappd.com/b/horizont-brewing-orszag-sore-2025/6324918,6.0,N/A,3.65,407,07/02/25,"Az Ország Söre 2025 – Könnyed, friss, jól iható IPA Büszkék vagyunk rá, hogy a 2025-ös Ország Söre idén a Horizont Brewing falai között készült el! Ez a laza, könnyen iható IPA három karakteres komlóval – Superdelic, New Zealand Cascade és Columbus – főként Új-Zélandi eredetű fajtákkal készült, és egy igazán friss, üdítő sör született belőle, ami bármilyen alkalomra tökéletes választás.Mi is az Ország Söre?A Beerselection 2016 óta dolgozik azon, hogy minél többen megismerjék a minőségi sörök világát. Az Ország Söre ennek a küldetésnek az egyik legizgalmasabb része, ahol a sörfőzés közös élménnyé válik – hiszen minden évben a közönség dönt arról, milyen sör készüljön.Ti szavaztatok, mi lefőztük – egy könnyed, friss IPA készült a Horizontnál, szokás szerint a Maglódi úton, sörfőzőink szakértelmének és szenvedélyének köszönhetően.Az Ország Söre minden évben magyar kisüzemi főzdében készül – idén nagy öröm számunkra, hogy ezt a sört mi főzhettük meg nektek. Reméljük, hogy legalább annyira élvezitek, mint amennyire mi élveztük a készítését! "
20,6628893,Szent András Sörfőzde,Nyúlon Túl '26,IPA - Other,https://untappd.com/b/szent-andras-sorfozde-nyulon-tul-26/6628893,5.6,23,3.64,237,03/10/26,"A szentandrási nyúl egyenesen a trópusokról érkezett, de egy krémes Hazy IPA-t is magával hozott. A megbabonázóan ködös látványhoz élénk grapefruit és friss citrusok is csatlakoznak a még intenzívebb élményért.  Sörünkben a könnyed savasság, a zamatos gyümölcsösség és a komlók trópusi karakterei alkotnak teljes egészet. Locsolás után, helyett vagy mellé: ez a nyúl tényleg tudja.Maláták: pale, búzaKomlók: NectaronExtrakt (szárazanyagtartalom): 15,5 BEgyéb összetevők: grapefruit, bergamott "
21,5598755,Fehér Nyúl,Drink the Christmas Tree 2023,IPA - Other,https://untappd.com/b/feher-nyul-drink-the-christmas-tree-2023/5598755,6.7,N/A,3.64,546,11/09/23,"A luc és ezüstfenyővel ízesített Drink the Christmas Tree 2023 típusát tekintve West Coast IPA, amit Chinook, Citra és Simcoe komlóhármassal fűszereztünk a frissen szüretelt ágak mellett. Igazi száraz gyantabomba, határozott keserűvel és intenzív illatfelhővel.Drink the Christmas Tree 2023 is a true West Coast style IPA, hopped with Chinook, Citra and Simcoe varieties, and spiced with freshly sourced Norway and blue spruce. A true dry resin bomb, with solid bitterness and intense aroma cloud. "
22,5470473,HORIZONT Brewing,Selfish Games - Core Memory,IPA - Other,https://untappd.com/b/horizont-brewing-selfish-games-core-memory/5470473,6.2,16,3.63,632,08/03/23,"A Core Memory egy zamatos, ellenállhatatlanul gazdag kortyérzetű tétel. Ausztrál(Galaxy), német (Hallertau Blanc) és új-zélandi (Kohatu) komlókkal, ezek kombinációja komlóhangsúlyos de édeskés, citrusos, trópusi gyümölcsös ízvilágot kölcsönzött a sörnek. A különleges textúrát egy, az amerikai főzdékben ismert módon értük el, megdobtuk a sört egy adag almapürével. AZ ALMA ÍZE EGYÁLTALÁN NEM ÉRZŐDIK A SÖRBEN, ne is keressétek!We used Hallertau Blanc (Ger.), Galaxy(Aus.), and Kohatu hops(New Zealand). The base is an amazingly refreshing, aromatic IPA with citrus, pine and fruity notes! We added apple puree to the base and we got a super-juicy IPA, with incredible hoppiness and a rich, really tasty mouthfeel. NO, IT DOESN’T TASTE LIKE APPLES! "
23,4737311,RothBeer,Bakancslista #29 Saaz (CZ),IPA - Other,https://untappd.com/b/rothbeer-bakancslista-29-saaz-cz/4737311,6.5,N/A,3.63,161,03/03/22,"Ugyanaz a sör, ugyanaz a recept, mindig más komlóval. Ezúttal a klasszikus Saaz komlóra esett a választás, amely a pilzeni sörök elengedhetetlen összetevője. Vajon az IPA-nkban is megállja a helyét? "
24,4435240,Balkezes,Mélyvíz,IPA - Other,https://untappd.com/b/balkezes-melyviz/4435240,5.9,38,3.63,292,07/30/21,"kveik ale, single hop Mosaic, 37°C fokon erjesztve. ha stílust kell mondani valahol az IPA és a pale ale közt, mi strand IPA-ként hivatkozzuk, mert... ez egy jó sztori, csak hosszú lenne ide. Mosaic, tehát hozza a maga komplex ízvilágát és az IPA-hoz méltó keserűséget, a kveik élesztőből pedig ideális strandhőmérsékleten dolgoztatva kinyertünk némi extra gyümölcsöt és frissítő fanyarságot. hidegen az igazi.címke fotó: Palatinus Strandfürdő, Budapest (1939); forrás: Fortepan / Fortepan//kveik ale, single hop Mosaic, fermented at 37°C. if we need to name a style it is somewhere between a pale ale and an IPA, we refer to it as strand IPA (strand stands for open-air bath in Hungary). Mosaic, so it comes with a complex flavour profile and can nicely contribute to the IPA's bitterness. and we got some fruits and refreshing tartness from the kveik yeast working at ideal summer day temperature. we recommend drinking it colder than usual.label photo: Palatinus bath, Budapest (1939); source: Fortepan / Fortepan  "
25,6503566,Mad Scientist,The Matrix - BLUE PILL,IPA - Other,https://untappd.com/b/mad-scientist-the-matrix-blue-pill/6503566,7.0,N/A,3.61,771,11/23/25,"The Matrix - BLUE PILL Tea Infused West Coast IPA""This is your last chance. After this, there is no turning back. You take the blue pill - the story ends, you wake up in your bed and believe whatever you want to believe. You take the red pill - you stay in Wonderland and I show you how deep the rabbit hole goes."" "
26,6680781,Fehér Nyúl,One Makes You Small,IPA - Other,https://untappd.com/b/feher-nyul-one-makes-you-small/6680781,6.5,N/A,3.61,255,04/21/26,"""One pill makes you largerAnd one pill makes you small""Fogtuk a prágai Sibeeria zászlóshajóját, a Lollihopot, és csavartunk rajta egyet. Az ausztrál Erebusszal való hidegkomlózás és a Spectrum Mosaic készítmény használata mind-mind a maximális West Coast IPA-élményt szolgálja!We took Lollihop, the flagship beer from Prague's Sibeeria, and gave it a unique twist. The combination of dry-hopping with Australian Erebus hops and the use of Spectrum Mosaic extract is all designed to deliver the ultimate West Coast IPA experience! "
27,6487718,Fehér Nyúl,Drink the Christmas Tree 2025,IPA - Other,https://untappd.com/b/feher-nyul-drink-the-christmas-tree-2025/6487718,6.7,N/A,3.61,408,11/10/25,"Hát nem belefőztük idén is a karácsonyfát a sörbe!? A csibész mindenünket! Ment a fenyőhajtásokból bőven a főzetbe. Zöldellik még a címke is ezúttal, mert hát a frissesség került ismét a fókuszba, és hát fő a változatosság főleg a mi házunk táján. Azért maradt vörös címkés retro kiadás is.Didn’t we go and brew the Christmas tree into the beer again this year!? The rascal, every bit of it! Plenty of spruce needles went into the brew. Even the label turned green this time, since freshness was once again the focus — and, well, variety is the spice of life, especially around here. Still, there’s a red-label retro edition left, too. "
28,2280320,Reketye Brewing Co.,Peach Ale,IPA - Other,https://untappd.com/b/reketye-brewing-co-peach-ale/2280320,6.5,N/A,3.6,159,09/07/17,Fruit Ale 
29,3549163,Dimbo Lab,Wine Flu,IPA - Other,https://untappd.com/b/dimbo-lab-wine-flu/3549163,7.5,N/A,3.6,184,11/25/19,A slightly sour IPA fermented with riesling must and double dry hopped with nelson sauvin and amarillo. It's not an American IPA neither a sour one and definitely not a farmhouse. 
30,5360178,Fehér Nyúl,Mixtape,IPA - Other,https://untappd.com/b/feher-nyul-mixtape/5360178,4.6,N/A,3.59,361,05/16/23,"Banános, vaníliás Session Pastry NEIPA. Elképesztő mennyiségű banánpüré, valódi vanília és Sabro komló dolgozik össze azért, hogy egy igazi, trópusi gyümölcsös koktélsört kortyolgathass! Banana-vanilla Session Pastry NEIPA. An amazing amount of banana purée, real vanilla and Sabro hops work together so that you cansip a tropical fruit cocktail in beer form! "
31,2426125,Superside Brewery,Fruitside,IPA - Other,https://untappd.com/b/yeast-side-fruitside/2426125,7.0,29,3.57,304,12/11/17, 
32,5936811,FIRST Craft Beer,Festival Hippie 2024,IPA - Other,https://untappd.com/b/first-craft-beer-festival-hippie-2024/5936811,5.0,35,3.56,351,08/06/24,"Mi más esne jól a kraftsört szomjazóknak, mint egy frissítő, illatos, full gyümölcsös ízvilágú IPA – ami a FIRST, a SPAR és a Belvárosi Sörfesztivál közönségének hármas kollaborációjából született?Idei főzetünk ezúttal is a közönségszavazatok alapján született – édes teher meghajolni az ilyen sörszakértő népakarat előtt, így idén ködös, dzsúszos IPA-nk a citrusos ízeket és illatokat emeli ki. Ötféle komlóval készült, mégis könnyed sörünk ugyanis a citrom-lime-mandarin-grapefruit ízkombinációjának teljes erejét bevetve bulizza végig velünk a 2024-es Belvárosi Sörfesztivált! "
33,1863386,Synthesis,Eastern Wolf - Twins,IPA - Other,https://untappd.com/b/synthesis-eastern-wolf-twins/1863386,6.1,49,3.56,608,12/14/16,"A Twins történet egy West Coast IPA párosról szól, akik a világ két különböző végén nevelkedtek. Hiába a szinte 100%-ig azonos alap (víz, maláták, technológia, élesztő), de a neveltetés (komló), az merőben eltérő. Az Eastern Wolfot a Szlovén Styrian Wolf komló és leheletnyi Citra teszi ellenállhatatlanná.  "
34,3043132,972 Brewpub,IPA,IPA - Other,https://untappd.com/b/972-brewpub-ipa/3043132,6.5,N/A,3.55,166,01/19/19,"Klasszikus amerikai stílusú India Pale Ale. Közepesen testes, borostyánszínű megjelenésével és harmonikus keserű- és aromakomlók kombinációjával gyönyörködteti az ízlelőbimbókat. "
35,2133825,Reketye Brewing Co.,India Pale Ale,IPA - Other,https://untappd.com/b/reketye-brewing-co-india-pale-ale/2133825,5.5,N/A,3.55,1087,06/08/17,"Ó-arany színű, földes mogyorós ízét az ötféle maláta alaposan átgondolt kombinációja alkotja, amit ötféle komló egészít ki. Duplán hidegkomlóztuk és mindezek eredményeképpen egy igazán “juicy”, zamatos sört készítettünk mindenki örömére. "
36,5263651,Karaván,Karaván IPA,IPA - Other,https://untappd.com/b/karavan-karavan-ipa/5263651,4.5,N/A,3.55,572,03/07/23, 
37,4670301,Visegrádi Sör,Palota,IPA - Other,https://untappd.com/b/visegradi-sor-palota/4670301,6.4,N/A,3.54,348,01/07/22,"“VisegrádIPAlota” is a real India Pale Ale: full-bodied and characteristically bitter. It is just like a renaissance palace: light-hearted and full of life, yet standing on solid ground.  "
38,6271979,BPBW Budapest Beer Week,BPBW 2025,IPA - Other,https://untappd.com/b/bpbw-budapest-beer-week-bpbw-2025/6271979,5.9,N/A,3.54,665,05/20/25,"Na ki viszi át a túlsó partra?Egy északi élesztő, pár angol komló és holland maláta besétálnak egy nyugati parti kocsmába; kezdődhetne a vicc, de ez most véresen komoly, és ha egy partnál nem is, olyan partnerek, mint a The Swaen, a Charles Faram, a Lallemand Brewing és a NOMOQ mellett nagyon is letettük a voksunkat a BPBW 2025 hivatalos sörénél.So who's going to take it to the other side?A northern yeast, some English hops and Dutch malts walk into a pub on the west coast; it could be a joke, but this is bloody serious, and even if we’re not sure the coast we’re on, we’re definitely on the same page with The Swaen, Charles Faram, Lallemand Brewing and NOMOQ as our collaborative partners of the official BPBW 2025 beer.Maláták / Malts: Pilsner, Pale, ChitKomlók / Hops: Jester, Harlequin (T90), Jester, Godiva, Olicana (Abstrax Quantum)Élesztő / Yeast: LalBrew EXP-483 Northern IPA™Design: Sebő Krisztian @shapefromhellPrinted cans / Doboznyomás: NOMOQBrewery / Főzde: HorizontAs a special collab of the participating Hungarian breweries:BalkezesB*Bop FermentoryEtyekiFehér Nyúl  First HopTop  Horizont  Levente WineMad Scientist  Monyo Sima  Ugar  Unity  Uradalmi "
39,1102078,hübris,Ubik Eklektik Herbál IPA,IPA - Other,https://untappd.com/b/hubris-ubik-eklektik-herbal-ipa/1102078,6.0,71,3.53,709,05/28/15,"The UbikEklektik herbal IPA is an off-road IPA which means we decided to use german and czech noble hops instead of the well-known american, citrusy and fruity ones. The bitter hop is Polaris, for aroma we used Tettnanger, Mittelfrüh, Hersbrücker and Saaz. They are supposed to give earthy, grassy, herbal notes to the beer. This IPA is designed for the UbikEklektik community which is part of the FMZ (Fiatalak a Magyar Zenéért, Youths for the Hungarian Music) Association which is a four-year-old creative community consisting of student volunteers, whose vision is the creation of a dynamic, innovative and international artistic festival that promotes a variety of artistic disciplines and the synergy of cross-country cultures.A kontinentális komlókkal főzött rendbontó IPA-vel új ösvényt szeretnénk mutatni az újvilági és amerikai komlókkal készített sörök tömege között. 16 °B-os szárazanyagtartalmú, testes sör. Füves, gyógynövényes és citrusos aromájú, hála a nemes komlóknak. A sör nevét az UbikEklektik összművészeti fesztiválról kapta. "
40,5472760,FIRST Craft Beer,Festival Hippie 2023,IPA - Other,https://untappd.com/b/first-craft-beer-festival-hippie-2023/5472760,5.8,N/A,3.52,445,08/04/23, 
41,4971479,FIRST Craft Beer,Festival Hippie 2022,IPA - Other,https://untappd.com/b/first-craft-beer-festival-hippie-2022/4971479,6.0,45,3.52,674,08/10/22,"Több ezer szavazat nem tévedhet: ahogy kértétek, úgy érkezik a 2022-es Belvárosi Sörfesztivál söre, a Festival Hippie! Fogj kézbe egy épp erre a szezonra tervezett IPA-t, válaszd a minőségi kézműves söröket és lépj ki a mennyiséget fogyasztók szürke sörsorából! Most éppen ködösen, szüretlenül, szalmasárgán, búzamalátával lazított testtel kísérleteztük ki frissítő, nyári sörünk. Ez az IPA nem csak ellazít, de jutalmaz, hiszen a változatos, millió ízű sörfesztivál hangulatát hozza magával.  Nem véletlen, hiszen igazi komlókülönlegességekkel töltöttük meg! Az El Dorado és Ella komlók mellé egy igazi kísérleti finomság is került: a HBC586 komlóval kiegészült trió igazi trópusi gyümölcsös, mangós-ananászos illatkavalkáddal pörgeti tökélyre ezt az igazi Fesziválsört. Egészségedre! "
42,6454904,HORIZONT Brewing,Frostbite,IPA - Other,https://untappd.com/b/horizont-brewing-frostbite/6454904,5.2,N/A,3.5,556,10/21/25, 
43,2764352,Sörműves Kezek,GuaranAle,IPA - Other,https://untappd.com/b/sormuves-kezek-guaranale/2764352,6.0,N/A,3.48,235,07/24/18, 
44,2100691,HopTop Brewery,Tropical Swinger Club,IPA - Other,https://untappd.com/b/hoptop-brewery-tropical-swinger-club/2100691,8.0,N/A,3.45,2740,05/19/17,"Hops used: Columbus, Calista, CitraA real flavor explosion (with 11 different fruits). The tropical fruitiness dominates the flavor profile, 8% ABV stays in the background, merges nicely with the versatile aroma. "
45,585627,Rizmajer Kézműves Sörfőzde,Popcorn,IPA - Other,https://untappd.com/b/rizmajer-kezmuves-sorfozde-popcorn/585627,6.5,70,3.41,1816,02/10/14, 
46,3344819,BAZ Beer,Kenderes IPA,IPA - Other,https://untappd.com/b/baz-beer-baz-beer-kenderes-ipa/3344819,5.7,45,3.39,893,07/22/19, 
47,3744574,Dreher Sörgyárak,Dreher IPA,IPA - Other,https://untappd.com/b/dreher-sorgyarak-dreher-ipa/3744574,5.4,35,3.26,6119,04/08/20,"A Dreher IPA egy igazi sörkülönlegesség, amely karakteres ízével, domináns komlójával, és aranyló színével igazán markáns élményt nyújt.A Dreher IPA elkészítéséhez Citra, Mosaic, Cascade, Centennial, Azacca és Pekko komlót használunkÍzintenzitás: 8 / 10Komlókeserű: 8 / 10—-Dreher IPA is a real beer specialty that offers a really striking experience with its characteristic taste, dominant hops, and golden color.We use Citra, Mosaic, Cascade, Centennial, Azacca and Pekko hops to make Dreher IPA. Taste intensity: 8 / 10 Hop bitter: 8 / 10 "
48,5374826,Balatonszentgyörgyi Sörműhely,Mangó IPA,IPA - Other,https://untappd.com/b/balatonszentgyorgyi-sormuhely-mango-ipa/5374826,5.9,N/A,3.14,309,05/26/23, 
49,3928653,Auchan Magyarország,Lázadó Láma,IPA - Other,https://untappd.com/b/auchan-magyarorszag-lazado-lama/3928653,6.0,N/A,3.12,688,08/21/20,Forgalmazó: Auchan Magyarország Kft. 
0,4356296,HORIZONT Brewing,Selfish Games Quad IPA,IPA - Quadruple,https://untappd.com/b/horizont-brewing-selfish-games-quad-ipa/4356296,11.0,N/A,3.81,750,06/11/21, 
1,4496702,Fehér Nyúl,Pacific Squad,IPA - Quadruple,https://untappd.com/b/feher-nyul-pacific-squad/4496702,11.0,70,3.74,350,09/09/21,"Igazi nagyágyú; a klasszikus amerikai Chinook mellé ausztrál és új-zélandi komlókat adtunk - Galaxy, Enigma és Rakau! A 11%-os alkoholtartalom nem szúr szemet, és még csak nem is édes a végeredmény.A major heavy-hitter; alongside the classic American Chinook we added Australian and New Zealander hop varieties - Galaxy, Enigma and Rakau! The 11% abv isn't noticeable, and the end result is definitely not sweet either. "
2,3231776,Mad Scientist,Hand of the Mad King,IPA - Quadruple,https://untappd.com/b/mad-scientist-hand-of-the-mad-king/3231776,14.3,N/A,3.73,524,05/17/19,Collaboration w/ Balkezes of Hungary.Quadruple Brut IPA for which we have created the base and they were responsible for the hop profile. 
0,6339579,Fraktaal Brewing,Rutilus,IPA - Red,https://untappd.com/b/fraktaal-brewing-rutilus/6339579,6.5,N/A,3.73,243,07/14/25,"Ebben a sörben két világ találkozik. A számunkra oly kedves amerikai IPA-k és a szívmelengető red ale-ek világa. Közös szerelem gyerekük pedig az általunk nagyra tartott red IPA, amit duplán hidegkomlóztunk, hogy kellőképpen aktuálisak legyünk és tartsuk magunkat a korszellem komlós söreihez. A többit meg majd ti úgy is megmondjátok! (L) "
1,3507889,InVitro Brewing,Baphomet,IPA - Red,https://untappd.com/b/invitro-brewing-baphomet/3507889,6.0,N/A,3.72,660,10/31/19,"West Coast style Amber IPA. Oldschool and bitter.This beer comes from hell across six types of barley/malt: pale ale, red and amber crystal, melanoidin, chocolate malt and roasted barley - and six types of hops: amarillo, cascade, centennial, chinook, columbus, simcoe. The yeast type of Saccharomyces Sataniae was used to ferment the wort until we reached exactly 666% ABV. Music: Any evil metal. "
2,606103,armando_otchoa,Hangover Rasta,IPA - Red,https://untappd.com/b/armando_otchoa-hangover-rasta/606103,6.5,90,3.65,611,03/03/14, 
3,1443707,Zip's Brewhouse,WereWolf,IPA - Red,https://untappd.com/b/zip-s-brewhouse-werewolf/1443707,6.0,60,3.64,167,02/27/16,"A 16. századi svéd író, Olaus Magnus szerint a vérfarkasok egy speciális alapanyagokból készített sörtől változnak át. A kitartó kutatásnak és némi szerencsének köszönhetően megtaláltuk a receptet, beszereztük a hozzávalókat és elkészítettük az elixírt. "
4,1384334,armando_otchoa,Winter Rasta,IPA - Red,https://untappd.com/b/armando_otchoa-winter-rasta/1384334,7.0,N/A,3.64,284,01/09/16,Hangover Rasta with some chestnut honey. Limited Edition. 
5,6165583,Csupor Craft Beer,Tántorgó Méhnes,IPA - Red,https://untappd.com/b/csupor-craft-beer-tantorgo-mehnes/6165583,8.0,N/A,3.63,185,02/20/25, 
6,3636249,FIRST Craft Beer,Winter IPA,IPA - Red,https://untappd.com/b/first-craft-beer-winter-ipa/3636249,5.8,35,3.62,209,01/21/20,"A Travel Series egy limitált, egyedi főzetekből álló sorozat, melyben testet öltenek a FIRST Craft Beer utazásainak tapasztalatai, élményei és történetei.Az Egyesült Államok legalacsonyabb hőmérsékletét prezentáló alaszkai Prospect Creek ihlette vöröses árnyalatú Winter IPA-nkat - a szinte meleget sugárzó, négyféle komlóval (Warrior, Centennial, Simcoe, Cascade) ízesített IPA ugyanis tökéletes a legdurvább téli hidegek elűzésére is - dőljetek hátra és élvezzétek a FIRST Winter IPA harsány illatait és összetett ízvilágát. "
7,4426549,Szent András Sörfőzde,TesztAndrás Beta.12,IPA - Red,https://untappd.com/b/szent-andras-sorfozde-tesztandras-beta-12/4426549,5.6,60,3.61,216,07/24/21,"Vic Secret S.M.A.S.H. Red IPA, unfiltered. "
8,813109,Synthesis,Zodiak IPA,IPA - Red,https://untappd.com/b/synthesis-brewlab-zodiak-ipa/813109,6.5,50,3.6,1025,09/15/14,"Amerikai jellegű rozzsal „fűszerezett” 6,5%-os India Pale Ale típusú, vörös színű sör. Színét a pörkölt rozs malátától kapja, de bázismalátának nem tartalmaz rozst, ezért az csak „fűszerezi” a sört. Illatában a grapefruitos-narancsos jegyek keverednek a trópusi gyümölcscsel, de jelentős szerepet kap a fenyő is. Ízében mindez egy rozsos és komlós fűszerességgel keveredik, majd a végén a komolyabb komló-keserű zárja a kortyot. Ahogy öregszik, egyre ""simábbá"" válik a komlóaroma és aszalt-gyümölcsös jegyek jelennek meg. "
9,4999920,Tacet Brewery,West Side Story,IPA - Red,https://untappd.com/b/tacet-brewery-west-side-story/4999920,6.0,38,3.6,284,08/30/22,"A Tacet Brewery első olyan söre, amely már nem csak a malátára koncentrál, de azért igyekeztünk harmóniát találni a nemes angol maláták és a modern amerikai komlók között, és egy jól csúszó őszi-téli ""mindennapi"" Ipát alkotni. "
10,3531736,MONYO Brewing Co.,Snowman Selfie,IPA - Red,https://untappd.com/b/monyo-brewing-co-snowman-selfie/3531736,5.8,N/A,3.59,2169,11/15/19,"A Snowman Selfie egy amerikai komlókkal hidegkomlózott vörös (Red) IPA.A pohárba kitöltve a citrusos-gyantás illatok rögtön megcsapják az ember orrát, illetve a szép, téglavörös szín is feltűnő. Ha belekortyolunk, akkor érezzük, hogy a déli-gyümölcsök és a komló gyantás aromái dominálnak benne, de a malátaprofil miatt kap egy kis gabonás-karamelles karaktert is. A korty vége mérsékelten keserű és száraz.Szerintünk ilyen az ideális IPA a téli szezonra. Vigyázz, mert könnyen csúszik, mint hóember a jégen.---Snowman Selfie is Red IPA dryhopped with American hop varieties. Once you pour out to your glass, lemon-resiny aromas hit your nose immediately and let's not forget about that nice brick red colour. One sip and we can sense tropical fruits and hop aromas, however due to it's malt profile it has some grainy-caramel flavour as well. End of taste is moderately dry and bitter. For us this is an ideal IPA for winter season. "
11,3291841,Tinta Brewing Co.,Red IPA,IPA - Red,https://untappd.com/b/bazis-sorfozde-red-ipa/3291841,5.0,N/A,3.57,150,06/21/19, 
12,4074715,Fehér Nyúl,Drink the Christmas Tree 2020,IPA - Red,https://untappd.com/b/feher-nyul-drink-the-christmas-tree-2020/4074715,6.1,47,3.57,375,11/28/20,"Tűleveles sörünk idei változatát kissé erősebbre főztük, és a komlót is lecseréltük egy gyantásabbra, ami még inkább kiemeli a fenyőgyantás-tűleveles karaktert. Folyékony karácsonyfa. "
13,1805686,Bors Serfőzde,The Seven Deadly Sins - Lust,IPA - Red,https://untappd.com/b/bors-serfozde-the-seven-deadly-sins-lust/1805686,5.6,20,3.55,150,11/04/16,"7 tagú sorozatunk komlóvariációkra épül. Olyan sört szerettünk volna készíteni, ami a megszokott erős testes söreinktől eltérően akár literes korsóból is kortyolgatható. Visszafogott ereje nem megy a test rovására, ugyanakkor a komlózás művészetét akartuk megmutatni a sörkedvelő közönségnek.A Lust a bujaság bűn egyenes hordozója. Rendkívül kedvel vörös IPA-nk mindent tartalmaz, amit egy mai divatos IPA-APA hordozhat magában. testesség - illat - aroma - jól csúszó kortyok.... ne hagyja ki... "
14,4602491,Viharsarok Sörfőzde,Aranyfenyő,IPA - Red,https://untappd.com/b/viharsarok-sorfozde-aranyfenyo/4602491,7.2,N/A,3.55,235,11/20/21,Kveik IPA 
15,5736653,ANTL,Antl Amber IPA,IPA - Red,https://untappd.com/b/antl-antl-amber-ipa/5736653,5.7,N/A,3.52,699,03/04/24,"A 2024 januárjában megjelent Amber IPA jellegzetességét a karamellás ízjegyek, illetve a müncheni maláták adják, ezek eredményezik borostyán színét is. Ennél a variánsnál elsősorban a malátás, testes ízjegyek érvényesülnek, melyeknek hangsúlyozására az IPA sörtípusra jellemző hidegkomlózást hívtuk segítségül. A klasszikus amerikai komlók és a gyümölcsös aromájú ausztrál komlók találkozása pedig izgalmas, citrusos ízvilágot kölcsönöz a sörnek. "
16,6041120,HORIZONT Brewing,Winter Royalty,IPA - Red,https://untappd.com/b/horizont-brewing-winter-royalty/6041120,6.0,N/A,3.48,410,10/31/24,"Kellemes Smash Red IPA csipkebogyóval és Ernest komlóval, a 2024-es karácsonyi időszakra. Lágy kortyérzet, csodás megjelenés, és kellemesen komlós-gyümölcsös ízvilág.  "
17,2428055,Etyeki Sörmanufaktúra,VöröSÖRöm,IPA - Red,https://untappd.com/b/etyeki-sormanufaktura-vorosorom/2428055,5.2,75,3.47,173,12/13/17, 
18,6433380,Mad Scientist,Freddy - Ready Or Not Here I Come,IPA - Red,https://untappd.com/b/mad-scientist-freddy-ready-or-not-here-i-come/6433380,5.9,N/A,3.45,721,10/03/25,"FREDDY - Ready Or Not Here I Come 5,9% Popcorn Red IpaFreddy never sleeps and neither should your taste buds. After slicing through the West Coast with Bloodlust Blood Orange IPA last year, our good old Freddy is back from the boiler room, now wielding something more crushable: a Popcorn Red IPA. Expect a crimson pour with citrus–pine hops, and a twisted hint of popcorn lurking in the shadows. It’s crunchy, it’s creepy, and it will haunt your palate long after the last sip. "
19,3695751,Körös-Maros Biofarm Kft.,Elixbeer Vörös IPA,IPA - Red,https://untappd.com/b/koros-maros-biofarm-kft-elixbeer-voros-ipa/3695751,6.6,46,3.43,379,02/28/20,"Szűretlen, vörös IPAUnfiltered, red IPA "
20,1046844,Reketye Brewing Co.,Monolith IPA,IPA - Red,https://untappd.com/b/reketye-brewing-co-monolith-ipa/1046844,5.0,N/A,3.42,556,04/13/15, 
21,814500,Szarvasi Kézműves Sörfőzde,Szarvasi Sörmester Vörös Paripa,IPA - Red,https://untappd.com/b/szarvasi-kezmuves-sorfozde-szarvasi-sormester-voros-paripa/814500,6.0,N/A,3.34,394,09/18/14,Irish styled red ALE. 
22,1922561,Szarvasi Kézműves Sörfőzde,Vörös Favágó,IPA - Red,https://untappd.com/b/szarvasi-kezmuves-sorfozde-voros-favago/1922561,6.1,N/A,3.33,280,01/26/17,Red Light IPA Beer 
23,5337157,HORIZONT Brewing,Selfish Games - Kiss of the Unicorn Sparkle Edition,IPA - Red,https://untappd.com/b/horizont-brewing-selfish-games-kiss-of-the-unicorn-sparkle-edition/5337157,5.1,16,3.32,835,04/29/23,"Csillámos, rózsaszín Red IPA hibiszkusszal, Rumi Cinti sörfőzőnőnk ötlete alapján. Fogyasztás előtt felfordítandó! Engedd, hogy az Unikornis csókja téged is elvarázsoljon! Klasszikus Red IPA, modern külsőben, rózsaszín megjelenéssel, kellemes komlózottsággal, frissítő hibiszkusszal és ehető csillámmal! A Yakima Chief Pink Boot Society-nek készített komlóblendje kellemes gyümölcsös, epres, kicsit cukorkás ízjegyeket kölcsönöz ennek az ellenállhatatlanul varázslatos sörnek!Based on Cinti's extreme and wild idea, this Red IPA was brewed with hibiscus, got a nice pink color and some EDIBLE GLITTER! Plus she used Pink Boots Society's hop blend from Yakima Chief for the extra girliness. Make sure you turn it upside down before opening "
0,6221998,InVitro Brewing,CARCOSA,IPA - Rye,https://untappd.com/b/invitro-brewing-carcosa/6221998,6.0,N/A,3.83,262,04/10/25,"If you're a fan of True Detective and rye IPA then try the King in Yellow. Rye malt, crystal rye, columbus, mosaic and simcoe hops created some serious dark art. "
1,5891205,FIRST Craft Beer,Rågrats,IPA - Rye,https://untappd.com/b/first-craft-beer-ragrats/5891205,6.5,50,3.75,257,07/01/24,"A special collaboration of Stigbergets (SE) and FIRST Craft Beer (HU), resulting in an almost overly creamy, oaty, brutally hopped IPA, made with Galaxy, Citra & Simcoe hops. "
2,6437528,Mad Scientist,This Isn't Safe Mode,IPA - Rye,https://untappd.com/b/mad-scientist-this-isn-t-safe-mode/6437528,5.3,N/A,3.72,404,10/05/25,Simcoe - Nelson Sauvin - Strata Hyperboost West Coast Rye Pale Ale collab with our friend Amine of Maktoob Brewing (ROM) 
3,5784147,Szent András Sörfőzde,TesztAndrás Beta.39,IPA - Rye,https://untappd.com/b/szent-andras-sorfozde-tesztandras-beta-39/5784147,8.0,61,3.69,177,04/11/24,"Ez a sör az elegáns hazy megjelenésről, a tagadhatatlanul fűszeres-rozsos ízvilágról és a masszív beltartalomról szól. A határozott keserűséget a kiemelkedően magas maradék extrakt ellensúlyozza, a bergamott pedig szépen keretbe zárja a fűszeres, rozsos ízeket. Az eredmény egy vastag, közel mézsűrűségű ködös dupla IPA, kis csavarral. "
4,5891256,Etyeki Sörmanufaktúra,Rye N' Shine,IPA - Rye,https://untappd.com/b/etyeki-sormanufaktura-rye-n-shine/5891256,7.0,40,3.69,202,07/01/24,"7% rozsos IPA, whynot?! Így a nyári nagy melegre való tekintettel júliusra készítettünk egy masszív 7%-os rozsos IPA-t, amit megküldtünk Citra, Nectaron, Superdelic komlókkal, meleg és hideg oldalon. A rozs a domináns összetevő, amit végig kísérnek a komlók gyümölcsös ízei. A színétől a habjáig, az ízén át a rozsmaláta a legerősebb. Kellemes kortyvégi keserűvel, kerek és komplex sör készült Huszti Márk keze alatt. "
5,3228739,FIRST Craft Beer,Idaho Indian,IPA - Rye,https://untappd.com/b/first-craft-beer-idaho-indian/3228739,4.7,54,3.68,293,05/15/19,"""Ahogy a nyugvó nap festi bíborrá az eget a hegyek mögött, úgy fordul mély narancssárgába, szinte vörösbe legújabb Session IPA-nk. A nagy mennyiségű rozsmaláta ássa ki elsőként a csatabárdot, hogy aztán a megszokásokkal szemben az Idaho, Chinook és Simcoe komlók vezessék hadi ösvényre ezt a különleges aromájú India Pale Ale-t. Ee-dah-how. Nézd, ahogy a Nap lenyugszik a hegyek mögött. És igyál hozzá egy jó sört."" "
6,6271115,Etyeki Sörmanufaktúra,Rye N' Shine '25,IPA - Rye,https://untappd.com/b/etyeki-sormanufaktura-rye-n-shine-25/6271115,7.0,40,3.67,160,05/19/25,"A '24-es Rye n' Shine sikerén felbuzdulva idén Márk újrafőzte ezt a sört, de kicsit több rozzsal és még több komlóval, hogy a '25-ös verzió jóval masszívabb legyen a '24-es kivitelnél.   "
7,2051869,Uradalmi Brewery,IPArozs,IPA - Rye,https://untappd.com/b/uradalmi-brewery-iparozs/2051869,6.0,45,3.67,731,04/20/17,"A Rye IPA a közkedvelt IPA kategória rozzsal főzött változata. A rozsmaláta a sör opálos megjelenésén, barnába hajló színén túl annak fűszerességéért is felel. Illatának citrusosságát, gyümölcsösségét az erjedés után hozzáadott hidegkomlónak köszönheti.Kraft sör a legjobb minőségű alapanyagokból! "
8,815164,Synthesis,Xmoke,IPA - Rye,https://untappd.com/b/synthesis-xmoke/815164,6.5,62,3.64,238,09/18/14,"Szabad stílusban füstölt-, és rozsmalátával készített Indai Pale Ale. Decens füstösség jellemzi, ami remekül harmonizál az amerikai komlózással és a rozs fűszerességével. A kései és a hidegkomlózásnál eltérő aromájú komlókat használtunk, így páratlan íz-, és illatkombináció állt elő. Egyszerre jelenik meg a mély, fenyőgyantás és a vibrálóan citrusos ízvilág. Komplex, „nagyívű” sör a tökéletességre hangolva. "
9,3583091,Reketye Brewing Co.,Reketye X NKS,IPA - Rye,https://untappd.com/b/reketye-brewing-co-reketye-x-nks/3583091,5.0,N/A,3.62,181,12/16/19, 
10,3938534,Auchan Magyarország,Mohó Mókus,IPA - Rye,https://untappd.com/b/auchan-magyarorszag-moho-mokus/3938534,6.0,N/A,3.28,662,08/28/20, 
0,6055550,Brew Your Mind,Human Experiment FORTY EIGHT,IPA - Session,https://untappd.com/b/brew-your-mind-human-experiment-forty-eight/6055550,4.5,N/A,3.85,357,11/11/24,"Kísérleti sorozatunk legújabb tagja 3 izgalmas új amerikai komlófajtát is tartalmaz: Vista, Talus, McKenzie.A Human Experiment sorozat új címkéin számunkra kedves alkotásokat mutatunk be. "
1,6323519,Constellation Brewing,Table IPA,IPA - Session,https://untappd.com/b/constellation-brewing-table-ipa/6323519,4.5,N/A,3.85,376,06/30/25,"The second collaboration between Brew Your Mind and Gravity Brewing is Constellation Brasserie's ""house IPA"".A super-drinkable, refreshing yet flavorful modern IPA with a complex malt profile and intense aromas, thanks to lot-selected hops from classic American varietals: Simcoe, Mosaic and Amarillo. "
2,2170365,Brew Your Mind,Love Session w/Citra,IPA - Session,https://untappd.com/b/brew-your-mind-love-session-w-citra/2170365,4.0,N/A,3.81,902,06/30/17,"Our single hop session IPA with Citra hops. The taste is sweet fresh citrus fruit with a rounded, soft bitterness. This one gets its distinctive flavor profile from our house yeast. "
3,5351196,Brew Your Mind,Love Session Mosaic,IPA - Session,https://untappd.com/b/brew-your-mind-love-session-mosaic/5351196,4.0,N/A,3.8,1121,05/09/23,"Love Session sorozatunk minden tagja egyfajta komlóval készül, ez a tétel a Mosaicra épül. Új recept szerint. "
4,2762439,Brew Your Mind,Love Session w/Mosaic,IPA - Session,https://untappd.com/b/brew-your-mind-love-session-w-mosaic/2762439,4.8,N/A,3.8,905,07/22/18,Our single hop session IPA with Mosaic hops. This one gets its distinctive flavor profile from our house yeast. 
5,3935416,MONYO Brewing Co.,Andromeda,IPA - Session,https://untappd.com/b/monyo-brewing-co-andromeda/3935416,4.0,N/A,3.78,446,08/26/20,"Az általatok nagyon kedvelt nyári mini-széria után már érkezik is a következő. A Constellations Series-ben három New England IPA-t mutatunk be nektek. Egy könnyed Session-nel kezdünk, majd egy ""simával"" folytatjuk és egy dupla NE IPA-val zárjuk az idei évadot. A sorozat első tagja az Andromeda nevet kapta, a receptet Mausecz Ádám és Vidó Márk sörfőzőink közösen jegyzik. Egy szuperkönnyed és csúszós Session NE IPA (4% vol.), amelyet Mosaic és Idaho 7 komlókkal főztünk és hidegkomlóztunk. Az élesztő hasonlóan az All Together IPA-nál ezúttal is a YeastFlow - Streampunk-ja. Ha egy friss és komlós, de alacsony alkoholtartalmú IPA-ra vágysz, akkor ez a Te söröd!---After the well-liked Summer Series, here’s our new line of beers, called Constellations Series, which includes three NEIPAs: a super easy session ale, a “regular” IPA and a double NEIPA. The recipe of the first member, called Andromeda, is by Mausecz Ádám and Vidó Márk, two of our finest brewers. It’s an easy-to-drink sessionable IPA with 4% alcohol and is heavily double dry hopped with Mosaic and Idaho 7 hops. The yeast, just like in the case of our All Together IPA, is Yeast Flow’s Streampunk. If you’re looking for a refreshing hoppy delight, look no further! "
6,6301452,Brew Your Mind,Love Session Amarillo,IPA - Session,https://untappd.com/b/brew-your-mind-love-session-amarillo/6301452,4.0,N/A,3.78,292,06/13/25,"Love Session sorozatunk minden tagja egyfajta komlóval készül, ez a tétel az Amarillora épül. "
7,6384289,Brew Your Mind,Love Session Riwaka,IPA - Session,https://untappd.com/b/brew-your-mind-love-session-riwaka/6384289,4.0,N/A,3.78,349,08/21/25, 
8,5891222,Brew Your Mind,Love Session Nelson,IPA - Session,https://untappd.com/b/brew-your-mind-love-session-nelson/5891222,4.0,N/A,3.78,711,07/01/24,"Love Session sorozatunk minden tagja egyfajta komlóval készül, ez a tétel a Nelson Sauvinra épül. "
9,3694071,Reketye Brewing Co.,Same But Different,IPA - Session,https://untappd.com/b/reketye-brewing-co-same-but-different/3694071,5.5,N/A,3.73,461,02/27/20, 
10,5011491,UGAR Brewery,Trailer #008 - R U Done!?,IPA - Session,https://untappd.com/b/ugar-brewery-trailer-008-r-u-done/5011491,4.0,28,3.73,279,09/08/22,"Are you done?! A Trailer #008 olyan, mint a ... nyár. Mire elkezdenéd kiélvezni, már vége is, és te már nagyon kívánod a következőt! De a vége legalább könnyen csúszik, illatos és gyönyörűen hazy nedű.... Egy igazi Micro IPA!Összetevők: víz, árpamaláta, búzamaláta, zabmaláta zabpehely, búzapehely, élesztő, komlóMaláták: golden promise, dextrin, oat flake, golden naked oat, wheat malt, wheat flakeKomlók: el dorado, mosaic, simcoe, bru-1 "
11,5928644,UGAR Brewery,Trailer #023 - Tropical Cloud,IPA - Session,https://untappd.com/b/ugar-brewery-trailer-023-tropical-cloud/5928644,4.8,N/A,3.72,270,07/31/24,"Trópusi ízjegyek, amerikai és új-zélandi komlókkal fűszerezve, alacsony alkoholtartalommal, hogy meg ne szédüljünk a forró napsütésben. "
12,2023182,Mad Scientist,Welcome Drink,IPA - Session,https://untappd.com/b/mad-scientist-welcome-drink/2023182,3.6,50,3.72,181,04/01/17, 
13,2655189,Brew Your Mind,Under Control,IPA - Session,https://untappd.com/b/brew-your-mind-under-control/2655189,3.6,N/A,3.71,263,05/18/18,New England inspired session IPA with 15g/l hops. A real summer beer. Extremely drinkable.  
14,5790734,Reketye Brewing Co.,Ding Dong Ping Pong,IPA - Session,https://untappd.com/b/reketye-brewing-co-ding-dong-ping-pong/5790734,4.0,N/A,3.7,239,04/16/24,Hazy Session IPA  
15,2763635,Mad Scientist,Orange County,IPA - Session,https://untappd.com/b/mad-scientist-orange-county/2763635,4.9,N/A,3.7,303,07/24/18,New England inspired session IPA with orange zest.  
16,6293229,UGAR Brewery,Spectrum - Dreamy And Worshipped,IPA - Session,https://untappd.com/b/ugar-brewery-spectrum-dreamy-and-worshipped/6293229,4.9,N/A,3.7,188,06/06/25,"Session West Coast IPAhops: galaxy spectrum, citra cryo, simcoe "
17,6091448,UGAR Brewery,Festive Spirit Awakening,IPA - Session,https://untappd.com/b/ugar-brewery-festive-spirit-awakening/6091448,4.8,N/A,3.7,252,12/12/24,tbd 
18,4016523,UGAR Brewery,Mister Gentryside,IPA - Session,https://untappd.com/b/ugar-brewery-mister-gentryside/4016523,6.2,N/A,3.7,258,10/20/20,"Bálok, fogadások, vadászat.Ahogy beköszönt az ősz, úgy a dorbézolás a teraszokról áttevődik a kastélyok és kúriák csillogó báltermeibe, hiszen a tánc télen sem állhat meg!Mit ér azonban a pompa, ha nincs mellettünk egy megfelelő társ, aki tökéletesen kiegészít minket? Bizony, nem sokat, éppen ezért teremtettük meg Miss Gentryside-nak a – szerintünk –tökéletes kísérőt!Simulékonyabb, kevésbé harsány, ugyanakkor határozott személyiség, akit izgalmas kókuszillat leng körül. Aki sokban hasonlít párjára, mégis talán kicsit könnyebb vele megtalálni a közös hangot, és aki maradásra ösztökél.Ő Mister Gentryside, egy duplán hidegkomlózott imperial session ipa, 6,2%-os alkohol, és komoly kókusz, valamint Sabro komló tartalommal. "
19,4363751,HORIZONT Brewing,Selfish Games Session IPA,IPA - Session,https://untappd.com/b/horizont-brewing-selfish-games-session-ipa/4363751,4.6,N/A,3.69,376,06/16/21,Session IPA with Mosaic & Simcoe 
20,5461242,UGAR Brewery,Spectrum Series - The Purpose Of Lime!,IPA - Session,https://untappd.com/b/ugar-brewery-spectrum-series-the-purpose-of-lime/5461242,3.9,N/A,3.69,208,07/27/23, 
21,4286062,MONYO Brewing Co.,Perseus,IPA - Session,https://untappd.com/b/monyo-brewing-co-perseus/4286062,4.1,N/A,3.69,337,04/27/21,"Megérkezett Perseus, a Constellations New England IPA sorozatunk legújabb tagja. Ez a könnyű Session New England IPA tökéletes kiegészítője egy szabadtéri beszélgetésnek, kiélvezve a tavaszi napsugarakat.A Simcoe-val és Idaho 7-el duplán hidegkomlózott Perseus illatában a maracuja és a citrushéj, míg ízében a trópusi gyümölcsök, mangó és a mandarin dominálnak. Könnyű, hazy, juicy. Ha szeretted az Andromeda-t, akkor ezt is imádni fogod!---Here is the newest member of our Constellations New England IPA series, Perseus. This Session New England IPA has been dry-hopped with Simcoe and Idaho 7 varieties massively. The aroma is led by passion fruit and citrus peel, while in the taste there are tropical fruits, mango and mandarin. Silky mouthfeel, with a low-key bitter and dry finish. Perfect choice for a friendly conversation outdoors. "
22,6171890,UGAR Brewery,Spectrum - Hungry For Sensation,IPA - Session,https://untappd.com/b/ugar-brewery-spectrum-hungry-for-sensation/6171890,4.5,N/A,3.68,207,02/26/25,"Session IPA with lime and lemon peel.Hops: cryo citra, amarillo, motueka "
23,3326774,Zentus Craft Beer,Mellow Dharma,IPA - Session,https://untappd.com/b/zentus-craft-beer-mellow-dharma/3326774,4.5,N/A,3.67,222,07/12/19,"session ne ipa ddh /w centennial, simcoe, citramellow friut taste on the wheel of dharma "
24,3011741,Mad Scientist,East Coast Samurai,IPA - Session,https://untappd.com/b/mad-scientist-east-coast-samurai/3011741,4.6,N/A,3.66,1837,12/28/18,"A New England Ipa inspired dry-hopped session IPA with crazy amount of yuzu dominating. Our West Coast Samurai back in the days featured Citra (which we hold as the dearest for single hop ipas), while this release features our all time favorite hop combination: Simcoe and Mosaic. "
25,2538582,Fehér Nyúl,Lazy IPA,IPA - Session,https://untappd.com/b/feher-nyul-lazy-ipa/2538582,4.6,52,3.66,413,03/04/18,"Csak egy sört iszom, de annak megadoma módját. Kikapcsolok, koncentrálok.Pohárba töltöm, szagolgatom, ízlelgetem.Az a sör aztán finom legyen: kesernyés, dene keserves, testes, de ne nehéz, illatos, dene szédítő – mert én csak egy sört iszom.Óránként. "
26,6293232,UGAR Brewery,Spectrum - Is This Real?,IPA - Session,https://untappd.com/b/ugar-brewery-spectrum-is-this-real/6293232,4.9,N/A,3.66,158,06/06/25,"Session New England IPAhops: mosaic hyperboost, motueka cryo, superdelic, strata "
27,2191062,FIRST Craft Beer,Tropical Session IPA,IPA - Session,https://untappd.com/b/first-craft-beer-tropical-session-ipa/2191062,4.2,N/A,3.65,151,07/13/17,"Forró égövi szomjúságra fejlesztett gyógyír: alacsony alkoholtartalma, üdítően kesernyés komlózása, trópusi gyümölcsös aromái enyhet adón frissítenek.Nem egy szimpla egynyári kaland! "
28,4227794,UGAR Brewery,Zen Mode,IPA - Session,https://untappd.com/b/ugar-brewery-zen-mode/4227794,5.4,N/A,3.64,957,03/19/21,"Kellemesen kesernyés session IPA, zöld tea hozzáadásával. "
29,4453666,Superside Brewery,Megaside,IPA - Session,https://untappd.com/b/yeast-side-megaside/4453666,5.0,N/A,3.63,238,08/10/21,Almost the little brother of big brother. Session IPA  for session people. Session is the new lager. Thanks ale. 
30,6264961,UGAR Brewery,Trailer #037 - Strategic Microdose,IPA - Session,https://untappd.com/b/ugar-brewery-trailer-037-strategic-microdose/6264961,3.6,N/A,3.63,262,05/15/25,"MICRO NEW ENGLAND IPAhops:galaxy, motueka, mosaic hyperboost "
31,3295433,Guri Sörfőzde,Prototype 01 - Session IPA,IPA - Session,https://untappd.com/b/guri-sorfozde-prototype-01-session-ipa/3295433,5.0,N/A,3.62,225,06/22/19,"Double dryhopped Session IPA.Hops: Simcoe, mosaic, citra. "
32,3552898,Dealbreaker,Cloudspotter,IPA - Session,https://untappd.com/b/dealbreaker-cloudspotter/3552898,1.8,12,3.62,327,11/28/19,"Hazy micro IPA dry hopped with Wai-iti and Nelson Sauvin.Glowing, fragile, juicy and unbelievably light. Let this micro IPA dance with your mind just as the clouds above the sky, like there was no tomorrow.Ingredients: water, barley and wheat malts, wheat flakes, oat flakes, lactose, hops (Wai-iti, Nelson Sauvin), yeast (London Fog) "
33,6238085,Fehér Nyúl,War On Bugs,IPA - Session,https://untappd.com/b/feher-nyul-war-on-bugs/6238085,3.2,N/A,3.61,307,04/23/25,"Fogadjunk még nem ittál psychedelic session IPA-t! Na mi az az szag/illat, ami megcsap? Egy természetes aromát és WHC Psychedelic IPA élesztőt használtunk az életérzésért, na meg persze olyan komlókat válogattunk össze, amik megágyaznak a távoli pszichedelikus unokatesójuknak. Ez lesz egy session a poloska háborúban!Bet you’ve never tried a psychedelic session IPA before! So, what’s that smell hitting you? We used a natural aroma and WHC Psychedelic IPA yeast to capture that vibe—plus we picked hops that lay the groundwork for their far-out psychedelic cousin. It's gonna be a hell of a session during the war on bugs! "
34,3368493,Brewthers,Nap IPA,IPA - Session,https://untappd.com/b/brewthers-nap-ipa/3368493,5.0,40,3.6,193,08/05/19,"A Nap IPA egy könnyed, frissítő session IPA. Visszafogott keserűségét gyümölcsös, citrusos, virágos aromáival ellensúlyoztuk.Tökéletes kiegészítője lehet a meleg nyári napoknak és a hűvös vízparti estéknek, beszélgetéseknek. "
35,3216574,MONYO Brewing Co.,Have You Ever Been To MONYO Grand?,IPA - Session,https://untappd.com/b/monyo-brewing-co-have-you-ever-been-to-monyo-grand/3216574,4.7,N/A,3.6,498,05/07/19,"A Have You Ever Been To MONYO Grand?-ot második, Erzsébet körúti bárunk megnyitója alkalmából főztük. Egy könnyen csúszó session IPA-t álmodtunk meg, amiben a csavar a hozzáadott bergamott. A végeredmény szinte tobzódik a narancsolajos, aromakomlós fűszerességben és az üdítő citrusosságban; igazi tavaszi-nyári frissítő.--This bergamott-infused session IPA was originally brewed to celebrate the opening of our second bar, MONYO Grand. The nose bursts with citrus rind, pine and peach. Pronounced flavors of tropical fruits, orange sorbet and peach are accentuated with moderate bitterness and balanced by a light, biscuity malt character. "
36,6038928,Mad Scientist,Session Cocaine,IPA - Session,https://untappd.com/b/mad-scientist-session-cocaine/6038928,5.3,N/A,3.6,901,10/29/24,"Are you ready for another night, another round, another session?! With the lower-abv version of our bestseller dipa you'll always be. Let's celebrate Liquid Cocaine Day on the 18th of November together with this special one-off!!! "
37,3752473,Mad Scientist,Roadhouse,IPA - Session,https://untappd.com/b/mad-scientist-roadhouse/3752473,4.5,N/A,3.59,1917,04/16/20,DDH Session IPA with Sabro & Amarillo 
38,4455633,Kisüzem,Session IPA,IPA - Session,https://untappd.com/b/kisuzem-session-ipa/4455633,4.5,39,3.58,175,08/12/21,"Egy jó session IPA-nak két fontos ismérve van. Egyrészt, szinte kiugranak belőle az újvilági, gyümölcsös komlók, másfelől pedig könnyen ihatónak és frissítőnek kell lennie. Nincs ez másképp a Kisüzemben sem. Sörünknél törekedtünk arra, hogy a Citra és Simcoe komlók trópusi gyümölcsös és citrusos jegyei kerüljenek előtérbe, melyet hangsúlyos hidegkomlózással értünk el, míg a malátákat úgy választottuk ki, hogy egy könnyed testet kapjunk. Sörünk szűretlen, hogy az élesztő még inkább kidomborítsa a komlók aromáit. Illatában elegánsan és tisztán jönnek a trópusi gyümölcs illatok, majd a krémes malátás test ami nagyon jó édes-keserű aránnyal párosul.  "
39,4960525,RothBeer,Fish! Pozitív,IPA - Session,https://untappd.com/b/rothbeer-fish-pozitiv/4960525,4.5,N/A,3.58,174,08/03/22,"Fish! menü a Madhouse Budapestben 2022 augusztusában, Fish! Pozitív session ipa hordóban és dobozban a készlet erejéig az augusztus 20-i Budapest Parkos koncert (mit koncert, KETTŐNÉGY FESZTIVÁL, nna) tiszteletére és az Agenor Civil Állatvédő Egyesület - Csepel támogatására "
40,3694087,Szent András Sörfőzde,Laza Morál,IPA - Session,https://untappd.com/b/szent-andras-sorfozde-laza-moral/3694087,4.6,35,3.56,2780,02/27/20,"A Laza Morál egy könnyed, alacsony alkoholtartalommal rendelkező Session IPA, amelyet a komló uralkodó íze tesz különlegessé. Egy igazán laza beszélgetéshez vagy ismerkedéshez megtaláltad a tökéletes sört. A Laza Morált könnyű megszeretni! Dőlj hátra, és lazulj el! Élvezd.Laza Morál (Graceful Morale) is a light, low-alcohol Session IPA made special by the dominant taste of hops. You’ve found the perfect beer for a casual conversation or to get to know someone. Laza Morál is easy to love! Sit back and relax! Enjoy. "
41,3981761,Jótékony SHARE Kft.,Drip,IPA - Session,https://untappd.com/b/jotekony-share-kft-drip/3981761,4.5,N/A,3.56,289,09/26/20,"Cascade és Centennial hidegkomlózással az amerikai komlókra jellemző visszafogott, de mégis friss virágos, citrusos, grapefruitos aroma került a sörbe. Klasszikus felső erjesztésű, különleges gonddal válogatott komlóval készülő Session IPA. Az alacsony alkoholtartalom és a sör kiegyensúlyozott teste miatt ez egy igazi kézműves ivósör. Kellemesen intenzív, könnyű és zamatos sör. Nagyon itatja magát. Tökéletes választás az egész estés sörözéshez, baráti beszélgetésekhez és könnyű vacsorákhoz.Főzőpartnerünk a Reketye Sörfőzde.Sörfőző mester: Reketye-Trifán Zoltán. "
42,6197314,Fehér Nyúl,Pink Power,IPA - Session,https://untappd.com/b/feher-nyul-pink-power/6197314,3.8,N/A,3.56,341,03/20/25,"A Fehér Nyúlnál ezzel a hazy session IPA főzettel mondunk köszönetet női munkatársainknak, amit az idei Pink Boots komlókeverékkel főztek a hölgyek. A Pink Boots komlókeverék megvásárlásával a Pink Boots Society szervezetet is támogattuk – te pedig e sör kortyolásával hozzájárulhatsz a kezdeményezéshez!At Fehér Nyúl, we thank our female colleagues with this hazy session IPA brewed with this year's Pink Boots hop blend. By purchasing the Pink Boots hop blend, we also supported the Pink Boots Society - and you can contribute to the initiative by sipping this beer!  "
43,3765001,Fehér Nyúl,Psycho Cycle,IPA - Session,https://untappd.com/b/feher-nyul-psycho-cycle/3765001,4.5,30,3.55,1312,04/27/20,"Ha ipára vágysz, de nem akarsz megállni egy-kettőnél, akkor ez a te söröd. Minden tulajdonságában hamisítatlan amerikai IPA, egyedül az alkoholtartalma alacsonyabb. Egész estés, vagy akár egész napos sörözések elengedhetetlen kelléke. Folyamatos fogyasztásra.If you desire an IPA, but don’t want to stop at one or two, then this beer is for you! It’s an American IPA in all of its aspects, only with lower alcohol content. Mandatory companion to all night or all day long get-togethers.  "
44,3565393,MONYO Brewing Co.,Zing Crazy Cow,IPA - Session,https://untappd.com/b/monyo-brewing-co-zing-crazy-cow/3565393,4.3,N/A,3.55,488,12/06/19,"A Zing Burgerrel való együttműködést a kölcsönös szimpátia inspirálta: ők ugyanannyira szeretik a kraft sört, mint mi a szaftos burgereket és mindketten egyetértünk abban, hogy együtt esnek a legjobban.Csak idő kérdése volt, hogy mikor főzünk egy olyan IPA-t, ami a legjobban az ő hamburgereik mellé csúszik. A Crazy Cow-ban két közös kedvenc komlónk, a Mosaic és a Cascade, valamint a rájuk jellemző grapefruitos-citrusos ízjegyek dominálnak, amik a hidegkomlózás miatt szinte kiugranak az üvegből. Az alkoholfokot viszont tudatosan alacsonyan tartottuk, hogy ne csak egy kör férjen bele ebből az üde, frissítő session IPA-ból.-----Crazy Cow was brewed to celebrate the friendship between MONYO Brewing Co. and Zing, our favourite burger bar and craft-beer purveyor. Brewed and dry-hopped with two of our favourite hops, Mosaic and Cascade, heavy citrus aromas of grapefruit flesh, lemon zest, pineapple juice and wet hop dance on the nose and the palate, with each sip wrapping up with a slight balancing bitterness.With it's low ABV, this session IPA is both refreshing and quaffable, making it an ideal summer treat - not to mention that it goes well with a juicy burger. "
45,4750189,Reketye Brewing Co.,Techno Lama,IPA - Session,https://untappd.com/b/reketye-brewing-co-techno-lama/4750189,4.7,N/A,3.55,2140,03/12/22, 
46,4379788,HopTop Brewery,Table IPA,IPA - Session,https://untappd.com/b/hoptop-brewery-table-ipa/4379788,4.5,23,3.54,321,06/25/21,"This beer is excellent for both casual everyday consumption and for special occasions. It's a simple west coast style session IPA with the Citra and Mosaic hops characteristic flavour. 4,5% of alcohol makes this beer an easy drinkable IPA. "
47,3450073,RothBeer,Ground Control,IPA - Session,https://untappd.com/b/rothbeer-ground-control/3450073,4.5,N/A,3.52,529,09/25/19,"A sessionable version of the IPA style, Ground Control is dry hopped with Amarillo hops for citrusy, flowery and tropical punch. Super sessionable!A nagy kedvenc IPA stílus alacsonyabb alkoholtartalmú változata. Amarillo komlóval hidegkomlózva, virágos, trópusi gyümölcsös és citrusos aromákkal.  "
48,4394417,hübris,süpa,IPA - Session,https://untappd.com/b/hubris-supa/4394417,4.5,30,3.51,590,07/03/21, 
49,3713068,Mad Scientist,Jam Session,IPA - Session,https://untappd.com/b/mad-scientist-jam-session/3713068,4.3,N/A,3.5,1242,03/09/20,"""I got to slamJump in the crowdI don't give a damn When the music is so loudI got to slamI got the fever nowHeating up my bodySo I got to let it out"" "
0,4893193,Fehér Nyúl,Summer Session,IPA - New England / Hazy,https://untappd.com/b/feher-nyul-summer-session/4893193,4.9,N/A,3.7,156,06/18/22,"Session NEIPA sörünk a bizonyíték,hogy nem kell sok alkohol ahhoz, hogy jól érezd magad!Our Session NEIPA is proof, that you don’t needa lot of booze to feel frisky "
1,4673864,Hara’Punk Brewing,Executive Hazy Session IPA,IPA - Session,https://untappd.com/b/hara-punk-brewing-executive-hazy-session-ipa/4673864,4.5,33,3.65,424,01/10/22,"Az Executive Pale Ale egyik ködösebb, komlósabb spin-off kiadása. "
2,3999748,HopTop Brewery,Wassabro - DDH Session NEIPA,IPA - New England / Hazy,https://untappd.com/b/hoptop-brewery-wassabro-ddh-session-neipa/3999748,4.2,N/A,3.62,228,10/09/20,"A super light 4,2% DDH Session NEIPA with Simcoe,Chinook and Sabro hops. Our beer was dry-hopped twice to highlight the coconut notes of Sabro and paired with the citrus/pine notes of Chinook and the passion fruit flavor of Simcoe hops. Hops used: Simcoe, Chinook, SabroEgy szuperkönnyed 4,2%-os DDH Session NEIPA, amit Simcoe, Chinook és Sabro komlókkal főztünk. A sörlevünket duplán hidegkomlóztuk, hogy kiemeljük a Sabro komló kókuszos jegyeit és párosítottuk a Chinook citrusos/fenyős jegyeivel, illetve a Simcoe maracujás ízvilágával. Felhasznált komlók: Simcoe, Chinook, Sabro "
3,6648332,UGAR Brewery,Spectrum - To the Moon And Back,IPA - Session New England / Hazy,https://untappd.com/b/ugar-brewery-spectrum-to-the-moon-and-back/6648332,3.8,N/A,3.61,196,03/26/26,"Session New England IPAHops: strata hyperboost, nectaron cryo, el dorado "
4,4725960,Happpy Beer Factory,New Heaven,IPA - Session New England / Hazy,https://untappd.com/b/happpy-beer-factory-new-heaven/4725960,4.5,N/A,3.6,202,02/22/22,"Mélyülj el a címkében, figyeld meg alaposan. Képzeld el, hogy az a szék a tengerparton Neked van fenntartva. Töltsd ki a sört egy pohárba, majd hunyd le szemeid. Végy egy nyugodt, mély lélegzetet, majd kortyolj bele. Ugye, hogy a mennyországban érzed magad? Egy Új Mennyországban... "
5,5303144,Etyeki Sörmanufaktúra,Just For Fun - Mango Lassi Milkshake Session NEIPA,IPA - New England / Hazy,https://untappd.com/b/etyeki-sormanufaktura-just-for-fun-mango-lassi-milkshake-session-neipa/5303144,4.0,20,3.53,168,04/05/23, 
6,4969487,MONYO Brewing Co.,Hazy Hamster,IPA - Session New England / Hazy,https://untappd.com/b/monyo-brewing-co-hazy-hamster/4969487,4.2,N/A,3.49,813,08/08/22,"Egy szuperkönnyed és friss Session New England IPA. Ha imádod a trópusi gyümölcsöket, akkor ezt a sört neked találták ki. Az amerikai komlóknak és a hidegkomlózásnak köszönhetően árad belőle a mangó, az ananász és a barack. Megjelenésre ködös, állagra pedig krémes és dzsúszos, a kortyérzet selymességét egy kis keserűség billenti helyre a korty végén. Igazi komlóbomba alacsony alkoholtartalommal, ami miatt tökéletes kiegészítője a nyári grillpartiknak.Kizárólag a Spar üzleteiben kapható termék. "
0,4255432,Fehér Nyúl,Dupla Rafa,IPA - Sour,https://untappd.com/b/feher-nyul-dupla-rafa/4255432,9.5,55,3.84,425,04/07/21,"A Rafa limitált kiadású változata. Erősebb, komlósabb, testesebb. Limoncello sörformában.A 2023-as főzet: https://untappd.com/b/feher-nyul-dupla-rafa-2023/5211819Limited edition of our core beer, Rafa. Stronger, hoppier and with more body. Limoncello in ale form. "
1,3940558,HORIZONT Brewing,Sour Series - Take Me Somewhere Twice (Imperial Passionfruit Sour IPA),IPA - Sour,https://untappd.com/b/horizont-brewing-sour-series-take-me-somewhere-twice-imperial-passionfruit-sour-ipa/3940558,7.5,N/A,3.82,565,08/29/20,"This beer is a second take on our Passionfruit SOUR IPA with our friends at White Stork Brewery. With its 7,5% alcohol it might feel like a big beer, but actually its an easy drinker, smooth, refreshing beer with intense Passionfruit notes, coming from both the fruit and the dry-hops. Enjoy! "
2,3702206,Dealbreaker,Joanna Gone Wild,IPA - Sour,https://untappd.com/b/dealbreaker-joanna-gone-wild/3702206,7.0,40,3.76,392,03/02/20,"JOANNA GONE WILD // 7% Sour IPA dry hopped with Simcoe, Wai-iti and KohatuSome of you might still recall the days when Joanna gone mad, and this time she is going full wild. All we feel is infinite love to her new personality; because if we look close enough, under the surface there's something glittering from her old sweeter self as well.INGREDIENTS: water, barley malts, maple syrup, muscovado sugar, orange purée, orange peels, hops (Mosaic, Simcoe, Wai-iti, Kohatu ), yeast "
3,5698322,Fehér Nyúl,Tripla Rafa - 2024,IPA - Sour,https://untappd.com/b/feher-nyul-tripla-rafa-2024/5698322,10.1,N/A,3.75,260,02/01/24,"Tripla Rafánk második kiadása; 30,3°B eredeti extrakttartalom, töménytelen mennyiségű alapanyag, citrom hegyek és persze a Fehér Nyúl kettle sour technikája adja ennek a nem mindennapi sörnek a karakterét.The second edition of our Triple Rafa boosts an original extract content of 30.3°B, loads of raw ingredients, countless hours spent peeling lemons and of course, Fehér Nyúl's kettle sour technique give this spectacular beer its character. "
4,4829077,Fehér Nyúl,Tripla Rafa,IPA - Sour,https://untappd.com/b/feher-nyul-tripla-rafa/4829077,10.7,N/A,3.75,333,05/06/22,"A 2024-es főzetet itt találod! https://untappd.com/b/feher-nyul-tripla-rafa-2024/56983225 éves a Fehér Nyúl! Ezt megünneplendő született meg legnépszerűbb sörünk, a Rafa triplásított változata. Még több maláta, komló, citromhéj és laktóz: limoncello kimaxolva!Fehér Nyúl is 5 years old! To celebrate this fact, we brewed a TIPA version of our most popular beer, Rafa. More malt, hops, lemonpeel and lactose: limoncello maxed out! "
5,5428734,MadX,Liquid X,IPA - Sour,https://untappd.com/b/madx-liquid-x/5428734,8.3,N/A,3.75,535,07/03/23,Lemon Zest Infused Wine Barrel Aged Sour Ipa collab with our friends Adroit Theory USA based on Mad Scientist's bestseller Liquid Cocaine DIPA 
6,5211819,Fehér Nyúl,Dupla Rafa 2023,IPA - Sour,https://untappd.com/b/feher-nyul-dupla-rafa-2023/5211819,8.5,N/A,3.75,400,01/26/23,"A méltán híres Rafa savanyított IPA dupla változatának második kiadása; két évvel az előző főzet után leporoltuk a receptet, átdolgoztuk a tapasztalataink alapján, így most egy még kifinomultabb Dupla Rafa kerülhet a poharadba!Laktózt tartalmazThe well recognized Rafa Sour IPA’s limited double edition; and the second version at that! The recipe, which we brewed first two years ago was dusted off, worked on and improved; thus, you can have an even more interesting Double Rafa in your glass!Contains lactose "
7,3883527,Zentus Craft Beer,Barett Kitty,IPA - Sour,https://untappd.com/b/zentus-craft-beer-barett-kitty/3883527,6.8,35,3.74,151,07/22/20,Dry-Hopped Fruited Sour IPA 
8,4494622,Mad Scientist,Resist Nothing,IPA - Sour,https://untappd.com/b/mad-scientist-resist-nothing/4494622,7.0,N/A,3.73,922,09/07/21,Sour Ipa With Raspberry & Purple Basil collab w/ Vocation Brewery 
9,3335078,Hopfanatic Brewery,Straw Battle Berry,IPA - Sour,https://untappd.com/b/hopfanatic-brewery-straw-battle-berry/3335078,6.0,22,3.71,372,07/17/19, 
10,4430846,UGAR Brewery,First Wave,IPA - Sour,https://untappd.com/b/ugar-brewery-first-wave/4430846,6.8,N/A,3.7,316,07/27/21,Sour NEIPA. 
11,2755583,Mad Scientist,Mad Barba,IPA - Sour,https://untappd.com/b/mad-scientist-mad-barba/2755583,6.4,N/A,3.68,234,07/19/18, 
12,3561462,Reketye Brewing Co.,Acid Jazz,IPA - Sour,https://untappd.com/b/reketye-brewing-co-acid-jazz/3561462,6.5,40,3.68,365,12/03/19,Super drinkable and fresh sour IPA dryhopped with galaxy simcoe citra and amarillo.  
13,4316705,HORIZONT Brewing,Sour Series - Sour Citra IPA,IPA - Sour,https://untappd.com/b/horizont-brewing-sour-series-sour-citra-ipa/4316705,6.5,18,3.67,662,05/16/21,"Kettlesoured Singlehop IPA with the most suited hop for this style, the Citra. If you need a refreshing IPA this is the one. "
14,5248934,UGAR Brewery,Inverz Rafa,IPA - Sour,https://untappd.com/b/ugar-brewery-inverz-rafa/5248934,6.8,N/A,3.66,256,02/24/23, 
15,2187800,Fehér Nyúl,RAFA,IPA - Sour,https://untappd.com/b/feher-nyul-rafa/2187800,6.8,48,3.66,8374,07/10/17,Többszörösen díjnyertes DDH savanyított IPA citromhéjjal és laktózzal. Limoncello dobozba zárva!Multiple-award winning DDH Sour IPA with lemonpeel and lactose. Limoncello in a can! 
16,2565995,Reketye Brewing Co.,Kettlesourus,IPA - Sour,https://untappd.com/b/reketye-brewing-co-kettlesourus/2565995,8.0,N/A,3.66,2349,03/22/18,"Intensly DRY hoped with galaxy, this monster has high drinkability and delightfull mouthfeel.  "
17,5235510,HORIZONT Brewing,Sour Series - Sacrifice To the Gods - Sour IPA With Greek Yogurt And Andaliman Pepper,IPA - Sour,https://untappd.com/b/horizont-brewing-sour-series-sacrifice-to-the-gods-sour-ipa-with-greek-yogurt-and-andaliman-pepper/5235510,6.1,15,3.6,661,02/13/23,"Görögjoghurttal savanyított IPA, amerikai és új-zélandi komlókkal, Indonéziában őshonos andaliman borssal, melynek jellegzetes, enyhén citrusos ízjegyei tökéletesen passzolnak a savanyú, kellemesen komlós alaphoz. A laktóztól hazy, citrus-sárga megjelenés egy izgalmas, egyedi ízvilágot rejt. Nevét a görögös, multikulti vonalról kapta, mint az év első söre, az isteneknek való felajánlásként tekintünk rá, még a tavalyinál is jobb év reményében.To make it nice and sour, we used Greek yogurt, hops from the US and New Zealand and Andaliman pepper which has an unusual, citrus flavor, perfectly fits the hoppy, sour IPA base. As the first beer of the year, we'd like to sacrifice it to the gods to ask for an even better year that the previous one. "
18,5193981,Mad Scientist,Surface Pressure,IPA - Sour,https://untappd.com/b/mad-scientist-surface-pressure/5193981,8.0,N/A,3.53,1026,01/10/23,"Smoothie Style Belgian IPA With Orange, Grapefruit & Blackcurrant "
19,5521794,FIRST Craft Beer,Motherpucker,IPA - Sour,https://untappd.com/b/first-craft-beer-motherpucker/5521794,6.5,N/A,3.53,365,09/11/23, 
20,4902242,INCZELLAR,Beta,IPA - Sour,https://untappd.com/b/inczellar-beta/4902242,6.6,N/A,3.53,189,06/24/22,Savanyú vörös IPASour red IPA 
21,5814723,HORIZONT Brewing,Sour Series - Puckery Potion,IPA - Sour,https://untappd.com/b/horizont-brewing-sour-series-puckery-potion/5814723,7.2,N/A,3.52,619,05/04/24,"Sour IPA, ködös megjelenéssel, Pink Boots komlóblenddel és Motuekával. Philly Sour élesztővel savanyítva, ez az első így savanyított tételünk. Nagyon kellemes, frissítő és tuti, levesz a lábadról.  "
22,6482931,Mad Scientist,Liquid Acid,IPA - Sour,https://untappd.com/b/mad-scientist-liquid-acid/6482931,6.2,N/A,3.5,577,11/07/25,"Sharp, zesty, and trippy. Because it’s not the destination, it’s the trip! This sour IPA twist on our bestseller DIPA hits with citrus peel madness and face-melting freshness. Let’s celebrate Liquid Cocaine Day on the 18th of November together with this special one-off! "
23,3068047,Hedon,Aunt Mary,IPA - Sour,https://untappd.com/b/hedon-aunt-mary/3068047,7.0,68,3.42,538,02/05/19,Sour Cherry IPA 
0,3729199,Brew Your Mind,Big Lies,IPA - Triple,https://untappd.com/b/brew-your-mind-big-lies/3729199,9.5,N/A,4.22,2766,03/22/20,"Triple IPA monster, based on our Bright Lies IPA. "
1,4037239,HORIZONT Brewing,Playground TDH Triple IPA,IPA - Triple,https://untappd.com/b/horizont-brewing-playground-tdh-triple-ipa/4037239,10.5,74,3.97,986,11/03/20,"Triple Dryhopped Triple IPA with our favorite neighbour  Mad Scientist. Brewed with Nelson Sauvin, Mosaic and Centennial. "
2,4556390,HORIZONT Brewing,"Selfish Games Triple IPA W. Citra, Comet & Callista",IPA - Triple,https://untappd.com/b/horizont-brewing-selfish-games-triple-ipa-w-citra-comet-and-callista/4556390,10.2,N/A,3.9,857,10/20/21,"Triple IPA with Citra, Comet & Calista hops to have this pech, papaya flavoured, smooth, hazy easy drinking monster. "
3,5791854,Brewing Vibes Brewery,Beer Lovers Only,IPA - Triple,https://untappd.com/b/brewing-vibes-brewery-beer-lovers-only/5791854,9.0,N/A,3.88,224,04/17/24,"Simcoe, Citra, Strata, Citra Cryo "
4,4764495,Reketye Brewing Co.,Total Peace,IPA - Triple,https://untappd.com/b/reketye-brewing-co-total-peace/4764495,9.2,N/A,3.88,465,03/22/22, 
5,4829980,HORIZONT Brewing,"Selfish Games Triple IPA W. Citra, Strata, Calista",IPA - Triple,https://untappd.com/b/horizont-brewing-selfish-games-triple-ipa-w-citra-strata-calista/4829980,10.1,54,3.86,757,05/06/22,"Mindenkinek, akinek tetszett a legutóbbi TRIPLA IPA-nk annak nyugodt szívvel tudjuk ajánlani, mert, ami tetszett benne, az ebben is megtalálható. Egy kicsit csavartunk a recepten és egy mostanában népszerű komlófajtát csempésztünk a sörbe, a Strata variánst. Ez a komló egy picit epres illetve krémesebb kortyérzetet kölcsönöz a sörnek, amire szükség is van, hiszen ez a sör egy masszív 10,1%-os alkohol tartalommal rendelkezik. Kortyérzetében a citrusosság, édesség és gyümölcsösség váltakozik egy minimális testtel, ami elengedhetetlen egy ilyen szintű sörnél. "
6,4312780,Fehér Nyúl,Trip,IPA - Triple,https://untappd.com/b/feher-nyul-trip/4312780,9.2,33,3.86,400,05/14/21,"Triplán hidegkomlózott tripla IPA Citra, Simcoe, CryoSimcoe, Falconer's Flight és Idaho7 komlókkal, NEIPA élesztővel.Triple dry-hopped triple IPA brewed with Citra, Simcoe, CryoSimcoe, Falconer's Flight and Idaho7 hops, fermented with NEIPA yeast. "
7,4690149,FIRST Craft Beer,Triple Flower Power 2022,IPA - Triple,https://untappd.com/b/first-craft-beer-triple-flower-power-2022/4690149,9.4,60,3.84,459,01/24/22,"Ezúttal nem szintet, de rögtön dimenziót ugrottunk – imádott Flower Powerünket a Dupla lila szettje után megint új ruhába öltöztettük és a lágy, selymes, krémes receptet tovább dolgoztuk, hogy fullos legyen a trip: egy korty és hidd el, nem lesz olyan batikolt póló, virágfüzér vagy trapéznadrág, amit ne kapnál fel széles mosollyal. Hiszen az ötféle komló maradt, de a 20 gramm/liter komlózás illatfelhője beborít és bebódít… Helyezkedj el kényelmesen, tedd fel a 3D szemüveget és dőlj hátra, hogy minden érzékszervedre hathasson a Flower Power élménye!This time it’s not a level, it’s a dimension we upgraded our newly dressed Flower Power – making the smooth, silky, creamy recipe to make the trip full - one sip and believe us, there's not a batik shirt or garland you wouldn't don with a smile. The five hops are constant, but the giant fragrance cloud of the 20 g/l hopping covers and intoxicate us… Lay back comfortably, put on the 3D glasses and let all your senses be consumed by the Flower Power Experience! "
8,5315676,Mad Scientist,Cocaine Punch,IPA - Triple,https://untappd.com/b/mad-scientist-cocaine-punch/5315676,10.5,N/A,3.83,2102,04/14/23,"10,5% TIPA collab w/ Frontaal Brewing Co. featuring Liquid Cocaine's malt bill & Juice Punch's hop profile "
9,5626601,Mad Scientist,Where I Draw The Line,IPA - Triple,https://untappd.com/b/mad-scientist-where-i-draw-the-line/5626601,10.6,N/A,3.82,1064,12/01/23,LIQUID COCAINE TRIPLE IPA officially premiers on the 12th of December as a part of 12 Beers of Christmas 
10,5313643,FIRST Craft Beer,Triple Flower Power 2023,IPA - Triple,https://untappd.com/b/first-craft-beer-triple-flower-power-2023/5313643,9.0,60,3.77,320,04/13/23, 
11,3178769,HORIZONT Brewing,Jack the Triple,IPA - Triple,https://untappd.com/b/horizont-brewing-jack-the-triple/3178769,10.0,60,3.75,299,04/15/19,"When double is not enough! Jack is our spring triple IPA with huge amounts of Galaxy, Amarillo and Nelson Sauvin hops. 10% ABV to balance it out and give you a numbing experience! You know you want it!Ha a dupla is kevés! Keresd minden tavasszal a Jack The Triple-t, az új tripla IPA-nkat. Tömve Galaxy, Amarillo és Nelson Sauvin komlókkal, 10% alkohollal és egy igazi zsibbasztóan komlós élménnyel! "
12,4165373,FIRST Craft Beer,Kuan,IPA - Triple,https://untappd.com/b/first-craft-beer-kuan/4165373,9.3,70,3.73,342,02/03/21,"Ti választottátok a komlót, mi pedig megfőztük: a hírhedt 2020-as év végét könyörtelenül taposva érkezik lován a felmentő hadvezér, Kuan Jü! Végletekig hűséges és elkötelezett - ahogy mi is a legjobb New England IPA-k megfőzése iránt. Könyörtelen, ahogy mi sem kíméltük a főzőházat - ezúttal 50 kilónyi Ekuanot komlóval varázsoltuk keserűvé és mégis frissen illatozóvá sörünket. Hősies és az egekig magasztalt... "
13,5544504,FIRST Craft Beer,Citra Triple IPA,IPA - Triple,https://untappd.com/b/first-craft-beer-citra-triple-ipa/5544504,9.0,55,3.69,261,09/29/23, 
14,5756826,Fehér Nyúl,Illusion,IPA - Triple,https://untappd.com/b/feher-nyul-illusion/5756826,10.9,N/A,3.66,216,03/20/24,"Illúziót teremt vagy visszaránt a valóságba? Rajtad múlik, hogy melyik utat választod, de hidd el, hogy ez a tripla IPA egy kellemes illúziót teremt.Does it create an illusion or ground you in reality? It's up to you to decide which path you take, but we'll assure you that this triple IPA is a pleasant illusion.  "
15,5072880,HORIZONT Brewing,Selfish Games New Zealand Cold TIPA,IPA - Triple,https://untappd.com/b/horizont-brewing-selfish-games-new-zealand-cold-tipa/5072880,10.0,N/A,3.63,605,10/18/22,"Lager élesztővel, és új-zélandi komlókkal készült Cold Triple IPA, ami egyszerre hozza a lagerekre jellemző kristálytiszta, aranyló megjelenést és az IPA-kra jellemző komlós, kellemesen kesernyés ízvilágot.Cold Triple IPA made with lager yeasts and hops from New Zealand. Crystal clear, golden appearance with fruity, refreshing, hoppy mouthfeel.  "
16,5158718,Mad Scientist,All These Flavors And You Choose To Be Salty,IPA - Triple,https://untappd.com/b/mad-scientist-all-these-flavors-and-you-choose-to-be-salty/5158718,10.7,N/A,3.56,1070,12/13/22,"Salted Caramel Tipa 10,7% "
0,6155091,Brew Your Mind,Eternal Dreams,IPA - Triple New England / Hazy,https://untappd.com/b/brew-your-mind-eternal-dreams/6155091,10.0,N/A,4.2,970,02/10/25,Hazy Tripla IPA Citra és Riwaka komlóval. Keep Dreaming sörünk legerősebb változata. 
1,6496430,Brew Your Mind,Great Expectations,IPA - Triple New England / Hazy,https://untappd.com/b/brew-your-mind-great-expectations/6496430,9.1,N/A,4.03,384,11/17/25,"A marosvásárhelyi Bere Noah főzdével közös recept alapján készítettük ezt a főzetet, mely egy igazán komoly tétel lett, Citra, Simcoe, Riwaka és Peacharine komlóval.  "
2,4823852,Brew Your Mind,Human Experiment TWENTY FIVE,IPA - Triple New England / Hazy,https://untappd.com/b/brew-your-mind-human-experiment-twenty-five/4823852,9.5,N/A,3.97,221,05/02/22,"Kísérletező sorozatunk legújabb tagja, melyben a HBC-586 jelű amerikai kísérleti komlót használtuk.  "
3,5339074,Brew Your Mind,Money Warship,IPA - Triple New England / Hazy,https://untappd.com/b/brew-your-mind-money-warship/5339074,11.0,N/A,3.93,515,04/30/23,"Kővári Gergő (armando_otchoa) barátunkkal közös projektünk legújabb tagja. Folyamatosan törekszünk a jól ihatóságra söreink megalkotásakor, ezért eddig sosem készítettünk ennyire erős IPA-t. A ""Money szériának"" viszont mindig is része volt a komfort zónánkból való kilépés, jelen esetben kiugrás, melynek eredménye nem egy könnyű frissítő ivósör, de nem is ez volt a cél. A tetemnyi :) mennyiségű komló (citra, galaxy, amarillo, vic secret) nem harsányan, hanem sokkal inkább egy érett lekvárhoz hasonlóan simul bele a sűrű malátalébe, különös harmóniát alkotva. "
4,5213309,UGAR Brewery,Trailer #010 - Piéce De Résistance,IPA - Triple New England / Hazy,https://untappd.com/b/ugar-brewery-trailer-010-piece-de-resistance/5213309,9.6,N/A,3.91,301,01/27/23, 
5,2496544,HORIZONT Brewing,Pilot Series #6 - Tripla New England Inspired IPA,IPA - Triple New England / Hazy,https://untappd.com/b/horizont-brewing-pilot-series-6-tripla-new-england-inspired-ipa/2496544,10.5,74,3.85,245,02/02/18, 
6,6474139,Brew Your Mind,Billie's Eternal Dreams,IPA - Triple New England / Hazy,https://untappd.com/b/brew-your-mind-billie-s-eternal-dreams/6474139,10.0,N/A,3.84,195,10/31/25,"hazy TIPA - Mango, pillowy, Riwaka, invitation to keep dreaming "
7,4979976,Mad Scientist,Ghost Flight,IPA - Triple New England / Hazy,https://untappd.com/b/mad-scientist-ghost-flight/4979976,11.2,N/A,3.83,1216,08/16/22,"A Triple New England IPA w/ Talus, Sabro, Simcoe, HBC522 & Ginger made together with Marcin of Browar Rockmill (PL) "
8,6480392,Fehér Nyúl,Paranormal,IPA - Triple New England / Hazy,https://untappd.com/b/feher-nyul-paranormal/6480392,9.2,N/A,3.83,509,11/05/25,"Gyere csak, átvezetünk a hídon. Nekünk is egy kicsit para volt átkelni elsőre, de most már teljesen normális az egész. Ha már Blech Brut és Bamberg, akkor német aromakomló is ment bőven hidegkomló gyanánt. A Callista és a Krush keveréke nagyon komoly harapnivaló zamatvárat épített. Come on over, we'll lead you across the bridge. It was a bit scary for us to cross the first time too, but now the whole thing is completely normal. Since it's Blech Brut and Bamberg, we also used plenty of German aroma hops for the dry-hop. The mixture of Callista and Krush built a seriously intense flavor castle. "
9,4896788,MONYO Brewing Co.,Giga Cyber Rabbit,IPA - Triple New England / Hazy,https://untappd.com/b/monyo-brewing-co-giga-cyber-rabbit/4896788,9.5,N/A,3.78,444,06/20/22,"Teljesen elszabadult a pokol. A pusztítás mértéke ép ésszel már fel sem fogható, egy új világrend kezd körvonalazódni. Vajon meg lehet még állítani ezt a szörnyeteget?Megérkezett a Cyber Rabbit Extra széria legújabb tagja, a Giga Cyber Rabbit! 9.5%-os Tripla New England IPA, kétszer hidegkomlózott sűrű és selymes komlóbomba, a MONYO történetének eddigi legerősebb NEIPA-ja!Készen állsz rá? "
10,5359384,FIRST Craft Beer,Backyard Street Boy,IPA - Triple New England / Hazy,https://untappd.com/b/first-craft-beer-backyard-street-boy/5359384,10.0,62,3.77,391,05/15/23,"Masszív, sűrű, mégis friss Tripla IPA. Sabro, Idaho7 és Citra komlókkal ízesítve, közösen készítettük barátainkkal a Folkingebrew-nál.Massive, thick and yet refreshing Triple IPA. Hopped with Sabro, Idaho7 and Citra, brewed together with our friends and Folkingebrew. "
0,4303415,SIMA brewing,Royal Marriage,IPA - White / Wheat,https://untappd.com/b/sima-brewing-royal-marriage/4303415,5.6,45,3.56,423,05/08/21,"A Royal Marriage egy IPA és egy belga Wit király(i) házassága. A Sorachi Ace, Cascade és Citra komlók, és egy visszafogott hidegkomlózás gondoskodnak a trópusi gyümölcsös, citrusos aromákról, melyet a forralásnál hozzáadott koriander és keserűnarancs-héj kellemesen, de nem túlzóan fűszeressé varázsol. Az eredmény egy igazán izgalmas ízkavalkád egy kerek, frissítő sör formájában. ¤¤¤Pacsi 0036Mark-nak a király címkéért!¤¤¤---The royal marriage of an IPA and a belgian wit. A beautiful bond celebrated with  Sorachi Ace, Cascade and Citra hops. Tropical, citrusy with a hint of coriander and bitter-orange peel. An exciting and elegant beverage, a refreshing wholesome beer.  "
1,1307822,MONYO Brewing Co.,Bipolar Bear,IPA - White / Wheat,https://untappd.com/b/monyo-brewing-co-bipolar-bear/1307822,6.1,40,3.55,6481,11/09/15,"A white IPA egyfajta átmenet az újhullámos amerikai IPA-k és a fűszeres belga búzasörök (azaz witbierek) között. Utóbbi stílusból inspirálódva a mi verziónkba is került bio citrushéj (narancs, grapefruit), valamint koriander, előbbi miatt pedig nem fogtuk vissza magunkat a komlózás terén. A végeredmény egy kellemesen citrusos, gyümölcsösen észteres és balanszosan keserű ivósör lett, ami a nap bármely szakaszában jól csúszik.----Bipolar Bear is our take on the white IPA-style, which is a crossover between American IPA-s and Belgian witbiers. The latter inspired us to but bio citrus peel (orange, grapefruit) and coriander in our brew, but because of the previous style, we also heavy hopped it. The result is a beer that is pleasantly citrusy, with a balanced bitterness and fruity esters, that goes down as a treat every time of the day "
2,5507927,Etyeki Sörmanufaktúra,Just For Fun - Hazy White IPA,IPA - White / Wheat,https://untappd.com/b/etyeki-sormanufaktura-just-for-fun-hazy-white-ipa/5507927,5.7,60,3.53,177,09/01/23,"Belga búza és Amerikai IPA házasítása, Curacao és édes narancshéjjal, korianderrel és szecsuáni borssal fűszerezve, kellemes 5,7%-os alkohollal.  "
3,4322455,Zentus Craft Beer,Melissa Ginger,IPA - White / Wheat,https://untappd.com/b/zentus-craft-beer-melissa-ginger/4322455,7.9,30,3.53,193,05/21/21,Imperial White IPA with ginger and balm leaves 
4,2063216,MONYO Brewing Co.,WHT IPA Raspberry,IPA - White / Wheat,https://untappd.com/b/monyo-brewing-co-wht-ipa-raspberry/2063216,6.1,40,3.53,159,04/27/17,"Rengeteg málna hozzáadásával dobtuk fel a WHT IPA-t a tavaszi szezonra. Az eredeti verzió egy klasszikus White IPA, ami a fűszeres belga búzasör és az amerikai IPA fúziója. Ezen az alapból izgalmas sörtípuson Czirják Gábor sörfőzőnk csavart még egyet. A málna fanyarsága tökéletesen harmonizál a frissítő búzás jegyekkel és az újvilági komlók gyümölcsös aromáival. Egyszeri és limitált kiadás, ne maradj le róla! "
0,4812463,Reketye Brewing Co.,Resolve,Kellerbier / Zwickelbier,https://untappd.com/b/reketye-brewing-co-resolve/4812463,5.0,N/A,3.64,173,04/24/22, 
1,314971,Fóti Kézműves Sörfőzde,Fóti Zwickl,Kellerbier / Zwickelbier,https://untappd.com/b/foti-kezmuves-sorfozde-foti-zwickl/314971,4.5,N/A,3.45,2796,02/22/13,"Hazy amber/yellow colour with little white head. Aroma: Very yeasty and fruity, herbs. Taste: Sweet malty. citrus, yeast with a medium bitterness. Very pleasent sweet finish. Medium body and carbonation. "
2,559584,Kapucinus Sörfőzde,Szeplőtelen,Kellerbier / Zwickelbier,https://untappd.com/b/kapucinus-sorfozde-szeplotelen/559584,4.3,N/A,3.38,708,01/12/14, 
0,4025862,Hara’Punk Brewing,Hoppaido Ipasaké,Koji / Ginjo Beer,https://untappd.com/b/hara-punk-brewing-hoppaido-ipasake/4025862,5.5,52,3.67,352,10/26/20,"A jól bevált sörélesztőt saké élesztőre cseréltük, így a citrával alaposan meghidegkomlózott IPA sör aromát egy szép sakés karakter teszi teljessé. Kollab sör a Sikátori Sörfőzdével. "
1,5507931,Etyeki Sörmanufaktúra,Just For Fun - Game of Yeasts #Szaké,Koji / Ginjo Beer,https://untappd.com/b/etyeki-sormanufaktura-just-for-fun-game-of-yeasts-szake/5507931,4.0,41,3.58,181,09/01/23,"Malátázásnál hozzáadott Jázmin rizs és rizspehely adja az egyediséget, ami Szaké élesztővel erjesztve, Sorachi Ace és Lotus komló hozzáadásával remekül hozza a Japán ízvilágot, amit a Sencha Makoto zöldtea és Jázmin virág tesz teljessé. Az élesztő által hozott észteresség, gyümölcsös, virágos illatok, és a zöldtea csersavassága kerek egésszé áll össze a sörben. "
0,4992124,Szent András Sörfőzde,TesztAndrás Gamma.15,Kölsch,https://untappd.com/b/szent-andras-sorfozde-tesztandras-gamma-15/4992124,4.6,25,3.64,170,08/25/22,"Kölschnek általában azokat a söröket nevezik, amelyek Kölnben, vagy a város közvetlen környékén működő sörgyárak valamelyikében készültek. Ezidáig. A YeastFlow UF-108 Jawohl élesztővel készült Gamma.15-ben a német precizitást és a békésszentandrási találékonyságot ötvöztük egymással. Az eredmény pedig egy aranyló színű, gabonás illatokra emlékeztető, jegyeiben lágyan gyümölcsös, könnyű nyári sör lett. Ahogy azt mi Békésszentandráson szeretjük. "
1,4858280,HopTop Brewery,Frau Nelson,Kölsch,https://untappd.com/b/hoptop-brewery-frau-nelson/4858280,6.4,N/A,3.63,171,05/26/22,DDH Imperial Kölsch Style Ale 
2,4344716,Hajnali Sörfőzők,Pilisch,Kölsch,https://untappd.com/b/hajnali-sorfozok-pilisch/4344716,5.0,N/A,3.63,170,06/04/21,"Egy Kölsch stílusú világos sört alkottunk meg, ami nem másra teremtetett mint hogy át lehessen vészelni vele a nyarat!  "
3,5451942,Szent András Sörfőzde,TesztAndrás Gamma.16,Kölsch,https://untappd.com/b/szent-andras-sorfozde-tesztandras-gamma-16/5451942,4.6,20,3.61,182,07/20/23,"Kölschnek általában azokat a söröket nevezik, amelyek Kölnben, vagy a város közvetlen környékén működő sörgyárak valamelyikében készültek. Ezidáig. Ez a TesztAndrás sör a második Kölsch kísérlet, ezúttal Lallemand Kölsch élesztővel, ami kiválóan hagyja dolgozni a finom komlóaromákat, miközben kellemes gyümölcsös észtereket termel. Gamma.16-ban ismét a német precizitást és a békésszentandrási találékonyságot ötvöztük egymással, amit a második főzettel szerintünk közel tökéletesre fejlesztettünk.  Aranyló színű, gabonás illatokra emlékeztető, szárazra kiegyensúlyozott könnyű nyári sör, ahogy azt mi Békésszentandráson szeretjük. "
4,5389610,Helka Sörfőzde,Horka,Kölsch,https://untappd.com/b/helka-sorfozde-horka/5389610,5.1,26,3.58,287,06/05/23,Black Kölsch style ale 
5,4395335,Helka Sörfőzde,Jómadár,Kölsch,https://untappd.com/b/helka-sorfozde-jomadar/4395335,5.1,26,3.53,756,07/04/21, 
6,4444686,Ruin Brew Budapest,Kolsch,Kölsch,https://untappd.com/b/ruin-brew-budapest-kolsch/4444686,4.3,N/A,3.45,369,08/05/21, 
0,1921510,MONYO Brewing Co.,Funky Fritz,Kölsch - Wiess,https://untappd.com/b/monyo-brewing-co-funky-fritz/1921510,4.6,22,3.41,1236,01/25/17, 
0,3934600,Balkezes,Rakehell,Lager - Amber / Red,https://untappd.com/b/balkezes-rakehell/3934600,4.7,N/A,3.58,220,08/25/20,hardcore partysör ami a Rakehell brigád közreműködésével készült. csak can.//hardcore party beer brewed in collaboration with the Rakehell crew. can only.LIVE THE HARDCORE SIDE OF LIFE 
1,2784574,BAZ Beer,Vörös,Lager - Amber / Red,https://untappd.com/b/baz-beer-baz-beer-voros/2784574,4.5,25,3.4,273,08/05/18, 
2,3419659,Dreher Sörgyárak,Félbarna Hidegkomlós,Lager - Amber / Red,https://untappd.com/b/dreher-sorgyarak-felbarna-hidegkomlos/3419659,4.6,21,3.05,757,09/06/19, 
3,70441,Dreher Sörgyárak,Arany Ászok Félbarna,Lager - Amber / Red,https://untappd.com/b/dreher-sorgyarak-arany-aszok-felbarna/70441,5.1,N/A,3.01,780,08/08/11,"Félbarna, means semi-dark "
4,1995771,Borsodi Sörgyár,Borsodi Tüzes,Lager - Amber / Red,https://untappd.com/b/borsodi-sorgyar-borsodi-tuzes/1995771,4.5,N/A,2.8,972,03/15/17, 
0,5166649,Superside Brewery,Easy,Lager - American,https://untappd.com/b/yeast-side-easy/5166649,5.5,N/A,3.6,169,12/18/22,Modern Lager with a hint of Nelson and Citra HOPS.Please do not read too much on untappd. There is nothing to see here. Just cheers 
1,3340998,Reketye Brewing Co.,Holzkoffer,Lager - American,https://untappd.com/b/reketye-brewing-co-holzkoffer/3340998,4.5,9,3.51,226,07/20/19,"Mezítláb sétálok egy zsályaszagú réten - edition! :)Felsőerjesztésű, szűretlen, friss limitált ízletes söri!Szeretem "
2,6130507,Mad Scientist,Lowkey Lager,Lager - American,https://untappd.com/b/mad-scientist-lowkey-lager/6130507,4.2,N/A,3.46,336,01/17/25,"This beer has got that going on. Smooth, easy, crisp, and just right for kicking it back. Nothing too fancy, just a clean, refreshing taste that goes a long way. The kind of drink that makes you feel present, with no urge to rush anywhere else. "
3,5481767,Cecei Sörüzem,Super Lager,Lager - American,https://untappd.com/b/cecei-soruzem-super-lager/5481767,4.5,N/A,3.24,1482,08/11/23, 
4,4715558,Oasis Brewery,Revolverhős U.S. Lager,Lager - American,https://untappd.com/b/oasis-brewery-revolverhos-u-s-lager/4715558,5.5,N/A,3.21,195,02/14/22,A Vadnyugat legnépszerűbb lager típusú sörét tartod a kezedben. Éld át a westernhősök kalandjait kedvenc sörünk fogyasztásával!  
5,3882599,Kőbánya X,Underground Lager,Lager - American,https://untappd.com/b/kobanya-x-underground-lager/3882599,5.0,N/A,3.19,1568,07/21/20,"Nagyon izgalmas munka volt, bár a lager elsőre tutizásnak tűnik, szerettük volna megmutatni, hogy mennyi potenciál van ebben a mindenki által jól ismert stílusban, ami egyébként globálisan is a reneszánszát éli a kisüzemi sörfőzők között is. Szerintünk azért lett igazán jó sör, mert magas minőségben, tradicionális eljárásokra építkezik, de közben azért több izgalmas csavar is van benne. A folyamat során többször adunk aromakomlót a sörhöz, hagyományos módon a főzőházban a komlóforralás során, és modern hidegkomlózási eljárással az erjesztést követően is. Így született meg ez a fűszeres és visszafogottan citrusos ízvilágú, kristálytiszta ropogós láger. "
0,462789,Kapucinus Sörfőzde,Söröstyén,Lager - American Amber / Red,https://untappd.com/b/kapucinus-sorfozde-sorostyen/462789,7.0,N/A,3.57,163,09/27/13, 
1,1300305,Kapucinus Sörfőzde,Frau Luther,Lager - American Amber / Red,https://untappd.com/b/kapucinus-sorfozde-frau-luther/1300305,4.9,N/A,3.48,326,11/04/15, 
2,3906056,Élesztő Bar,Élesztő Vörös,Lager - American Amber / Red,https://untappd.com/b/eleszto-bar-eleszto-voros/3906056,5.3,N/A,3.48,208,08/06/20, 
0,4858233,HORIZONT Brewing,Selfish Games Cucumber Infused Lager,Lager - American Light,https://untappd.com/b/horizont-brewing-selfish-games-cucumber-infused-lager/4858233,4.3,N/A,3.55,828,05/26/22,Insane amount of cucumber was used to brew this beer. Of course it has been dryhopped and brewed with Sorachi Ace and  little lime puree was added to maximize out the freshness of this brew. 
1,267726,Silenus Pub,Ház Söre,Lager - American Light,https://untappd.com/b/silenus-pub-haz-sore/267726,4.5,N/A,3.37,181,11/23/12,Silenus House Beer  
2,3273636,hübris,hüs,Lager - American Light,https://untappd.com/b/hubris-hus/3273636,4.0,15,3.22,2160,06/09/19,"könnyű, mint az egyszeregy. hübris hüs alsóerjesztésű american pale lager sör. "
3,4820365,The Beertailor,Balatonsör,Lager - American Light,https://untappd.com/b/the-beertailor-balatonsor/4820365,3.8,N/A,3.19,182,04/30/22,Prémium Craft Lager 
4,6271289,MONYO Brewing Co.,White Tiger,Lager - American Light,https://untappd.com/b/monyo-brewing-co-white-tiger/6271289,3.5,N/A,3.15,615,05/19/25,"ROARRR! Utat a fenséges Fehér Tigrisnek!A White Tiger a MONYO-család legújabb tagja, egy low-carb low-ABV American Light Lager.Habkönnyű teste mellett visszafogott komlósság jellemzi. Az élesztőnek köszönhetően minden cukrot leerjesztettünk benne, ezért a kalóriával sem kell törődj, simán beillesztheted a diétába.Ideális társ fűnyírás mellé vagy meleg nyári napokra, amikor nem akarsz gyorsan fejre állni, de meginnál pár doboz sört a haverokkal.Vigyázz, mert amilyen gyorsan jön, olyan gyorsan fogy!ROARRR! Make way for the mighty White Tiger!White Tiger is the newest member of the MONYO family — a low-carb, low-ABV American Light Lager.It has a feather-light body and a subtle hop character. Thanks to the yeast, all the sugars are fully fermented out, so you don’t have to worry about the calories — it fits right into your diet.The perfect companion for mowing the lawn or chilling on a hot summer day when you don’t want to get knocked out after the first can, but still want to crush a few beers with your friends. "
0,4689817,HopTop Brewery,Dark Lager,Lager - Dark,https://untappd.com/b/hoptop-brewery-dark-lager/4689817,5.0,21,3.51,374,01/24/22,Hoptop Dark Lager from the core range.  
1,627967,Kárpi Sörfőzde,Barna Medve,Lager - Dark,https://untappd.com/b/karpi-sorfozde-barna-medve/627967,4.8,N/A,3.49,171,03/25/14, 
2,3425034,Zirci Apátsági Manufaktúra,Aurora,Lager - Dark,https://untappd.com/b/zirci-apatsagi-manufaktura-aurora/3425034,5.8,N/A,3.46,403,09/09/19, 
3,279660,Kapucinus Sörfőzde,Barna,Lager - Dark,https://untappd.com/b/kapucinus-sorfozde-barna/279660,5.4,N/A,3.46,218,12/16/12, 
4,391339,Fóti Kézműves Sörfőzde,Kéményseprő,Lager - Dark,https://untappd.com/b/foti-kezmuves-sorfozde-kemenysepro/391339,6.0,N/A,3.45,720,06/23/13,Sz?retlen fekete sör 
5,3793213,Körös-Maros Biofarm Kft.,Elixbeer Brown & White,Lager - Dark,https://untappd.com/b/koros-maros-biofarm-kft-elixbeer-brown-and-white/3793213,5.0,24,3.39,300,05/21/20, 
6,810134,Reketye Brewing Co.,Lokálpatrióta,Lager - Dark,https://untappd.com/b/reketye-brewing-co-lokalpatriota/810134,4.5,N/A,3.37,432,09/13/14,Special unfiltered lager 
7,331343,Széles & Széles Kft. (Palóc Sör),Memento,Lager - Dark,https://untappd.com/b/szeles-szeles-kft-paloc-sor-memento/331343,5.0,N/A,3.37,277,03/22/13, 
8,2133824,Reketye Brewing Co.,Dark Lager,Lager - Dark,https://untappd.com/b/reketye-brewing-co-dark-lager/2133824,4.5,N/A,3.3,2296,06/08/17,"A creamy and flavour-full dark lager with the aromatic signs of coffee, but there is none in it! We achieved this with roasted barley and the long ageing. "
9,199001,Pécsi Sörfőzde,Pécsi Prémium Barna,Lager - Dark,https://untappd.com/b/pecsi-sorfozde-pecsi-premium-barna/199001,5.8,18,3.2,2305,07/12/12, 
10,43693,Soproni Sörgyár (Heineken Hungária),Démon,Lager - Dark,https://untappd.com/b/soproni-sorgyar-heineken-hungaria-soproni-ovatos-duhaj-demon/43693,5.2,N/A,3.17,10130,04/15/11,"A barna sörök már évszázadok óta indítják be a sörkedvelők fantáziáját és ízlelőbimbóit, amit a legtöbbször a különleges müncheni malátának és a csábítóan kellemes, édeskés aromájuknak köszönhetnek. A Démon esetében az utóbbit négy fajta maláta és a Saphír aromakomló, míg a mélybarna színéről a speciális karamellmaláta gondoskodik.For centuries, brown beers have captured the imagination and tastebuds of beer lovers, mostly thanks to their special Munich malt and their seductively pleasant, sweet aroma. In the case of the Demon, the latter is provided by four types of malt and the Sapphire aroma malt, while the deep brown colour is due to the special caramel malt. "
0,5936428,Mad Scientist,Beer By Lake,Lager - Fruited,https://untappd.com/b/mad-scientist-beer-by-lake/5936428,5.0,N/A,3.59,186,08/06/24,"Golden Lager With Yuzu celebrating Beer by Lake - Nagyerdei Sörkert 2024/08/15-20 Debrecen, Hungary "
1,3852462,Dreher Sörgyárak,Dreher Meggy,Lager - Fruited,https://untappd.com/b/dreher-sorgyarak-dreher-szilaj-meggy/3852462,4.0,16,3.15,4229,07/01/20, 
2,4304347,Dreher Sörgyárak,Dreher Áfonya,Lager - Fruited,https://untappd.com/b/dreher-sorgyarak-dreher-afonya/4304347,4.0,16,3.05,1069,05/08/21, 
3,5268642,Dreher Sörgyárak,Dreher Barack,Lager - Fruited,https://untappd.com/b/dreher-sorgyarak-dreher-barack/5268642,4.0,16,3.04,2474,03/10/23,Világos sör es barack ízű ital keveréke. 
0,5734228,Fóti Kézműves Sörfőzde,Spíler Világos,Lager - German Light / Leichtbier,https://untappd.com/b/foti-kezmuves-sorfozde-spiler-vilagos/5734228,4.5,N/A,3.45,380,03/02/24, 
1,21027,Dreher Sörgyárak,Kanizsai Sör,Lager - German Light / Leichtbier,https://untappd.com/b/dreher-sorgyarak-kanizsai-sor/21027,3.0,N/A,2.53,333,01/04/11, 
0,5780304,Brew Your Mind,Szekszárd Helles Hidegkomlós,Lager - Helles,https://untappd.com/b/brew-your-mind-szekszard-helles-hidegkomlos/5780304,5.5,N/A,3.8,381,04/07/24,our Szekszárd Helles dry hopped with american hops 
1,4567746,Brew Your Mind,Helles Lager THREE,Lager - Helles,https://untappd.com/b/brew-your-mind-helles-lager-three/4567746,5.7,N/A,3.77,160,10/28/21, 
2,4790384,Brew Your Mind,Helles Lager FOUR,Lager - Helles,https://untappd.com/b/brew-your-mind-helles-lager-four/4790384,6.0,N/A,3.73,160,04/09/22, 
3,5201293,Brew Your Mind,Helles Lager SEVEN,Lager - Helles,https://untappd.com/b/brew-your-mind-helles-lager-seven/5201293,5.8,N/A,3.72,170,01/16/23,"Klasszikus német lager típusú sör. Tiszta, virágos, frissítő.  "
4,5353184,Constellation Brewing,Helles Lager,Lager - Helles,https://untappd.com/b/constellation-brewing-helles-lager/5353184,5.0,21,3.67,566,05/11/23,"This clean, clear, and ultra-sessionable Helles Lager beer begins with a specialty German lager malt for its crisp profile and subtle notes of lemon sherbet. Our usual mash schedule is swapped out for a decoction – a complex, historic process that involves boiling part of the grain to build out melanoidin in the wort and lend a touch of tannic depth to the body, resulting in a beautifully complex baseline character.German Saphir hops further amplify this brew’s soft lemon character and blend smooth bitterness into our decoction base, while the whole brew enjoys a gentle ferment and extended maturation on an ultra-classic Austrian yeast strain that evokes softly rising bread and beer halls full of ceramic steins. The result is an intensely cool and crushable lager that balances gentle depth with refreshing simplicity. "
5,5476960,Brew Your Mind,Szekszárd Helles,Lager - Helles,https://untappd.com/b/brew-your-mind-szekszard-helles/5476960,5.5,N/A,3.66,1335,08/07/23,"Klasszikus német helles lager típusú sör. Tiszta, virágos, frissítő.  "
6,6128618,Brew Your Mind,Bavarian Helles,Lager - Helles,https://untappd.com/b/brew-your-mind-bavarian-helles/6128618,4.7,N/A,3.64,290,01/15/25, 
7,6231228,UGAR Brewery,Spezial Pretzel,Lager - Helles,https://untappd.com/b/ugar-brewery-spezial-pretzel/6231228,5.4,N/A,3.59,254,04/17/25,"NE LEPÖDJ MEG, DE EZ A SPECIÁLIS SÖR EGY TRADICIONÁLIS HELLES. HOGY MIÉRT KÜLÖNLEGES MANAPSÁG AZ EGYSZERÚ,ERRE NEM TUDJUK A VÁLASZT, DE NEM IS BAJ.DON'T BE SURPRISED, BUT THIS SPECIAL BEER IS A TRADITIONAL HELLES. WHY SIMPLE THINGS ARE SPECIAL TODAY? WE DON'T KNOW THE ANSWER BUT IT'S OK. "
8,3899260,Tacet Brewery,Das Rheingold,Lager - Helles,https://untappd.com/b/tacet-brewery-das-rheingold/3899260,5.4,N/A,3.59,357,08/01/20,"Wagner mesterműve pohárba töltve.Heidelbergi malátából készült igazi helles, a legnemesebb német komlókkal fűszerezve. "
9,4201904,HORIZONT Brewing,Selfish Games Helles,Lager - Helles,https://untappd.com/b/horizont-brewing-selfish-games-helles/4201904,4.7,22,3.57,363,03/01/21,The first Helles from Horizont Brewing has arrived. We brewed it with a german hop called Hallertau Blanc to achive a mild whitegrape taste combined with the crispiness from the malt. Unfiltered for the better taste. 
10,6162459,FIRST Craft Beer,Münchner Freund,Lager - Helles,https://untappd.com/b/first-craft-beer-munchner-freund/6162459,5.5,17,3.55,258,02/17/25,"(HUN) Itt az ideje, hogy érkezzen valami könnyebb, lazább, frissebb darab is - müncheni barátunk pedig tökéletes, hogy betöltse ezt az űrt.Első Hellesünk 75 napon keresztül pihent, kerekedett a tartályban, hogy egy nem egyszerűen malátahangsúlyos, de kifejezetten kenyeres, ízes, éppen halványan komlózott ivós lagerré válhasson.Szalmasárga színe, ropogós habja csak megerősíti az első benyomásokat: ez itt egy hamisítatlan, német lager ihletésű klasszikus sörsör mindenkinek, aki szereti!(ENG)It's time for something lighter, looser, fresher - and our Munich friend is perfect to fill this void.Our first Helles rested for 75 days, maturing in the tank, to become a drinkable lager that is not simply malty, but distinctly bready, flavorful, and just faintly hoppy.Its straw yellow color and crisp head only confirm the first impressions: this is an unadulterated, German lager-inspired classic beer for everyone who loves it! "
11,5272347,hübris,hülles,Lager - Helles,https://untappd.com/b/hubris-hulles/5272347,4.9,11,3.54,180,03/13/23,"hübris hüllesszűretlen ászok sör más néven Kellerbier, azon belül pedig egy klasszikus bajor helles. 100 nap érlelési időt kapott a lehető legtisztább és harmonikusabb íz elérése érdekében. Aranysárga, kellemesen édeskés, telt sör.  "
12,5857592,MONYO Brewing Co.,MONYO X Bogdán Ádám - HELLES,Lager - Helles,https://untappd.com/b/monyo-brewing-co-monyo-x-bogdan-adam-helles/5857592,4.5,N/A,3.52,175,06/06/24,Special collab beer (Helles Lager) for EURO2024! 
13,5526144,HopTop Brewery,Helles,Lager - Helles,https://untappd.com/b/hoptop-brewery-helles/5526144,4.8,N/A,3.52,412,09/15/23,"A clean, malty, gold-colored German style lager with a smooth grainy-sweet malty flavor and a soft finish. Made with noble german hop, the Tettnanger gives floral and herbal aromas with some spiciness.Drink cold and fresh, do not age, it is not a Barrel Pig series beer, you can drink from 1 litre mug. Or have a barrel of helles, and tap it. "
14,5711626,Fehér Nyúl,Helles,Lager - Helles,https://untappd.com/b/feher-nyul-helles/5711626,4.8,11,3.49,291,02/12/24,"A Fehér Nyúl tradicionális vonalvezetésű, bajor stílusú Helles söre. Másfél hónap ászokolást követően szereljük ki fém kegekbe. Kóstold csapról frissen!Fehér Nyúl's traditional, Bayer-style Helles. The beer is kegged after one and a half month of cold conditioning. Try it fresh from the tap!  "
15,4670017,Visegrádi Sör,Klassz,Lager - Helles,https://untappd.com/b/visegradi-sor-klassz/4670017,5.0,N/A,3.47,192,01/07/22,Unfiltered Lager Craft Beer.  
16,5992104,Mad Scientist,Jason - Crystal Lake Hoppy Helles,Lager - Helles,https://untappd.com/b/mad-scientist-jason-crystal-lake-hoppy-helles/5992104,4.13,N/A,3.46,1082,09/21/24,"Crystal clear refreshment not just for lakeside campers. Don't get slaughtered by thirst, just get ready for a killer experience! Easy and crisp, by the power of Cascade-Chinook-Simcoe hops combined, goes down like the sharpest knife. "
17,5655031,Cecei Sörüzem,Moto Lager,Lager - Helles,https://untappd.com/b/cecei-soruzem-moto-lager/5655031,4.5,N/A,3.45,218,12/22/23, 
18,5310643,Mad Scientist,Helles 50,Lager - Helles,https://untappd.com/b/mad-scientist-helles-50/5310643,4.1,N/A,3.43,1341,04/10/23,"50 Days HellesA festival beer at its best, with the true characteristics of the bottom-fermented helles (every helles is a lager, but not every lager is a helles): rounded flavours, moderate, but pleasant bitterness, an incredibly silky mouthfeel, a pale appearance (which is what the name originally means) and only 4.1% alcohol to start, continue or end the evening. Good times all the time! "
19,4366812,BAZ Beer,BAZ Lightyear,Lager - Helles,https://untappd.com/b/baz-beer-baz-lightyear/4366812,4.7,17,3.43,251,06/18/21, 
20,2852454,Szent András Sörfőzde,1993,Lager - Helles,https://untappd.com/b/szent-andras-sorfozde-1993/2852454,4.9,20,3.41,2047,09/19/18,"1993-ban az Arany Korsóval kezdődött minden Békésszentandráson, így illendő, hogy a 25 éves jubileumi sörünk is az eredeti recept alapján főzött, bajor stílusú lager legyen. Kóstolásnál gondolj Simkó Józsefre és egykori csapatára, akik áldozatos munkájukkal lerakták a Szent András Sörfőzde alapjait, és persze azokra, akik azóta is éltetik e nemes hagyományt. In Békésszentandrás, it had all begun with Arany Korsó in 1993, so it's fair that our 25th anniversary beer was a Bavarian-style lager beer based on the original formula. When tasting '1993', please remember brewer master József Simkó and his one-time team, who laid down the basics of Szent András Brewery with their sacrificial work, and those as well who have been keeping this noble tradition alive thence. "
21,1154397,Pécsi Sörfőzde,Krügel Helles Bier,Lager - Helles,https://untappd.com/b/pecsi-sorfozde-krugel-helles-bier/1154397,4.0,N/A,3.39,279,07/09/15, 
22,1570808,HORIZONT Brewing,Herr Lager,Lager - Helles,https://untappd.com/b/horizont-brewing-herr-lager/1570808,4.5,25,3.39,3392,05/25/16,"The trick is to have no tricks with a classic german lager. Premium ingredients, attention, and plenty of time. Slight citrus finish from the dry hopping. A legnagyobb trükk, hogy nincs trükk. Kitűnő alapanyagok, odafigyelés és elegendő idő. Finoman citrusos befejezés a hidegkomlózástól. "
23,5747217,Fehér Nyúl,Bud Terminal Lager,Lager - Helles,https://untappd.com/b/feher-nyul-bud-terminal-lager/5747217,4.8,N/A,3.39,348,03/13/24, 
24,3875126,Zirci Apátsági Manufaktúra,Promus,Lager - Helles,https://untappd.com/b/zirci-apatsagi-manufaktura-promus/3875126,4.8,N/A,3.34,563,07/16/20, 
25,393163,Dreher Sörgyárak,Dreher Summer Moment,Lager - Helles,https://untappd.com/b/dreher-sorgyarak-dreher-summer-moment/393163,4.5,N/A,3.18,506,06/27/13, 
26,5645197,Pécsi Sörfőzde,Szalon 1848,Lager - Helles,https://untappd.com/b/pecsi-sorfozde-szalon-1848/5645197,4.6,18,3.13,1467,12/15/23, 
27,205972,Rizmajer Kézműves Sörfőzde,Világos,Lager - Helles,https://untappd.com/b/rizmajer-kezmuves-sorfozde-vilagos/205972,4.3,9,3.09,1692,07/27/12, 
28,4373260,The Beertailor,Easy Lager,Lager - Helles,https://untappd.com/b/the-beertailor-easy-lager/4373260,3.8,N/A,3.07,312,06/21/21, 
29,237353,Pécsi Sörfőzde,Pécsi Prémium Lager,Lager - Helles,https://untappd.com/b/pecsi-sorfozde-pecsi-premium-lager/237353,5.0,18,3.03,9592,09/29/12, 
30,88915,Soproni Sörgyár (Heineken Hungária),Soproni 1895,Lager - Helles,https://untappd.com/b/soproni-sorgyar-heineken-hungaria-soproni-1895/88915,5.3,N/A,3.02,6607,10/16/11,"A Soproninak fontosak a magyar hagyományok. A Soproni Sörgyár 110. évfordulójára döntöttünk úgy, hogy bevezetjük a Soproni 1895-öt, aminek neve gyárunk alapítási évére utal, és az évszázados minőségi sörfőzés tradíciója előtt tiszteleg. A Soproni 1895 a hazai világos sörök között komoly megbecsüléssel bíró, elegáns megjelenésű láger sör, 5%-os alkoholtartalommal. Vannak nem mindennapi alkalmak, amikor szeretnénk megőrizni a pillanat értékét, ami megérdemel egy kiemelkedő sört. Ebben partner a Soproni 1895.Hungarian traditions are important to Sopron. To celebrate the 110th anniversary of Sopron Brewery, we decided to introduce Soproni 1895, the name of which refers to the year of our factory's foundation and pays homage to centuries of quality brewing tradition. Soproni 1895 is an elegant-looking lager beer with a 5% alcohol content, which is highly regarded among domestic pale ales. There are special occasions when we want to preserve the value of a moment that deserves an outstanding beer. "
31,44125,Dreher Sörgyárak,Dreher Classic,Lager - Helles,https://untappd.com/b/dreher-sorgyarak-dreher-classic/44125,5.2,N/A,2.92,18210,04/16/11, 
32,3018138,Soproni Sörgyár (Heineken Hungária),Steffl Helles Bier,Lager - Helles,https://untappd.com/b/soproni-sorgyar-heineken-hungaria-steffl-helles-bier/3018138,4.0,N/A,2.92,515,12/31/18, 
33,761362,Pécsi Sörfőzde,Royal Helles Bier,Lager - Helles,https://untappd.com/b/pecsi-sorfozde-zrt-royal-helles-bier/761362,4.0,N/A,2.55,769,07/29/14, 
0,1073541,Zip's Brewhouse,Instead Of Innocence,Lager - IPL (India Pale Lager),https://untappd.com/b/zip-s-brewhouse-instead-of-innocence/1073541,6.5,51,3.7,228,05/04/15,"East Side India Pale Lager. Amerikai stílus, új-zélandi komlók, svéd-magyar megvalósítás. Egy amerikai stílus újragondolása lágerélesztővel, alacsony hőmérsékleten történő, lassú erjesztéssel, brutális mennyiségű hidegkomlózással. Ennek köszönhetően a felhasznált komlók gyümülcsösségét segít kihangsúlyozni az élesztő semleges karaktere, amihez megfelelő alapot szolgáltat a közepes maláta test. "
1,3356710,Mad Scientist,Wolf Gang,Lager - IPL (India Pale Lager),https://untappd.com/b/mad-scientist-wolf-gang/3356710,6.0,N/A,3.69,894,07/29/19,"Our take on a new wave lager. Intensely hopped, using both hop pellets and lupulin powder.  "
2,5835709,InVitro Brewing,Insane Beerride Vol.2,Lager - IPL (India Pale Lager),https://untappd.com/b/invitro-brewing-insane-beerride-vol-2/5835709,4.5,N/A,3.69,195,05/20/24,Official beer for Insane Hellride festival. Collaboration with Tipsy Hawk Brewing 
3,5526315,UGAR Brewery,Spectrum Series - Eis Eis Baby,Lager - IPL (India Pale Lager),https://untappd.com/b/ugar-brewery-spectrum-series-eis-eis-baby/5526315,5.9,N/A,3.68,180,09/15/23, 
4,5021464,Fehér Nyúl,Hop On,Lager - IPL (India Pale Lager),https://untappd.com/b/feher-nyul-hop-on/5021464,5.6,22,3.66,171,09/15/22,"Crowdfunding kampányunk sikeresen zárult; ennek örömére új köntöst kapott Hoplagerünk! A beltartalom nem változott, egy száraz lager Citra, Mosaic és Idaho 7 komlókkal!Our crowdfunding campaign reached its goal so, its mascot beer got a new label! The contents are the same though; a crisp lager with Citra, Mosaic and Idaho 7 hops! "
5,4891028,Brewing Vibes Brewery,Beer Is In the Air,Lager - IPL (India Pale Lager),https://untappd.com/b/brewing-vibes-brewery-beer-is-in-the-air/4891028,5.2,N/A,3.66,153,06/17/22,"Beer Is In The AirDry Hopped Lager 5,2% "
6,3237574,Reketye Brewing Co.,Merakolo,Lager - IPL (India Pale Lager),https://untappd.com/b/reketye-brewing-co-merakolo/3237574,5.0,N/A,3.65,188,05/19/19, 
7,4820527,Fehér Nyúl,Fehér Nyúl Hoplager,Lager - IPL (India Pale Lager),https://untappd.com/b/feher-nyul-feher-nyul-hoplager/4820527,5.6,22,3.65,242,04/30/22,"Crowdfunding kampányunk hivatalos söre: egy Citra, Mosaic és Idaho 7 fajtákkal duplán hidegkomlózott hoplager. Részletek a kampányról: http://nextchapter.fehernyul.hu/The official beer of our crowdfunding campaign, a DDH Hoplager brewed with Citra, Mosaic and Idaho 7 varieties. "
8,2667356,Reketye Brewing Co.,Left Handed Dragon,Lager - IPL (India Pale Lager),https://untappd.com/b/reketye-brewing-co-left-handed-dragon/2667356,8.5,75,3.63,174,05/25/18, 
9,4352964,Reketye Brewing Co.,Széphalom,Lager - IPL (India Pale Lager),https://untappd.com/b/reketye-brewing-co-szephalom/4352964,4.7,N/A,3.61,201,06/09/21, 
10,1100295,Kapucinus Sörfőzde,Amarilla Nővérke,Lager - IPL (India Pale Lager),https://untappd.com/b/kapucinus-sorfozde-amarilla-noverke/1100295,4.3,12,3.6,152,05/25/15, 
11,3784945,FIRST Craft Beer,Ruf Mich An,Lager - IPL (India Pale Lager),https://untappd.com/b/first-craft-beer-ruf-mich-an/3784945,6.7,38,3.59,241,05/14/20,"Kóstolj bele az ismeretlenbe! Tárcsázd velünk együtt ezt a vadonatúj stílust és légy részese a forradalomnak!Nem kevesebbre vállalkoztunk, mint hogy egy teljesen új stílust fejlesszünk ki: a Hazy Lager (fanatikusoknak New England helyett Neues Deutschland)azoknak szól, akik az európai lágereket keresik a New England IPA-k minden előnyével: vadító mennyiségű (12 g/l) hidegkomlózáseurópai komlókkal, NEIPA komlózási stílussal és vízprofillal - mindez pedig lágerélesztővel erjesztve. Ha valami teljesen újatkeresel, most megtaláltad: hívd csak fel! "
12,3679992,Vandal Brewing,Gringo,Lager - IPL (India Pale Lager),https://untappd.com/b/vandal-brewing-gringo/3679992,5.0,28,3.58,316,02/18/20, 
13,5360154,BPBW Budapest Beer Week,BPBW 2023,Lager - IPL (India Pale Lager),https://untappd.com/b/bpbw-budapest-beer-week-bpbw-2023/5360154,6.0,N/A,3.58,574,05/16/23,"The official beer of BPBW 2023 is the modern double dry hopped remix of a true one-hit wonder style, India Pale Lager, and we're extremely proud to have our longtime friends Badass Barley, BarthHaas X, KeyKeg, Lallemand Brewing and NOMOQ as our collaborative partners.Brewed at Horizont Brewing as a special collab of the participating Hungarian names: Balkezes, Dealbreaker, HopTop, Mad Scientist, Monyo, Fehér Nyúl, Reketye, First, Ugar, Uradalmi, Major Levente "
14,4109890,FIRST Craft Beer,Day Out,Lager - IPL (India Pale Lager),https://untappd.com/b/first-craft-beer-day-out/4109890,5.2,13,3.57,233,12/21/20,"Egy friss, könnyed szomjoltó hidegkomlós lager a mindennapokra. Ha belekóstolnál új ízekbe, kipróbálnál új stílusokat és elhagynád kicsit a megszokottat, akkor hidegkomlózott lagerunk a tökéletes választás. A Day Out New World Lager bárhol, bármikor méltó kísérője lehet kedvenc hétköznapi és különleges pillanataidnak egyaránt. Fogyaszd élvezettel és bizalommal. "
15,2984910,Vandal Brewing,Wilibo,Lager - IPL (India Pale Lager),https://untappd.com/b/vandal-brewing-wilibo/2984910,6.3,50,3.55,205,12/12/18, 
16,1588798,Synthesis,Hoplager For Hitchhikers Maracuja Edition,Lager - IPL (India Pale Lager),https://untappd.com/b/synthesis-hoplager-for-hitchhikers-maracuja-edition/1588798,5.3,34,3.55,193,06/05/16,"A Hoplager for Hitchhikers maracujával ízesített kiadása. Vigyázat ez nem a 99. aromával ízesített ""gyümölcssör""! Ez maracujapüré és hopláger szerelmének a gyümölcse. A maracuja íze finoman jelenik meg és savanykássága nagyon jól párosul a hopláger textúrájával. Egyelőre limitált kiadás!  "
17,2639930,Szent András Sörfőzde,Mutti,Lager - IPL (India Pale Lager),https://untappd.com/b/szent-andras-sorfozde-mutti/2639930,4.9,32,3.55,1596,05/08/18,"A Mutti nem csupán egy német stílusú könnyű lager új értelmezése, hanem a Szent András Sörfőzde hidegkomlózott víziója is, amely alapanyagaival és kísérletező kedvével arra vállalkozik, hogy a maláta gabonás és a hallertau blanc komló szőlős illatjegyeket mutató harmóniájával típusa egyik legizgalmasabb ivósöre legyen.Our New Age Hoplager, ’Mutti’ is not only a new recomposition of a traditional German-style light lager beer, but also the cold-conditioned hop vision of Szent András Brewery, celebrating its 25th anniversary in 2018. With its ingredients and experimental mood, it created one of the most exciting table beers with the harmony of malt cereals and the grape scent of hallertau hop.  "
18,880234,Kapucinus Sörfőzde,Illuminátor,Lager - IPL (India Pale Lager),https://untappd.com/b/kapucinus-sorfozde-illuminator/880234,7.2,N/A,3.54,932,11/16/14,Hoplager 
19,4409723,FIRST Craft Beer,Easy Geese Citra/Simcoe Edition,Lager - IPL (India Pale Lager),https://untappd.com/b/first-craft-beer-easy-geese-citra-simcoe-edition/4409723,5.2,13,3.54,443,07/14/21,"Igyunk egy sört? Sima liba. FIRST? Sima liba. Hoplager? Sima liba.Ha valami magától értetődő, minek túlgondolni?  In Hungary, we don’t say ""of course"", we say Easy Geese and we think it’s beautiful. "
20,3336559,RothBeer,Galaxy Lager,Lager - IPL (India Pale Lager),https://untappd.com/b/rothbeer-galaxy-lager/3336559,5.0,N/A,3.53,1933,07/18/19,"The recreational lager of the universe. If you'd want to crack open a cold one but also want quality. Hopped with Galaxy hops well known from our Távoli Galaxis IPA, this is a refreshing pils in a modern form. Az univerzum rekreációs lágere. Ha ""csak"" egy hideg sört szeretnél, de azért adsz a kivitelezésre, akkor ez lehet a Te választásod! A Távoli Galaxisból ismert ausztrál Galaxy komló ez alkalommal egy kiegyensúlyozott, újhullámos pils típusú sörbe álmodtuk bele. 1 "
21,6220800,MONYO Brewing Co.,MONYO X To Øl X CEBC - Lucky Seven Simcoe Hoplager,Lager - IPL (India Pale Lager),https://untappd.com/b/monyo-brewing-co-monyo-x-to-ol-x-cebc-lucky-seven-simcoe-hoplager/6220800,4.5,N/A,3.51,333,04/09/25,"Lucky Seven - a Szerencsés Hetes. A 2025-ös CEBC alkalmával a MONYO adott helyet az idei Masterclass-nak, ahol a dán To Øl főzdéből Tim tartott egy kis továbbképzést, ami végső soron egy örömsörfőzésbe csapott át, a végeredmény pedig ebben a Simcoe Hoplagerben testesült meg. Olyan sört szerettünk volna összehozni, aminek alacsony az alkoholtartalma, könnyen iható, ugyanakkor mégis van benne valami csavar. Ezért gondoltunk a Hoplagerre, amihez a Lallemand új, Diamond Lager élesztőjét használtuk, nagyon sok, 8,5 g/l Simcoe-t raktunk bele és 30 napig ászokoltuk a tartályban.  Végül egy letisztult, brutál komlós mégis könnyen kortyolható sört kaptunk, amit a MONYO történetének első festett canjébe szereltünk ki. Jól néz ki, és még jobban csúszik!Köszi az együttműködést a Szerencsés Hetes többi tagjának: To Øl, Weyermann, Lallemand, Untappd, Nomoq és a CEBCFor the 2025 CEBC, MONYO proudly hosted this year’s Masterclass, where Tim from Danish brewery To Øl led a deep-dive session that naturally evolved into a joyful collab brew. The result? This Simcoe Hoplager right here.This beer features low ABV and high drinkability, crafted with Lallemand’s Diamond Lager yeast and dry-hopped with 8.5 g/l of Simcoe, then lagered for 30 days. The result is a clean, crisp lager with a bold, hoppy kick, presented in MONYO’s first painted can. Special thanks to the Lucky Seven: To Øl, Weyermann, Lallemand, Untappd, NOMOQ, and CEBC "
22,4788377,Szia Uram!,Nyuszi Hopp 2022,Lager - IPL (India Pale Lager),https://untappd.com/b/szia-uram-nyuszi-hopp-2022/4788377,5.0,N/A,3.5,201,04/08/22, 
23,1588785,Synthesis,Hoplager For Hitchhikers,Lager - IPL (India Pale Lager),https://untappd.com/b/synthesis-hoplager-for-hitchhikers/1588785,5.3,34,3.49,228,06/05/16,"Képzeld el, hogy egy forró nyári napon stoppolsz. Nincs árnyék, az aszfalt gőzölög és forgalomnak nyoma sincs. Semmi másra nem vágysz, mint egy pohár hideg hoplágerre, amit ledöntesz. Most már minden rendben, megmenekültél...Hopláger finoman hidegkomlózva nem csak stopposoknak. "
24,691417,Hedon,Vertigo,Lager - IPL (India Pale Lager),https://untappd.com/b/hedon-vertigo/691417,5.6,60,3.47,661,05/24/14,"Amerikai komlós láger gazdagon malátázott ízvilággal. Már az első kortya magával ragad, amit virágos illatjegyek követnek kesernyés lecsengéssel és leheletnyi karamellel. De hagyjuk, hogy a komló beszéljen helyettünk a maga citrusos, trópusi nyelvén! "
25,1593097,Sümegi Sörfőzde,Vadlager,Lager - IPL (India Pale Lager),https://untappd.com/b/sumegi-sorfozde-vadlager/1593097,5.7,N/A,3.44,201,06/09/16, 
26,1873894,Szarvasi Kézműves Sörfőzde,Világos Favágó,Lager - IPL (India Pale Lager),https://untappd.com/b/szarvasi-kezmuves-sorfozde-vilagos-favago/1873894,5.0,4,3.39,203,12/21/16, 
27,3731914,Borsodi Sörgyár,Borsodi Hoppy,Lager - IPL (India Pale Lager),https://untappd.com/b/borsodi-sorgyar-borsodi-hoppy/3731914,4.5,25,3.05,3088,03/26/20,"Karakteres komlósság, Borsodis csavarral. Különleges kombinációja a könnyen iható, üde lágereknek és az erősebben komlózott felsőerjesztésű söröknek, ami a bátrabb komlóhasználattal nem csak a keserűséget, hanem különleges aromákat is visz a sörbe. A régi ismerős új arca: egy izgalmas ízvilágú, mégis könnyen iható sör, ami minden alkalomhoz passzol. Ez a Borsodi Hoppy. "
28,4164404,Soproni Sörgyár (Heineken Hungária),Soproni Óvatos Duhaj Hoplager,Lager - IPL (India Pale Lager),https://untappd.com/b/soproni-sorgyar-heineken-hungaria-soproni-ovatos-duhaj-hoplager/4164404,4.5,N/A,3.01,1775,02/02/21, 
0,4898806,Mad Scientist,Horimono,Lager - Japanese Rice,https://untappd.com/b/mad-scientist-horimono/4898806,4.8,N/A,3.41,603,06/22/22,Japanese Pink Rice Lager with Jasmine Rice and Black Rice 
0,6339771,Brew Your Mind,Mexican Lager,Lager - Mexican,https://untappd.com/b/brew-your-mind-mexican-lager/6339771,5.0,N/A,3.61,244,07/14/25,"Könnyű testű, minimálisan keserű, édes lecsengésű, szűretlen ital kukoricapehellyel, Motueka komlóval és visszafogott szénsavassággal a jobb ihatóságért.Hidegen ajánljuk! "
1,6324956,HORIZONT Brewing,Selfish Games - Señor Lager,Lager - Mexican,https://untappd.com/b/horizont-brewing-selfish-games-senor-lager/6324956,4.2,N/A,3.61,344,07/02/25,"Mexican Lager with Salt & LimeSeñor Lager – Mexikó a poharadbanEgy korty nyár, egy csipet tengerpart. A Señor Lager egy 4,2%-os mexikói stílusú lager, amit kukoricapehely, egy leheletnyi só és lime héja – illetve az abból nyert illatos olaj – tesz igazán frissé és különlegesséSeñor Lager – Mexico in Your GlassA sip of summer, a hint of the seaside. Señor Lager is a 4.2% Mexican-style lager brewed with flaked corn, a touch of salt, and lime peel – along with the fragrant oil extracted from it – for a truly refreshing and unique character. "
2,3400145,FIRST Craft Beer,Mexicano,Lager - Mexican,https://untappd.com/b/first-craft-beer-mexicano/3400145,5.5,12,3.16,1664,08/24/19,"Kanyarítsd magadra a ponchod, csapd fel a sombrerot és irány a fiesta! A Mexicano a könnyen ivós mexikói sörök vonalán érkezik, hogy akár a sivatagi forróságot is lehűtse. A legjobb lágerek hagyományait egy kevés kukoricával megdobva kapjuk meg ezt a magát mucho itató, tökéletes mexikói lágert. Salud! "
0,3892967,Oasis Brewery,Blond Hostess Lager,Lager - Munich Dunkel,https://untappd.com/b/oasis-brewery-blond-hostess-lager/3892967,5.0,25,3.0,456,07/28/20,"Igazi német, blond lager kuriózum. Alsó erjesztéssel, alacsony hőfokon érleljük a német hagyományoknak megfelelően. Malátázásából kifolyólag enyhén édeskés ízű, amit keserű komlók hozzáadásával ellensúlyozunk. A Blond Hostess Lagert minden sörkedvelőnek bátran ajánljuk, akik szeretik a „könnyen csúszó”, minőségi kézműves lagereket. "
0,6023648,Gravity Brewing,Solas - Dublin Lager,Lager - Other,https://untappd.com/b/gravity-brewing-solas-dublin-lager/6023648,5.5,28,3.69,165,10/17/24,"""Light"" (in Irish Gaelic) but complex.Our Dublin Lager leverages a proprietary infusion on Irish whiskey-soaked barrel chunks to produce a complex, wood-forward profile rarely found in lighter-coloured beers.Hopped with German and American varietals, this is a bright, crisp lager which starts off light and easy, then hits you with layers of subtle spice, oak tannin, and a gentle whiskey warmth. "
1,5369562,HORIZONT Brewing,Selfish Games - My Cucumber Lager,Lager - Other,https://untappd.com/b/horizont-brewing-selfish-games-my-cucumber-lager/5369562,4.2,N/A,3.58,557,05/22/23,"Az első uborkás lágerünk frissített verziója, természetesen őrült mennyiségű uborkával, Sorachi Ace komlóval hidegkomlózva és éppen annyi lime pürével fűszerezve, hogy tökéletes legyen a harmónia. Az ötletgazdák, mint a tavalyi főzetnél is, Ujlaki Balázs és Méhn Marcell voltak, akik már nagyon régóta szerettek volna egy uborkás sört készíteni. A tavalyi siker után szinte biztos volt, hogy újra lefőzzük.A refreshed version of our first cucumber inspired lager, made with a crazy amount of cucumber, dryhopped with Sorachi Ace and spiced up with a bit of lime puree. Based on the idea of Balázs Ujlaki & Marcell Méhn, we knew we had to brew this beer again, after last year's success.  "
2,6340260,HORIZONT Brewing,My Cucumber Mate,Lager - Other,https://untappd.com/b/horizont-brewing-my-cucumber-mate/6340260,4.0,N/A,3.5,418,07/15/25,"Uborka + mate = frissítő fúzió! A klasszikus nyári kedvenc, az uborkás lager idén új dimenzióba lép: a hűsítő zöldség mellé most maté tea került, hogy élénkítő és karakteres csavart adjon a könnyed alaphoz.Könnyen csúszik, de nem felejted el – üde, friss, enyhén fanyarkás, és pont annyira különleges, amennyire kell.Összetevők:HU: víz, uborka, árpa maláta, rizs pehely, lime püré, mate tea, komló, élesztőCucumber + maté = a refreshing fusion!This classic summer favorite – the cucumber lager – steps into a new dimension this year. Alongside the cooling cucumber, we've added yerba maté tea for a vibrant, invigorating twist on the crisp base.Light and easy-drinking, yet impossible to forget – fresh, bright, slightly tart, and just the right amount of unique.Ingredients:GB: water, cucumber, barley malt, rice flakes, lime puree, mate tea, hops, yeast "
3,5829536,HORIZONT Brewing,Selfish Games - My Crazy Cucumber,Lager - Other,https://untappd.com/b/horizont-brewing-selfish-games-my-crazy-cucumber/5829536,4.2,N/A,3.5,572,05/16/24,"A klasszikusnak mondható ubilágerünk 2024-es verziója, amit idén, a lime mellett egy kis bazsalikommal őrítettünk meg. A Sorachi Ace komlónak köszönhetően ismét jön a kellemes kapros íz, a lime enyhén balanszol, a bazsalikom meg parádézik a feltuningolt ubilágerben. Our classic cucu-lager's 2024 edition, which this year we spiced up with a hint of basil alongside lime. Thanks to the Sorachi Ace hops, it has a pleasant dill flavor again, with lime providing a slight balance and basil just slaying in this enhanced cucu-lager. "
4,5429744,Mad Scientist,Fantomrezgés,Lager - Other,https://untappd.com/b/mad-scientist-fantomrezges/5429744,4.5,N/A,3.47,410,07/04/23,Ginger - lemongrass - cardamom infused Helles collab with our friends at Carson Coma 
5,6225291,Soproni Sörgyár (Heineken Hungária),Soproni Szűretlen Lager,Lager - Other,https://untappd.com/b/soproni-sorgyar-heineken-hungaria-soproni-szuretlen-lager/6225291,5.0,N/A,3.07,1269,04/12/25, 
6,6619596,Soproni Sörgyár (Heineken Hungária),Citrus Szűretlen Lager,Lager - Other,https://untappd.com/b/soproni-sorgyar-heineken-hungaria-soproni-citrus-szuretlen-lager/6619596,4.0,N/A,3.06,478,03/02/26,Unfiltered flavoured lager 
0,4288263,Brew Your Mind,German Lager,Lager - Pale,https://untappd.com/b/brew-your-mind-german-lager/4288263,6.0,N/A,3.72,156,04/29/21, 
1,2778117,HORIZONT Brewing,Pilot Series #11 - New Zealand Pale Lager,Lager - Pale,https://untappd.com/b/horizont-brewing-pilot-series-11-new-zealand-pale-lager/2778117,4.6,21,3.57,252,08/02/18, 
2,4888643,TIMCO Brewing,Pink Dragon,Lager - Pale,https://untappd.com/b/timco-brewing-pink-dragon/4888643,5.1,27,3.56,174,06/15/22,"What does a fiery dragon, sweet pink guava and a fragrant pink hibiscus flower all have in common?  TIMCO! This lager was the creation of our continuing theme of combining spices and fruit in a new and unique way. Light-bodied, crisp, refreshing Czech-style lager combines with the delicate hint of hibiscus aroma, leading to a flood of sweetness from the pink guava, but be careful! The dragon is circling overhead, to give this beer a twist of Szechuani-inspired fire! Perfect for sharing with a friend or two, PINK DRAGON will take you on a mythical, magical ride you won't soon forget!  "
3,1414893,Fóti Kézműves Sörfőzde,Fót 500,Lager - Pale,https://untappd.com/b/foti-kezmuves-sorfozde-fot-500/1414893,6.0,N/A,3.55,171,02/04/16, 
4,2702426,Guri Sörfőzde,Urban Champion,Lager - Pale,https://untappd.com/b/guri-sorfozde-urban-champion/2702426,5.0,N/A,3.53,361,06/16/18, 
5,1047371,Szarvasi Kézműves Sörfőzde,Szarvasi Sörmester Ütős Favágó,Lager - Pale,https://untappd.com/b/szarvasi-kezmuves-sorfozde-szarvasi-sormester-utos-favago/1047371,5.1,N/A,3.52,151,04/13/15, 
6,3428129,MONYO Brewing Co.,Fat Cat,Lager - Pale,https://untappd.com/b/monyo-brewing-co-fat-cat/3428129,4.6,N/A,3.52,1477,09/12/19,"Ha unod már a nagyüzemi egyensöröket, kóstold meg ezt az amerikai komlókkal főzött aranyszínű, alsóerjesztésű lágert. Friss, virágos, citrusos komlósság és malátás édesség épp ideális egyensúlya. Egy korsó sosem elég belőle.----Tired of drinking bland, mass-produced lagers that all taste the same? Why not try our golden lager, dry-hopped with noble American hops? Fat Cat is soft and pilsner-like in it's mouthfeel, and offers up aromas of fresh grains, bread dough, hints of hop earthiness, and sweet, fragrant florals. Crush it again and again. "
7,1127496,Zip's Brewhouse,Lager,Lager - Pale,https://untappd.com/b/zip-s-brewhouse-lager/1127496,4.5,20,3.51,161,06/17/15,"Könnyű, alacsony alkoholtartalmú sör, diszkrét malátajelleggel, üdítő, enyhén keserű, komlós utóízzel. Fogyasztása főleg nyáron, 5°C-on javasolt. "
8,6516543,HORIZONT Brewing,Hungarian Viking,Lager - Pale,https://untappd.com/b/horizont-brewing-hungarian-viking/6516543,4.8,12,3.5,266,12/04/25,"Ha van magyar válogatott focista, akinek nagyon jól áll a sör a kezében, az Ádám Martin – ezért egy igazi kollabot raktunk össze vele az első ötlettől az utolsó kortyig.A végeredmény a Hungarian Viking: egy ropogós, világos lager, ismerős, letisztult ízvilággal, Horizont minőségben.-If there’s a famous Hungarian footballer who truly looks right with a beer in his hand, it’s Ádám Martin – so we created a real collab with him from the very first idea to the very last sip.The result is Hungarian Viking: a crisp pale lager with a familiar, clean flavour – in true Horizont quality. "
9,4856777,FIRST Craft Beer,FIRST Lager,Lager - Pale,https://untappd.com/b/first-craft-beer-first-lager/4856777,5.0,N/A,3.43,264,05/25/22, 
10,5501030,Karaván,Karaván Lager,Lager - Pale,https://untappd.com/b/karavan-karavan-lager/5501030,5.0,5,3.41,295,08/26/23, 
11,814493,Szarvasi Kézműves Sörfőzde,Szarvasi Sörmester Világos Hódító,Lager - Pale,https://untappd.com/b/szarvasi-kezmuves-sorfozde-szarvasi-sormester-vilagos-hodito/814493,5.0,N/A,3.41,244,09/18/14, 
12,4131636,Viharsarok Sörfőzde,Derült Ég,Lager - Pale,https://untappd.com/b/viharsarok-sorfozde-derult-eg/4131636,4.5,N/A,3.41,891,01/06/21,"Mi kék az ég! A Derült Ég egy tiszta,aranyló világos sör. Jól csúszik,amikor minden napos, mindennaposfogyasztása pedig akkor is javasolt,mikor követnek az esőfelhők, vagyvillámok csattognak a fejünk felett.Gazdag és kerek cseh ležák, 12 °Peredeti extrakttartalommal. "
13,218977,Fóti Kézműves Sörfőzde,Keserű Méz,Lager - Pale,https://untappd.com/b/foti-kezmuves-sorfozde-keseru-mez/218977,6.0,N/A,3.41,2487,08/23/12,"„Keserű Méz” – meaning Bitter Honey, inspired by the infamous Polanski-movie, Bitter Moon – is a strong, unfiltered, unpasteurized lager from the Fót Brewery. It is bright yellow and opaque, with a thick white head. It’s bisquity, floral-honey sweetness, and its fruitiness resembling melon and mango are all work to hide the brutal bitterness of German hops – Spalter and Magnum. „Keserű Méz” is a genuine specialty from Fót – north of Budapest – and the first great surprise of the Hungarian Craft-Beer Revolution, kickstarted by the First Hungarian Craft Beer Festival, Főzdefeszt in May 2011. It is an experimental beer, said to create a new beer-style, called HopLager. HopLager is a triple-hopped, strong lager beer – Hungary’s answer to American Pale Ale. "
14,4808879,Kapucinus Sörfőzde,Blue SMÚZ,Lager - Pale,https://untappd.com/b/kapucinus-sorfozde-blue-smuz/4808879,4.9,N/A,3.4,177,04/22/22, 
15,2929921,HopTop Brewery,Lager,Lager - Pale,https://untappd.com/b/hoptop-brewery-lager/2929921,5.5,N/A,3.4,487,11/07/18,"A light lager with classic Saaz hops and low alcohol content. So you can enjoy its mildly spicy aroma all night long without any (bigger) consequences. No fancy stuff, no extras, only a good old refreshing lager, just the way we all love it. Hops used: Magnum, Saaz  "
16,5033594,Élesztő Bar,Élesztő Lager,Lager - Pale,https://untappd.com/b/eleszto-bar-eleszto-lager/5033594,4.0,N/A,3.37,398,09/23/22, 
17,1707398,Dreher Sörgyárak,Dreher Amerikai Komlós,Lager - Pale,https://untappd.com/b/dreher-sorgyarak-dreher-amerikai-komlos/1707398,4.5,N/A,3.32,333,08/27/16,Colombus komlóval hidegkomlózott. 
18,2133827,Reketye Brewing Co.,Session Lager,Lager - Pale,https://untappd.com/b/reketye-brewing-co-session-lager/2133827,4.5,N/A,3.28,2392,06/08/17, 
19,2170272,Stari Sör,Visszhangos,Lager - Pale,https://untappd.com/b/stari-sor-visszhangos/2170272,5.4,N/A,3.25,295,06/30/17,"A Tihanyi Bencés Apátság közreműködésével a tájra oly jellemző levendulából készítettünk egy igazi, helyi sörkülönlegességet. Kellemesen tükröződik benne a levendula varázslatos illata, a virág keserűsége pedig kiegészíti a sör komlóízét. Bátran ajánljuk mindenkinek, aki csak egy kicsit is kedveli a levendulát.Kóstolja meg, nem fog csalódni! "
20,5604266,Balatonszentgyörgyi Sörműhely,Lager,Lager - Pale,https://untappd.com/b/balatonszentgyorgyi-sormuhely-lager/5604266,5.0,20,3.25,160,11/13/23, 
21,3255993,Szarvasi Kézműves Sörfőzde,Lager,Lager - Pale,https://untappd.com/b/szarvasi-sor-szarvasi-kezmuves-vilagos/3255993,5.0,4,3.24,307,05/31/19, 
22,383094,Szalai Sörfőző Kft. (Zámolyi Sör),Zámolyi Világos Sör,Lager - Pale,https://untappd.com/b/szalai-sorfozo-kft-zamolyi-sor-zamolyi-vilagos-sor/383094,4.2,N/A,3.22,342,06/11/13, 
23,3109055,Pécsi Sörfőzde,Szalon Limited Edition,Lager - Pale,https://untappd.com/b/pecsi-sorfozde-szalon-limited-edition/3109055,4.6,N/A,3.22,291,03/03/19,Limited Edition of Szalon Világos 
24,4564867,Billy's Pub,Billy's Beer,Lager - Pale,https://untappd.com/b/billy-s-pub-billy-s-beer/4564867,4.8,N/A,3.19,464,10/25/21,"Essay drinkable, light lager made by the pub with the same name "
25,5504735,Sörművek,Lager,Lager - Pale,https://untappd.com/b/sormuvek-lager/5504735,4.5,N/A,3.19,220,08/29/23, 
26,4708171,Cecei Sörüzem,Szűretlen Lager,Lager - Pale,https://untappd.com/b/cecei-soruzem-szuretlen-lager/4708171,4.5,18,3.18,2123,02/09/22,"Könnyű, virágos illatú édeskés lager "
27,816363,Soproni Sörgyár (Heineken Hungária),Frissen Csapolt,Lager - Pale,https://untappd.com/b/soproni-sorgyar-heineken-hungaria-frissen-csapolt/816363,4.5,N/A,3.16,681,09/20/14,Soproni limited edition 
28,198570,Menza,Menza,Lager - Pale,https://untappd.com/b/menza-menza/198570,5.0,N/A,3.16,733,07/11/12, 
29,3747852,Pécsi Sörfőzde,Pécsi Világos Sör,Lager - Pale,https://untappd.com/b/pecsi-sorfozde-pecsi-vilagos-sor/3747852,4.5,N/A,3.15,309,04/11/20, 
30,2203989,Sörművek,Fater,Lager - Pale,https://untappd.com/b/sormuvek-fater/2203989,5.0,N/A,3.14,485,07/21/17, 
31,2193087,Dreher Sörgyárak,Dreher Mozaik Komlós,Lager - Pale,https://untappd.com/b/dreher-sorgyarak-dreher-mozaik-komlos/2193087,4.5,N/A,3.14,475,07/14/17,"Frissítő ízjegyekkel teli, karakteres sör, ami az amerikai kézműves sörfőzdék egyik kedvenc komlójával készült. "
32,621165,Széles & Széles Kft. (Palóc Sör),Jó Palóc,Lager - Pale,https://untappd.com/b/szeles-szeles-kft-paloc-sor-jo-paloc/621165,4.5,N/A,3.13,463,03/18/14, 
33,1310669,Soproni Sörgyár (Heineken Hungária),Arany Fácán Kakas,Lager - Pale,https://untappd.com/b/soproni-sorgyar-heineken-hungaria-arany-facan-kakas/1310669,5.5,N/A,3.13,263,11/13/15,"Az Arany Fácán Kakas egy új minőségi világos sör 5.5%-os alkoholtartalommal. A már jól megszokott Arany Fácán karakteres íze mellé egy magasabb alkoholtartalom párosul. Tökéletes választás, ha nem csak egy jól megérdemelt sörre vágyunk, hanem annál valami különlegesebbel szeretnénk megkoronázni a napunkat.  "
34,1470040,Dreher Sörgyárak,Dreher Hidegkomlós Calypso,Lager - Pale,https://untappd.com/b/dreher-sorgyarak-dreher-hidegkomlos-calypso/1470040,4.5,N/A,3.13,1568,03/17/16,This is the 2016 version of the Dreher Hidegkomlos with the Calypso hops. 
35,1345629,Dreher Sörgyárak,Tanksör,Lager - Pale,https://untappd.com/b/dreher-sorgyarak-tanksor/1345629,5.0,N/A,3.11,1018,12/10/15, 
36,700714,Mister Sörház,Mister Világos,Lager - Pale,https://untappd.com/b/mister-sorhaz-mister-vilagos/700714,5.2,N/A,3.1,272,06/01/14, 
37,3002772,Sörművek,Király Családi Sör,Lager - Pale,https://untappd.com/b/sormuvek-kiraly-csaladi-sor/3002772,4.6,N/A,3.1,371,12/22/18, 
38,1131649,Dreher Sörgyárak,Dreher Hidegkomlós,Lager - Pale,https://untappd.com/b/dreher-sorgyarak-dreher-hidegkomlos/1131649,4.5,19,3.1,7531,06/20/15,"A Dreher sörökre jellemző, kellemesen karakteres ízt a hidegkomlózás során hozzáadott Citra komlóval gazdagítottuk. A 4,5% alkoholtartalmú Dreher Hidegkomlós illatában és ízében egyértelműen dominál az aroma komló, amely nyers komlóra és zöld növényekre emlékeztet. Enyhén gyantás, citrusos, így frissítő hatást kölcsönöz a sörnek.The pleasantly characteristic flavour of Dreher beers is enriched with Citra hops added during cold hopping. The aroma and taste of Dreher Hidegkomlós  at 4.5% alcohol is clearly dominated by aromatic hops, reminiscent of raw hops and green herbs. Slightly resinous and citrusy, it gives the beer a refreshing effect. "
39,1413501,Budapest Sör (Urban Beer Kft.),Budapest Sör,Lager - Pale,https://untappd.com/b/budapest-sor-urban-beer-kft-budapest-sor/1413501,4.9,N/A,3.1,711,02/03/16, 
40,205973,Rizmajer Kézműves Sörfőzde,Cortez,Lager - Pale,https://untappd.com/b/rizmajer-kezmuves-sorfozde-cortez/205973,5.5,11,3.1,938,07/27/12,corn beer 
41,2690213,Lidl Magyarország,Hombre,Lager - Pale,https://untappd.com/b/lidl-magyarorszag-hombre/2690213,4.8,N/A,3.08,301,06/08/18,"Könnyed, nyárias sör, amelynek ízvilága karakteresen különbözik a malátából készült söröktől! A selymes kortyérzet a kukorica édes ízéből és a lágy komlózásból adódik, ami tökéletes felüdülés a nyári melegben! "
42,6164985,Pécsi Sörfőzde,BE(er) Cool Premium Lager,Lager - Pale,https://untappd.com/b/pecsi-sorfozde-be-er-cool-premium-lager/6164985,5.0,N/A,3.08,242,02/20/25, 
43,1519526,Dreher Sörgyárak,Dreher Nyári Komlós,Lager - Pale,https://untappd.com/b/dreher-sorgyarak-dreher-nyari-komlos/1519526,4.5,N/A,3.07,519,04/21/16, 
44,99097,Dreher Sörgyárak,Neuberg Original,Lager - Pale,https://untappd.com/b/dreher-sorgyarak-neuberg/99097,4.0,N/A,3.06,170,11/15/11, 
45,2635486,Dreher Sörgyárak,Tripla Komlós (2018),Lager - Pale,https://untappd.com/b/dreher-sorgyarak-tripla-komlos-2018/2635486,4.5,N/A,3.05,616,05/05/18, 
46,775557,Borsodi Sörgyár,Reinberger,Lager - Pale,https://untappd.com/b/borsodi-sorgyar-reinberger/775557,4.0,N/A,3.04,183,08/10/14, 
47,391102,Dreher Sörgyárak,Waldert,Lager - Pale,https://untappd.com/b/dreher-sorgyarak-waldert/391102,4.0,N/A,3.02,203,06/23/13, 
48,3078434,Dreher Sörgyárak,Dreher Gold,Lager - Pale,https://untappd.com/b/dreher-sorgyarak-dreher-gold/3078434,5.0,N/A,3.01,29764,02/12/19, 
49,369739,Borsodi Sörgyár,Borsodi Super Dry,Lager - Pale,https://untappd.com/b/borsodi-sorgyar-starbev-borsodi-super-dry/369739,4.0,N/A,3.01,353,05/22/13,"Pale yellow colour with a small fluffy white head. Aroma is rubber, some maize, rice, with some wet cardboard to it as well. Flavour is rubber, some grains, mild mashlike sweetness as well as some strange sweetness. "
0,5943961,FIRST Craft Beer,Alien Love Call,Lager - Strong,https://untappd.com/b/first-craft-beer-alien-love-call/5943961,8.0,42,3.71,439,08/12/24,"Love child of Schwarze Rose (D) and FIRST Craft Beer (HU), born from the mutual love for easy-to-drink lagers, boldly hopped Pales and a thirst for ""full night beer"". A combination (almost) out of this world. "
1,94124,Borsodi Sörgyár,Borsodi Bivaly,Lager - Strong,https://untappd.com/b/borsodi-sorgyar-borsodi-bivaly/94124,6.5,N/A,2.91,4431,10/31/11,Introduced in 2004 as a stronger (both in taste and alcohol content) light coloured beer. 
0,5281210,Brew Your Mind,Vienna Lager,Lager - Vienna,https://untappd.com/b/brew-your-mind-vienna-lager/5281210,5.1,N/A,3.65,418,03/19/23, 
1,5533118,UGAR Brewery,Crafty Lager 4.0,Lager - Vienna,https://untappd.com/b/ugar-brewery-crafty-lager-4-0/5533118,5.8,26,3.6,216,09/20/23, 
2,6272170,HopTop Brewery,Roast Rider,Lager - Vienna,https://untappd.com/b/hoptop-brewery-roast-rider/6272170,3.6,N/A,3.52,175,05/20/25,"Roast Rider is a smooth Vienna lager infused with fresh coffee and aromatic tonka bean. Malty caramel notes ride alongside hints of vanilla and spice, making this a bold yet balanced brew with a warm, toasty finish. "
3,3449686,MONYO Brewing Co.,"Keep Calm, It's A Vienna Lager Without Any Bullshit.",Lager - Vienna,https://untappd.com/b/monyo-brewing-co-keep-calm-it-s-a-vienna-lager-without-any-bullshit/3449686,4.8,N/A,3.46,496,09/25/19,"Sörfőzdénk Kőbányán, Dreher Antal sörgyárától nem messze található, így nem meglepő, hogy egyik első tételünk egy bécsi ászok volt, még Beaver Fever néven. A receptjét pedig a 2019-es Borefts Beer Festival Challenge alkalmából újra elővettük, és az azóta eltelt idő tapasztalatai alapján tökéletesítettük. Így született meg ez a borostyánszínű, gazdagon malátázott, de mégis könnyű ivósör. A tiszta és ropogós kortyérzet, valamint kenyeres, gabonás, toastos íz- és illatvilág miatt bármikor jólesik.--Our brewery is located in Kőbánya, not so far away from Anton Dreher’s Dreher Breweries where the Vienna lager was born. This recipe is our tribute to him. Keep Calm, It’s A Vienna Lager Without Any Bullshit combines the crispness of lager with the paler hues of the English ale; it’s eminently drinkable yet loaded with character. We taste doughy malts, fresh toast and a pleasant breadiness. Classic, simple and crisp; just the way we like it! "
4,1593099,Szent András Sörfőzde,Óarany,Lager - Vienna,https://untappd.com/b/szent-andras-sorfozde-oarany/1593099,4.9,23,3.46,1308,06/09/16,"A 19. század kísérletező kedve és Dreher Antal öröksége köszön vissza ebben az aranylóan borostyán színű, erősen malátás mégis könnyű bécsi ászokban. A 20-ik századra több lagertípus hódította meg a sörvilágot, de csak a bécsi ászok jutott el egészen Mexikóig. A típus rövid idő alatt a legnépszerűbb sör lett az országban, köszönhetően Santiago Graf-nak, a Dreher sörfőzőjének, aki az emigrációban is folytatta addigi tevékenységét. Napjainkban viszont alig találkozni ezzel a fajtával, éppen ezért e sörrel egy méltatlanul keveset főzött, történelmi jelentőségű sörtípus előtt is tisztelgünk.The experimenter spirit of the 19th century and the legacy of Antal Dreher return in this golden amber-colour, strongly malted, yet light Vienna Lager called Óarany (Ancient Gold). In the 20th century, several types of lager beers conquered the world, but only the Vienna Lager made it to Mexico. The type quickly became the most popular beer in the country, thanks to Santiago Graf, brewer master of Dreher, who continued brewing beer in emigration. Nowadays, however, it’s hard to find vienna lagers, so Óarany is our tribute to a rarely made beer type of historical significance. "
5,2026832,Guri Sörfőzde,Amadeus,Lager - Vienna,https://untappd.com/b/guri-sorfozde-amadeus/2026832,5.0,25,3.45,290,04/03/17,"Tradicionális bécsi ászoksör. Világosbarna szín, karamelles, toffies illat,  karamellmalátás íz, alacsony keserűség jellemzi. "
6,4467437,ANTL,Vienna Style Lager,Lager - Vienna,https://untappd.com/b/antl-vienna-style-lager/4467437,5.0,N/A,3.44,208,08/20/21,"Hagyomány Újraértelmezve - Egy fűszeresen komlós és malátásan édeskés Vienna Style Lagerben.Az ANTL Vienna Style Lagerrel azt az 1840-ben forradalminak számító alsóerjesztésű sört idézzük meg modern formában, amely alapítónknak, Dreher Antalnak nem csak a világsikert, de az egyedülálló ""Sörkirály"" nevet is elhozta. ANTL márkánk első variánsa tisztelgés a dreheri történelem előtt és a szimbóluma a hagyomány újraértelmezésének. A lágyan keserű, láger íz egy kis fűszeres komlóval egészül ki a háttérben, amely kontrasztot ad a malátás édességnek. "
7,4613651,HopTop Brewery,Bécsi Ászok,Lager - Vienna,https://untappd.com/b/hoptop-brewery-becsi-aszok/4613651,5.3,N/A,3.42,692,11/27/21,Single decocted Vienna style lager beer.  
8,1535982,Kőszegi Sör,Vienna Lager,Lager - Vienna,https://untappd.com/b/koszegi-sor-vienna-lager/1535982,5.5,N/A,3.38,547,05/01/16,"2016-ban feltártuk az egykori kőszegi sörgyár (120 évvel ezelőtti) legendáját. A közel egy évszázad alatt szinte teljesen a feledés homályába merült kőszegi sör típusát, egy Európában is ritka sörkülönlegességben, a Bécsi Lágerben találtunk meg. Most megalkottuk, hogy napjainkban is élvezhesd! A Kőszegi Sör (Bécsi Lágere) egy kifejezetten ""beszélgetős"" kézműves sörfajta, amely inkább frissítő jellegű, karamelles ízű, nem keserű. "
0,477124,Fóti Kézműves Sörfőzde,Winternacht,Lager - Winter,https://untappd.com/b/foti-kezmuves-sorfozde-winternacht/477124,6.0,N/A,3.6,379,10/13/13, 
1,956826,Pécsi Sörfőzde,Háromkirályok,Lager - Winter,https://untappd.com/b/pecsi-sorfozde-haromkiralyok/956826,6.3,20,3.25,497,01/25/15, 
2,444408,Fóti Kézműves Sörfőzde,Narancsos-Mézes Gyömbérsör,Lager - Winter,https://untappd.com/b/foti-kezmuves-sorfozde-narancsos-mezes-gyombersor/444408,4.5,15,3.1,944,09/01/13,"Ginger flavoured, filtered lager beer with orange peel and honey. A dark-amber coloured with a thin off-white head. Sweet taste with notes of orange, ginger, malt and caramel. "
0,4455738,MONYO Brewing Co.,Hungarian Terroir: Hegykő - Hungarian Kriek 2019,Lambic - Kriek,https://untappd.com/b/monyo-brewing-co-hungarian-terroir-hegyko-hungarian-kriek-2019/4455738,7.6,N/A,3.84,152,08/12/21,"Két évig boros fahordóban meggyágyon érlelt spontán sör (wild ale), amit az erjesztőtartályba történő visszafejtéskor refermentáltunk még egy nagy adag újfehértói fürtös meggyel. Savanyú, natúr boros és funkys jegyek jellemzik.A sör a hegykői 1 Csepp Pálinkával kollaborációban készült, ők biztosították és magozták a gyönyörű fürtös meggyet.A sörből mindössze 300 palack és 10 db. 20l-es keg készült. "
0,4685728,Mead Scientist,Maple Syrup PBJ Time,Mead - Acerglyn / Maple Wine,https://untappd.com/b/mead-scientist-maple-syrup-pbj-time/4685728,11.0,N/A,3.78,202,01/21/22,Maple Syrup Peanut Butter Jelly Time Bourbon Barrel Aged Acerglyn with Maple Syrup And Peanuts in the cross-section of our love projects Barrel Project and Mead Scientist 
1,3595035,Mead Scientist,Send Dunes!,Mead - Acerglyn / Maple Wine,https://untappd.com/b/mead-scientist-send-dunes/3595035,11.0,N/A,3.72,424,12/23/19,Acerglyn with lime and chili 
0,4699621,Mead Scientist,Peach O,Mead - Braggot,https://untappd.com/b/mead-scientist-peach-o/4699621,7.0,N/A,4.03,1161,02/02/22,"Following the footsteps of APPLE O Green Apple Sour Candy Braggot, CHERRY O Sour Cherry Candy Braggot and COLA O Sour Cola Candy Braggot here is PEACH O Peach Sour Candy Braggot "
1,4310316,Mead Scientist,Cherry O,Mead - Braggot,https://untappd.com/b/mead-scientist-cherry-o/4310316,7.8,N/A,3.97,1825,05/13/21,"Following APPLE O Green Apple Sour Candy Braggot, here's CHERRY O Sour Cherry Candy BraggotFirst batch in the May of 2021 had 7,5% abv, the second batch in 2022 October has the abv of 7,8% "
2,4856913,Mead Scientist,Cherry Cola O,Mead - Braggot,https://untappd.com/b/mead-scientist-cherry-cola-o/4856913,7.0,N/A,3.92,1154,05/25/22,"Following the footsteps of APPLE O Green Apple Sour Candy Braggot, CHERRY O Sour Cherry Candy Braggot, COLA O Sour Cola Candy Braggot and PEACH O Peach Sour Candy Braggot, we're now combining the best of both worlds to bring you CHERRY COLA O Sour Candy Cherry Cola Braggot "
3,6399174,Mead Scientist,Dracul O,Mead - Braggot,https://untappd.com/b/mead-scientist-dracul-o/6399174,7.0,N/A,3.87,794,09/03/25,"Following the footsteps of APPLE O Green Apple Sour Candy Braggot, CHERRY O Sour Cherry Candy Braggot, COLA O Sour Candy Cola Braggot and so, we're proud to present the latest edition of the infamous sour patch series:DRACUL O Blue Grape-Blackcurrant Sour Candy Sour Braggot "
4,5132779,Mead Scientist,Strawberry O,Mead - Braggot,https://untappd.com/b/mead-scientist-strawberry-o/5132779,8.2,N/A,3.87,1315,11/25/22,"Following the footsteps of APPLE O Green Apple Sour Candy Braggot, CHERRY O Sour Cherry Candy Braggot and so, we're proud to present maybe the smoothest and crazies release ever Mead Scientist's infamous O series has ever seen: STRAWBERRY O Strawberry Puffs Sour Candy Braggot. Made with locally sourced honey and real strawberry puree this 8,2% braggot is fulfilling all expectations and beyond. It's creamy and rich, light and easy to drink, heavily fruited and sour patch twisted but most importantly it is bringing back fun and danger into craft beer. No matter where you're at right now with your journey in beer, STRAWBERRY O will sure put a smile on your face! "
5,4534986,Mead Scientist,Waking Up To Pomme Grenades,Mead - Braggot,https://untappd.com/b/mead-scientist-waking-up-to-pomme-grenades/4534986,7.0,N/A,3.86,1207,10/05/21,"Sour Braggot With Strawberry, Pomegranate And Lemon with our friends from THE GARDEN BREWERY "
6,6552138,Mead Scientist,Exotic O,Mead - Braggot,https://untappd.com/b/mead-scientist-exotic-o/6552138,6.9,N/A,3.85,554,12/30/25,"Following the footsteps of APPLE O Green Apple Sour Candy Braggot, CHERRY O Sour Cherry Candy Braggot, COLA O Sour Candy Cola Braggot and so, we're proud to present the latest edition of the infamous sour patch series:EXOTIC O Mango-Pineapple-Guava-Peach-Passion Fruit Sour Candy Braggot "
7,3619362,Mead Scientist,Braggot Bastards,Mead - Braggot,https://untappd.com/b/mead-scientist-braggot-bastards/3619362,7.0,N/A,3.84,548,01/09/20,"Sour Braggot with orange, coffee and chili together with our Beer Bastards friends from Bulgaria "
8,6113881,Mead Scientist,Your Midnight Lover,Mead - Braggot,https://untappd.com/b/mead-scientist-your-midnight-lover/6113881,6.4,N/A,3.84,576,12/30/24,Strawberry & Purple Basil & Lime Braggot 
9,5734292,Mead Scientist,Dios De Pina,Mead - Braggot,https://untappd.com/b/mead-scientist-dios-de-pina/5734292,6.0,N/A,3.83,947,03/02/24,Tepache Sour Braggot 
10,5038387,Mead Scientist,Strawberry Cranachan,Mead - Braggot,https://untappd.com/b/mead-scientist-strawberry-cranachan/5038387,8.0,N/A,3.83,1072,09/26/22,Bochet Braggot With Strawberry And Vanilla collab with the always amazing Overtone (SCO) during BPBW Budapest Beer Week 2022 
11,4069507,Mead Scientist,Apple O,Mead - Braggot,https://untappd.com/b/mead-scientist-apple-o/4069507,7.0,N/A,3.82,1723,11/25/20,Green Apple Sour Candy Braggot 
12,6237243,Mead Scientist,Shark O,Mead - Braggot,https://untappd.com/b/mead-scientist-shark-o/6237243,7.8,N/A,3.79,1329,04/22/25,"Following the footsteps of APPLE O Green Apple Sour Candy Braggot, CHERRY O Sour Cherry Candy Braggot, COLA O Sour Candy Cola Braggot and so, we're proud to present the latest edition of the infamous sour patch series: SHARK O Sour Blueberry Sour Candy Braggot  "
13,5599785,Mead Scientist,Frog O,Mead - Braggot,https://untappd.com/b/mead-scientist-frog-o/5599785,8.0,N/A,3.79,1038,11/10/23,"Following the footsteps of APPLE O Green Apple Sour Candy Braggot, CHERRY O Sour Cherry Candy Braggot, COLA O Sour Candy Cola Braggot and so, we're proud to present the latest edition of the infamous sour patch series: FROG O Green Apple Sour Candy Braggot with Vanilla! "
14,5698213,Mead Scientist,Mang O,Mead - Braggot,https://untappd.com/b/mead-scientist-mang-o/5698213,8.0,N/A,3.78,840,02/01/24,"Following the footsteps of APPLE O Green Apple Sour Candy Braggot, CHERRY O Sour Cherry Candy Braggot, COLA O Sour Candy Cola Braggot and so, we're proud to present the latest edition of the infamous sour patch series: MANG O Mango Sour Candy Braggot "
15,3403094,Mead Scientist,Your Weekend Lover,Mead - Braggot,https://untappd.com/b/mead-scientist-your-weekend-lover/3403094,6.8,N/A,3.78,2395,08/26/19,Lime & Purple Basil Sour Braggot 
16,5361537,Mead Scientist,Pineapple O,Mead - Braggot,https://untappd.com/b/mead-scientist-pineapple-o/5361537,8.0,N/A,3.77,1024,05/17/23,"Following the footsteps of APPLE O Green Apple Sour Candy Braggot, CHERRY O Sour Cherry Candy Braggot, COLA O Sour Candy Cola Braggot and so, we're proud to present the latest edition of the infamous sour patch series: PINEAPPLE O Pineapple Sour Candy Braggot premiers during BPBW Budapest Beer Week 2023! "
17,5945655,Mead Scientist,Orange O,Mead - Braggot,https://untappd.com/b/mead-scientist-orange-o/5945655,6.6,N/A,3.74,925,08/14/24,"Following the footsteps of APPLE O Green Apple Sour Candy Braggot, CHERRY O Sour Cherry Candy Braggot, COLA O Sour Candy Cola Braggot and so, we're proud to present the latest edition of the infamous sour patch series: ORANGE O Orange Sour Candy Braggot "
18,2553572,MONYO Brewing Co.,Anubis BA,Mead - Braggot,https://untappd.com/b/monyo-brewing-co-anubis-ba/2553572,9.5,10,3.7,258,03/14/18,"Első mézsörünket egy több ezer éves egyiptomi kerámiaedény ihlette, amiben a régészek egy ókori sör maradványait fedezték fel. Ebből inspirálódva Anubis nevű bragottunk főzésekor olyan exkluzív alapanyagokat használtunk, mint a vaddohány méz, a sáfrány, az arany mazsola és a szőlőlé, a végeredményt pedig hónapokig érleltük friss tölgyfahordókban. Ízében és illatában tokaji aszút idéző mazsolás-mézes édesség, vanília, fűszeres alkoholosság és enyhe ""fásság"" váltja egymást. Ideális kísérője az ünnepi pillanatoknak.-----Our first braggot was inspired by by a thousands of years old remains of an Egyptian pottery plate, in which archaeologists found residue of an ancient beer. Anubis is brewed with copious amounts  of silkweed honey, saffron, raisin and grape juice and than aged in virgin Hungarian oak barrels. Intense aromas of raisins, vanilla and honey leap out the glass. Flavors of sweet honey, raisins and dried fruits lead the palate and meld into spicy booziness and vanilla that hints at Tokaji Aszú. Silky smooth moutfeel and a lingering aftertaste makes this honey beer an ideal companion for special events. "
19,2288110,MONYO Brewing Co.,Anubis - Twins (2017),Mead - Braggot,https://untappd.com/b/monyo-brewing-co-anubis-twins-2017/2288110,9.2,10,3.69,250,09/12/17,"Braggot, Barrel Aged in two different types of Tokaji white wine barrels "
20,3517397,Mead Scientist,Hashtag Life,Mead - Braggot,https://untappd.com/b/mead-scientist-hashtag-life/3517397,10.0,N/A,3.68,1197,11/06/19,Oak Aged Cherry & Vanilla Imperial Sour Bragott 
21,4547252,Mead Scientist,Cola O,Mead - Braggot,https://untappd.com/b/mead-scientist-cola-o/4547252,8.0,N/A,3.68,2925,10/14/21,Following the footsteps of APPLE O Green Apple Sour Candy Braggot and CHERRY O Sour Cherry Candy Braggot here is COLA O Sour Cola Candy Braggot 
22,5052206,Mead Scientist,High On Flower,Mead - Braggot,https://untappd.com/b/mead-scientist-high-on-flower/5052206,7.5,N/A,3.67,1128,10/04/22,DDH Hazy Braggot collab with Cloudwater Brew Co. (UK) 
23,5634177,HopTails Brewery,Mugiwara,Mead - Braggot,https://untappd.com/b/hoptails-brewery-mugiwara/5634177,10.0,N/A,3.66,269,12/07/23,"Méz, Őszibarack, Mangó, Gyömbér, RozmaringHoney, Peach, Mango, Ginger, Rosemary "
24,4285616,Mead Scientist,Violent Summer,Mead - Braggot,https://untappd.com/b/mead-scientist-violent-summer/4285616,7.9,N/A,3.65,674,04/27/21,Dry Hopped Braggot With Orange & Coffee 
25,5737398,Mad Scientist,Tropical Space Muffin 2024,Mead - Braggot,https://untappd.com/b/mad-scientist-tropical-space-muffin-2024/5737398,9.7,N/A,3.65,1634,03/04/24,"BLUE SPIRULINA TROPICAL IMPERIAL PASTRY SOUR BRAGGOT  with lime, pineapple, passion fruit, banana, blue spirulina algae, and vanillaThe 2024 version of our Triple Pastry Sour Ale TROPICAL SPACE MUFFIN that first premiered 09/10/20 "
26,5122524,Mead Scientist,Liquid Hive,Mead - Braggot,https://untappd.com/b/mead-scientist-liquid-hive/5122524,9.0,N/A,3.65,1597,11/18/22,"LIQUID HIVE dry-hopped braggot 9%Same abv, same recipe, same hops (Amarillo, Centennial, Columbus, Simcoe) as LIQUID COCAINE dipa to celebrate the 6th Liquid Cocaine Day on the 18th of November, 2022 "
27,1951630,MONYO Brewing Co.,Anubis,Mead - Braggot,https://untappd.com/b/monyo-brewing-co-anubis/1951630,9.2,10,3.63,933,02/15/17,"Első mézsörünket egy több ezer éves egyiptomi kerámiaedény ihlette, amiben a régészek egy ókori sör maradványait fedezték fel. Ebből inspirálódva Anubis nevű bragottunk főzésekor olyan exkluzív alapanyagokat használtunk, mint a vaddohány méz, a sáfrány, az arany mazsola és a szőlőlé. Ízében és illatában tokaji aszút idéző mazsolás-mézes édesség, vanília, fűszeres alkoholosság és enyhe ""fásság"" váltja egymást. Ideális kísérője az ünnepi pillanatoknak.-----Our first braggot was inspired by by a thousands of years old remains of an Egyptian pottery plate, in which archaeologists found residue of an ancient beer. Anubis is brewed with copious amounts  of silkweed honey, saffron, raisin and grape juice. Intense aromas of raisins, vanilla and honey leap out the glass. Flavors of sweet honey, raisins and dried fruits lead the palate and meld into spicy booziness and vanilla that hints at Tokaji Aszú. Silky smooth moutfeel and a lingering aftertaste makes this honey beer an ideal companion for special events. "
28,6589201,Mad Scientist,Tropical Space Muffin 2026 BDAY EDT,Mead - Braggot,https://untappd.com/b/mad-scientist-tropical-space-muffin-2026-bday-edt/6589201,9.7,N/A,3.62,637,02/03/26,"TROPICAL IMPERIAL PASTRY SOUR BRAGGOT  with lime, pineapple, passion fruit, banana, blue spirulina algae, and vanilla2026 version of our Triple Pastry Sour Ale TROPICAL SPACE MUFFIN that first premiered 09/10/20  "
29,3985225,Mead Scientist,This Is Fine,Mead - Braggot,https://untappd.com/b/mead-scientist-this-is-fine/3985225,6.0,N/A,3.62,726,09/29/20,Braggot with Grapefruit and Chokeberry 
30,5648086,HopTails Brewery,Santoryu,Mead - Braggot,https://untappd.com/b/hoptails-brewery-santoryu/5648086,10.0,N/A,3.6,208,12/17/23,"Méz, mangó, barack, gyömbér, kakaó, kávé, fahéj.Honey, mango, peach, ginger, cocoa, coffee, cinnamon "
31,6142057,Mad Scientist,Professor 1500,Mead - Braggot,https://untappd.com/b/mad-scientist-professor-1500/6142057,7.3,N/A,3.58,420,01/29/25,"Dark Ice Cream Smoothie With Hazelnut, Coffee And Ice Cream Powder batch no #1500 special "
32,4353899,Mead Scientist,Pachamama,Mead - Braggot,https://untappd.com/b/mead-scientist-pachamama/4353899,9.0,N/A,3.56,875,06/10/21,"Smoky Braggot With Grapefruit, Elderflower, Passion Fruit And Habanero Chili "
33,5807510,Mead Scientist,Vanilla Cola O,Mead - Braggot,https://untappd.com/b/mead-scientist-vanilla-cola-o/5807510,8.5,N/A,3.56,1439,04/28/24,"Following the footsteps of APPLE O Green Apple Sour Candy Braggot, CHERRY O Sour Cherry Candy Braggot, COLA O Sour Cola Candy Braggot and so, we're now combining the best of all worlds to bring you VANILLA COLA O Sour Candy Vanilla Cola Braggot   "
34,3549618,Mead Scientist,Layer Layer,Mead - Braggot,https://untappd.com/b/mead-scientist-layer-layer/3549618,8.2,N/A,3.55,1001,11/26/19,"Sour bragott with passion fruit, pink guava and lime  collab with our friends from Dry & Bitter (DK) "
35,4813434,Mad Scientist,Мед,Mead - Braggot,https://untappd.com/b/mad-scientist-med/4813434,7.3,N/A,3.53,1380,04/25/22,"DDH braggot collab with Varvar (Ukraine)With the proceeds of this collab, we chose to support Leleka foundation (first aid medical supplies, army vet rehabilitation) https://leleka.care/donate/The feeling of helplessness is the worst because this war is so incomprehensible and frustrating and sad. Obviously, we wanted to do something with our own tools in addition to the charity and fundraiser events we hosted earlier and well, that’s how this collab came to life. "
36,6504458,Mad Scientist,The Matrix - RED PILL,Mead - Braggot,https://untappd.com/b/mad-scientist-the-matrix-red-pill/6504458,3.5,N/A,3.53,692,11/24/25,"The Matrix - RED PILL Low ABV Fruited Braggot With Strawberries and Lime""This is your last chance. After this, there is no turning back. You take the blue pill - the story ends, you wake up in your bed and believe whatever you want to believe. You take the red pill - you stay in Wonderland and I show you how deep the rabbit hole goes."" "
37,5734302,Mead Scientist,Xiuhtecuhtli,Mead - Braggot,https://untappd.com/b/mead-scientist-xiuhtecuhtli/5734302,7.0,N/A,3.47,765,03/02/24,Tabasco Sour Braggot with Tomatoes and Chili Pepper 
0,3446140,Mead Scientist,Hungry For Apples?,Mead - Cyser,https://untappd.com/b/mead-scientist-hungry-for-apples/3446140,10.0,N/A,3.65,629,09/22/19,Apple Pie Cyser 
1,6210727,Mead Scientist,Hungry For Apples Pumped Up,Mead - Cyser,https://untappd.com/b/mead-scientist-hungry-for-apples-pumped-up/6210727,16.0,N/A,3.44,367,03/31/25,2019's Apple Pie Cyser is back & all pumped up!!! 
0,5910453,MadX,Frigga,Mead - Melomel,https://untappd.com/b/madx-frigga/5910453,13.0,N/A,3.89,180,07/17/24,Sweet Mead With Strawberries Aged In Red Wine Barrel And Tokaji Barrel 
1,5310649,MadX,Myrkviðr,Mead - Melomel,https://untappd.com/b/madx-myrkvidr/5310649,12.6,N/A,3.89,649,04/10/23,"Mixed Fermentation Barrel Aged Sweet Mead with Forest Fruits (Blackcurrant, Blackberry & Blueberry) from a Kvaszinger Aszú barrel "
2,3864170,Mead Scientist,Double Svart,Mead - Melomel,https://untappd.com/b/mead-scientist-double-svart/3864170,8.0,N/A,3.88,2732,07/09/20,"Double fruited Melomel with Blackcurrant as an amplified version of our 2019 July's melomel, Svart "
3,3461081,Mead Scientist,Oga,Mead - Melomel,https://untappd.com/b/mead-scientist-oga/3461081,7.0,N/A,3.81,729,10/02/19,Cranberry Melomel collab together with our friends at Malduguns 
4,3315617,Mead Scientist,Svart,Mead - Melomel,https://untappd.com/b/mead-scientist-svart/3315617,7.0,N/A,3.73,1693,07/05/19,Melomel with Black Currant 
5,4500341,MadX,Skogkatt,Mead - Melomel,https://untappd.com/b/madx-skogkatt/4500341,12.5,N/A,3.71,193,09/11/21,"Dry mead aged in a Sauska barrel with Raspberries, the second mead release by MadX, also known as the Raspberry version of our first Valhöll "
6,3436828,Mead Scientist,Black Mass,Mead - Melomel,https://untappd.com/b/mead-scientist-black-mass/3436828,7.0,N/A,3.71,508,09/17/19,Chokeberry & Grapefruit Melomel 
7,6244374,Mead Scientist,Sour Cherry Session PBJ Time,Mead - Melomel,https://untappd.com/b/mead-scientist-sour-cherry-session-pbj-time/6244374,5.6,N/A,3.68,610,04/27/25,"Following the success of the barrel-aged Blackcurrant PBJ Time, Sour Cherry PBJ Time or Passion Fruit PBJ Time releases and so, let us present you the lighter version of the same concept as Session Mead With Sour Cherry & Peanuts "
8,3391584,Mead Scientist,Aprication,Mead - Melomel,https://untappd.com/b/mead-scientist-aprication/3391584,6.1,N/A,3.63,1128,08/19/19,Apricot & Chocolate Melomel   
9,3315614,Mead Scientist,Hvit,Mead - Melomel,https://untappd.com/b/mead-scientist-hvit/3315614,7.0,N/A,3.62,795,07/05/19,Melomel with Lemon and Elderflower 
10,3226638,Mead Scientist,Techno Viking,Mead - Melomel,https://untappd.com/b/mead-scientist-techno-viking/3226638,7.6,N/A,3.55,3779,05/13/19,"Melomel with Raspberries, Yuzu and MangoIntroductory mead of Mad Scientist's sub-brand Mead Scientist, the first melomel in the region "
11,3619386,Mead Scientist,Firefly,Mead - Melomel,https://untappd.com/b/mead-scientist-firefly/3619386,4.0,N/A,3.51,668,01/09/20,Micromel with sour cherries and red currant 
12,3517395,Mead Scientist,Blueberry Fox,Mead - Melomel,https://untappd.com/b/mead-scientist-blueberry-fox/3517395,9.3,N/A,3.46,691,11/06/19,Melomel with Blueberry and Ginger 
13,3619387,Mead Scientist,Waterfall,Mead - Melomel,https://untappd.com/b/mead-scientist-waterfall/3619387,4.0,N/A,3.0,707,01/09/20,Hoppy micromel 
0,4630201,Mead Scientist,Spice Melange,Mead - Metheglin,https://untappd.com/b/mead-scientist-spice-melange/4630201,13.0,N/A,3.85,237,12/09/21,"Barbados Rum Barrel Aged Mead with Vanilla, Cinnamon & Chipotle in the cross-section of our love projects MEAD SCIENTIST and BARREL PROJECT "
0,5068382,MadX,Tanngrisnir,Mead - Other,https://untappd.com/b/madx-tanngrisnir/5068382,13.0,N/A,3.88,259,10/15/22,Barrel Aged Blackcurrant Melomel 
1,4667188,Mead Scientist,Blackcurrant PBJ Time,Mead - Other,https://untappd.com/b/mead-scientist-blackcurrant-pbj-time/4667188,11.0,N/A,3.88,277,01/04/22,Bourbon Barrel Aged Mead With Blackcurrant And Peanut 
2,5943960,Mead Scientist,Redcurrant PBJ Time,Mead - Other,https://untappd.com/b/mead-scientist-redcurrant-pbj-time/5943960,11.0,N/A,3.84,206,08/12/24,Bourbon Barrel Aged Mead With Redcurrant And Peanuts 
3,5068384,MadX,Tanngnjóstr,Mead - Other,https://untappd.com/b/madx-tanngnjostr/5068384,13.5,N/A,3.82,194,10/15/22,Barrel Aged Sour Cherry Melomel  
4,6406045,Mead Scientist,Smash A Guitar,Mead - Other,https://untappd.com/b/mead-scientist-smash-a-guitar/6406045,9.5,N/A,3.82,693,09/09/25,"Rapeseed And Heather Honey Mead With Quince And Blue Honeysuckle brewed together with our friends from Põhjala, Estonia during BPBW Budapest Beer Week 2025 "
5,4874654,MadX,Som Tum Mamuang,Mead - Other,https://untappd.com/b/madx-som-tum-mamuang/4874654,12.0,N/A,3.81,395,06/05/22,"Bourbon Barrel Aged Thai Mango Salad Mead With Mango, Fresh Spices And Peanuts "
6,4794337,Mead Scientist,Sour Cherry PBJ Time,Mead - Other,https://untappd.com/b/mead-scientist-sour-cherry-pbj-time/4794337,11.0,N/A,3.8,222,04/12/22,Sour Cherry Peanut Butter Jelly Time Bourbon Barrel Aged Mead with Sour Cherry And Peanuts in the cross-section of our love projects Barrel Project and Mead Scientist 
7,5127724,Mead Scientist,Hellstar,Mead - Other,https://untappd.com/b/mead-scientist-hellstar/5127724,15.0,N/A,3.79,216,11/21/22,Mad Scientist BARREL PROJECT Team Series SZONJA Four Roses Bourbon Barrel-Aged Mead with Goji Berries  
8,6175285,Mead Scientist,Vamos A La Playa,Mead - Other,https://untappd.com/b/mead-scientist-vamos-a-la-playa/6175285,10.0,N/A,3.79,252,03/01/25,Whisky and Triple Sec Barrel Aged Mead with Pineapple				 
9,6470697,Mead Scientist,Din O,Mead - Other,https://untappd.com/b/mead-scientist-din-o/6470697,7.0,N/A,3.77,472,10/28/25,"Following the footsteps of APPLE O Green Apple Sour Candy Braggot, CHERRY O Sour Cherry Candy Braggot, COLA O Sour Candy Cola Braggot and so, we're proud to present the latest edition of the infamous sour patch series:DIN O Watermelon-Blackcurrant Sour Candy Sour Braggot "
10,4814318,Mead Scientist,Passion Fruit PBJ Time,Mead - Other,https://untappd.com/b/mead-scientist-passion-fruit-pbj-time/4814318,11.0,N/A,3.77,215,04/26/22,"Passion Fruit Peanut Butter Jelly Time Bourbon Barrel Aged Mead with Passion Fruit, Peanuts And Vanilla in the cross-section of our love projects Barrel Project and Mead Scientist "
11,4685752,Mead Scientist,Strawberry PBJ Time,Mead - Other,https://untappd.com/b/mead-scientist-strawberry-pbj-time/4685752,11.0,N/A,3.76,194,01/21/22,Strawberry Peanut Butter Jelly Time Bourbon Barrel Aged Mead with Strawberry And Peanuts in the cross-section of our love projects Barrel Project and Mead Scientist 
12,6258869,B*BOP FERMENTORY,FUMUS,Mead - Other,https://untappd.com/b/b-bop-fermentory-fumus/6258869,12.7,N/A,3.75,328,05/09/25,Laphroaig & Gin Barrel Aged Mead Blend.A blend of traditional meads aged in Laphroaig whisky barrels & gin barrels.In a collaboration with MS Barrel Project.  
13,6037221,MadX,Gunnlöd,Mead - Other,https://untappd.com/b/madx-gunnlod/6037221,14.6,N/A,3.73,287,10/27/24,Barrel Aged Mixed Fermentation Mead With Blueberry And Apple Juice  
14,3964851,Mead Scientist,Culinary Cabaret,Mead - Other,https://untappd.com/b/mead-scientist-culinary-cabaret/3964851,10.0,N/A,3.73,194,09/15/20,"Ex Widow Jane bourbon barrel-aged chocolate mead with orange peels, chipotle, vanilla and coffeeThe second Barrel Project Mead Scientist mead after Szaloncukor "
15,5015344,Mead Scientist,Siren Teardrop,Mead - Other,https://untappd.com/b/mead-scientist-siren-teardrop/5015344,11.8,N/A,3.73,153,09/10/22,"Highland Whisky Barrel Aged  Low Carbonation Mead w/ Lime, Muscovado Sugar, Orange Zest and Spices "
16,5911474,MadX,Som Tum Mamuang 2024,Mead - Other,https://untappd.com/b/madx-som-tum-mamuang-2024/5911474,10.6,N/A,3.71,213,07/18/24,"Bourbon Barrel Aged Thai Mango Salad Mead with Mango, Lime, Thai Chili, Coriander, Basil & Peanuts "
17,3842816,Mead Scientist,Szaloncukor,Mead - Other,https://untappd.com/b/mead-scientist-szaloncukor/3842816,10.0,N/A,3.71,236,06/25/20,"Tequila and Jamaican Rum Double Barrel Aged Mead with coffee and cocoa beans The first Barrel Project Mead Scientist mead is finally here dear Ladies and Gentlemen. This one has been constantly changing and moving from barrel to barrel for a long time until now. We had no idea where this was going but we could not be happier with the end result.The most ridiculous moment of creation was when we found coffee beans in the barrel, which we had no idea how it got there. We knew about the cocoa beans, but the coffee just got there somehow without us noticing it. Oh well...The final result is the old school Hungarian Christmas candy in a non-carbonated mead! "
18,6690850,Mad Scientist,Tiny Barrel Project Mad Treasure Bourbon And Smoky Scotch,Mead - Other,https://untappd.com/b/mad-scientist-tiny-barrel-project-mad-treasure-bourbon-and-smoky-scotch/6690850,12.0,N/A,3.7,185,04/29/26,"Rapeseed And Amorpha Honey Mead With Water Chestnut collab with our friends at SIMA Brewing aged in Bourbon and Smoky Scotch barrels for a year.After TINY BARREL PROJECT SPIRITLORD RUM and TINY BARREL PROJECT CANDY MAN SCOTCH and so, here is our 18th TINY BARREL PROJECT release in our new category between the Specials series and Barrel Project in 330ml cans. "
19,6175272,Mead Scientist,El Ritmo De La Noche,Mead - Other,https://untappd.com/b/mead-scientist-el-ritmo-de-la-noche/6175272,10.0,N/A,3.69,242,03/01/25,Whisky and Triple Sec Barrel Aged Mead with Soursop and Papaya				 
20,6399973,Mead Scientist,Mad Treasure,Mead - Other,https://untappd.com/b/mead-scientist-mad-treasure/6399973,12.0,N/A,3.67,335,09/04/25,Rapeseed And Amorpha Honey Mead With Water Chestnut collab with our friends at SIMA Brewing 
21,6333193,Mead Scientist,Orange Vanilla Cola O,Mead - Other,https://untappd.com/b/mead-scientist-orange-vanilla-cola-o/6333193,7.0,N/A,3.66,946,07/09/25,"Following the footsteps of APPLE O Green Apple Sour Candy Braggot, CHERRY O Sour Cherry Candy Braggot, COLA O Sour Candy Cola Braggot and so, we're proud to present the latest edition of the infamous sour patch series: ORANGE VANILLA COLA O Orange-Vanilla Cream Cola Sour Candy Mead "
22,5187394,MadX,Meir,Mead - Other,https://untappd.com/b/madx-meir/5187394,13.2,N/A,3.63,245,01/04/23,Mixed Fermentation Sweet Mead With Ginger And Rhubarb 
23,6032931,MadX,Billie's Blend X,Mead - Other,https://untappd.com/b/madx-billie-s-blend-x/6032931,13.6,N/A,3.63,186,10/24/24,Blend of Sour Cherry Mead × Black Raspberry Mead × Gooseberry Mead Special one-keg-only one-off for BCBF24 Billie's Craft Beer Fest 
24,5015331,Mead Scientist,Thorn Crown,Mead - Other,https://untappd.com/b/mead-scientist-thorn-crown/5015331,11.8,N/A,3.63,323,09/10/22,Highland Whisky Barrel Aged Hawthorn Honey Low Carbonation Mead 
25,6083237,Mead Scientist,Mango PBJ Time,Mead - Other,https://untappd.com/b/mead-scientist-mango-pbj-time/6083237,10.5,N/A,3.6,200,12/05/24,Bourbon Barrel Aged Mead With Mango And Peanuts 
26,5168773,Mead Scientist,Loco With the Cake,Mead - Other,https://untappd.com/b/mead-scientist-loco-with-the-cake/5168773,9.0,N/A,3.39,1163,12/20/22,"Carrot Cake Mead with Carrot, Lime Puree, Lemon Puree, Orange Zest, Cinnamon and Vanilla "
0,3419470,Mead Scientist,Irsai Olivér,Mead - Pyment,https://untappd.com/b/mead-scientist-irsai-oliver/3419470,11.5,N/A,3.36,697,09/06/19,White Mead fermented with 50% Irsai Olivér grape must 
0,3715073,MadX,Valhöll,Mead - Traditional,https://untappd.com/b/madx-valholl/3715073,13.0,N/A,3.89,182,03/11/20,"Zero carbonation, sweet mead aged in a Tokaji barrel, the very first mead release by MadX as the result of almost a year of work "
0,3715067,HORIZONT Brewing,Playground - Märzen,Märzen,https://untappd.com/b/horizont-brewing-playground-marzen/3715067,6.0,N/A,3.66,350,03/11/20,"A dark amber-ruby coloured malty treat, lagered in tanks for 6 (!) months, like all märzen should. Crystal clear and well balanced. Prost! - The first beer in our new line of experimental, fun beers. // Egy igazi klasszikus märzen, melyet 6 hónapig érleltünk tartályban. Sötétborostyán szín, malátás ízvilág, tükrösen tiszta és tökéletes egyensúlyban. - Első söre a Playground sorozatunknak, melyben új kedvenceinket főzzük le nektek.  "
1,6171932,UGAR Brewery,Spectrum - Push the Flower Button!,Märzen,https://untappd.com/b/ugar-brewery-spectrum-push-the-flower-button/6171932,5.6,N/A,3.63,182,02/26/25,Classic MärzenHops: hallertau mittelfrüh 
2,5273164,Mad Scientist,Octopus Märzen,Märzen,https://untappd.com/b/mad-scientist-octopus-marzen/5273164,5.8,N/A,3.61,553,03/14/23,"Before Mad Scientist was Mad Scientist, we actually contract-brewed a few releases back in 2015, so for our 7th birthday in 2023 we revisited this first recipe because we love märzens the same way as we love framed structures. Our first printed can by the way, design by our good friend Grindesign. This is also the official beer of Hell Vill × Mad Scientist presents: MAD VILL 28-30 April, 2023, make sure you scan the Spotify code for the playlist! "
3,6181905,Vaskakas Brewing,Respect For the Bober,Märzen,https://untappd.com/b/vaskakas-sorfozde-respect-for-the-bober/6181905,5.1,26,3.6,182,03/07/25,"Ez a klasszikus Märzen stílusú sör mély borostyánszínnel és gazdag malátás testtel hódít. Első kortyra édes karamellás, malátás jegyek bontakoznak ki, amelyeket finom fűszeres komlókeserűség hoz egyensúlyba. Tökéletes választás, amikor egy karakteres, mégis könnyen iható sörre vágysz. Tiszteld a Bober-t, és élvezd minden kortyát! "
4,4759467,HORIZONT Brewing,Selfish Games Märzen 2.0,Märzen,https://untappd.com/b/horizont-brewing-selfish-games-marzen-2-0/4759467,6.7,24,3.59,520,03/18/22,"Amiért két éve nyúzzátok a fülünket, hogy főzzük újra a Playground Märzent az most valósággá vált. Az eredeti recepten épp csak annyit módosítva, hogy az elmúlt két év tapasztalatait hozzáadtuk, és ezáltal egy még harmonikusabb, könnyebben iható, maláta központú finom lagert kapjunk. 4 hónapig várta a tartályban, hogy kiszerelhessük. "
5,5050362,FIRST Craft Beer,Öktöberfest 2022,Märzen,https://untappd.com/b/first-craft-beer-oktoberfest-2022/5050362,5.6,N/A,3.59,174,10/02/22, 
6,6422298,HORIZONT Brewing,Oktober Klassiker,Märzen,https://untappd.com/b/horizont-brewing-oktober-klassiker/6422298,5.3,N/A,3.56,485,09/23/25,"Egy klasszikus bajor stílus újragondolva, a Horizont módra.Borostyánszín, telt malátás test és finom karamelles édesség adja az alapot, amit meglepően játékos bogyós gyümölcsös jegyek egészítenek ki.A tradicionális Märzen méltóságteljessége és a modern kraft-főzet rétegzettsége találkozik benne.- Közepesen testes, jól kiegyensúlyozott kortyérzet, kellemesen selymes textúrával.- Pörkölt maláta, karamell és enyhe pirítottság jellemzi.- Diszkrét bogyós gyümölcsösség a korty végén.Nem kell lederhosen és müncheni sörsátor ahhoz, hogy megérkezz az Oktoberfest hangulatba, ugyanis ez a sör pont oda repít.-A classic Bavarian style reimagined the Horizont way.Amber-colored with a rich malty body and delicate caramel sweetness at its core, lifted by surprisingly playful berry-like notes.It’s where the dignified tradition of a Märzen meets the layered depth of modern craft brewing.- Medium-bodied, well-balanced mouthfeel with a pleasantly smooth texture.- Roasted malt, caramel, and a gentle toasted character.- Subtle berry fruitiness on the finish.No lederhosen or Munich beer tent required – this beer brings the Oktoberfest vibe straight to you. "
7,5544502,FIRST Craft Beer,Öktöberfest 2023,Märzen,https://untappd.com/b/first-craft-beer-oktoberfest-2023/5544502,5.6,19,3.56,175,09/29/23, 
8,6422387,FIRST Craft Beer,Öktöberfest 2025,Märzen,https://untappd.com/b/first-craft-beer-oktoberfest-2025/6422387,5.0,N/A,3.56,210,09/23/25,"(HU) Ahogy minden évben, úgy 2025-ben is elkészült a világ legnagyobb sörünnepének tiszteletére készített friss, ropogós lagersörünk. Minden évben variálunk kicsit a recepten, talán ezúttal ugrottunk a legnagyobbat, hiszen alacsonyabb alkoholfokkal, világosabban, kenyeresebben, kicsit talán komlósabban, kevesebb karamellmalátával készült az idei Märzen/Festbier verziónk (igen, határeset), hogy a legkívántabb lagersörök előtt tisztelegjünk ezúttal. Elő a sramlizenével, kapjuk fel a hózentrógert és prost!(EN) As every year, in 2025, our fresh, crisp lager beer, prepared in honor of the world's biggest beer festival, has been prepared. Every year we vary the recipe a little, and this time we may have taken the biggest leap, as this year's Märzen/Festbier version is made with a lower alcohol content, became lighter, breadier, perhaps a little more hoppy, and used less caramel malt (yes, borderline Festbier), to pay tribute to the most desired lagers this time. Let's get the Schramli music going, grab your Hosenträger and Prost! "
9,626461,Rizmajer Kézműves Sörfőzde,Märzen,Märzen,https://untappd.com/b/rizmajer-kezmuves-sorfozde-marzen/626461,6.5,22,3.55,214,03/23/14, 
10,5978324,FIRST Craft Beer,Öktöberfest 2024,Märzen,https://untappd.com/b/first-craft-beer-oktoberfest-2024/5978324,5.5,21,3.55,195,09/10/24,"Hagyományos Märzen sörünk ismét visszatér - ezúttal is ropogós, aranyló lagerként folyik a friss finomság egész ősszel! "
11,6026627,Hedon,Leder-Dosen,Märzen,https://untappd.com/b/hedon-leder-dosen/6026627,5.2,N/A,3.54,176,10/19/24, 
12,4670054,Visegrádi Sör,Feszt!,Märzen,https://untappd.com/b/visegradi-sor-feszt/4670054,5.9,N/A,3.54,216,01/07/22,Märzen Lager 
13,3169618,Sörművek,Märzen Bier,Märzen,https://untappd.com/b/sormuvek-marzen-bier/3169618,N/A,N/A,3.51,165,04/10/19, 
14,4506588,FIRST Craft Beer,Öktöberfest 2021,Märzen,https://untappd.com/b/first-craft-beer-oktoberfest-2021/4506588,5.8,16,3.51,258,09/16/21,"Újra Öktöberfest - újra FIRST sör! Idén is lefőztük hagyömányösnak möndhatő Oktoberfest märzenünket - és ahögy körábban, úgy ezúttal is játszöttunk kicsit a recepttel. Hangyányit harapósabban és erősebben érkezik tehát röpögős malátákkal töltött, német kömlőval fűszerezett Öktöberfestünk! It's Öktöberfest again - it's beertime again! We've brewed öur traditiönal Öktöberfest märzen this year again - and as beföre, we played a bit with the recipe again. With a tad möre bite and muscle, our crunchy-malted, German-höpped Öktöberfest is coming "
15,230247,Fóti Kézműves Sörfőzde,Oktoberfest Märzen,Märzen,https://untappd.com/b/foti-kezmuves-sorfozde-oktoberfest-marzen/230247,6.0,N/A,3.49,411,09/15/12, 
0,5443056,HORIZONT Brewing,Selfish Games - Non Alcoholic Craft IPA,Non-Alcoholic - IPA,https://untappd.com/b/horizont-brewing-selfish-games-non-alcoholic-craft-ipa/5443056,0.5,N/A,3.43,521,07/14/23,"Egy igazán ütős kraft IPA, na de nem az alkoholtartalma miatt! Ez a Horizont első alkoholmentes söre, amit a holland Vandestreekkel közösen főztünk!Igazi kraft ízjegyek, melyeket a négyféle komló (Simcoe, Amarillo, Mosaic & Columbus) ínycsiklandó kombinációja tesz igazán felejthetetlenné, gyönyörű, ködös megjelenés, és csak 29kCal 100ml-ben. ENA soft, very easy-to-drink NA craft IPA, different in every respect from the large-scale alcohol-free beers known from everyday life. You can enjoy a pleasantly hoppy, refreshing beer with a slightly hazy appearance. Four types of hops, Simcoe, Amarillo, Mosaic and Columbus, give the hops characteristic of classic craft IPAs. Only 29kCal in 100ml, and less than 0.5% ABV. "
1,5459934,Szent András Sörfőzde,Majdnem Mangós IPA,Non-Alcoholic - IPA,https://untappd.com/b/szent-andras-sorfozde-majdnem-mangos-ipa/5459934,0.0,25,3.42,422,07/26/23,"Ha sportolsz, vezetsz, vagy csak nem fogyasztasz alkoholt, akkor sem kell lemondanod a minőségi sörözés élményéről, hiszen 30 évnyi szakértelem és megannyi kísérlet eredményét tartod a kezedben. Egy kellemesen krémes, erősen gyümölcsös mangós IPA, vagyis majdnem azt. Hogy milyen egy MAJDNEM MANGÓS IPA kisüzemi értelmezésben? Egy kompromisszummentes sörélmény, amit az érett mangó és a hozzáadott modern komlók enek különlegessé, csupán alkohol nélkül.  "
2,5773677,HORIZONT Brewing,Selfish Games - 0.0% Non-Alcoholic Craft IPA With Grapefruit,Non-Alcoholic - IPA,https://untappd.com/b/horizont-brewing-selfish-games-non-alcoholoc-craft-ipa-with-grapefruit/5773677,0.0,N/A,3.41,403,04/02/24,"Lágy, nagyon könnyen iható, a hétköznapokból ismert, nagyüzemi alkoholmentes söröktől minden tekintetben eltérő tétel, MOST GRAPEFRUIT ÍZESÍTÉSSEL! Komlók:  Simcoe, Amarillo, Mosaic és ColumbusPleasantly hoppy, refreshing beer with a slightly hazy appearance, made with four types of hops, Simcoe, Amarillo, Mosaic and Columbus. Now with grapefruit flavor! "
3,5459932,Szent András Sörfőzde,Majdnem IPA,Non-Alcoholic - IPA,https://untappd.com/b/szent-andras-sorfozde-majdnem-ipa/5459932,0.0,35,3.35,403,07/26/23,"Ha sportolsz, vezetsz, vagy csak nem fogyasztasz alkoholt, akkor sem kell lemondanod a minőségi sörözés élményéről, hiszen 30 évnyi szakértelem és megannyi kísérlet eredményét tartod a kezedben. Egy modern komlózású, IPA-t, vagyis majdnem azt. Hogy milyen egy MAJDNEM IPA kisüzemi értelmezésben? Egy kompromisszummentes sörélmény, amit a komló uralkodó íze és a trópusi gyümölcsös karakterjegyek tesznek különlegessé, csupán alkohol nélkül. "
4,5736971,Fehér Nyúl,Free Flow,Non-Alcoholic - IPA,https://untappd.com/b/feher-nyul-free-flow/5736971,0.4,N/A,3.32,512,03/04/24,"Ezt az alkoholmentes West Coast IPA-t Citra és Mosaic pellettel és a speckó Spectrum Citra kivonattal bolondítottuk meg, hogy az IPA jól megszokott jellemzőit megőrizhessük nektek. This N/A West Coast IPA has been spiced up with Citra and Mosaic hop pellets and we added the special Spectrum Citra extract too, to maintain the familiar characteristics of an IPA. "
5,6348848,HORIZONT Brewing,Naked Bastard,Non-Alcoholic - IPA,https://untappd.com/b/horizont-brewing-naked-bastard/6348848,0.5,N/A,3.3,187,07/22/25,"Visszatért az első Horizont alkoholmentes IPA – új név, új dizájn, még finomabb recept!Ez a sör kompromisszumok nélküli kraft élmény: friss, komlós, könnyed, mégis karakteres. A Simcoe, Amarillo, Mosaic és Columbus komlók már a doboz nyitásakor éreztetik hatásukat. Telt kortyérzet, hosszú citrusos-gyantás lecsengés – pont, mint egy valódi IPA.--Our alcohol-free IPA is back with a new name, fresh look, and even better recipe. Simcoe, Amarillo, Mosaic & Columbus bring bold hop aromas, citrusy-resinous finish, and full IPA character – without the alcohol. Just 29 kcal/100 ml – perfect post-workout or anytime you crave craft flavor guilt-free. "
0,5459918,Szent András Sörfőzde,Majdnem Pilsner,Non-Alcoholic - Lager,https://untappd.com/b/szent-andras-sorfozde-majdnem-pilsner/5459918,0.0,30,3.23,346,07/26/23,"Ha sportolsz, vezetsz, vagy csak nem fogyasztasz alkoholt, akkor sem kell lemondanod a minőségi sörözés élményéről, hiszen 30 évnyi szakértelem és megannyi kísérlet eredményét tartod a kezedben. Egy markánsan komlózott pilsnert, vagyis majdnem azt Hogy milyen egy MAJDNEM PILSNER kisüzemi értelmezésben? Egy kompromisszummentes sörélmény, amit a pilzeni típusú sörökre jellemző komlósabb ízek és a kellemes malátás test tesz különlegessé, csupán alkohol nélkül. "
1,3736680,Dreher Sörgyárak,Dreher 24 Vörös Sör,Non-Alcoholic - Lager,https://untappd.com/b/dreher-sorgyarak-dreher-24-voros-sor/3736680,0.5,N/A,2.9,248,03/31/20,"Egy gazdag ízvilágú, kellemesen karakteres, alkoholmentes sör, pörkölt malátás aromával, amivel az igazi sör ízt élvezhetem bárhol, bármikor. "
2,5111427,Soproni Sörgyár (Heineken Hungária),Soproni 0.0% Alkoholmentes,Non-Alcoholic - Lager,https://untappd.com/b/soproni-sorgyar-heineken-hungaria-soproni-0-0-alkoholmentes/5111427,0.0,N/A,2.89,466,11/10/22, 
3,654855,Pécsi Sörfőzde,Szalon Alkoholmentes,Non-Alcoholic - Lager,https://untappd.com/b/pecsi-sorfozde-szalon-alkoholmentes/654855,0.5,17,2.79,544,04/20/14, 
4,217432,Soproni Sörgyár (Heineken Hungária),Soproni Szűz,Non-Alcoholic - Lager,https://untappd.com/b/soproni-sorgyar-heineken-hungaria-soproni-szuz/217432,0.0,N/A,2.79,497,08/19/12, 
5,198216,Dreher Sörgyárak,Dreher 24,Non-Alcoholic - Lager,https://untappd.com/b/dreher-sorgyarak-dreher-24/198216,0.5,N/A,2.49,1540,07/10/12, 
0,1567810,Dreher Sörgyárak,Dreher 24 Lime-málna,Non-Alcoholic - Other Beer,https://untappd.com/b/dreher-sorgyarak-dreher-24-lime-malna/1567810,0.3,N/A,3.19,154,05/22/16, 
0,5597149,Szent András Sörfőzde,Majdnem Stout,Non-Alcoholic - Porter / Stout,https://untappd.com/b/szent-andras-sorfozde-majdnem-stout/5597149,0.0,N/A,3.35,235,11/08/23,"Ha sportolsz, vezetsz, vagy csak nem fogyasztasz alkoholt, akkor sem kell lemondanod a minőségi sörözés élményéről, hiszen 30 évnyi szakértelem és megannyi kísérlet eredményét tartod a kezedben. Egy összetett malátázású, markáns stoutot, vagyis majdnem azt. Hogy milyen egy MAJDNEM STOUT kisüzemi értelmezésben? Egy kompromisszummentes sörélmény, amit az étcsokoládés, füstös és krémesen kávés ízkarakterek tesznek különlegessé, csupán alkohol nélkül. "
0,6070310,Pécsi Sörfőzde,Pécsi Radler Alkoholmentes Mangó,Non-Alcoholic - Shandy / Radler,https://untappd.com/b/pecsi-sorfozde-pecsi-radler-alkoholmentes-mango/6070310,0.0,N/A,3.54,174,11/23/24, 
1,4413143,Pécsi Sörfőzde,Pécsi Radler Citrom Alkoholmentes,Non-Alcoholic - Shandy / Radler,https://untappd.com/b/pecsi-sorfozde-pecsi-radler-citrom-alkoholmentes/4413143,0.0,N/A,3.32,185,07/16/21, 
2,4938473,Pécsi Sörfőzde,BE(er) Cool Citrom,Non-Alcoholic - Shandy / Radler,https://untappd.com/b/pecsi-sorfozde-be-er-cool-citrom/4938473,0.0,N/A,3.31,210,07/19/22,A blend of non-alcoholic beer and lemon soft drink. 
3,4939640,Pécsi Sörfőzde,BE(er) Cool Meggy,Non-Alcoholic - Shandy / Radler,https://untappd.com/b/pecsi-sorfozde-be-er-cool-meggy/4939640,0.0,N/A,3.28,289,07/20/22,A blend of non-alcoholic beer and sour cherry soft drink. 
4,6202205,Borsodi Sörgyár,"Borsodi Friss 0,0% Gránátalma-Meggy Koffeinnel",Non-Alcoholic - Shandy / Radler,https://untappd.com/b/borsodi-sorgyar-borsodi-friss-0-0-granatalma-meggy-koffeinnel/6202205,0.0,N/A,3.26,162,03/23/25, 
5,1561494,Pécsi Sörfőzde,Pécsi Radler Alkoholmentes Meggy,Non-Alcoholic - Shandy / Radler,https://untappd.com/b/pecsi-sorfozde-pecsi-radler-meggy-kontroll-0-0/1561494,0.0,N/A,3.24,390,05/19/16, 
6,862511,Borsodi Sörgyár,"Friss 0,0% Grapefruit",Non-Alcoholic - Shandy / Radler,https://untappd.com/b/borsodi-sorgyar-borsodi-friss-grapefruit-zero/862511,0.0,N/A,3.21,229,11/01/14,Grapefruitos ital és alkoholmentes világos sör keveréke cukorral és édesítőszerekkel. 
7,3747774,Soproni Sörgyár (Heineken Hungária),Soproni Dark Radler 0.0% Citrom,Non-Alcoholic - Shandy / Radler,https://untappd.com/b/soproni-sorgyar-heineken-hungaria-soproni-dark-radler-0-0-citrom/3747774,0.0,N/A,3.2,335,04/11/20, 
8,99277,Pécsi Sörfőzde,Pécsi Radler Alkoholmentes Bodza,Non-Alcoholic - Shandy / Radler,https://untappd.com/b/pecsi-sorfozde-radler-bodza/99277,0.0,N/A,3.18,584,11/16/11, 
9,5441687,Lidl Magyarország,"Argus Radler Mango 0,0%",Non-Alcoholic - Shandy / Radler,https://untappd.com/b/lidl-magyarorszag-argus-radler-mango-0-0/5441687,0.0,N/A,3.18,245,07/13/23,"60% mangós szénsavas üdítöital, 40% alkoholmentes sör. "
10,4213857,Borsodi Sörgyár,Borsodi Friss Zero Körte Alma,Non-Alcoholic - Shandy / Radler,https://untappd.com/b/borsodi-sorgyar-borsodi-friss-zero-korte-alma/4213857,0.0,N/A,3.15,350,03/10/21,"Fruity peach-apple non-alcoholic shandy/ radler. The peach flavour is dominant. Light, refreshing, fruity, aromatic radler. "
11,5301271,Soproni Sörgyár (Heineken Hungária),"Soproni Radler 0,0% Körte-Citrom",Non-Alcoholic - Shandy / Radler,https://untappd.com/b/soproni-sorgyar-heineken-hungaria-soproni-radler-0-0-korte-citrom/5301271,0.0,N/A,3.14,440,04/03/23, 
12,6200038,Dreher Sörgyárak,Dreher 24 Hydrate - Mangó-Citrom,Non-Alcoholic - Shandy / Radler,https://untappd.com/b/dreher-sorgyarak-dreher-24-hydrate-mango-citrom/6200038,0.0,N/A,3.14,394,03/22/25,"A Dreher 24 Hydrate Mangó-Citrom nem csak felfrissít egzotikus, édes mégis citrusos ízvilágával, de speciális összetétele segít a hidratálásban. A benne lévő szénhidrát-elektrolit oldatok fokozzák a víz felszívódását fizikai aktivitás során. Tökéletes választás forró nyári napokon, intenzív mozgáshoz és aktív kikapcsolódáshoz. "
13,5762764,Borsodi Sörgyár,Friss Mangó & Maracuja,Non-Alcoholic - Shandy / Radler,https://untappd.com/b/borsodi-sorgyar-friss-mango-and-maracuja/5762764,0.0,N/A,3.13,277,03/24/24,"Borsodi Friss Mangó-maracuja 0,0%0,0% alkohol, 100% felfrissülés - ez a Borsodi Friss, egy könnyed láger sör és üdítő gyümölcslé keveréke, kizárólag természetes forrásból származó összetevőkkel! Minőségi választás azoknak, akik inspiráló élményekkel teli mindennapokra szomjaznak. Alacsony kalóriatartalmú ízváltozatokban is "
14,390062,Borsodi Sörgyár,"Friss 0,0% Citrom",Non-Alcoholic - Shandy / Radler,https://untappd.com/b/borsodi-sorgyar-borsodi-friss-zero-citrom/390062,0.0,N/A,3.12,377,06/22/13,"0,0% alkohol, 100% felfrissülés – a megújult Friss 0,0% gyümölcsös üdítőital, és alkoholmentes malátaital keveréke, természetesen frissítő ízzel! Minőségi választás azoknak, akik inspiráló élményekkel teli mindennapokra szomjaznak. Ilyen például az alkoholmentes, citrom ízesítésű Friss. Mikor érdemes pattintani? Bármikor, amikor megkívánsz egy üdítően fanyar ízt a nyári kánikulában. Persze, ha télen is ez dob fel, nem fogunk visszatartani. Legyen az vízparti kikapcsolódás, baráti összejövetel vagy egy laza délután a kertben, az alkoholmentes Friss 0,0% üdítő kísérője lesz az alkalomnak. Friss 0,0% - a felfrissülésre vágyó örök felfedezők tökéletes választása. "
15,619360,Soproni Sörgyár (Heineken Hungária),Soproni 0.0% Radler Lime-menta,Non-Alcoholic - Shandy / Radler,https://untappd.com/b/soproni-sorgyar-heineken-hungaria-soproni-0-0-radler-lime-menta/619360,0.0,N/A,3.11,919,03/16/14,Az igazi gyümölcsből készült 0.0% alkoholtartalmú ital igazi felfrissülést nyújt a gyümölcsös sörök kedvelőinek. 
16,1513057,Soproni Sörgyár (Heineken Hungária),Soproni 0.0% Radler Bodza-Citrom,Non-Alcoholic - Shandy / Radler,https://untappd.com/b/soproni-sorgyar-heineken-hungaria-soproni-0-0-radler-bodza-citrom/1513057,0.0,N/A,3.11,553,04/16/16,"Az igazi gyümölcsből készült 0.0% alkoholtartalmú ital igazi felfrissülést nyújt a gyümölcsös sörök kedvelőinek. A Soproni Radler Bodza-Citrom a természetes bodza és frissítő citrom keveréke, kiváló minőségű világos sörrel, mely nagyszerű választás a kikapcsolódáshoz. "
17,4726031,Borsodi Sörgyár,Friss 0.0% Ananász-Lime,Non-Alcoholic - Shandy / Radler,https://untappd.com/b/borsodi-sorgyar-friss-0-0-ananasz-lime/4726031,0.0,N/A,3.11,314,02/22/22, 
18,4218846,Soproni Sörgyár (Heineken Hungária),"Soproni Radler 0,0% Feketeribizli-Lime",Non-Alcoholic - Shandy / Radler,https://untappd.com/b/soproni-sorgyar-heineken-hungaria-soproni-radler-0-0-feketeribizli-lime/4218846,0.0,N/A,3.1,567,03/13/21, 
19,4250665,Dreher Sörgyárak,"Kőbányai Citrom 0,0%",Non-Alcoholic - Shandy / Radler,https://untappd.com/b/dreher-sorgyarak-kobanyai-citrom-0-0/4250665,0.0,N/A,3.08,180,04/03/21,Alkoholmentes vilagos sör. 
20,1536415,Dreher Sörgyárak,Dreher 24 Pomelo-Grapefruit,Non-Alcoholic - Shandy / Radler,https://untappd.com/b/dreher-sorgyarak-dreher-24-pomelo-grapefruit/1536415,0.0,N/A,3.07,454,05/01/16, 
21,5306382,Dreher Sörgyárak,Dreher 24 Lime-Menta,Non-Alcoholic - Shandy / Radler,https://untappd.com/b/dreher-sorgyarak-dreher-24-lime-menta/5306382,0.0,N/A,3.06,573,04/07/23, 
22,6199883,Dreher Sörgyárak,Dreher 24 Hydrate - Licsi-Citrom,Non-Alcoholic - Shandy / Radler,https://untappd.com/b/dreher-sorgyarak-dreher-24-hydrate-licsi-citrom/6199883,0.0,N/A,3.06,373,03/22/25,"A Dreher 24 Hydrate Licsi-Citrom nem csak felfrissít enyhén savanykás mégis édes ízvilágával, de speciális összetétele segít a hidratálásban. A benne lévő szénhidrát-elektrolit oldatok fokozzák a víz felszívódását fizikai aktivitás során. Tökéletes választás forró nyári napokon, intenzív mozgáshoz és aktív kikapcsolódáshoz. "
23,733130,Soproni Sörgyár (Heineken Hungária),Soproni 0.0% Radler Citrom,Non-Alcoholic - Shandy / Radler,https://untappd.com/b/soproni-sorgyar-heineken-hungaria-soproni-0-0-radler-citrom/733130,0.0,N/A,3.03,727,07/03/14,"Az igazi gyümölcsből készült 0.0% alkoholtartalmú ital igazi felfrissülést nyújt a gyümölcsös sörök kedvelőinek. A Soproni Radler Citrom a természetes meggy és frissítő citrom keveréke, kiváló minőségű világos sörrel, mely nagyszerű választás a kikapcsolódáshoz.. "
24,2095442,Dreher Sörgyárak,Dreher 24 Citrom,Non-Alcoholic - Shandy / Radler,https://untappd.com/b/dreher-sorgyarak-dreher-24-egzotikus-citrom/2095442,0.0,N/A,3.02,1187,05/15/17, 
25,3773781,Borsodi Sörgyár,Borsodi Friss Alkoholmentes Málna-áfonya,Non-Alcoholic - Shandy / Radler,https://untappd.com/b/borsodi-sorgyar-borsodi-friss-alkoholmentes-malna-afonya/3773781,0.0,N/A,2.99,579,05/04/20, 
26,2029625,Soproni Sörgyár (Heineken Hungária),Soproni 0.0% Radler Meggy-Citrom,Non-Alcoholic - Shandy / Radler,https://untappd.com/b/soproni-sorgyar-heineken-hungaria-soproni-0-0-radler-meggy-citrom/2029625,0.0,N/A,2.98,750,04/06/17,"Az igazi gyümölcsből készült 0.0% alkoholtartalmú ital igazi felfrissülést nyújt a gyümölcsös sörök kedvelőinek. A Soproni Radler Meggy-Citrom a természetes meggy és frissítő citrom keveréke, kiváló minőségű világos sörrel, mely nagyszerű választás a kikapcsolódáshoz. "
27,3165892,Dreher Sörgyárak,Dreher 24 Gránátalma,Non-Alcoholic - Shandy / Radler,https://untappd.com/b/dreher-sorgyarak-dreher-24-granatalma/3165892,0.0,N/A,2.97,509,04/07/19, 
28,4726042,Borsodi Sörgyár,"Borsodi Friss 0,0% Görögdinnye-Eper",Non-Alcoholic - Shandy / Radler,https://untappd.com/b/borsodi-sorgyar-borsodi-friss-0-0-gorogdinnye-eper/4726042,0.0,N/A,2.97,458,02/22/22, 
29,3764522,Dreher Sörgyárak,Dreher 24 Meggy-Szeder,Non-Alcoholic - Shandy / Radler,https://untappd.com/b/dreher-sorgyarak-dreher-24-meggy-szeder/3764522,0.0,N/A,2.92,774,04/26/20, 
30,5764009,Dreher Sörgyárak,Dreher 24 Málna,Non-Alcoholic - Shandy / Radler,https://untappd.com/b/dreher-sorgyarak-dreher-24-malna/5764009,0.0,N/A,2.91,408,03/25/24, 
31,4792152,Dreher Sörgyárak,Dreher 24 Maracuja-Sárgadinnye,Non-Alcoholic - Shandy / Radler,https://untappd.com/b/dreher-sorgyarak-dreher-24-maracuja-sargadinnye/4792152,0.0,N/A,2.88,584,04/10/22, 
0,5924216,Szent András Sörfőzde,Majdnem Búza Citrusokkal,Non-Alcoholic - Wheat,https://untappd.com/b/szent-andras-sorfozde-majdnem-buza-citrusokkal/5924216,0.5,8,3.38,213,07/27/24,"Ha sportolsz, vezetsz, vagy csak nem fogyasztasz alkoholt, akkor sem kell lemondanod a minőségi sörözés élményéről, hiszen 30 évnyi szakértelem és megannyi kísérlet eredményét találod meg ebben a sörben. Egy izgalmas savgerinccel megálmodott citrusos berliner weisse búzasört, vagyis majdnem azt. Hogy milyen egy MAJDNEM CITRUSOS BÚZA kisüzemi értelmezésben? Egy kompromisszummentes sörélmény, amit a citrom, lime és bergamott frissessége, valamint a hozzáadott modern komlók tesznek különlegessé, csupán alkohol nélkül. "
0,4396773,Brew Your Mind,Better Before,Pale Ale - American,https://untappd.com/b/brew-your-mind-better-before/4396773,5.8,N/A,3.97,2151,07/05/21,"Human Experiment kísérleti szériánk Fourteen tagja annyira elnyerte tetszésünket, hogy bevesszük az ""állandó"" söreink közé. "
1,4206857,Brew Your Mind,Human Experiment FOURTEEN,Pale Ale - American,https://untappd.com/b/brew-your-mind-human-experiment-fourteen/4206857,5.6,N/A,3.92,259,03/05/21, 
2,2321815,Brew Your Mind,Yellow Haze - Amarillo,Pale Ale - American,https://untappd.com/b/brew-your-mind-yellow-haze-amarillo/2321815,5.5,N/A,3.87,332,10/03/17,"Our flagship NE inspired APA with Simcoe, Centennial and this time with Amarillo hops. "
3,3084382,Brew Your Mind,Yellow Haze - Citra,Pale Ale - American,https://untappd.com/b/brew-your-mind-yellow-haze-citra/3084382,5.5,N/A,3.81,179,02/16/19, 
4,5983964,Brew Your Mind,Yellow Haze Session,Pale Ale - American,https://untappd.com/b/brew-your-mind-yellow-haze-session/5983964,4.3,N/A,3.8,252,09/14/24,the lighter version of our american pale ale Yellow Haze 
5,2162238,Brew Your Mind,Yellow Haze Session (-2019),Pale Ale - American,https://untappd.com/b/brew-your-mind-yellow-haze-session-2019/2162238,4.5,N/A,3.8,226,06/25/17,"Session version of Yellow Haze. Everything stays the same, but the alcohol content is a bit lower. "
6,2630983,Brew Your Mind,Mystic Garden,Pale Ale - American,https://untappd.com/b/brew-your-mind-mystic-garden/2630983,5.5,N/A,3.78,262,05/03/18, 
7,4132541,Mad Scientist,Brain Fog,Pale Ale - American,https://untappd.com/b/mad-scientist-brain-fog/4132541,5.5,N/A,3.75,1327,01/07/21,DDH PALE ALEBrain Fog features the modern classic Citra hop in a relatively low ABV beer before we say farewell to this variety due to its Bitcoin-like price change. 
8,6384343,UGAR Brewery,Spectrum - Piece of My Heart,Pale Ale - American,https://untappd.com/b/ugar-brewery-spectrum-piece-of-my-heart/6384343,5.9,N/A,3.74,207,08/21/25,MOSAIC PALE ALEHops: mosaic in all forms 
9,817862,Csupor Craft Beer,Bunny Hop,Pale Ale - American,https://untappd.com/b/csupor-craft-beer-bunny-hop/817862,4.5,45,3.72,808,09/20/14,single hop citra american pale ale speciality beer with maple syrup and sugar cane 
10,2865845,Mad Scientist,Blackberry Smiggles,Pale Ale - American,https://untappd.com/b/mad-scientist-blackberry-smiggles/2865845,6.0,N/A,3.72,269,09/28/18,Blackberry cheesecake pale ale.  
11,5169294,Reketye Brewing Co.,Caribou,Pale Ale - American,https://untappd.com/b/reketye-brewing-co-caribou/5169294,5.5,N/A,3.71,315,12/20/22,"A legújabb kollab sörünk a Pierre Rouccou-val és David Beaudin-nal készült. Egy American Pale Ale lett, mi pedig egyhangúan megszavaztuk, hogy pont olyan, amilyennek lennie kell. "
12,4754093,SIMA brewing,Fekete Kincs Pale Ale,Pale Ale - American,https://untappd.com/b/sima-brewing-fekete-kincs-pale-ale/4754093,5.4,N/A,3.68,611,03/15/22,"A Tisza-tó szerelmeseiként nagy örömünkre szolgál, hogy elsőként mi dolgozhatunk sulyommal sörben. Az Egy csepp Tisza-tóval együttműködve elhoztuk nektek a Fekete Kincs sorozat legújabb tagját, ami ezúttal egy aranyló, karakteres, krémes Pale Ale-ben csillantja meg a sulyom édeskés, fűszeres ízjegyeit. A sulyom egy egyedülálló, Európában ritka, itthon korlátozott mennyiségben elérhető, védett vízinövény, gesztenyés, mandulás, szegfűszeges, diós ízjegyekkel. --As lovers of Lake Tisza, we are very pleased to be the first brewery to infuse water caltrop with beer. In collaboration with Egy csepp Tisza-tó, we have brought you the newest member of the Fekete Kincs series, this time in a golden, characteristic, creamy Pale Ale that sparkles the sweet, spicy flavors of water caltrop. Water caltrop or water chestnut is unique and rare in Europe, available only in limited quantities. Its taste resembles chestnut, almond, clove, walnut flavors. "
13,2047792,Mad Scientist,Timbersexual,Pale Ale - American,https://untappd.com/b/mad-scientist-timbersexual/2047792,5.0,N/A,3.68,258,04/16/17,Minnesota Pale AleOur New England style american pale ale. We call it a Minnesota Pale Ale for its piney and herbal aromas.  
14,4058916,Reketye Brewing Co.,Everyday Hoppyness,Pale Ale - American,https://untappd.com/b/reketye-brewing-co-everyday-hoppyness/4058916,5.0,35,3.67,188,11/18/20,Collab with InVitro Brewing. Dry hopped with african queen and nelson sauvin. Crisp and rich from crystal malts. Deliveres a hoppy daydream ❤️ 
15,4288102,InVitro Brewing,Ars Moriendi,Pale Ale - American,https://untappd.com/b/invitro-brewing-ars-moriendi/4288102,5.0,N/A,3.67,178,04/29/21,"Collaboration with the Hungarian groove metal band Cadaveres to celebrate their latest album! Crisp and tasty, crushable pale ale with good amount of classic American hops. "
16,6392237,BPBW Budapest Beer Week,Kraft 2025,Pale Ale - American,https://untappd.com/b/bpbw-budapest-beer-week-kraft-2025/6392237,5.2,N/A,3.66,167,08/28/25,Fresh and Extra Hoppy American Pale Ale brewed at Mad Scientist made together with the help of our friends at Keykeg (OneCircle) and Yakima Chief Hops (YCH)  
17,707751,KESER (Kecskeméti Sörmesterek),Kolibri,Pale Ale - American,https://untappd.com/b/keser-kecskemeti-sormesterek-kolibri/707751,4.5,53,3.66,711,06/08/14, 
18,1067317,Synthesis,Waves of Liberty,Pale Ale - American,https://untappd.com/b/synthesis-waves-of-liberty/1067317,5.3,38,3.65,188,05/01/15,"Felső erjesztésű amerikai stílusú American Pale Ale. Az 5,3 %-os alkoholra mintegy pilleként ""nehezedik"" rá az IPA-kat megszégyenítő hidegkomlózás. Illatában a kókuszos-mandarinos jelleg érezhető. Ízében komplex, de mégis inkább West Coast IPA-ra jellemző malátakezelés. Ez az ízvilág mintegy karibi koktél nyilvánul meg. Olyan mintha pina colada-t innánk, csakhogy ez egy sör. A maradék cukor remekül illik az illat és ízvilághoz. A krémes test szinte belesimul az alkoholba. "
19,766102,Gólem,Repeta,Pale Ale - American,https://untappd.com/b/golem-repeta/766102,5.5,45,3.65,640,08/02/14,"Malts: Pale ale, CarahellHops: Citra, Simcoe, Amarillo "
20,2436780,Zip's Brewhouse,Angel's Ser,Pale Ale - American,https://untappd.com/b/zip-s-brewhouse-angel-s-ser/2436780,7.0,22,3.65,226,12/18/17,"Must hozzáadásával készült, whiskys hordóban érlelt félbarna sör.Pár zsák különleges maláta, egzotikus komlók, több évtized whiskey és néhány fürt szőlő aromáját töltöttük pezsgő harmóniába ebben a palackban. "
21,2312857,Reketye Brewing Co.,Who Is Mr. Flakes?,Pale Ale - American,https://untappd.com/b/reketye-brewing-co-who-is-mr-flakes/2312857,5.1,45,3.64,1267,09/28/17,"Intensly dryhopped with Idaho 7 and lupulin Simcoe and Citra. Made with a lot of flakes (oat, wheat and barley). "
22,6423083,Abodee,Running Out of Gas,Pale Ale - American,https://untappd.com/b/abodee-running-out-of-gas/6423083,4.0,15,3.64,167,09/24/25,"A smooth and creamy hop juice powered by Citra and Nectaron hops. This hazy APA, packed with wheat malt and oats, offers a soft yet drinkable base bursting with peachy and citrusy hop aromas. "
23,1523720,Uradalmi Brewery,Intro,Pale Ale - American,https://untappd.com/b/uradalmi-brewery-intro/1523720,5.7,33,3.64,892,04/23/16,"Első, bevezető sörünk. Felső erjesztésű sör, melynek testét az árpa és búzamaláták, illatát a legnemesebb aromakomlók adják. Hidegkomlózott (leerjedést követően is komlózott) sör, hogy a komlóban lévő citrusos, virágos illatjegyeket hordozó illóolajok a legjobb hatásfokkal oldódjanak bele a sörbe. Kézműves sör a legjobb alapanyagokból. "
24,3181021,Mighty Millers Brewing Co.,Who's Your Daddy,Pale Ale - American,https://untappd.com/b/mighty-millers-brewing-co-who-s-your-daddy/3181021,5.6,N/A,3.63,156,04/17/19,"Ez az APA igazán jó társaság, könnyed és üdítő, így ha úgy alakul, akár többször is bátran kortyolhatsz belőle. Mámorító illatát, frissítő jellegét amerikai komlók adják, ízében az enyhénél egy kicsit keserűbb befejezéssel.The always friendly taste of this APA is light, refreshing and will leave you wishing for more when you see the bottom of your glass. The use of American hops creates an exhilarating scent and refreshing essence with a slightly bitter finish. "
25,2192869,UGAR Brewery,Flexman,Pale Ale - American,https://untappd.com/b/ugar-brewery-flexman/2192869,4.8,39,3.63,256,07/14/17,Puszta superheroes széria. 
26,3820075,Zentus Craft Beer,Bartók Újra Ale,Pale Ale - American,https://untappd.com/b/zentus-craft-beer-bartok-ujra-ale/3820075,4.5,20,3.63,221,06/10/20,"premium jókedvvel készült kisüzemi APA A Bartókra hangolt kraftos kocsmák járványűző közösségi söre. Frissítő nyári pale ale, indokolatlan mennyiségű komlóval.A Bartók Béla úti vendéglátóhelyek (Bölcső Bar & Food, az Édes Érzés és a KEG Sörművház) közös, hidegkomlós anti-pandémiás söre a vesztegzár megszünésének megünneplésére, amit a Zentus Craft Beer készített. american pale ale /w amarillo, azacca, centennial, mosaic "
27,2076994,Vaskakas Brewing,Johnny B. Good,Pale Ale - American,https://untappd.com/b/vaskakas-sorfozde-johnny-b-good/2076994,5.5,N/A,3.63,765,05/05/17,"Johnny B. Good egy igazi, hamisítatlan, hidegen komlózott American Pale Ale, amely nem tűri a korlátokat és a megalkuvást. Ízét a nyár és a szabadság ihlette. Üde, frissítő, gyümölcsös aromáját az amerikai komlóknak köszönheti. Kóstold meg és harapj bele a komlóba! "
28,3022427,Zentus Craft Beer,I Don't Think You're Happy Enough,Pale Ale - American,https://untappd.com/b/zentus-craft-beer-i-don-t-think-you-re-happy-enough/3022427,5.5,N/A,3.62,241,01/04/19,"apa w/ cascade, centrenniel, citra "
29,4147823,Reketye Brewing Co.,Medusa,Pale Ale - American,https://untappd.com/b/reketye-brewing-co-medusa/4147823,6.5,20,3.62,224,01/20/21,Super drinkable bright pale ale dryhopped with Medusa.  
30,1188179,Zip's Brewhouse,Mango Pale Ale,Pale Ale - American,https://untappd.com/b/zip-s-brewhouse-mango-pale-ale/1188179,5.3,39,3.61,589,08/05/15,"Elsősorban a gyümölcsös ízvilágot kedvelő fogyasztóink számára ajánljuk ezt a sört. Az erjesztés alatt felhasznált mango tökéletes egyensúlyban van a komlók citrusosságával, melyhez biztos alapot szolgáltat a karakteres maláta test. A végeredmény egy borostyán színű, trópusi ízvilágú, erősen komlózott sörkülönlegesség. "
31,2097760,Szent András Sörfőzde,Vári Nővérek '17,Pale Ale - American,https://untappd.com/b/szent-andras-sorfozde-vari-noverek-17/2097760,4.9,72,3.61,155,05/17/17,"A hazai sörkultúra emblematikus figurái, Kovári „Armando Ochoa - Csakajósör” Gergő és Marosvári „Ogre” László a Szent András Sörfőzde sörfőzőmesterével, Pekár Mihállyal és a helyi csapattal idén is megalkották a nyári Vári sörsorozat legújabb változatát, a Vári Nővérek ’17-et. Te most a Vári Nővérek summer pale ale sorozatának harmadik darabját tartod a kezedben, amely Tomahawk és Simcoe komlók felhasználásával készült. "
32,2122735,hübris,KisPéntek,Pale Ale - American,https://untappd.com/b/hubris-kispentek/2122735,4.5,33,3.6,187,06/01/17,"2. éves születésnapi söre a Hübrisnek, egy habos babos pale ale, gyönyörű hidegkomlózással, amiben a Nelson Sauvin játszik főszerepet. "
33,4444690,Ruin Brew Budapest,Galaxy APA,Pale Ale - American,https://untappd.com/b/ruin-brew-budapest-galaxy-apa/4444690,5.4,N/A,3.6,388,08/05/21, 
34,3059590,FIRST Craft Beer,Fusion Pale Ale,Pale Ale - American,https://untappd.com/b/first-craft-beer-fusion-pale-ale/3059590,6.5,17,3.6,189,01/31/19,"Megkérdeztük a vendéglátósokat és a FIRST söröket forgalmazó partnereinket, hogy ők milyen sört készítenének, ha egy napra nem mi foglalnánk az ő csapjaikat, hanem ők tartanának nálunk egy főzdefoglalást. A válaszok alapján megszületett egy fúziós sörrecept, melyet 93 vendéglátóhely alkotott. A Fusion Pale Ale-ben a keserű narancshéj és a koriander a frissességet, az Oo-lorde oolong kínai kistermelői tea a sörforradalmi játékosságot, a komló- és malátaprofil a kiegyensúlyozottságot biztosítja. Kóstold meg az első főzdefoglalás sörét, amit partnereinkkel közösen alkottunk nektek és persze magunkat is.Recept:https://www.firstcraftbeer.com/fusion-pale-ale?fbclid=IwAR2AQLgx-bNggVs-ur50VEXTiwuEOrU32cwCaRQbqGswLjUlcsFkJRZCI3I "
35,4902650,Karaván,Karavan Pale Ale,Pale Ale - American,https://untappd.com/b/karavan-karavan-pale-ale/4902650,6.0,3,3.6,284,06/24/22, 
36,1226566,Balkezes,Peeping Tom,Pale Ale - American,https://untappd.com/b/balkezes-peeping-tom/1226566,5.5,37,3.6,1100,09/06/15,"Peeping Tom egy 1960-as brit horror / thriller. Meg Mike Patton második legfogyaszthatóbb bandájának a neve. A mozi nem hagyott nagy nyomot így csak a megjelenésben merítettünk belőle, a Peeping Tom albumot viszont sokat hallgattuk a Balkezesnél mikor az első kisüzemi American Pale Ale-en dolgoztunk.Egy kiforrott pale ale alapba először Simcoe komlót tettünk, hogy a kellő keserűséget elérjük. Majd még Simcoet, hogy a citrusos, picit mandarinos  aromája meglegyen, és megSimcoeztuk, hogy egyértelműen kijöjjenek a Simcoe különös fenyős, földes jellegzetességei is. Aztán levezetésnek Simcoe. És mivel ezt így illik, egy ijesztő adaggal hidegSimcoeztunk erjedés után, biztos ami biztos. "
37,5420209,SIMA brewing,Basic Needs,Pale Ale - American,https://untappd.com/b/sima-brewing-basic-needs/5420209,5.4,N/A,3.59,464,06/27/23,"Ropogós, krémes, diszkréten ködös Pale Ale Warrior, Cascade és Citra komlókkal. Szomjúság megszüntetésére és egyéb alapszükségletek kielégítésére kimondottan ajánlott. "
38,2254027,Pandulabeer,Munkaszünet,Pale Ale - American,https://untappd.com/b/pandulabeer-munkaszunet/2254027,5.0,N/A,3.59,152,08/20/17, 
39,2085614,Fehér Nyúl,Fehér Nyúl APA,Pale Ale - American,https://untappd.com/b/feher-nyul-feher-nyul-apa/2085614,5.5,38,3.59,1116,05/10/17,"Aki az összhangot keresi, annak bátran ajánljuk ezt a friss, citrusos illatú, közepesen testes sört. Könnyedségét a maláták és a komló arányának köszönheti. Reméljük, a sikerét is!  "
40,2389560,Guri Sörfőzde,Komlós Juci,Pale Ale - American,https://untappd.com/b/guri-sorfozde-komlos-juci/2389560,5.0,N/A,3.59,186,11/17/17, 
41,5729242,Fehér Nyúl,Kandalló Ale,Pale Ale - American,https://untappd.com/b/feher-nyul-kandallo-ale/5729242,5.0,N/A,3.59,376,02/27/24,"A sörforradalom elidegeníthetetlen szereplője, ami mindig friss marad: igaz ez az American Pale Ale stílusra, akárcsak a Kandalló Pubra! Guríts le pár pohárral ebből a ropogós, gazdagon hidegkomlózott klasszikusból, és add át magad a szép emlékeknek.An inalienable part of the craft beer revolution, which remains relevant. This is true both for the American Pale Ale style, as well as Kandalló Pub. So, pour down a couple glasses of this crisp, generously dry-hopped classic, and give into the call of beautiful memories. "
42,3790230,Zirci Apátsági Manufaktúra,Alevation Rozsos Pale Ale,Pale Ale - American,https://untappd.com/b/zirci-apatsagi-manufaktura-alevation-rozsos-pale-ale/3790230,5.1,23,3.59,508,05/18/20, 
43,3565364,Fehér Nyúl,Drink the Christmas Tree 2019,Pale Ale - American,https://untappd.com/b/feher-nyul-drink-the-christmas-tree-2019/3565364,5.0,33,3.59,163,12/06/19,"A mókusok kimásztak az üstből, így csak a tűlevélmaradt. Erdei helyett karácsonyi sör lett a vége. "
44,1794557,UGAR Brewery,Hopjuliska,Pale Ale - American,https://untappd.com/b/ugar-brewery-hopjuliska/1794557,6.0,31,3.58,1761,10/27/16,"Amerikai komlós, illatos, felső erjesztésű világos sör.3 féle komló, 4 féle maláta teszi teljessé ezt az új-hullámos sört. Az aromakomlóktól friss, gyümölcsös ízt kap, melyet a maláták komplexitása egészít ki. Ajánljuk fehér húsokhoz, sült és grillezett ételekhez, zöldségekhez, tartalmasabb saláták mellé. "
45,4416147,HORIZONT Brewing,Gimme My Britney,Pale Ale - American,https://untappd.com/b/horizont-brewing-gimme-my-britney/4416147,4.7,N/A,3.58,162,07/17/21, 
46,6494926,B*BOP FERMENTORY,KOP THAT,Pale Ale - American,https://untappd.com/b/b-bop-fermentory-kop-that/6494926,4.5,N/A,3.57,844,11/16/25,"A crispy and classique Pale Ale packed with the noble OG threesome: Cascade, Simcoe & Mosaic.“make sure you kop that shit”*BREWED SPECIALLY FOR THE UK MARKET* "
47,2051911,Hara’Punk Brewing,Executive Pale Ale,Pale Ale - American,https://untappd.com/b/hara-punk-brewing-executive-pale-ale/2051911,4.5,41,3.57,1089,04/20/17,"Selymes, könnyen csúszó, elegáns sör. Nem teper le az első kortyok után, inkább egész este a barátod szeretne lenni. A rövid, félórás komlózásnak köszönhetően a keserű íz teljesen a háttérbe szorul, tered engedve a Mosaic, a Centennial és az Amarillo komlók gyümölcsös, citrusos aromáinak. "
48,2531509,Space Next,Astronaut,Pale Ale - American,https://untappd.com/b/space-next-astronaut/2531509,5.3,39,3.56,182,02/26/18,"Single malt, single hop (Mosaic) APA with a great finish and bitterness. "
49,3246415,Szent András Sörfőzde,Vári Nővérek,Pale Ale - American,https://untappd.com/b/szent-andras-sorfozde-vari-noverek/3246415,4.9,38,3.56,234,05/25/19,"A hazai sörkultúra emblematikus figurái: Kővári ""Armando Ochoa"" Gergő és Marosvári ""Ogre"" László vagyis a Vári Nővérek kérlelhetetlen kíváncsiságának és a sör iránti odaadásának eredményét találod ebben a palackban. Receptjét sörfőzőmesterünkkel, Pekár Mihállyal és a helyi csapattal együtt tökéletesítették, hogy palackodban egy komlógazdag, mégis a malátával egyensúlyt alkotó American Pale Ale lehessen. "
0,1094029,Pater Marcus Belga Apátsági Söröző és Étterem,Pater Marcus Amber,Pale Ale - Belgian,https://untappd.com/b/pater-marcus-belga-apatsagi-sorozo-es-etterem-pater-marcus-amber/1094029,5.5,21,3.52,241,05/22/15, 
1,230321,Bors Serfőzde,Little John,Pale Ale - Belgian,https://untappd.com/b/bors-serfozde-little-john/230321,6.0,N/A,3.36,408,09/15/12, 
0,3368938,Lidl Magyarország,Hamis Kilences,Pale Ale - English,https://untappd.com/b/lidl-magyarorszag-hamis-kilences/3368938,5.2,N/A,3.54,159,08/05/19, 
1,3790233,Zirci Apátsági Manufaktúra,Precessio,Pale Ale - English,https://untappd.com/b/zirci-apatsagi-manufaktura-precessio/3790233,4.5,20,3.46,160,05/18/20, 
2,4459696,ANTL,English Style Summer Ale,Pale Ale - English,https://untappd.com/b/antl-english-style-summer-ale/4459696,4.8,N/A,3.41,237,08/14/21, 
3,1396799,Etyeki Sörmanufaktúra,Premier Pale Ale,Pale Ale - English,https://untappd.com/b/etyeki-sormanufaktura-premier-pale-ale/1396799,5.2,35,3.41,321,01/20/16,"""Az élet nem főpróba!""(John Furman)Az Etyeki Sörmanufaktúra bemutatkozó söre. Egy nem túl bonyolult, ám annál kifinomultabb pale ale-lel indítottuk el sörfőzdénket a hírnév felé vezető úton. Világos borostyán színű angol típusú felsőerjesztésű sör szép sárgába hajló krémes habbal. Az aszalt gyümölcsök édeskés illata mellett a komló egyáltalán nem tolakodóan van jelen. A korty elején viszont már határozottan képviseli magát az amerikai Centennial komló. A karakteres nyitás után szépen bekúszik a Maris Otter pale ale maláta a maga kekszes ízével, ami tartósan megmarad a szájban a korty lenyelése után is. Ez a sör úgy kerek, ahogy van.5,2%-os alkoholtartalmával tökéletes kísérője egy könnyű grill vacsorának, de az azt követő almáspitének is.Összetevők: Ivóvíz, Maris Otter pale ale maláta, müncheni maláta, búzamaláta, Magnum és Centennial komló, sörélesztő "
0,6504852,Brew Your Mind,Pink Nature,Pale Ale - Fruited,https://untappd.com/b/brew-your-mind-pink-nature/6504852,5.5,N/A,3.72,250,11/24/25,American Pale Ale eperrel együtt erjesztve és amerikai komlókkal duplán hidegkomlózva. 
1,2884351,HORIZONT Brewing,Pilot Series #13 - Pineapple Pale Ale,Pale Ale - Fruited,https://untappd.com/b/horizont-brewing-pilot-series-13-pineapple-pale-ale/2884351,5.0,41,3.65,363,10/09/18,"Ködös pale ale, hidegkomlózva rengeteg Simcoe, Amarillo és Comet komlókkal, valamint préselt ananászlé és - püré hozzáadásával. Hazy pale ale, packed with Simcoe, Amarillo and Comet hops, and pressed pineapple juice and puree. Fresh! "
0,4869991,Mad Scientist,Mango Bay Supreme,Pale Ale - Milkshake,https://untappd.com/b/mad-scientist-mango-bay-supreme/4869991,7.5,N/A,3.79,1374,06/03/22,Double Fruited Mango Milkshake Pale Ale 
1,3264557,Hara’Punk Brewing,Jack Lemon,Pale Ale - Milkshake,https://untappd.com/b/hara-punk-brewing-jack-lemon/3264557,5.6,16,3.65,627,06/05/19,Lemon-Vanilla Manhattan Cheesecake Pale Ale 
2,3483502,HORIZONT Brewing,Pilot Series #19 - Strawberry-Banana Milkshake Pale Ale,Pale Ale - Milkshake,https://untappd.com/b/horizont-brewing-pilot-series-19-strawberry-banana-milkshake-pale-ale/3483502,5.0,35,3.65,478,10/16/19,"Strawberry. Banana. Milkshake. All in a luscious, thick pale ale with every flavour you could expect from a shake. Plus the beer part. Nice! (contains lactose) // Eper. Banán. Milkshake. Mindez egy sűrű, isteni pale ale-be sűrítve. Érezd egyszerre a gyümölcsöket és a sört! (Laktózt tartalmaz.) "
3,1805938,Mad Scientist,Mango Bay,Pale Ale - Milkshake,https://untappd.com/b/mad-scientist-mango-bay/1805938,5.2,40,3.65,22232,11/04/16,"Our signature milkshake pale ale. In and outside of Hungary, if you say Mad Scientist, this is the first beer that comes to people's mind since 2016. Beyond the sweetness, the woody and pungent taste of mango is completed by the creaminess of lactose. Let this be your guilty pleasure! "
4,4275339,HopTop Brewery,TejberizsA,Pale Ale - Milkshake,https://untappd.com/b/hoptop-brewery-tejberizsa/4275339,7.5,N/A,3.64,240,04/20/21,Double fruited rice-milkshake imperial pale ale with apricots and tahitian vanilla  
5,2567349,Mad Scientist,Málna,Pale Ale - Milkshake,https://untappd.com/b/mad-scientist-malna/2567349,4.4,N/A,3.64,301,03/23/18,Raspberry Milkshake Pale Ale 
6,4285808,HORIZONT Brewing,Selfish Games Passion Fruit Milkshake Pale Ale,Pale Ale - Milkshake,https://untappd.com/b/horizont-brewing-selfish-games-passion-fruit-milkshake-pale-ale/4285808,4.1,N/A,3.63,804,04/27/21,Tart from the fruit and sweet from the lactose with a hint of vanilla. 
7,3668209,Hara’Punk Brewing,Liquid Love,Pale Ale - Milkshake,https://untappd.com/b/hara-punk-brewing-liquid-love/3668209,5.6,10,3.6,454,02/11/20,"Epres milkshake pale ale, a szeretet hivatalos itala! "
8,4452288,HORIZONT Brewing,Passion Flick,Pale Ale - Milkshake,https://untappd.com/b/horizont-brewing-passion-flick/4452288,4.1,18,3.57,3802,08/09/21,"Immense passion fruit flavor surrounded by a creamy milkshake pale ale.Maracuja bomba egy kellemesen krémes, lágy sörbe csomagolva. "
9,5891204,FIRST Craft Beer,Morning At The Seaside,Pale Ale - Milkshake,https://untappd.com/b/first-craft-beer-morning-at-the-seaside/5891204,5.5,34,3.56,471,07/01/24,"Ha már a Night at the Seaside tonkababos-mandarinos ízvilága ennyire tetszett, úgy voltunk vele, hogy kipróbáljuk ugyanezt pepitában: megnézzük, a komlózáshoz kiválóan passzoló mandarinos-citrusos-fűszeres ízvilág mit hoz ki egy Milkshake Pale Ale-ből. Nem csalódtunk. "
10,4484362,HORIZONT Brewing,Selfish Games Strawberry Cheesecake Pale Ale,Pale Ale - Milkshake,https://untappd.com/b/horizont-brewing-selfish-games-strawberry-cheesecake-pale-ale/4484362,6.2,N/A,3.56,680,08/31/21,"This is how we like our cheesecake, with delicious strawberry from France, a lot of lactose, vanilla, cinnamon and professionally made actual Graham Crackers  made in the Németh Cukrászda in Hungary. "
11,3750174,Fehér Nyúl,Pineapple Express,Pale Ale - Milkshake,https://untappd.com/b/feher-nyul-pineapple-express/3750174,5.7,N/A,3.53,210,04/13/20,Kókusz és ananász teszi lehetővé a függőség új szintjét. 
12,6324829,Szent András Sörfőzde,TesztAndrás Kappa.19,Pale Ale - Milkshake,https://untappd.com/b/szent-andras-sorfozde-tesztandras-kappa-19/6324829,5.6,42,3.47,166,07/02/25,"A Kappa.19 egy kinézetben NEIPA-ra emlékeztető ale laktózzal, ananásszal, kókusszal és egy leheletnyi fehér rummal készült. Nem savanyú, nem ragadós, hanem tényleg sör – csak épp közben elhozza a trópusok ízét. Egy frissítő, a laktóznak köszönhetően extrán krémes, mégis letisztult tétel, amely látszatra koktél, de kortyolva egyértelműen sör marad. És nem is akármilyen. "
13,5496974,Mad Scientist,Strawberry Bay,Pale Ale - Milkshake,https://untappd.com/b/mad-scientist-strawberry-bay/5496974,5.2,N/A,3.36,876,08/23/23,"Strawberry Milkshake Pale Ale as a sequel of our signature MANGO BAY Mango Milkshake Pale Ale2023's first batch was 5,8%, 2026's fresh batch is 5,2% "
0,3280121,Brew Your Mind,Clean Hands,Pale Ale - New England / Hazy,https://untappd.com/b/brew-your-mind-clean-hands/3280121,5.8,N/A,3.88,2290,06/14/19,This beer represents a new beginning for us. Clean Hands is our first recipe that has been brewed for the first time at our new facility in Szekszárd. We have chosen hops from 3 different continents and married them with a singular yeast strain with whom we experiment lately.Enjoy! 
1,6392260,Brew Your Mind,Yellow Haze - Nelson Sauvin,Pale Ale - New England / Hazy,https://untappd.com/b/brew-your-mind-yellow-haze-nelson-sauvin/6392260,5.5,N/A,3.85,242,08/28/25,"A klasszikus American Pale Ale típusú sörünk Riwaka, Citra és Simcoe komlóval. Ezúttal Nelson Sauvin komló is került bele hidegkomlózáskor.Frissítő, könnyen iható, kellemesen keserű. "
2,1654349,Brew Your Mind,Yellow Haze,Pale Ale - New England / Hazy,https://untappd.com/b/brew-your-mind-yellow-haze/1654349,5.5,N/A,3.82,5877,07/21/16,Our flagship NE inspired APA with Simcoe and Citra and Riwaka hops. Easy-drinking and refreshing. Aroma of tropical fruits and a nice mellow bitterness. 
3,5759496,InVitro Brewing,Hop Prophet,Pale Ale - New England / Hazy,https://untappd.com/b/invitro-brewing-hop-prophet/5759496,5.5,N/A,3.79,316,03/22/24,"Collaboration with Hungarian metal band Omega Diatribe.Brewed with Citra, Mosaic and Riwaka hops. "
4,5412601,InVitro Brewing,Microdose,Pale Ale - New England / Hazy,https://untappd.com/b/invitro-brewing-microdose/5412601,5.5,N/A,3.78,259,06/22/23,"Summer beer brewed with oat flakes and a fair amount of American hops. (Amarillo, Citra, Mosaic) "
5,2325672,HORIZONT Brewing,Pilot Series #2 - New England APA,Pale Ale - New England / Hazy,https://untappd.com/b/horizont-brewing-pilot-series-2-new-england-apa/2325672,4.4,35,3.75,214,10/06/17,New England inspired APA 
6,5980132,UGAR Brewery,Spectrum Series - Where's Your Goddess Now?,Pale Ale - New England / Hazy,https://untappd.com/b/ugar-brewery-where-s-your-goddess-now/5980132,5.6,N/A,3.75,185,09/12/24,"WELCOME TO SPECTRUM!VÉGÉHEZ ÉRT A NYÁR ÉS VELE EGYÜTT AZ ÖRÜLT PARTIK IDEJE IS LEJÁRT. VAGY MÉGSEM? MI MINDENESETRE PRÓBÁLUNK POZITÍAK MARADNI ÉS INKÁBB EGYÜTT VAJBOLNI A TERMÉSZETTEL BIZONYÁRA IGY GONDOLTÁK A LALLEMAND-NAL IS, AMIKOR MEGALKOTTÁK POMONA (A GYÜMÖLCSFÁK ISTENNŐJE NÉVRE KERESZTELT ÉLESZTŐJÜKET. SZERINTÜNK CSODÁS LIME, BARACK ÉS ANANÁSZ ÍZEKKEL DOBJA MEG EZT AZ AMÚGY IS JUICY NEIPÁT.____SUMMER HAS ENDED AND THE TIME OF CRAZY PARTIES HAS ENDED WITH IT, OR NOT? HOWEVER, WE TRY TO STAY POSITIVE AND PREFER TO VIBE WITH NATURE LALLEMAND PROBABLY THINK THE SAME WHEN THEY CREATED TED THEIR YEAST NAMED POMONA (GODDESS OF FRUIT TREES). WE THINK IT GIVES A WONDERFUL LIME, PEACH AND PINEAPPLE FLAVOUR TO THIS JUICY NEIPA "
7,5352846,UGAR Brewery,Trailer #013 - Sessionable,Pale Ale - New England / Hazy,https://untappd.com/b/ugar-brewery-trailer-013-sessionable/5352846,6.2,N/A,3.72,402,05/10/23, 
8,3345821,HORIZONT Brewing,Pilot Series #18 - New England Pale Ale,Pale Ale - New England / Hazy,https://untappd.com/b/horizont-brewing-pilot-series-18-new-england-pale-ale/3345821,5.5,32,3.69,199,07/23/19,"Super fresh grapfruite attack, also sessionable as hell! Simcoe, Kohatu and Mosaic hops. // Támad a grapefruit! Új, abszolút ""vedelhető"" new england pale ale a Pilot sorozatban. Simcoe, Kohatu és Mosaic komlókkal.  "
9,4775126,Mad Scientist,Mean Girls 2,Pale Ale - New England / Hazy,https://untappd.com/b/mad-scientist-mean-girls-2/4775126,6.1,N/A,3.68,744,03/30/22,Purple Basil DDH PALE ALE in collaboration with Pink Boots Society using Yakima Chief's Pink Boots BlendA sequel of last year's MEAN GIRLS Pink Peppercorn Glow New England Pale Ale in collaboration with our friends at G.L.O.W. (DK) Global Ladies Of Wort aka Gangsta Ladies Of Wort to break stigmas surrounding women in the beer industry 
10,4404358,Hajnali Sörfőzők,I am pALE,Pale Ale - New England / Hazy,https://untappd.com/b/hajnali-sorfozok-i-am-pale/4404358,5.3,N/A,3.68,168,07/10/21, 
11,2583330,Mad Scientist,Vanguard,Pale Ale - New England / Hazy,https://untappd.com/b/mad-scientist-vanguard/2583330,5.3,N/A,3.68,332,04/01/18,"Double Dryhoppel Pale Ale with Amarillo, Citra and Nelson Sauvin hops "
12,4254607,Mad Scientist,Mean Girls,Pale Ale - New England / Hazy,https://untappd.com/b/mad-scientist-mean-girls/4254607,5.5,N/A,3.67,1019,04/06/21,Pink Peppercorn Glow New England Pale Ale in collaboration with our friends at G.L.O.W. (DK) Global Ladies Of Wort aka Gangsta Ladies Of Wort to break stigmas surrounding women in the beer industry 
13,3745179,Kecskeméti Sörmanufaktúra,NEAPA,Pale Ale - New England / Hazy,https://untappd.com/b/kecskemeti-sormanufaktura-neapa/3745179,5.6,45,3.67,300,04/09/20,"A durva IPA-któl egy lépéssel hátrébb helyezkedik el keserűségben, viszont hozza az ízbéli gyümölcsös karaktereket. Szokatlan, és egyben különleges eljárással készül, ami nem a spórolásról szól. Úgy nevezett „Hop Tea” technikát alkalmaztunk. Ami lényegében azt jelenti, hogy a hozzáadott komlókat 82°C-on 30 percig vízben áztatjuk. Ettől a keserűség nem válik ki, viszont az aromák nagyon is. Adtunk neki hidegen is ugyanazon komlókból, a teljes összképért. A tökéletességhez pedig New England élesztőt használtunk, ami még jobban kiemeli az ízeket. Atom! "
14,5927281,FIRST Craft Beer,Ikaros,Pale Ale - New England / Hazy,https://untappd.com/b/first-craft-beer-ikaros/5927281,5.2,38,3.66,270,07/30/24,"Saaz, Idaho 7, CYH303 (Phantasm), Citra, Cashmere & SabroHatféle komlóval készült - ezeket szétbontottuk a forraló, whirlpool és hidegkomlózós szakaszokra, így mindegyik a lehető legoptimálisabb időpontban került a főzetbe, hogy a lehető legintenzívebb ízeket adja.  "
15,3957010,Vandal Brewing,Hazy Ozeki,Pale Ale - New England / Hazy,https://untappd.com/b/vandal-brewing-hazy-ozeki/3957010,4.8,N/A,3.61,214,09/10/20, 
16,4255492,Uradalmi Brewery,Infinity,Pale Ale - New England / Hazy,https://untappd.com/b/uradalmi-brewery-infinity/4255492,5.0,29,3.6,972,04/07/21,"INFINITY - NE PALE ALEAn easy-drinking New England-style pale ale with citrus notes and fruity flavours. Unfiltered, hazy beer to accompany those endless summer nights.Egy könnyű ivású pale ale, amelyet a new england stílusának megfelelően citrusos illat és gyümölcsös ízvilág határoz meg. Szűretlen, opálos megjelenésű sör, melyet véget nem érő nyári éjszakák kísérőjének ajánlunk. "
17,4917516,HORIZONT Brewing,Selfish Games New England APA Citra & Azacca,Pale Ale - New England / Hazy,https://untappd.com/b/horizont-brewing-selfish-games-new-england-apa-citra-and-azacca/4917516,5.5,N/A,3.58,549,07/04/22,"Reincarnation of our Pilot Series #2, New England APA  with a small twist.  "
18,5847314,Mad Scientist,The Green Council,Pale Ale - New England / Hazy,https://untappd.com/b/mad-scientist-the-green-council/5847314,6.3,N/A,3.54,2190,05/29/24,HOUSE OF THE DRAGON Green & Hazy New England Pale Ale 
19,5964665,Fehér Nyúl,Rosehipster,Pale Ale - New England / Hazy,https://untappd.com/b/feher-nyul-rosehipster/5964665,5.0,12,3.52,204,08/30/24,"A szezon mit kíván meg? Az őszi lágy napsugarakon érkező sörhullámokat, amik csipkebogyókat dobálnak a hátukon. Számunkra ez jelenti az őszvárást, a nyárnak búcsút mondva. Ez az újhullámos Rosehipster. What does the season call for? Waves of beers in the soft autumn sunshine, tossing rosehips on their backs. For us, it's the anticipation of autumn, saying goodbye to summer.  It's the new wave Rosehipster."" "
20,5168764,Mad Scientist,Trashman,Pale Ale - New England / Hazy,https://untappd.com/b/mad-scientist-trashman/5168764,5.3,N/A,3.47,290,12/20/22,Hazy Belgian Session Pale Ale 
21,5320978,Mad Scientist,Mean Girls 3,Pale Ale - New England / Hazy,https://untappd.com/b/mad-scientist-mean-girls-3/5320978,5.1,N/A,3.46,729,04/18/23,DDH PALE ALE with rosehips and hibiscus in collaboration with Pink Boots Society using Yakima Chief's Pink Boots BlendA sequel of 2021's MEAN GIRLS Pink Peppercorn Glow New England Pale Ale and 2022's MEAN GIRLS 2 Purple Basil DDH PALE ALE in collaboration with our friends at G.L.O.W. (DK) Global Ladies Of Wort aka Gangsta Ladies Of Wort to break stigmas surrounding women in the beer industry  
0,4454611,SIMA brewing,Nebula,Pale Ale - New Zealand,https://untappd.com/b/sima-brewing-nebula/4454611,5.7,33,3.57,252,08/11/21,"Legújabb sörünket az Új-Zélandról is látható sarki fény és a lélegzetelállító táj szépsége ihlette. A Nebulához kizárólag különleges új-zélandi komlókat használtunk: A Waimea, Motueka és Kohatu komlók egyedülálló ízvilágot kölcsönöznek ennek a gyönyörű, szalmasárga sörnek,  kiegyensúlyozott, de határozott keserűség mellett. Ködös, mint a csillagköd, íze pedig a zöldellő tájat és természet gazdagságát tükrözi fenyős, füves, citrusos jegyeivel.---Our newest beer was inspired by the breathtaking landscapes of New Zealand and it's magnificent southern lights. We used hops grown only in New Zealand: Waimea, Motueka and Kohatu. These unique hops create a well balanced but distinct aromatic bitterness. Hazy as the milky way and savors the richness of nature, with it’s piney, earthy and citrusy character. "
1,6048747,Mad Scientist,LOTR - White Tree Pale,Pale Ale - New Zealand,https://untappd.com/b/mad-scientist-white-tree-pale/6048747,5.2,N/A,3.56,2315,11/06/24,"The White Tree is the symbol of Gondor, representing the strength and renewal of the realm in a refreshing yet crushable pale ale. "
0,3577511,Viharsarok Sörfőzde,Almás Pite,Pale Ale - Other,https://untappd.com/b/viharsarok-sorfozde-almas-pite/3577511,5.5,N/A,3.9,739,12/13/19,"Az almák nem csalódtak, hogy sör lett belőlük. Ez a testes Pale Ale sok karamellmalátával cefrézve olyan, mint a tökéletes nagyiféle fahéjas - almás sütemény - a 14,5-ös eredeti extrakttartalmat leszámítva. Természetes összetevőkből, édes és valódi almasűrítménnyel és fahéjjal. "
1,6142145,HORIZONT Brewing,Selfish Games Untamed Haze,Pale Ale - Other,https://untappd.com/b/horizont-brewing-selfish-games-untamed-haze/6142145,6.0,N/A,3.75,465,01/29/25,"Szexi ködösség, csodás szín, zabolátlat ízvilág. Ez az Untamed Haze, az első Raw Hazy IPA-nk, Pál Vince sörfőzőnk ötlete alapján. A zamatos, új-zélandi ízvilág a Nelson Sauvin, Motueka ésCitra komlóknak köszönhető, gyümis, nagyon selymes és nagyon finom. Sexy haze, stunning color, untamed flavor. This is Untamed Haze, our first Raw Hazy IPA, inspired by brewer Vince Pál’s idea.The juicy New Zealand flavor profile comes from Nelson Sauvin, Motueka, and Citra hops—fruity, super smooth, and absolutely delicious. "
2,4212885,Brewing Vibes Brewery,Wings,Pale Ale - Other,https://untappd.com/b/brewing-vibes-brewery-wings/4212885,5.8,N/A,3.73,249,03/09/21,"A 2021-es recept felújítva.WingsNew World Pale AleColumbus, Mosaic, El DoradoA jó idő közeledtével egy ivósabb, szabadabb tétel volt a cél. A jelenlegi helyzetben a ""szabadság"" extra értelmet nyer, innen jött az egész ötlet kivitelezésben és megjelenésben. A receptben megálmodott citrus, trópusi gyümölcs aromák illatban és ízben is szerepelni tudnak.  "
3,2821571,Brew Your Mind,Foreign Land,Pale Ale - Other,https://untappd.com/b/brew-your-mind-foreign-land/2821571,5.7,N/A,3.67,160,08/30/18,"It is our Pale Ale. Unfiltered and heavily dry-hopped with hops not growing in the US. Fermented with an ""experimental"" yeast and an old school IPA water profile. It has a pillowy mouthfeel and it comes with elegant notes of grapes and white wine. It is certainly one of the most interesting combination of ingredients that we used so far.  "
4,3414386,InVitro Brewing,H-2M,Pale Ale - Other,https://untappd.com/b/invitro-brewing-h-2m/3414386,5.0,N/A,3.6,271,09/02/19,"This pale ale is like the settings of the HM-2 distortion pedal. It's always changes until we find the perfect settings. Pale ale with Hallertau Blanc, Mandarina Bavaria and Mosaic hops. Recommended music: Oldschool Scandinavian Death Metal. "
5,3841545,HopTop Brewery,The Most Beautiful Tangerine,Pale Ale - Other,https://untappd.com/b/hoptop-brewery-the-most-beautiful-tangerine/3841545,5.8,N/A,3.55,169,06/24/20,"Pale Ale with Callista and Mandarina Bavaria hops and tangerine peels. Selected from the very best of Germany's harvest, it's made with Callista and Mandarina Bavaria hops, which add grassy and fruity aromas and strong hoppy character to the beer, while sweet orange peel enhances the citrusy flavors. Az ausztrál és új-zélandi komlós sörünk után a sorozatunk elérkezett a német komlókhoz. Németországban kiváló komlók teremnek, de úgy gondoltuk, hogy egy kicsit felturbózásra szorulnak, így kapott egy jó adag mandarint és egy kis édes narancshéjat. A cél az volt, hogy a sör tükrözze a német komlók ízvilágát, de mégis egy különlegesebb, nyári frissítő gyümölcsös Pale Ale legyen.Felhasznált komlók: Callista, Mandarina Bavaria "
6,6186264,HORIZONT Brewing,Selfish Games - Wicked Secret,Pale Ale - Other,https://untappd.com/b/horizont-brewing-selfish-games-wicked-secret/6186264,4.6,N/A,3.52,521,03/10/25,"Egy remek kis Pastry Ale, amit piskótával és málnával dobtunk fel. Az angol Victoria Sponge Cake, azaz egy gyümölcslekvárral töltött piskótatorta alapján készült. A nice Pastry Ale that we spiced up with some sponge cake and raspberry. Inspired by the British Victoria Sponge Cake.  "
7,6675516,Mad Scientist,Mortal Kombat - SCORPION,Pale Ale - Other,https://untappd.com/b/mad-scientist-mortal-kombat-scorpion/6675516,5.0,N/A,3.5,224,04/17/26,"""GET OVER HERE!"" - bursting fruitiness on the opening, smooth and silky all the way through, with chili hitting in right before the end for one last combo before the final gong!SCORPION is an easy-drinking mango-chili pale ale that knows exactly when and where to strike.A serious beer experience and flawless fun at the same time! "
8,6065435,Fraktaal Brewing,Mákos Guba Torta,Pale Ale - Other,https://untappd.com/b/fraktaal-brewing-makos-guba-torta/6065435,7.0,N/A,3.46,332,11/20/24,"A mákos gubát szereted? És a tortát? Akkor a Mákos Guba Torta is tetszeni fog!Pláne, ha valaki megcsinálná sörben! Jelentjük, megcsináltuk ezt a pastry ale stílusú desszert sört, melyből nem sajnáltuk a mákot és a vaníliát sem!Cheers! "
9,2696802,Hedon,The Break Fast Beer,Pale Ale - Other,https://untappd.com/b/hedon-the-break-fast-beer/2696802,5.7,45,3.44,268,06/12/18,"Oats ain’t just for breakfast anymore, they’re for pale ale excellence too. The high oil content of oats lend a creamy chewiness to the mouthfeel of this beer. Equinox hops take center stage with their elegant complexity of citrus, tropical fruit, and herbal character; you tell us what you pick up. "
10,3724045,Pécsi Sörfőzde,Pécsi Bio Pale Ale,Pale Ale - Other,https://untappd.com/b/pecsi-sorfozde-pecsi-bio-pale-ale/3724045,4.7,21,3.31,277,03/16/20, 
11,1497529,Anna Cafe,Anna,Pale Ale - Other,https://untappd.com/b/anna-cafe-anna/1497529,4.5,N/A,3.22,659,04/05/16, 
12,5881395,The Beertailor,Beerka Low Ale,Pale Ale - Other,https://untappd.com/b/the-beertailor-beerka-low-ale/5881395,4.4,N/A,3.05,562,06/23/24, 
13,2556716,Dreher Sörgyárak,Dreher Pale Ale,Pale Ale - Other,https://untappd.com/b/dreher-sorgyarak-dreher-pale-ale/2556716,4.8,20,3.01,6010,03/16/18,"Kazbek, Citra és Chinook komlókkal. "
0,2475321,Brew Your Mind,Double Yellow Haze,Pale Ale - XPA (Extra Pale),https://untappd.com/b/brew-your-mind-double-yellow-haze/2475321,6.7,N/A,3.95,1807,01/17/18,Double version of our flagship APA Yellow Haze. 
1,6430918,Mad Scientist,Compound X,Pale Ale - XPA (Extra Pale),https://untappd.com/b/mad-scientist-compound-x/6430918,4.4,N/A,3.67,422,10/01/25,"XPA brewed with Nelson Sauvin, Krush, Wai-iti and Pacific Sunrise hops, our next take on the XPA style, this time in collaboration with our Serbian friends, Docker "
2,6327362,Mad Scientist,Xophisticated,Pale Ale - XPA (Extra Pale),https://untappd.com/b/mad-scientist-xophisticated/6327362,4.6,N/A,3.6,1234,07/04/25,"Strata, Cascade, Amarillo & Idaho XPA with our friends Frontaal from the Netherlands "
3,6496830,Mad Scientist,Liquid Xocaine,Pale Ale - XPA (Extra Pale),https://untappd.com/b/mad-scientist-liquid-xocaine/6496830,4.5,N/A,3.6,448,11/18/25,"Still dangerous. Dangerously drinkable! That’s how we roll. The XPA version of our bestseller DIPA carries the same attitude in a crisp, easy-drinking form. Let’s celebrate Liquid Cocaine Day on the 18th of November together with this special one-off! "
0,6581508,Brew Your Mind,West Coast Pils,Pilsner - American,https://untappd.com/b/brew-your-mind-west-coast-pils/6581508,5.2,N/A,3.74,277,01/27/26,"Amerikai és Magyarországon (Tamásiban) termelt komlóval főzve, majd Peacharine-nel hidegkomlózva. Természetesen szénsavasított, szűretlen ital. "
1,6405425,HORIZONT Brewing,Journey 1100,Pilsner - American,https://untappd.com/b/horizont-brewing-journey-1100/6405425,4.5,N/A,3.67,456,09/08/25,"Az 1100. főzetünk mérföldkő, és nem is akartuk félvállról venni.Áron sörfőzőnk ötlete nyomán a Herr Lager alapjaira építettünk, de a Gentle Bastard helyett most egy régi kedvenc komlóprofilt hívtunk vissza a Selfish Games 022 West Coast IPA-ból.Ahtanum, Citra és Simcoe komlók hozzák a west coast érzést: citrus, fenyő, enyhe gyantásság és ropogós száraz kortyérzet. Egy tiszta, keserű, mégis könnyen iható west coast pils, amit a Journey 1000 hagyott maga után – most 4,5%-on, frissítő kiadásban.-Our 1100th brew is a milestone we didn’t want to take lightly.Inspired by brewer Áron’s idea, we built it on the base of Herr Lager, but instead of Gentle Bastard we brought back a memorable hop profile from our Selfish Games 022 West Coast IPA.Ahtanum, Citra and Simcoe deliver that classic West Coast vibe: citrus, pine, a touch of resin and a crisp, dry finish. A clean, bitter yet highly drinkable West Coast Pils that follows the path of Journey 1000 – now in a refreshing 4.5% edition. "
2,6266423,Fehér Nyúl,Enjoy the Science,Pilsner - American,https://untappd.com/b/feher-nyul-enjoy-the-science/6266423,4.5,N/A,3.58,162,05/16/25,"Ez a West Coast stílusú pilsner a tudomány és a kraft sörfőzés találkozása – a From the Hop széria első tagja. Újhullámos Styrian komlók adják a virágos-fűszeres aromát a karakteres pilsner alaphoz.This West Coast-style pilsner simultaneously celebrates the depth of science and the creativity of craft brewing — not to mention, it's the debut member of our 'From the Hop' series. We've used new-wave Styrian Cardinal and Styrian Dragon hops to bring the signature West Coast character, delivering floral and spicy aroma notes. We find these to be a perfect complement to a solid pilsner base. "
0,5121070,HORIZONT Brewing,Selfish Games - Frau Lager,Pilsner - Czech / Bohemian,https://untappd.com/b/horizont-brewing-selfish-games-frau-lager/5121070,5.3,N/A,3.6,266,11/17/22,"A kanadai Category12 Brewing-gal készített pilseni típusú lagerünk a stílushoz méltón pilsen malátából, Saaz komlóval, dupla dekoktálással készült, melyet három hónapig ászkoltunk. Az eredmény egy tükrös, aranyló pilseni, gyönyörű ízvilággal. Brewed in collaboration with Category12 Brewing, Frau Lager is a beautiful, golden, mirror-like pilsner. Made with pilsen malts, Saaz hops, it goes back to the roots of brewing.   "
1,4483509,Fehér Nyúl,Hraballion,Pilsner - Czech / Bohemian,https://untappd.com/b/feher-nyul-hraballion/4483509,4.5,38,3.58,243,08/30/21,"Dekokciós cefrézés, Saaz komló és szakértelem: a klasszikus pilzeni ismérvei.Decoction mash, Saaz hops and craftsmanship: criteria for a classic pils. "
2,6047803,Plan B by Unity,LÁGER,Pilsner - Czech / Bohemian,https://untappd.com/b/plan-b-by-unity-lager/6047803,4.4,32,3.56,349,11/05/24, 
3,6582216,Mad Scientist,Bohemian Madness 2026 EDT,Pilsner - Czech / Bohemian,https://untappd.com/b/mad-scientist-bohemian-madness-2026-edt/6582216,4.9,N/A,3.55,361,01/28/26,"First brewed in 2025 as BOHEMIAN MADNESS, brought back again for 2026 to celebrate 10 years of Mad Scientist!Guided by the expertise and inspired by the rich tradition of the Czech Republic’s iconic lager heritage, we rebrewed this beer for our 10th anniversary as BOHEMIAN MADNESS 2026 EDT in collaboration with our friend Radim Zvánovec, Ambassador to the Republic of Lager.The recipe remains unchanged, with one subtle evolution: this time, we chose Saaz Brilliant and Saaz Shine. "
4,4963839,ZealBrewing,Minden világos!,Pilsner - Czech / Bohemian,https://untappd.com/b/zealbrewing-minden-vilagos/4963839,4.7,29,3.53,154,08/05/22,"A ZealBrewing Minden Világos megalkotásával egy kis Csehországot csempésztünk a mindennapokba. A bőségesen adagolt Saaz komlónak köszönhető friss, komlós illat, a hosszantartó, lágy malátaaroma ismerős mindenkinek, aki szereti a cseh söröket.Igazi ivósör, kóstold meg te is még ma! "
5,6214929,Mad Scientist,Bohemian Madness,Pilsner - Czech / Bohemian,https://untappd.com/b/mad-scientist-bohemian-madness/6214929,4.9,N/A,3.53,1192,04/04/25,"Guided by the expertise and inspired by the rich tradition of the Czech Republic's iconic national brewery, a collaboration with our friend Radim Zvánovec, Ambassador to the Republic of LagerABV: 4,9%Plato: 12,55°IBU: 28,8EBC: 6,2 "
6,5829533,HORIZONT Brewing,Selfish Games - CzechMate,Pilsner - Czech / Bohemian,https://untappd.com/b/horizont-brewing-selfish-games-czechmate/5829533,4.0,N/A,3.53,562,05/16/24,"Kollaboráció a cseh Mazák sörfőzdével. Egy tradicionális cseh lager, Agnus és Saturn komlókkal, melyek csak a cseh piacon érhetők el. Roppanó kortyérzet, kellemes, komlós ízjegyek. Collaboration with the Czech Mazák Brewery. A traditional Czech lager with Agnus and Saturn hops, which are only available on the Czech market. Crisp mouthfeel with pleasant, hoppy flavor notes. "
7,4646584,Apátúr Sörház és Tanműhely,Novícius,Pilsner - Czech / Bohemian,https://untappd.com/b/apatur-sorhaz-es-tanmuhely-novicius/4646584,5.0,N/A,3.51,243,12/19/21, 
8,2189032,Krak'n Town,Krak'n Pils,Pilsner - Czech / Bohemian,https://untappd.com/b/krak-n-town-krak-n-pils/2189032,5.0,15,3.5,187,07/12/17,We went back to the late 19th century to import a traditional pilsener for Krak’n’s pirates. It’s brewed in Czech and follow’s the original way to give full body with deep opal color. The tricks are the unfiltered technology and the extra wheat malt. 
9,5041153,Szent András Sörfőzde,Etalon,Pilsner - Czech / Bohemian,https://untappd.com/b/szent-andras-sorfozde-etalon/5041153,4.2,27,3.47,1311,09/28/22,"Az Etalon egyszerre tisztelgés a tradíciók előtt, de útmutatás is a hazai kisüzemi sörfőzdéknek – amennyiben már unalmasak a kapros, dinnyés, gumimacis kísérletek és végre csak egy szimplán jó sört kóstolnánk. A kellemes keserűséget és a sör gerincét a malátás jegyek mellett a Kazbek és a Preminant komlók fűszeresebb aromái adják, melyhez alacsony alkoholtartalom (4,2%) és lágy kortyérzet párosul. "
10,3138004,Pécsi Sörfőzde,Pécsi Tavaszi Sör,Pilsner - Czech / Bohemian,https://untappd.com/b/pecsi-sorfozde-pecsi-tavaszi-sor/3138004,5.5,20,3.47,159,03/22/19, 
11,2784563,BAZ Beer,Lager,Pilsner - Czech / Bohemian,https://untappd.com/b/baz-beer-lager/2784563,4.4,35,3.45,282,08/05/18, 
12,1741349,Kecskeméti Sörmanufaktúra,Kecskeméti PILS12,Pilsner - Czech / Bohemian,https://untappd.com/b/kecskemeti-sormanufaktura-kecskemeti-pils12/1741349,4.8,40,3.44,362,09/20/16,"Classic light Pilsener beer. Its color is very different from the German-style lager beers, as bright pale yellow color due to the typical procedure decoction real golden yellow, in contrast to the typical lager beers.Juicy, fragrant, balanced. Unfiltered , unpasteurized. "
13,5902743,Fehér Nyúl,Hajrá Magyarok,Pilsner - Czech / Bohemian,https://untappd.com/b/feher-nyul-hajra-magyarok/5902743,5.0,12,3.44,313,07/11/24,"Az Olimpiára új köntösbe bújtattuk a Pils sörünket, hogy együtt szurkolhassunk egy könnyen iható és frissítő tradicionális pilzeni sörrel a kezünkben. Hajrá!For the Olympics, we've dressed up our Pils beer in a new guise so we can cheer together with an easy-drinking and refreshing traditional Pils beer in our hands.  "
14,346635,Szent András Sörfőzde,Ogre,Pilsner - Czech / Bohemian,https://untappd.com/b/szent-andras-sorfozde-ogre/346635,5.6,33,3.41,3513,04/15/13,"A Szent András Sörfőzde egyik zászlóshajójának számító Ogre markánsan komlózott pilzeni sörélményt garantál, amelyhez határozott alkoholtartalom és izgalmas aroma párosul. Így született meg a tradicionális, cseh ivósör jellegű mestermunka. Nevét az ötletindítóról, Marosvári „Ogre” Lászlóról, az ország egyik leghíresebb sörszakértőjéről kapta, aki azóta márkasörözőnk, az Ogre bácsi Söröző szakértő vezetője is egyben.Ogre is considered as the flagship of Szent András Brewery, it offers a characteristic impression, rich in hops and Pilsen malt combined with a significant ABV rate. The Ogre was created at Marosvári „Ogre” László’s desire, who is for sure one of the greatest beer enthusiasts in our country and also he is the head of our brand pub named Ogre bácsi from the beginings. This pleasant Czech alike beer was a gap filler on the domestic market, thus it became popular rapidly. "
15,2789071,Fehér Nyúl,Pils,Pilsner - Czech / Bohemian,https://untappd.com/b/feher-nyul-pils/2789071,5.0,N/A,3.41,2689,08/09/18,"Könnyen iható, közepesen száraz, rendkívül aromatikus világos lager, a tradicionális ízek kedvelőinek! Saaz komlóval főztük, hát mi mással?Easy to drink, medium-dry, and exceptionally aromatic lager — made for fans of traditional flavours! Brewed with Saaz hops, what else? "
16,1780487,Dreher Sörgyárak,Kozel Első Komlós,Pilsner - Czech / Bohemian,https://untappd.com/b/dreher-sorgyarak-kozel-elso-komlos/1780487,4.6,N/A,3.39,162,10/16/16,Limited edition 
17,4500514,HopTop Brewery,Pils 12•,Pilsner - Czech / Bohemian,https://untappd.com/b/hoptop-brewery-pils-12/4500514,4.5,40,3.38,1221,09/11/21,Double decocted czech style pilsner beer. OG: 12B 
18,1398605,Etyeki Sörmanufaktúra,Bohém Pilzeni,Pilsner - Czech / Bohemian,https://untappd.com/b/etyeki-sormanufaktura-bohem-pilzeni/1398605,4.5,35,3.35,682,01/22/16,"""A jó katona járandóságából sohasem hiányozhatott a jó sör.""(I. Frigyes porosz király)Ezzel Svejk, a derék katona is bizonyosan egyetértene! Sőt mi is, ezért nem hiányozhat kínálatunkból egy egyszerű, de nagyszerű jó ivósör a hétköznapokra. Bohémia lankás tájairól származik az az árpa és komló, mellyel ezt a tradicionális Pilzenit elkészítettük. Alapját a Bohemian Pilsner maláta adja, melyet világos kristálymalátával tettünk testesebbé, és ez adja a sörünk meleg aranysárga színét. A kerek, de hangsúlyos komlóízt a tradicionális Perle és Saaz komlózás biztosítja.A maláta és a komló csendes harmóniája még a poharad kihörpintése után is hosszan veled marad. Összetevők: Ivóvíz, Bohemian Pilsner és kristálymaláta, Perle és Saaz komlók, sörélesztő "
19,2999419,hübris,sür,Pilsner - Czech / Bohemian,https://untappd.com/b/hubris-sur/2999419,4.8,N/A,3.32,1268,12/21/18, 
20,2191059,FIRST Craft Beer,Pilsner,Pilsner - Czech / Bohemian,https://untappd.com/b/first-craft-beer-pilsner/2191059,4.5,21,3.27,3489,07/13/17,"A cseh kézműves sörfőzdék egyesületének elnökének titkos receptje alapján, tradicionális cseh eljárással, hosszan erjesztett, kevesek számára hozzáférhető pilseni alapanyagok felhasználásával készült zamatos sör, tartós habkoronával. Már az első korty után érezni fogod, hogy ilyen izgalmas világos sört még nem ittál. "
21,5578629,MONYO Brewing Co.,Pils,Pilsner - Czech / Bohemian,https://untappd.com/b/monyo-brewing-co-pils/5578629,4.5,N/A,3.26,1550,10/24/23,"Klasszikus cseh pilseni típusú sör, alacsony alkoholtartalommal, amiből jó pár pohárral le lehet gurítani tikkasztó hőségben és csípős hidegben egyaránt. Nagyon kerek, tiszta és ropogós a kortyérzet, a kenyeres, malátás jegyek és a cseh Saaz nemeskomló balanszáról szól ez a sör, kellemes keserűséggel a korty végén.Kóstolj bele a felfrissített, klasszikus pilseni világosunkba most még több krafttal és még csinosabb csomagolással!A MONYO Pils a 2024-es Central European Brewers Conference-n elnyerte a legjobb Lager-nek járó, Gold Medal díjat! "
22,5689110,Balatonszentgyörgyi Sörműhely,Pils,Pilsner - Czech / Bohemian,https://untappd.com/b/balatonszentgyorgyi-sormuhely-pils/5689110,4.5,36,3.22,266,01/23/24, 
23,3571596,The Beertailor,Pilsner,Pilsner - Czech / Bohemian,https://untappd.com/b/the-beertailor-pilsner/3571596,5.0,N/A,3.2,474,12/09/19, 
24,2451432,Grape-Vine Kft. (Kézműves Sör),Cseh Típusú Pils,Pilsner - Czech / Bohemian,https://untappd.com/b/grape-vine-kft-kezmuves-sor-cseh-tipusu-pils/2451432,4.5,N/A,3.2,426,12/28/17, 
25,2278426,Pécsi Sörfőzde,Pécsi Prémium Szűretlen Pils,Pilsner - Czech / Bohemian,https://untappd.com/b/pecsi-sorfozde-pecsi-premium-szuretlen-pils/2278426,4.7,18,3.13,3470,09/05/17, 
26,3858325,Kunst Sörfőzde (Sör Plusz Kft.),Kunst Pilseni Lager,Pilsner - Czech / Bohemian,https://untappd.com/b/kunst-sorfozde-sor-plusz-kft-kunst-pilseni-lager/3858325,4.5,N/A,3.02,291,07/04/20, 
0,6298161,Brew Your Mind,German Pils FIVE,Pilsner - German,https://untappd.com/b/brew-your-mind-german-pils-five/6298161,4.9,N/A,3.84,208,06/10/25,"Német pilsner típusú lager sör Riwaka komlóval hidegkomlózvaA komló aromái (nem csak ebben a sörben) ""halványulnak"", ahogy a sör öregszik/érik, ezért érdemes frissen fogyasztani! "
1,5792544,Brew Your Mind,German Pils THREE,Pilsner - German,https://untappd.com/b/brew-your-mind-german-pils-three/5792544,5.0,N/A,3.69,187,04/18/24,"Klasszikus német pilsner típusú lager sör. Tiszta, kellemes, frissítő.  "
2,5958087,Brew Your Mind,German Pils FOUR,Pilsner - German,https://untappd.com/b/brew-your-mind-german-pils-four/5958087,4.3,N/A,3.69,268,08/24/24,Magyarországon (Tamásiban) termelt komlóval. Magyar sörbe magyar komlót!  
3,4860299,ŐriBird Sörfőzde,Királyka,Pilsner - German,https://untappd.com/b/oribird-sorfozde-kiralyka/4860299,5.5,26,3.54,390,05/27/22,"Királyka is a light and refreshing German Pilsner that strikes a perfect balance between the sweetness of the malt and the bitterness of the hops. Brewed with Saaz and Hallertau Hersbrücker hops, this beer has a clean, crisp taste and a subtle, floral aroma that's characteristic of the style.At 26 IBUs, the bitterness is moderate, allowing the delicate flavors of the hops and malt to shine through. This beer is easy-drinking and perfect for enjoying on a sunny day or as a refreshing pick-me-up after a long day.Overall, Királyka is a well-crafted German Pilsner that showcases the best qualities of the style. It's a beer that's sure to please both novice and experienced beer drinkers alike with its balanced flavor profile and crisp, clean finish. Cheers! "
4,4455628,Kisüzem,Premium Pilsner,Pilsner - German,https://untappd.com/b/kisuzem-premium-pilsner/4455628,4.9,32,3.5,222,08/12/21,"A Kisüzem söre egyszerre ötvözi a klasszikus pilseni sörökre jellemző ropogós malátás karaktereket és a német komlók virágos aromáit. A száraz-édes egyensúly eléréséért a sört 65 C°-on lágy vízzel cefréztük, valamint 10 C°-on erjesztettük hagyományos – alsó erjesztésű - lager élesztőtörzzsel. Az összetevők gondos kiválasztásának és a legmodernebb főzdei körülményeknek köszönhetően a sör tiszta, könnyen iható, világos aranyszínű, hosszan tartó, fehér habkoronával, a német sörökre jellemző virágos illattal és könnyed frissítő keserűséggel rendelkezik. "
5,2468610,KROIS Brewery,Klassik,Pilsner - German,https://untappd.com/b/krois-brewery-klassik/2468610,5.0,35,3.47,360,01/12/18,"A KLASSIK egy szűretlen német pilzeni típusú sör. A malátás és élesztős ízjegyek kerülnek előtérbe, amelyet a Tettnanger komló fűszerez teljessé, hogy megvalósuljon a harmónia. "
6,3679995,Vandal Brewing,Brunsvik,Pilsner - German,https://untappd.com/b/vandal-brewing-brunsvik/3679995,5.0,24,3.43,237,02/18/20, 
7,3422002,Vaskakas Brewing,Győri Pils,Pilsner - German,https://untappd.com/b/vaskakas-sorfozde-gyori-pils/3422002,4.4,N/A,3.43,387,09/07/19, 
8,2629838,HBH Bajor Sörház Kazincbarcika,Szűretlen Világos Sör,Pilsner - German,https://untappd.com/b/hbh-bajor-sorhaz-kazincbarcika-szuretlen-vilagos-sor/2629838,4.5,N/A,3.42,229,05/02/18, 
9,290988,HBH Bajor Sörház Kazincbarcika,Szűrt Világos Sör,Pilsner - German,https://untappd.com/b/hbh-bajor-sorhaz-kazincbarcika-szurt-vilagos-sor/290988,5.0,N/A,3.37,298,01/06/13, 
10,3962960,Belatiny Sörmanufaktúra (Nyéki Sör),Nyéki Világos,Pilsner - German,https://untappd.com/b/belatiny-sormanufaktura-nyeki-sor-nyeki-vilagos/3962960,4.7,N/A,3.36,295,09/13/20, 
11,1116536,Guri Sörfőzde,Pils,Pilsner - German,https://untappd.com/b/guri-sorfozde-guri-pils/1116536,5.0,25,3.33,623,06/07/15,"Német pilseni stílusú láger sör, amely az újhullámos Polaris komló felhasználásával készült. "
12,326670,Fóti Kézműves Sörfőzde,Fóti Pils,Pilsner - German,https://untappd.com/b/foti-kezmuves-sorfozde-foti-pils/326670,4.5,N/A,3.24,1516,03/15/13, 
13,450400,Stari Sör,Premium Pils,Pilsner - German,https://untappd.com/b/stari-sor-premium-pils/450400,5.4,N/A,3.21,947,09/09/13,"Az Original Pils receptúráját vettük alapul, picit megváltoztattuk az összetevők arányát, és egy finom, sima, aranylóan gyöngyöző csodát kaptunk. Pils típusú sör, amelyben fenséges harmóniában vegyül a maláta édes íze az egyedi, „Stari” kombinációban kevert aromás és lágyan keserű komlók zamatával. Úgy döntöttünk, hogy ezt nem hagyhatjuk ki és kedvezünk a közepesen komlós jegyeket hordozó világos sör kedvelőinek! "
14,5430980,Bad Dogs Hungary,Puli Pils,Pilsner - German,https://untappd.com/b/bad-dogs-hungary-puli-pils/5430980,4.5,N/A,3.16,683,07/05/23, 
0,2605739,MadCat,Paranoid Spring,Pilsner - Imperial / Double,https://untappd.com/b/madcat-paranoid-spring/2605739,9.0,75,3.81,216,04/16/18,"11g/liter friss amerikai komlóval, gazdag malátatesttel, klasszikus láger élesztővel és hidegérleléssel készült finomság a tavaszi napokra. "
1,1012638,Szent András Sörfőzde,Monarchista,Pilsner - Imperial / Double,https://untappd.com/b/szent-andras-sorfozde-monarchista/1012638,7.0,30,3.44,3552,03/16/15,"A Monarchista egy magas extrakttartalmú, erős komlózottsága miatt az imperial pilsnerek és a világos bakok átmentét képező sör. Gondosan válogatott alkotóelemeinek mindegyike az egykori Monarchia területéről származik.Monarchista is an Imperial-Pilsener craft beer, high in hops and alcohol and it marks a smooth transition between imperial pilsners and helles bocks. It’s made of carefully selected ingredients, all of which were produced in the territory of the former Austro-Hungarian Monarchy.  "
0,6007598,UGAR Brewery,No Regretti!,Pilsner - Italian,https://untappd.com/b/ugar-brewery-no-regretti/6007598,5.0,N/A,3.69,178,10/04/24,"Welcome to Spectrum! Oh, Italian pilsner! Nem titkoljuk tovább, hogy ezen a nyáron teljesen beleszerettünk ebbe a stílisba. Olyan egyszerű, de mègis magávalragadó. Semmi megfelelési kényszer és bonyoult dráma csak a tiszta, őszinte felfrissülés. Néha ki kell mászni a neipák tengeréből és napozni egy jót.  "
1,4287367,Dealbreaker,Clickbait,Pilsner - Italian,https://untappd.com/b/dealbreaker-clickbait/4287367,4.9,N/A,3.5,1235,04/28/21,"Italian Pilsner //So this Italian Pilsner thing. Quite a clickbait title for a dry hopped lager right? But the style is really rooted somewhere in there. Crispy and pale Pilsner with moderate bitterness, full of floral, citrus, black tea notes from the generously added Saphir and Hersbrucker hops.//Szóval olasz stílusú Pilsner. Elég kattintásvadász cím egy hidegkomlózott lagernek, nem? Pedig a stílus gyökereit tényleg errefelé kell keresni. Ropogós és világos Pilsner visszafogott keserűséggel, tele a bátran adagolt Saphir és Hersbrucker komlók virágos, citrusos, fekete teás aromáival. "
0,6680942,BPBW Budapest Beer Week,BPBW 2026,Pilsner - New Zealand,https://untappd.com/b/bpbw-budapest-beer-week-bpbw-2026/6680942,5.5,N/A,3.73,447,04/21/26,"BPBW 2026 NEW ZEALAND VIENNA PILSNER""What if West Coast Pilsner was born in Vienna brewed with New Zealand hops, or in New Zealand with Vienna malt?""""Mégis milyen lenne a West Coast Pilsner, ha Bécsben születik meg új-zélandi komlókkal, vagy Új-Zélandon bécsi malátával?""Idei fesztiválsörünkkel nem is egyet, hanem legalább kettőt csavarunk egy szokásosan eleve hibrid stíluson. Mégis milyen lenne a West Coast Pilsner, ha Bécsben születik meg új-zélandi komlókkal, vagy Új-Zélandon bécsi malátával? Vagy sokkal inkább: Budapesten bécsi malátával, új-zélandi komlókkal és egy biotranszformációra képes lager élesztővel. A BPBW 2026 hivatalos sörében a Ball, a Hop Revolution, a Jet Can Studio, a Fermentis és a The Swaen segít utánajárni a kérdésnek.With this edition’s festival beer we tweak not one, but at least two on the knobs of an already hybrid style again. What if West Coast Pilsner was born in Vienna brewed with New Zealand hops, or in New Zealand with Vienna malt? But even more so: born in Budapest with Vienna malt, New Zealand hops and a biotransformation powerhouse lager yeast. Ball, Hop Revolution, Jet Can Studio, Fermentis and The Swaen help us find the answer in the official beer of BPBW 2026.Maláták / Malts: Vienna, Pilsner, ChitKomlók / Hops: Motueka, Nelson Sauvin, MoutereÉlesztő / Yeast: SafLager™ SH-45Főzde / Brewery: Mad Scientist "
1,5508053,B*BOP FERMENTORY,TITO,Pilsner - New Zealand,https://untappd.com/b/b-bop-fermentory-tito/5508053,4.8,30,3.71,199,09/01/23,"Riwaka Dry Hop Māori Pilsner.An unfiltered, old skool and drinkable double decoction Lager dry hopped with a pleasant amount of Riwaka hops. This is the second beer of the RARE series, which are keg only small batches.Also my first lager experiment.Born to chug, forced to piss.  "
2,6654564,UGAR Brewery,Spectrum - Special Guest,Pilsner - New Zealand,https://untappd.com/b/ugar-brewery-spectrum-special-guest/6654564,5.2,N/A,3.65,176,03/31/26,"New Zealand Pilshops: motueka, riwaka "
3,4595675,Gravity Brewing,Polaris - DDH NZ Pils,Pilsner - New Zealand,https://untappd.com/b/gravity-brewing-polaris-ddh-nz-pils/4595675,5.2,30,3.64,862,11/15/21,"Polaris is back, crisper, brighter, and fruitier than ever!Renewed for 2025, the new Polaris takes everything you loved about our hop-forward lager and amplifies it: lighter body, extra dry-hop, and that bold NZ character turned all the way up. Expect enhanced notes of grapefruit,  passionfruit, and a whisper of rosemary over a smooth honey-cereal malt base.Many weeks of cold conditioning at near-freezing temperatures prepare Polaris for a double dose of New Zealand hops, providing a bold lime zest nose and round passionfruit aromatics that carry through to the crisp finish.Clean, hoppy, and refreshing – just what this summer needs. "
4,5747007,HORIZONT Brewing,"Selfish Games - Twisted Fantasy (Nelson Sauvin, Riwaka)",Pilsner - New Zealand,https://untappd.com/b/horizont-brewing-selfish-games-twisted-fantasy-nelson-sauvin-riwaka/5747007,4.8,N/A,3.64,615,03/13/24,"Aranysárga, kristálytiszta megjelenése mellé egy olyan mennyei ízvilág társul, amit nem szabad kihagyni. A Nelson Sauvin-tól kellemesen fehérboros, a Riwakától pedig enyhén citrusos, gyümölcsös ízjegyeket kapott a sör.  With its golden, crystal-clear appearance comes a heavenly flavor profile that shouldn't be missed out on. From Nelson Sauvin, it gains pleasantly white wine-like notes, while from Riwaka, it receives mildly citrusy, fruity flavor characteristics. "
5,6429422,MONYO Brewing Co.,MONYO X analog balaton - Könnyű,Pilsner - New Zealand,https://untappd.com/b/monyo-brewing-co-monyo-x-analog-balaton-konnyu/6429422,4.2,N/A,3.63,152,09/29/25,"Figyelem, kollab érkezett! Ez a különleges sör a MONYO és az Analog Balaton közös kollabja, amelyben a zene és a kraft sör találkozik egy pohárban.Egy friss, világos pilseni, ahol a klasszikus lágerek letisztult teste találkozik az új-zélandi komlók különleges aromavilágával.  A Riwaka intenzív grapefruitos és trópusi jegyei, valamint a Wakatu lime-os, virágos karaktere üdítően friss, mégis elegánsan kiegyensúlyozott ízélményt adnak.Attention, a collab has arrived! This special beer is a joint collab between MONYO and Ana Balaton, language, music and craft beer meet in one glass.A fresh, light pilsner, where the clean body of classic lagers meets the special aroma of New Zealand hops. The intense grapefruit and tropical notes of Riwaka and the lime, floral character of Wakatu give a refreshingly fresh, yet elegantly balanced taste experience. "
6,6632028,FIRST Craft Beer,Kererū,Pilsner - New Zealand,https://untappd.com/b/first-craft-beer-kereru/6632028,5.5,N/A,3.6,225,03/13/26,"(HU)A Kererū nem egy elírás. Nem csak egy madár. Nem csak egy szimbólum. A Kererū egy életérzés.Mármint szerintünk biztosan az - ez az új-zélandi óriás-gyümölcsgalamb ugyanis az a lelkes galamb, ami az izgalmas násztáncok, pontos fészeképítések és ügyes fán fel-leszaladgálások közepette azért csak bedob egy-egy túlérett, lepotyogott gyümölcsöt is, ezzel erősítve a kikapcsolódás, erjesztett italok és ellazulás iránti igény nem csak nemzet-, de fajok közöttiségét is!Legyél Te is Kererū, dönts le egy nagy dobozzal ebből a maximálisan frissre és gyümölcsösre komlózott, NZ Cascade, Motueka, Super Sauvin, Nelson Sauvin és Riwaka komlókkal degeszre tömött új-zélandi Pilsből. A sört az osztrák Vogelsang sörfőzdével közösen terveztük és valósítottuk meg - és minden perce megérte (hukk)!(EN)Not just a bird. Not just a symbol. Kererū is a way of life.Well, at least we certainly think it is - this New Zealand giant fruit pigeon, amidst its exciting courtship dances, precise nest building and skillful running up and down trees, from time to time also throws in an overripe, fallen fruit, thus making the need for fermented drinks and chilling out not just an International, but an interspecies experience!Be a Kererū too, and knock down a big can of this New Zealand Pils, hopped to the maximum freshness and fruityness, packed to the brim with NZ Cascade, Motueka, Super Sauvin, Nelson Sauvin and Riwaka hops. We designed and produced the beer together with the Austrian Vogelsang brewery "
7,6271106,Etyeki Sörmanufaktúra,Peace of Silence,Pilsner - New Zealand,https://untappd.com/b/etyeki-sormanufaktura-peace-of-silence/6271106,5.0,40,3.58,189,05/19/25,"Állj meg egy pillanatra, élvezd a csendet, igyál egy könnyed sört. Mindenkire ráfér, hogy egyedül legyen a gondolataival, megtalálja önmagát és ellazuljon pár percre. Ez az Új-Zélandi Pilzeni segít ebben. A Pacific Jade, Riwaka, Wai-iti komlóhármas kellemesen megnyugtat, miközben dolgoztatja az ízlelő és szaglószerveidet. Pattints rá egyre és keresd meg magad ;) "
0,6136124,HORIZONT Brewing,Selfish Games Journey1000,Pilsner - Other,https://untappd.com/b/horizont-brewing-selfish-games-journey1000/6136124,4.6,N/A,3.71,618,01/23/25,"Az ezredik főzetünk Áron sörfőzőnk ötlete alapján a Gentle Bastard komlóprofilját és a Herr Lager malátaprofilját kapta meg. Különleges tétel, hiszen egyszerre komlós, mint egy West Coast IPA, de kellemesen malátás, mint egy Pilseni, de közben meg egyedi és hihetetlenül frissítő. Simcoe, Amarillo, Mosaic Cryo hidegoldalon, Hersbrucker meleg oldalon. Our 1000th brew was inspired by the idea of Áron, our brewer, combining the hop profile of Gentle Bastard with the malt profile of Herr Lager. It’s a special creation—hoppy like a West Coast IPA, pleasantly malty like a Pilsner, yet unique and incredibly refreshing. Simcoe, Amarillo, Mosaic Cryo on the cold side, and Hersbrucker on the hot side. "
1,2810010,Mad Scientist,Supergeil,Pilsner - Other,https://untappd.com/b/mad-scientist-supergeil/2810010,4.9,N/A,3.69,374,08/22/18,"New wave pilsner style lager, made in collaboration with Sudden Death Brewing "
2,6688927,HORIZONT Brewing,Trip at the Brain,Pilsner - Other,https://untappd.com/b/horizont-brewing-trip-at-the-brain/6688927,4.5,N/A,3.67,235,04/27/26,"Lager alapra húzott, klasszikus West Coast IPA-vonal: Columbus komló adja a határozott, tiszta keserűgerincet, míg a Cascade komló és Chinook komló hozzák a stílus esszenciáját – fenyős, gyantás, enyhén citrusos aromákkal.Száraz, ropogós kortyérzet, markáns, de jól iható keserűséggel. -Lager-driven take on a classic West Coast IPA—but this isn’t our first meeting. More like picking up an old conversation where it left off.Columbus lays down a firm, clean bitter backbone you can build on. Cascade and Chinook bring the essence of the style: piney, resinous, with a touch of citrus—nothing flashy, just exactly where it needs to be.Dry, crisp mouthfeel with a pronounced yet highly drinkable bitterness.Familiar ground. Just dialed in sharper this time. "
3,2191371,Zip's Brewhouse,Bohemian Bamba,Pilsner - Other,https://untappd.com/b/zip-s-brewhouse-bohemian-bamba/2191371,4.5,25,3.66,232,07/13/17, 
4,4472232,Szent András Sörfőzde,TesztAndrás Gamma.07,Pilsner - Other,https://untappd.com/b/szent-andras-sorfozde-tesztandras-gamma-07/4472232,4.9,45,3.64,185,08/22/21,"Dry hopped pils.Isti: Hidegkomlózzunk már végre úgy, egy lagert, hogy az is maradjon.János: A négyzetre emelt cseh lager. "
5,1345638,Zip's Brewhouse,Miskolci Mosaic,Pilsner - Other,https://untappd.com/b/zip-s-brewhouse-miskolci-mosaic/1345638,5.0,25,3.63,792,12/10/15,"Régi tervünk vált valóra! Hosszas keresgélés, kisérletezés és fejlesztés után elkészítettük azt a sört, amelyhez lakóhelyünk nevét adjuk. Természetesen világos, természetesen láger, természetesen finom, mindennapi ivósör, tisztelegve a helyi hagyományok előtt. Single Hop East Coast Bohamian Pilsner, Mosaic komlóval. Miskolci, az élet Mosaic-ban! "
6,4827467,Szent András Sörfőzde,TesztAndrás Gamma.10/B,Pilsner - Other,https://untappd.com/b/szent-andras-sorfozde-tesztandras-gamma-10-b/4827467,4.2,25,3.61,179,05/05/22,"A Gamma.10/B, a klasszikus cseh pils, másnéven desítka/tízeske (ami itt a Balling-fokra utal) hidegkomlós, modernizált változata. Míg a hagyományos változat malátaközpontú, ez a sör inkább a cseh komlóról szól. A kellemes keserűséget és a sör gerincét a malátás jegyek mellett a Saaz és a Premiant komlók fűszeresebb aromái adják, melyhez alacsony alkoholtartalom és lágy kortyérzet párosul.Főzte: Mátyus Tamás, Balogh István "
7,2908508,FIRST Craft Beer,Twisted Pils,Pilsner - Other,https://untappd.com/b/first-craft-beer-twisted-pils/2908508,4.7,N/A,3.58,487,10/25/18,Dryhopped lager. 
8,3244054,UGAR Brewery,Fake Your Pils,Pilsner - Other,https://untappd.com/b/ugar-brewery-fake-your-pils/3244054,5.6,30,3.55,865,05/24/19,Fake Your Pils /Fake Pils/ Golden Ale 
9,6543568,HORIZONT Brewing,Pannonian Outlaw,Pilsner - Other,https://untappd.com/b/horizont-brewing-pannonian-outlaw/6543568,4.6,12,3.55,287,12/23/25,"Betyárvilágra kacsintó pils, modern köntösben. Ropogós, tiszta, friss, 100% magyar alapanyagból: dunaújvárosi maláta, kastélyosdombói komló, budapesti élesztő, kőbányai víz.-A pils that nods to Hungary’s betyár outlaw folklore, dressed in a modern cut. Crisp, clean, and refreshing, made with 100% Hungarian ingredients: malt from Dunaújváros, hops from Kastélyosdombó, yeast from Budapest, and water from Kőbánya. "
10,6675505,Mad Scientist,Mortal Kombat - SUB-ZERO,Pilsner - Other,https://untappd.com/b/mad-scientist-mortal-kombat-sub-zero/6675505,5.0,N/A,3.55,274,04/17/26,"""YOU'RE FROZEN!"" - Clean and cool on the opening, with a crisp spruce tip character that keeps the fight under control all the way through, before a chilling twist lands late and makes it truly dangerous!SUB-ZERO is an easy-drinking spruce tips pils that knows exactly how to dominate without losing its cool: a beloved classic style brewed to craft perfection, and the most extreme lager we’ve ever made. "
11,1292033,MONYO Brewing Co.,Kőbányai Culáger,Pilsner - Other,https://untappd.com/b/monyo-brewing-co-kobanyai-culager/1292033,5.1,33,3.55,159,10/29/15,"A MONYO Sörfőző társaság bemutatja a kőbányai Culágert. Egy klasszikus aranyszínű Pilseni, amelyben a Pilsner maláta jellegzetes édeskés karakterét egészíti ki a típusra jellemző keserűség, amit a Mittelfrüh komlónak köszönhet. Ha elakadsz a melóval, csak hívd segítségül a Culágert! "
12,2426130,Superside Brewery,Westside,Pilsner - Other,https://untappd.com/b/yeast-side-westside/2426130,5.5,31,3.54,310,12/11/17, 
13,5362871,Mad Scientist,Mad In Black,Pilsner - Other,https://untappd.com/b/mad-scientist-mad-in-black/5362871,5.0,N/A,3.51,677,05/18/23,FEKETE ZAJ × MAD SCIENTIST dry hopped black pils 
14,5944138,Mad Scientist,Mad In Black 2024,Pilsner - Other,https://untappd.com/b/mad-scientist-mad-in-black-2024/5944138,5.0,N/A,3.49,308,08/12/24,2024 version of FEKETE ZAJ × MAD SCIENTIST dry hopped black pils 
15,1199001,Maltman Craft Beer,Bohemian Pilsener,Pilsner - Other,https://untappd.com/b/maltman-sor-bohemian-pilsener/1199001,4.9,N/A,3.48,152,08/14/15,"Minőségi világos pilzeni típusú sör.A szikrázóan mély, arany színű Maltman Bohemian Pilsener a kedvelt, 1842 óta főzött pilzeni típusú sör receptje szerint készül. Kellemesen malátás, mégis jellegzetesen keserű ízét a gondosan kiválasztott háromféle malátának (Pilzeni, Müncheni és Karamell), valamint a cseh Premiant és Saaz komlóknak köszönheti. Illatában a domináns kenyeres jegyek mellett maláta és üde, virágos komlóillat is felfedezhető. Harmonikus illatvilága, intenzív keserűsége és ropogós teste egyértelműen az izgalmas pilzeni típusú sörök közé emeli.Összetevők: víz, árpamaláta, komló, élesztő. "
16,2517922,Fóti Kézműves Sörfőzde,Bitang Joe,Pilsner - Other,https://untappd.com/b/foti-kezmuves-sorfozde-bitang-joe/2517922,4.7,25,3.47,408,02/17/18,Unfiltered Pils with Calisto 
17,3148312,Szarvasi Kézműves Sörfőzde,Jaroslav Kutilek,Pilsner - Other,https://untappd.com/b/szarvasi-kezmuves-sorfozde-jaroslav-kutilek/3148312,5.0,N/A,3.47,195,03/28/19, 
18,1401206,Zentus Craft Beer,Zentus Premium,Pilsner - Other,https://untappd.com/b/zentus-craft-beer-zentus-premium/1401206,5.2,7,3.46,273,01/24/16, 
19,5426519,HopTop Brewery,Tihanyi Apátsági Pils Citromfűvel,Pilsner - Other,https://untappd.com/b/hoptop-brewery-tihanyi-apatsagi-pils-citromfuvel/5426519,5.0,N/A,3.42,230,07/01/23,"A bencés szerzetesi hagyomány része a földműveskultúra művelése, amelyet Tihanyban, a Belső tó partján található Apátsági Majorságban folytatnak az itt élő szerzetesek és munkatársaik. Munkájuk gondosságának köszönhetően, a Tihanyi Bencés Apátság gyógynövény kertjéből származó citromfűvel felhasználásával készült sör minden kortyát áthatja az 1000 éves tradíció, biztosítva a minőségi élvezetet.//The Benedictine monastic culture is reaped in agricultural tradition, carried by the monks in the Abbey Majority (Apátsági Majorság). Thanks to their care, every sip of this beer, made with lemongrass from the herb garden of the Benedictine Abbey of Tihany, is steeped in 1000 years of tradition. "
20,1593100,Rizmajer Kézműves Sörfőzde,Pils of Simcoe,Pilsner - Other,https://untappd.com/b/rizmajer-kezmuves-sorfozde-pils-of-simcoe/1593100,5.5,N/A,3.41,1130,06/09/16, 
21,4363907,MONYO Brewing Co.,MONYO Lager,Pilsner - Other,https://untappd.com/b/monyo-brewing-co-monyo-lager/4363907,4.5,N/A,3.41,788,06/16/21,"Party Animal, a MONYO Land hivatalos kraft söre!Egy jó értelemben vett belépő sört akartunk alkotni: egy könnyű, de jól elkészített lagert, ami tökéletes választás mindazoknak, akik most teszik meg első lépéseiket a kisüzemi kézműves sörök birodalmába - de természetesen azok is szeretni fogják, akik már bent vannak a buliban. 4,5%-os pilsner, enyhén kesernyés, érthető, egyszerű, ivós sör, amiből nyugodt lélekkel és komoly következmények nélkül meg lehet inni jó párat egy forró nyári éjszakán - és észrevétlenül lehet tovább indulni az ipák, apák és porterek világába.---Here’s Party Animal, MONYO Land’s official beerWe wanted to create a gateway beer in a good sense: a light but well-made lager that’s a perfect choice for anyone who is now taking their first steps into the world of craft beers - but this will also be loved by those who are already in the game. 4.5% pilsner, with a nice bitter taste, a simple and easy to drink beer: you can have a few glasses with ease and without serious consequences on a hot summer night - and you can make the next move to the world of IPAs, APAs and Porters. "
22,3693708,Élesztő Bar,Élesztő Pils,Pilsner - Other,https://untappd.com/b/eleszto-bar-eleszto-pils/3693708,4.7,N/A,3.41,292,02/27/20, 
23,329341,Pater Marcus Belga Apátsági Söröző és Étterem,Pater Marcus Pils,Pilsner - Other,https://untappd.com/b/pater-marcus-belga-apatsagi-sorozo-es-etterem-pater-marcus-pils/329341,4.5,N/A,3.39,322,03/18/13, 
24,665564,Yeast Wörks,Propaganda,Pilsner - Other,https://untappd.com/b/eleszto-sormuhely-propaganda/665564,5.0,N/A,3.37,342,05/01/14,Easy drinking and tastes awesome 
25,721207,Gyertyános Sörfőzde,Pils,Pilsner - Other,https://untappd.com/b/gyertyanos-sorfozde-pils/721207,4.6,N/A,3.35,181,06/21/14,"Főként pilseni malátából és belga maláták ideális keverékéből készített, tipikus házi jelleggel felruházott aranysárga színű, illatában és ízében kellemesen komlózott, kissé száraz, de zamatos 4,6% alkoholtartalmú karakteres sör. "
26,5683596,Fóti Kézműves Sörfőzde,Spíler Pils,Pilsner - Other,https://untappd.com/b/foti-kezmuves-sorfozde-spiler-pils/5683596,4.5,N/A,3.34,553,01/18/24,Brewed for Jamie’s Italian Kitchen 
27,1189725,Zirci Apátsági Manufaktúra,Pils,Pilsner - Other,https://untappd.com/b/zirci-apatsagi-manufaktura-pils/1189725,5.0,N/A,3.33,745,08/07/15, 
28,1232504,Hedon,Balatonvilágosi,Pilsner - Other,https://untappd.com/b/hedon-balatonvilagosi/1232504,5.0,28,3.3,1585,09/11/15, 
29,4157858,Szarvasi Kézműves Sörfőzde,Pilseni,Pilsner - Other,https://untappd.com/b/szarvasi-kezmuves-sorfozde-pilseni/4157858,5.0,N/A,3.26,350,01/28/21, 
30,249681,Soproni Sörgyár (Heineken Hungária),Arany Hordó,Pilsner - Other,https://untappd.com/b/soproni-sorgyar-heineken-hungaria-arany-hordo/249681,4.5,N/A,3.14,196,10/20/12, 
31,2402688,Borsodi Sörgyár,Borsodi Nitro,Pilsner - Other,https://untappd.com/b/borsodi-sorgyar-borsodi-nitro/2402688,5.0,N/A,3.14,266,11/25/17, 
32,3751725,Gallica Hungary,Gallica Premium Pils,Pilsner - Other,https://untappd.com/b/gallica-hungary-gallica-premium-pils/3751725,4.7,N/A,3.13,506,04/15/20, 
33,1086182,Gallica Hungary,Premium Lager,Pilsner - Other,https://untappd.com/b/gallica-hungary-premium-lager/1086182,5.0,N/A,3.1,1122,05/15/15,"Világos aranyszínű, kristálytiszta sör nagy, fehér habbal. Alapvetően malátás ízvilága enyhe, friss komlóaromával párosul. Kellemes, lágy ízű pilseni sör, a típusra jellemző erősen keserű íz nélkül. Meglepően könnyű testének köszönhetően elsőrendű szomjoltó. "
34,3906214,Auchan Magyarország,Tétova Teve,Pilsner - Other,https://untappd.com/b/auchan-magyarorszag-tetova-teve/3906214,4.5,N/A,3.05,524,08/06/20,Forgalmazza: Auchan Magyarország Kft. 
35,1640421,Akpedo Kft.,Magyarok Söre,Pilsner - Other,https://untappd.com/b/akpedo-kft-magyarok-sore/1640421,4.5,20,2.86,210,07/10/16,Low quality Hungarian beer 
36,581179,Borsodi Sörgyár,Greifen,Pilsner - Other,https://untappd.com/b/borsodi-sorgyar-starbev-greifen/581179,3.0,N/A,2.82,228,02/06/14, 
37,59329,Dreher Sörgyárak,Arany Ászok,Pilsner - Other,https://untappd.com/b/dreher-sorgyarak-arany-aszok/59329,4.3,N/A,2.75,17130,06/23/11,"A könnyebb pilseni kategóriába tartozik. Tiszta, alig érezhető komlóillat jellemzi e tükrös tisztaságú, aranysárga sört. Kissé kesernyés, enyhén malátaízű, gyengén aromás, közepesen komlós. Jó habzóképességű és habtartósságú, széndioxidban dús. 1998-ban, 2000-ben, 2001-ben és 2002-ben a Monde Selection zsűrije aranyéremmel jutalmazta.  "
38,1522978,Pécsi Sörfőzde,Glankrone Pilsener,Pilsner - Other,https://untappd.com/b/pecsi-sorfozde-glankrone-pilsener/1522978,4.0,N/A,2.73,450,04/23/16, 
39,249753,Pécsi Sörfőzde,Szent István,Pilsner - Other,https://untappd.com/b/pecsi-sorfozde-szent-istvan/249753,4.0,N/A,2.61,433,10/20/12, 
0,1844839,HORIZONT Brewing,Vanilla Milk Porter,Porter - American,https://untappd.com/b/horizont-brewing-vanilla-milk-porter/1844839,5.6,27,3.71,176,12/02/16, 
1,686952,Guri Sörfőzde,Black Ball,Porter - American,https://untappd.com/b/guri-sorfozde-black-ball/686952,6.0,34,3.59,451,05/20/14,"Testes barna sör, amiben a pörkölt és karamellmalátás jegyekkel, amihez Chinook gyümölcsös jegyei párosulnak. "
2,2961257,Vaskakas Brewing,Porter,Porter - American,https://untappd.com/b/vaskakas-sorfozde-porter/2961257,5.5,25,3.58,356,11/26/18,"Porterünk egy igazi angol sör, melyben csokoládés malátás ízek dominálnak. Mérsékelt szénsavassága és a komló finom fűszeressége gondoskodik arról, hogy jobban csússzon ez a közepesen testes barna ital. London kikötőjének rakodómunkásai fogyasztották ezt a tápláló sörstílust, hogy jobban bírják a nehéz munkát. "
3,3571595,The Beertailor,Porter,Porter - American,https://untappd.com/b/the-beertailor-porter/3571595,4.4,N/A,3.4,531,12/09/19, 
0,3862667,Fehér Nyúl,Glen Floral,Porter - Baltic,https://untappd.com/b/feher-nyul-glen-floral/3862667,9.8,44,3.9,344,07/08/20,Glen Moray whisky hordóban érlelt balti porter.Baltic porter aged in Glen Moray whisky barrel. 
1,5515748,Balkezes,Bagoly BA - Gemenc Whiskey,Porter - Baltic,https://untappd.com/b/balkezes-bagoly-ba-gemenc-whiskey/5515748,8.8,50,3.89,255,09/07/23,"Bagoly balti porter, Gemenc Whiskey hordókban érlelve. "
2,3225719,Balkezes,Bagoly BA - Gemenc Red Whiskey,Porter - Baltic,https://untappd.com/b/balkezes-bagoly-ba-gemenc-red-whiskey/3225719,8.8,N/A,3.86,182,05/12/19,"the first barrel aged Bagoly. this is what our bird tastes like if we put it to rest for 300+ days in Gemenc Red Whiskey barrel. Gemenc Red Whiskey is special projekt of the Hungarian Gemenc Distillery, where a bourbon-like whiskey was aged in ""szekszárdi kadarka"" wine barrel.premier on BPBW 2019, one-off beer, some KEG available and 216 bottles only by the end of 2019//a Bagoly első hordóérlelt verziója. ilyen a madarunk, ha 300+ napot pihen Gemenc Red Whiskey hordóban. a Gemenc Red Whiskey a magyar Gemenc Distillery szekszárdi kadarkás hordóban érlelt különleges bourbon projektje.BPBW 2019-en debütál, egyszeri kiadás, pár hordó és 216 palack készül amit 2019 végén tervezünk kiadni. "
3,3672421,Fehér Nyúl,Calm Storm - Gemenc BA,Porter - Baltic,https://untappd.com/b/feher-nyul-calm-storm-gemenc-ba/3672421,9.8,44,3.85,194,02/14/20," Kapitány úr, meghoztuk a rumot!- Rumot??? Gemenci whiskyt és balti portert ide, detüstént, különben a szenyolettóval húzlak fel titeket.  "
4,2399967,Balkezes,Bagoly,Porter - Baltic,https://untappd.com/b/balkezes-bagoly/2399967,8.8,50,3.8,1950,11/23/17, 
5,4093165,Fehér Nyúl,Benny,Porter - Baltic,https://untappd.com/b/feher-nyul-benny/4093165,9.8,44,3.8,197,12/11/20,"Ízében a Benriach hordó fája, illatában pedig a tőzegfüst az első, ami megragadja a kóstoló érzékeit. A single maltok szerelmeseinek kötelező darab!Taste the woody notes of the BenRiach barrel and smell the peated whisky notes in this BA baltic porter! A must have for lovers of single malts. "
6,3853241,Fehér Nyúl,Scottie Piper,Porter - Baltic,https://untappd.com/b/feher-nyul-scottie-piper/3853241,9.8,44,3.79,320,07/02/20,Ardbeg whisky hordóban érlelt balti porter.Baltic porter aged in Ardbeg whisky barrel. 
7,3037618,Fehér Nyúl,Calm Storm,Porter - Baltic,https://untappd.com/b/feher-nyul-calm-storm/3037618,9.8,N/A,3.77,2061,01/15/19,"Extra erős balti porter intenzív étcsokoládés és kávés aromával, a háttérben aszaltgyümölcsös-süteményes jegyekkel.Extra strong Baltic Porter with intense aroma of chocolate and coffee, with hints of dried fruit and cookies. "
8,4708246,FIRST Craft Beer,Wangshu,Porter - Baltic,https://untappd.com/b/first-craft-beer-wangshu/4708246,10.3,28,3.76,212,02/09/22,"Ezúttal is nagyot álmodtunk: fogtuk az egyik kedvenc Baltic Poterünket és harsányan gyümölcsös Calvados hordókba zártuk közel egy esztendőre, hogy a  kellemesen pörkölt malátásás illat- és ízjegyeket szépen kiegyenlítse a hordók gyümölcsös, szinte szőlős-portóis karaktere. Testesnek tűnő, mégis frissítően könnyed sörről van szó, ami valóban minden tekintetben különlegesnek számít még a hordóérlelt sörök között is. Egy teljesen új galaxisba repít, ebben biztos lehetsz! "
9,4204286,Uradalmi Brewery,D8,Porter - Baltic,https://untappd.com/b/uradalmi-brewery-d8/4204286,8.3,36,3.76,801,03/03/21,"Éjfekete színű sör, barna habkoronával. Illatban az enyhén rumos beütés mellett aszalt gyümölcsök, kávé és étcsokoládé illatjegyei fedezhetőek fel.Ízben komplex malátásság, selymes textúra, alkoholos melegség jellemzi. Igazi sötét vezér! "
10,4206323,Fehér Nyúl,Coffee Storm,Porter - Baltic,https://untappd.com/b/feher-nyul-coffee-storm/4206323,9.8,N/A,3.75,1163,03/05/21,"Coffee Storm - Calm Storm. Nem bonyolult. Adott volt egy kiváló balti porter, és ezt még tunningoltuk. Kolumbiai specialty kávé bővíti az ízek és aromák sorát. Coffee Storm - Calm Storm. It ain't complicated. We had an outstanding baltic porter and we tuned it even further. Specialty coffee from Colombia expands the flavors and aromas. "
11,6496010,Etyeki Sörmanufaktúra,Plum Noir,Porter - Baltic,https://untappd.com/b/etyeki-sormanufaktura-plum-noir/6496010,5.3,25,3.74,228,11/17/25,"Etyeki X MONYO: A 2025-ös év utolsó kollabja számunkra. A srácokkal már régóta beszéljük, hogy kéne közösen durrantani valamit. Hát eljött ennek is az ideje. Bourbon vanília fagyi, rengeteg szilva, tonkabab egy laza 5,3%-os Baltic Porter alapra pakolva. Mi baj lehetne belőle? Az ünnepi asztalra, a kandalló mellett ücsörögve, egy jó könyv társaságában nagyon adja. Vagy csak üljetek fel velünk a Szárnyas Fejvadász érzésre a címke miatt, és egészségetekre.  "
12,5631220,SIMA brewing,Heavy Breakfast,Porter - Baltic,https://untappd.com/b/sima-brewing-heavy-breakfast/5631220,8.2,N/A,3.73,191,12/04/23,"Krémes 8.2%-os baltic porterünk brazil Daterra speciality kávéval. Csokis-kávés-krémes ízek; mandulás, mazsolás, nugátos jegyek. (Nem csak) reggelire. "
13,4534564,Hajnali Sörfőzők,Hati,Porter - Baltic,https://untappd.com/b/hajnali-sorfozok-hati/4534564,8.0,N/A,3.71,225,10/04/21,*Alsóerjesztésű sör*Bottom fermented beer 
14,4049930,Szent András Sörfőzde,Esthajnal '20,Porter - Baltic,https://untappd.com/b/szent-andras-sorfozde-esthajnal-20/4049930,8.0,33,3.7,381,11/12/20,"Az Esthajnal ’20 egy különleges utazás a 19. század kísérletező kedvébe, visszatekintés a típus hajdani megszületésére. Egy ízgazdag csavar, melyet az ünnepi asztal ihletett, de a valódi feketeribizli, a sűrű, kávébarna hab és a tejcsokis, diós stílusjegyek tesznek utánozhatatlanná.Maláták: pilseni-, karamell-, müncheni-, csokoládémalátaKomlók: hallertau perleExtrakt (szárazanyagtartalom): 19,5 BallingÉlesztő: W34//70Egyéb összetevők: valódi feketeribizliEBC: 209fogyasztási hőmérséklet: 10–14 °C "
15,5676271,Etyeki Sörmanufaktúra,Baltic Porter,Porter - Baltic,https://untappd.com/b/etyeki-sormanufaktura-baltic-porter/5676271,7.5,30,3.7,257,01/11/24,"A Bard's Porterünk és a Honeymator, mézes duplabakunk alapjait átültettük egy Baltic Porter alapra, így kellemesen sózva, láger élesztővel erjesztve, majd 60 napig ászokolva készítettük el a Porterünk 2.0-ás verzióját idén végre can-be és hordóba is kiszerelve. De ismertek már minket annyira, hogy valami kis csavart mindig belecsempészünk mindenbe. Bár adta magát a Honeymator miatt a méz. Így ennél a sörnél sem volt másképpen, került bele napraforgóméz egy helyi kistermelőtől, hogy egy mézes ízt, plusz krémességet varázsoljon a kortyba. We took the base of our Bard's Porter and our Honeymator, a honeyed double-batch, and transferred it to a Baltic Porter base, so we made a nicely salted, lagering yeast fermented, and then aged it for 60 days to create our Porter 2.0 version, finally this year in can and cask. But we're so well known that we always put a twist on everything. Although we gave in to the Honeymator because of the honey. So with this beer it was no different, we added sunflower honey from a local smallholder to add a honey flavour, plus creaminess to the sip. "
16,4398784,Tacet Brewery,Götterdämmerung,Porter - Baltic,https://untappd.com/b/tacet-brewery-gotterdammerung/4398784,7.6,N/A,3.61,354,07/07/21,"Úgy gondoljuk, hogy a maláták sokszínű világát talán legjobban bemutatni tudó stílus ez, hiszen igen nagy spektrumát használhatjuk, a láger élesztőnek köszönhetően pedig nincs semmi észteresség, ami kicsit is torzítaná a képet.A malátalevek Rolls-Royce-a. "
17,4597449,Szent András Sörfőzde,Esthajnal '21,Porter - Baltic,https://untappd.com/b/szent-andras-sorfozde-esthajnal-21/4597449,7.0,N/A,3.6,583,11/17/21,"A legmerészebb álmaid ünnepi kiadásban. Palackba zártuk a Karácsonyt benne minden ízével, illatával, szeretetével, amit a bejglid is sóvárogva irigyel. Szemrevaló bíborfekete test és savanykás, de erősen gyümölcsös ízvilág egy furfangokkal teli meggyes-mákos desszertsörben. "
18,5237348,HopTop Brewery,Baltic Spritz,Porter - Baltic,https://untappd.com/b/hoptop-brewery-baltic-spritz/5237348,5.6,N/A,3.47,176,02/15/23,Aperol Spritz inspired session baltic porter with huge amount of orange.  
0,1734550,Mad Scientist,CP-550,Porter - Coffee,https://untappd.com/b/mad-scientist-cp-550/1734550,5.5,20,3.65,270,09/16/16, 
1,4637195,MONYO Brewing Co.,MONYO X Racer Beans - Guetemala Ride,Porter - Coffee,https://untappd.com/b/monyo-brewing-co-monyo-x-racer-beans-guetemala-ride/4637195,5.5,N/A,3.64,408,12/13/21,"Coffee Porter brewed with specialty Guetamala Coffee Beans. It's a collaboration with our Budapest based friends, Racer Beans Riding & Roasting Company. "
0,6449782,Unity Bar & Brewery,Unity X KEG X Till English Porter,Porter - English,https://untappd.com/b/unity-bar-and-brewery-unity-x-keg-x-till-english-porter/6449782,4.3,20,3.68,249,10/17/25,"A rich, creamy, and complex English porter infused, and served with nitrogen. Well-balanced, with distinct chocolate, and coffee character, and a satisfying finish.  "
1,5750784,Fóti Kézműves Sörfőzde,Spíler Dark,Porter - English,https://untappd.com/b/foti-kezmuves-sorfozde-spiler-dark/5750784,6.0,N/A,3.65,193,03/15/24, 
2,2389223,Szent András Sörfőzde,Esthajnal '17,Porter - English,https://untappd.com/b/szent-andras-sorfozde-esthajnal-17/2389223,7.0,41,3.64,176,11/16/17,Earl grey porter. 
3,3101018,Szent András Sörfőzde,Hathárom,Porter - English,https://untappd.com/b/szent-andras-sorfozde-hatharom/3101018,4.9,25,3.52,1298,02/27/19,"A Wembley Stadionban lejátszott legendás futballmérkőzés ihlette Hathárom arra vállalkozik, hogy ne csak fociban, de sörben is odacsapjon az angoloknak. Ezzel a könnyű, kellemesen pörkölt ízeket hozó, halványbarna, kekszesen-malátás angol porterrel Hidegkuti, Puskás, Bozsik és az Aranycsapat előtt tisztelgünk, akik  legyőzték a hazai pályán 90 éve veretlen Angliát.Our beer Hathárom, inspired by the legendary football match in Wembley Stadium in 1953, aims to defeat the English not only on the pitch, but in beer too. This light, pale brown, cookie-malted English porter, bringing finely roasted tastes, is our tribute to the players of Hungary's Golden Team including Hidegkuti, Puskás and Bozsik, who had defeated England in 1953, unbeaten on home pitch since 90 years then. "
4,534809,Bigfoot Sörfőzde,Alcatraz,Porter - English,https://untappd.com/b/bigfoot-sorfozde-alcatraz/534809,5.6,N/A,3.47,628,12/18/13, 
5,1396783,Etyeki Sörmanufaktúra,Bård's Porter,Porter - English,https://untappd.com/b/etyeki-sormanufaktura-bard-s-porter/1396783,6.5,30,3.46,518,01/20/16,"""Sör nélkül az élet egy hiba lenne.""(Friedrich Nietzsche nyomán)Egy igazán férfias barna sör norvég recept alapján. A cappuccino tejhabjára emlékeztető tartós vastag hab alatt sörfőzdénk legerősebb és legmarkánsabb sörét találja a kóstoló. Már az illatában is érezhető a pörkölt kávé és a csokoládé határozott jelenléte. A malátás jegyek, a visszafogott komlózás és a pörkölt ízek jól megférnek egymás mellett a Bård’s porter egyetlen kortyában.Összetevők: Ivóvíz, Maris Otter pale ale maláta, Cara Amber, csokoládé maláta, Cara Bohemian maláta, pörkölt árpa, Magnum és Cascade komló, sörélesztő "
6,4175899,MONYO Brewing Co.,Lazy Pirate,Porter - English,https://untappd.com/b/monyo-brewing-co-lazy-pirate/4175899,5.5,20,3.45,2444,02/11/21,"Argh, szárazföldi patkányok, de lustán hullámzik a tenger! Még a rettegett félszemű is a lóbőrt húzza a fedélzeten. Tikkadt torkok kincse ez a selymes porter, mint a folyékony arany.Megérkezett legújabb sörünk, a Lazy Pirate porter. Illatban a pörkölt maláta, míg ízben egy kis malátás édesség elegyedik az aszalt gyümölcsös aromákkal. Könnyű és ivós porter, száraz lecsengéssel. Aye! "
7,914196,MONYO Brewing Co.,Invisible Bikini,Porter - English,https://untappd.com/b/monyo-brewing-co-invisible-bikini/914196,5.5,24,3.44,1663,12/18/14,"Az Invisible Bikini megalkotásánál egy hamisítatlan angol porter, vagyis egy barna ivósör lebegett a szemünk előtt, amely szakít a sztereotípiákkal és egyáltalán nem émelyítő, vagy édes. A recept megalkotásakor a maláták királynőjére, a Maris Otter-re támaszkodtunk, valamint a stílus klasszikus összetevőire, mint a hántolt pörköltmaláta, a karamellmaláta és az angol Fuggle komló. A végeredmény egy könnyen iható, kiegyensúlyozott barnasör, aminek ízében és illatában is a kakaó, a keksz, a karamell és a visszafogott kávésság dominál.------Our signature brown porter, Invisible Bikini is ideally suited for the cold winter months! It is brewed with an array of pale, chocolate, and roasted malts and hopped gently with Fuggle. The result is rich with flavor yet maintains an easy drinking complexion. With flavors and aromas of cocoa powder, fudge, and hints of dark chocolate-like bitterness, it’s our interpretation of what we believe a modern brown porterc an be. Enjoy!  "
8,1868847,Maltman Craft Beer,Porter,Porter - English,https://untappd.com/b/maltman-sor-porter/1868847,5.2,N/A,3.37,430,12/18/16, 
9,4122425,Oasis Brewery,Black Hostess Porter,Porter - English,https://untappd.com/b/oasis-brewery-black-hostess-porter/4122425,4.5,N/A,3.19,319,12/29/20, 
0,6451726,HORIZONT Brewing,Night Shift Vintage 2025 / Double Chocolate Imperial Milk Porter Aged In Bourbon Barrels,Porter - Imperial / Double,https://untappd.com/b/horizont-brewing-night-shift-vintage-2025-double-chocolate-imperial-milk-porter-aged-in-bourbon-barrels/6451726,11.2,N/A,4.03,541,10/18/25,"Krémes, édes, dupla csokis porter, amit Bourbon hordókban érleltünk, hogy még mélyebb, vaníliás és pörkölt jegyekkel gazdagodjon. Az alapot rengeteg kakaóbab törettel főztük, majd extra adag csokoládéval tettük igazán dekadenssé. A laktóz selymes textúrát és desszertszerű kortyérzetet ad – ez egy igazi folyékony csokoládé-élmény!-A creamy, sweet, double chocolate porter aged in Bourbon barrels for a rich blend of vanilla and roasted notes. Brewed with loads of cocoa nibs and extra chocolate for full decadence. Lactose adds silky texture and a dessert-like finish – pure liquid chocolate bliss! "
1,3575065,Reketye Brewing Co.,Dr Banghard,Porter - Imperial / Double,https://untappd.com/b/reketye-brewing-co-dr-banghard/3575065,11.0,N/A,4.0,3636,12/12/19, 
2,6050912,HORIZONT Brewing,Night Shift 2024 - Imperial Milk Porter Aged In Pedro Ximénez Sherry & Rum Barrels W. Sour Cherry & Poppy Seed,Porter - Imperial / Double,https://untappd.com/b/horizont-brewing-night-shift-2024-imperial-milk-porter-aged-in-pedro-ximenez-sherry-and-rum-barrels-w-sour-cherry-and-poppy-seed/6050912,11.0,N/A,3.97,757,11/08/24,"Az első Imperial Milk Porter tervezésekor tudtuk, hogy egy nagyon különleges tételt szeretnénk készíteni, amit ráadásul egyben gyümölcsös Night Shift tételnek is terveztünk. A leerjedt alapsör, frissen ürített Pedro Ximénez Sherry és rumos hordókban pihent 6 hónapot, hogy a hordó fás ízjegyei kiemeljék az alapsör meggyes, mákos, enyhén tejcsokis ízvilágát, megalkotva ezt az igazán sütis jellegű, testes tételt. When designing the first Imperial Milk Porter, we knew we wanted to create something very special, which we also envisioned as a fruity Night Shift batch. The condensed base beer was transferred to freshly emptied Pedro Ximénez Sherry and rum barrels for 6 months, allowing the woody notes of the barrel to enhance the base beer's cherry, poppyseed, and subtly milky chocolate flavor profile, creating this truly pastry-like, full-bodied batch. "
3,2958611,Reketye Brewing Co.,Kwanzaa,Porter - Imperial / Double,https://untappd.com/b/reketye-brewing-co-kwanzaa/2958611,9.0,N/A,3.9,1289,11/24/18,Cocoa milk porter.  
4,4708248,FIRST Craft Beer,Viriato,Porter - Imperial / Double,https://untappd.com/b/first-craft-beer-viriato/4708248,11.0,20,3.89,278,02/09/22,"Selymes, pörköltmalátás, testes imperial porter a fundamentuma Viriatonak. Az elegáns cognacos, brandys jegyek szép összhangba kerülnek a porter erejével, amit a kakaóbab és málna jellegzetes, édes-fanyar ízei egészítenek ki. Egyedi különlegesség, a kakaós-gyümölcsös-kávés desszertek kedvelőinek kötelező darab. "
5,5648102,HopTails Brewery,Darker Than Black,Porter - Imperial / Double,https://untappd.com/b/hoptails-brewery-darker-than-black/5648102,11.0,N/A,3.88,218,12/17/23,Salty Buiscit Imperial Milk Porter with Coconut 
6,3713130,Mad Scientist,Neat,Porter - Imperial / Double,https://untappd.com/b/mad-scientist-neat/3713130,11.0,N/A,3.85,198,03/09/20,"MAD SCIENTIST BARREL PROJECT Imperial Porter Aged in Rye Whiskey BarrelCELLAR MASTER NOTES This beer was aged in a rye whiskey barrel. We chose a simpler base beer to give way to the outstanding spicy notes of the spirit. This beer was aged for more than 500 days, and the peppery, cedrussy notes of the barrel soaked into the beer. In the taste beside the notes of rye, sorghum oak is also present. "
7,6151809,Fraktaal Brewing,Ryed or Die,Porter - Imperial / Double,https://untappd.com/b/fraktaal-brewing-ryed-or-die/6151809,13.0,N/A,3.84,299,02/07/25,"Ez a különleges sör rozsmalátával és kekszmorzsa felhasználásával készült, ami gazdag és egyedi ízvilágot nyújt. A 13%-os alkoholtartalom erőt és mélységet ad neki, tökéletes kísérője lehet egy jó beszélgetésnek vagy egy hideg estének. "
8,5986878,Gravity Brewing,Magnetar - Double Raspberry Porter,Porter - Imperial / Double,https://untappd.com/b/gravity-brewing-magnetar-double-raspberry-porter/5986878,8.4,40,3.83,263,09/17/24,"Magnetar is the double-strength sibling of Pulsar, our Smoked Raspberry Porter. We’ve punched up the raspberry addition even further to keep this big brew in solidly porter territory, with vibrant, aromatic raspberry notes leaping right out of the glass.A bright, refreshing tartness leads on the palate, akin to a Flanders red. Further into the robust porter body, deep chocolate and coffee undertones take over, while toasted cherry wood, primed on Gravity Spirits' Fertodi Raspberry Pálinka, lends subtle vanilla and an extra burst of soft red fruit to the lingering finish. "
9,4963663,Reketye Brewing Co.,Naked Banghard,Porter - Imperial / Double,https://untappd.com/b/reketye-brewing-co-naked-banghard/4963663,11.0,N/A,3.81,348,08/05/22, 
10,4497066,FIRST Craft Beer,Azteca X,Porter - Imperial / Double,https://untappd.com/b/first-craft-beer-azteca-x/4497066,11.0,20,3.79,329,09/09/21,"Azteca söreink a dél-amerikai kakaóbirodalom rejtélyes, izgalmas világát hozzák magukkal: nagy mennyiségű csokimalátával főztük le Imperial Pastry Porterünket, hogy egy enyhén krémes, kakaós,pörköltmalátás ízvilágú alapsört hozzunk létre – ezt szétválasztva pedig két markánsan különböződesszertélménnyé varázsoltuk. Az Azteca X tonkababbal lett fűszerezve – ez a kívülről magát mazsolának álcázó mag egy egészen sajátos, élénk ízvilágot varázsol a porterünkből, hiszen mandulás, fahéjas és vaníliás ízjegyeket is kiérezhetünk – főleg a mi mértéktelen használatunk utánAzteca come from the mysterious, dangerous cocoa-world of South America - these are Imperial Pastry Porters with a huge amount of chocolate malts to reach a slightly creamy, cocoa, roasted malty base. We divided this base to make two markedly different dessert experiences. Azteca X is flavoured with tonka beans - these fake almond nuts disguising themselves as raisins brings a uniqe, vivid flavour with its almond-cinnamon-vanilla notes (especially after the amount we used). "
11,3205453,Mad Scientist,Pamela Black,Porter - Imperial / Double,https://untappd.com/b/mad-scientist-pamela-black/3205453,11.0,N/A,3.78,407,05/01/19,"MAD SCIENTIST BARREL PROJECTImperial Porter aged in Mezcal and Jamaican Rum barrelsGrand Champion of XIII. KSE International Beer ChampionshipCELLAR MASTER NOTESMexican chocolate boat roaming the Jamaican rum sea, beyond the hazelnut forest and raisin mountain. The fragrant of irresistible rum makes it obvious at a blink of an eye what the bottle hides. The spiciness of the classic rum is amplified from the background by the chocolate flavors of mezcal barrel. The whole concept is rounded off by the very delicate smokiness is inherent in the traditional way of making mezcal. "
12,5091384,HopTails Brewery,Somlói,Porter - Imperial / Double,https://untappd.com/b/hoptails-brewery-somloi/5091384,9.0,N/A,3.78,306,10/27/22,"Imperial Pastry Milk Porterkakaó, csokoládé, vanílila, dió, rum, tonkababcocoa, chocolate, vanilla, walnut, rum, tonka bean "
13,5091386,HopTails Brewery,Kókuszkocka,Porter - Imperial / Double,https://untappd.com/b/hoptails-brewery-cococube/5091386,9.0,N/A,3.77,262,10/27/22,"Imperial Pastry Milk Porterkakaó, csokoládé, vanílila, kókusz, rum, tonkababcocoa, chocolate, vanilla, coconut, rum, tonka bean "
14,4628527,Fehér Nyúl,Jingle Nuts,Porter - Imperial / Double,https://untappd.com/b/feher-nyul-jingle-nuts/4628527,9.5,N/A,3.74,306,12/08/21,"Egy jó zserbót karácsonyra? Közel 10% gyümölcstartalom és közel 10 balling maradék cukor: diétások réme. Ha téged nem aggasztanak a plusz kilók, válaszd bátran ezt az Imperial Pastry Portert!A good zserbó cake for Christmas? Near 10% fruit content, near 10 ballign residual sugars: run, if you are on a diet. But if you are not worried about the extra weight, choose this Imperial Pastry Porter in good faith. "
15,4699592,Mad Scientist,Late Bloomer,Porter - Imperial / Double,https://untappd.com/b/mad-scientist-late-bloomer/4699592,10.0,N/A,3.73,174,02/02/22,"MAD SCIENTIST BARREL PROJECTOloroso Sherry Barrel Aged Imperial Porter Aged With Tokaji Aszú GrapesCELLAR MASTER NOTES改善 /kʌɪˈzɛn/ Japanese philosophy of continuous improvementIt's scary how time flies, one day you fill your first barrel and kaboom, 40 months pass by. If we look at it less dramatically, Oloroso is a slow barrel, you need the patience to have its taste fully showcased, but worth the waiting. Raisins, nuts and chocolate are the main characteristics while it's quite strong in tannins, too. The best part is that we managed to get some Tokaji aszú grapes, a unique Hungarian terroir variety, infected with botrytis fungi, harvested late, that provides an incredible taste. We aged them in the barrel and now you can witness the magic of patience too... "
16,4102780,Hajnali Sörfőzők,Malt Eater,Porter - Imperial / Double,https://untappd.com/b/hajnali-sorfozok-malt-eater/4102780,7.0,14,3.61,476,12/17/20,"Szerintünk nem biztos, hogy találkoznál egy sötét sikátorban azzal az alakkal a címkén. Ezért inkább igyuk meg, úgy már nem bánt. Sötét mint az éjszaka, de közel a hajnal. Teste van, íze nem kevésbé. Ha sokat iszol beüt, de megéri. "
17,4837050,FIRST Craft Beer,Trimobe,Porter - Imperial / Double,https://untappd.com/b/first-craft-beer-trimobe/4837050,11.0,20,3.5,228,05/11/22,"Sűrű, krémes, süteményesen édeskés különlegességet rejtettünk el rumoshordók mélyére, hogy több mint egy év után a rum harsányan gyümölcsös ízei a porter-torta csokisságával tökéletes összefonódásban kerülhessen a poharakba.Rum barrel aged pastry porter with cocoa beans "
0,5056111,HORIZONT Brewing,Night Shift Vintage 2022 Double Baltic Porter Aged In Rhum Barrels,Porter - Imperial / Double Baltic,https://untappd.com/b/horizont-brewing-night-shift-vintage-2022-double-baltic-porter-aged-in-rhum-barrels/5056111,14.4,N/A,4.16,1310,10/07/22,"In 2021, Horizont brewed its first Double Baltic Porter and from the first time we sampled it, we knew it had huge potential and needed to explored more thoroughly as a style. For this 2022 vintage, we chose Rhum Agricole barrels from Saint-Martin Island in the Caribbean so the recipe had to be changed to fit the essence of the barrel. The base beer is a pleasantly chocolatey, nutty, full-bodied, and sweet dark brown/black lager. Yes, it's a lager, as bottom-fermented yeast is traditionally used for this style, and due to the neutral fermentation, this type allows the malty, hoppy, and barrel notes to prevail. Enjoy this spectacular beer!Amikor 2021-ben lefőztük és kóstoltuk az első Double Baltic Porterünket, tudtuk, hogy ebben a stílusban hatalmas potenciál van. A 2022-es vintage tételt már más típusú, Rhum Agricole érlelésére felhasznált hordókba tettük. Ehhez egy kicsit módosítanunk kellett a maláta profilon a 2021-es verzióhoz képest. Az alap egy kellemesen csokis, mogyorós, testes és édeskés sötétbarna/fekete lager. Igen, lager, mivel hagyományosan alsóerjesztésű élesztőt használnak ehhez a stílushoz, illetve az ízsemleges erjedés miatt ez a típus hagyja jobban érvényesülni a malátás, komlós és hordós jegyeket. "
1,4534894,HORIZONT Brewing,Night Shift Vintage 2021 Double Baltic Porter Aged In Bourbon Barrels,Porter - Imperial / Double Baltic,https://untappd.com/b/horizont-brewing-night-shift-vintage-2021-double-baltic-porter-aged-in-bourbon-barrels/4534894,14.0,N/A,4.15,1491,10/05/21,Double Mashed Baltic Porter aged in Bourbon Barrels. 
2,4496694,Balkezes,Birodalmi Bagoly - Kentucky Straight Bourbon Whisky BA,Porter - Imperial / Double Baltic,https://untappd.com/b/balkezes-birodalmi-bagoly-kentucky-straight-bourbon-whisky-ba/4496694,12.0,N/A,4.04,505,09/09/21,"imperial baltic porter a Bagoly hagyományait továbbörökítve, Kentucky Straight Bourbon Whisky hordóban élelve. "
3,4496692,Balkezes,Birodalmi Bagoly - Rhum Agricole BA,Porter - Imperial / Double Baltic,https://untappd.com/b/balkezes-birodalmi-bagoly-rhum-agricole-ba/4496692,12.0,N/A,4.04,612,09/09/21,"imperial baltic porter a Bagoly hagyományait továbbörökítve, rhum agricole hordóban élelve. "
4,5369635,Balkezes,Birodalmi Bagoly - Kentucky Straight Bourbon Whisky BA 2023,Porter - Imperial / Double Baltic,https://untappd.com/b/balkezes-birodalmi-bagoly-kentucky-straight-bourbon-whisky-ba-2023/5369635,12.0,N/A,3.9,221,05/22/23,Kentucky Straight Bourbon Whisky hordókban érlelt Birodalmi Bagoly 2023-as verziója. ez most 22 hónapot kapott.//2023 version of the Kentucky Straight Bourbon Whisky barrel aged Birodalmi Bagoly. this one was sentenced for 22 months. 
5,4891102,Hajnali Sörfőzők,Rising Phoenix,Porter - Imperial / Double Baltic,https://untappd.com/b/hajnali-sorfozok-rising-phoenix/4891102,8.5,N/A,3.8,161,06/17/22,White Chocolate and Coffee infused pastry Baltic Porter with sour cherry 
6,5121091,LöWOLF Craft Beer Co.,Dö B Port,Porter - Imperial / Double Baltic,https://untappd.com/b/lowolf-craft-beer-co-do-b-port/5121091,12.0,29,3.75,353,11/17/22,"• EN: Imperial Baltic Porter brewed with prunes, vanilla and cinnamon• HU: Imperial Baltic Porter aszaltszilvával, vanilliával és fahéjjal "
7,4805728,Uradalmi Brewery,Imperial D8,Porter - Imperial / Double Baltic,https://untappd.com/b/uradalmi-brewery-imperial-d8/4805728,12.0,52,3.73,255,04/20/22,"IMPERIAL D8 - IMPERIAL BALTIC PORTERThe double version of D8 with a thick brown head. Both in flavour and taste rum, dried fruit notes, coffee and dark chocolate can be recognized.In the mouth it has a complex, silky texture completed with a gentle alcoholic warmth. A true, robust dark leader.D8 sörünk éjfekete színű dupla változata, barna habkoronával. Illatában, ízében elsősorban a rum, majd aszalt gyümölcs, kávé és étcsokoládé jegyei fedezhetőek fel. A sűrű, krémes kortyérzetet alkoholos melegség egészíti ki. "
8,4362339,FIRST Craft Beer,Long Ship,Porter - Imperial / Double Baltic,https://untappd.com/b/first-craft-beer-long-ship/4362339,10.3,28,3.7,211,06/15/21,"Vesd bele magad a jeges habokra és fedezz fel Új Világokat, hiszen éjfeketén és duzzadó erővel suhan északról a Long Ship, hogy fedélzetére szállhass! Ahogy várható, baltic porter sörünk kellemesen pörköltes illat- és ízjegyeket szállít, szépen körülölelve nádcukros karakterét. Elsőre testesnek tűnik, mégis - a lágerélesztőnek köszönhetően - könnyedén csúszik le - és ki a nyílt vizekre. "
9,4746502,Szent András Sörfőzde,Behemót (2021),Porter - Imperial / Double Baltic,https://untappd.com/b/szent-andras-sorfozde-behemot-2021/4746502,8.5,35,3.69,465,03/10/22,"A sör, ami belőled is kihozza a Behemótot! Hosszas kísérletezés végeredményeként legsötétebb vágyainkat zártuk palackba: a – reményeink szerint - tökéletes, mégis közérthető balti portert. Egy robusztus barna sört aszalt gyümölcsökre emlékeztető illatokkal, pörkölt kávés, karamelles ízjegyekkel, ami a 19-ik század egyik legkülönlegesebb sörtípusa előtt tiszteleg. A Pokol ihlette, de minden kortya maga a Mennyország. The beer that brings Behemoth out of you too! As a result of a long experimentation, we bottled our darkest desires: a hopefully perfect, yet understandable Baltic porter. A robust brown beer with aromas reminiscent of dried fruits, roasted coffee and caramel flavors that pay homage to one of the most special types of beer of the 19th century. Inspired by Hell, but every sip is Heaven itself.  "
0,2412516,Balkezes,Bagoly - Coffee & Porter,Porter - Imperial / Double Coffee,https://untappd.com/b/balkezes-bagoly-coffee-and-porter/2412516,8.8,50,3.89,1110,12/02/17,new wave baltic porter & specialty coffee 
1,4497065,FIRST Craft Beer,Azteca Q,Porter - Imperial / Double Coffee,https://untappd.com/b/first-craft-beer-azteca-q/4497065,11.0,20,3.78,315,09/09/21,"Azteca söreink a dél-amerikai kakaóbirodalom rejtélyes, izgalmas világát hozzák magukkal: nagy mennyiségű csokimalátával főztük le Imperial Pastry Porterünket, hogy egy enyhén krémes, kakaós,pörköltmalátás ízvilágú alapsört hozzunk létre – ezt szétválasztva pedig két markánsan különböződesszertélménnyé varázsoltuk. Az Azteca Q vaníliával és a 42 Coffee Roastery-s barátaink által ismét külön nekünk pörkölt WachuWolichu etióp kávéval került ízesítésre, hogy egy letisztult, gyümölcsös-bergamottos ízjegyekkel teltkávés-vaníliás finomsággá állon össze. Azteca come from the mysterious, dangerous cocoa-world of South America - these are Imperial Pastry Porters with a huge amount of chocolate malts to reach a slightly creamy, cocoa, roasted malty base. We divided this base to make two markedly different dessert experiences. Azteca Q is flavoured with vanilla and the Ethiopian Wachu Woluchu coffee (roasted for us by our friends at 42 Coffee Roastery) for a clean coffee-vanilla beer rich with fruity and bergamot notes. "
0,4289955,Reketye Brewing Co.,Holding You,Porter - Other,https://untappd.com/b/reketye-brewing-co-holding-you/4289955,9.0,N/A,3.85,264,04/30/21,Orange chocolate porter. 
1,4245335,InVitro Brewing,Noir,Porter - Other,https://untappd.com/b/invitro-brewing-noir/4245335,6.0,N/A,3.82,462,03/31/21,Tonka beans and vanilla porter with a hint of lactose. 
2,5171876,Reketye Brewing Co.,Ritual,Porter - Other,https://untappd.com/b/reketye-brewing-co-ritual/5171876,9.0,N/A,3.75,174,12/22/22, 
3,4150775,Reketye Brewing Co.,Public Pastry Shop,Porter - Other,https://untappd.com/b/reketye-brewing-co-public-pastry-shop/4150775,9.0,N/A,3.72,576,01/22/21,Ginger tiramisu porter. 
4,4502401,Szent András Sörfőzde,TesztAndrás Alfa.08,Porter - Other,https://untappd.com/b/szent-andras-sorfozde-tesztandras-alfa-08/4502401,4.9,22,3.69,243,09/12/21,"Az Alfa.08 egy könnyű, vékonyabb porter (4.9% v/v) a lédús szilva minden zamatával és a bodza frissességével. Ebben a sörben könnyű elmerülni: a visszafogott komlózás, a magas minőségű alapanyagok és a hosszas kísérletezés egyedülálló ízvilágot zárnak a palackba, ez pedig egy izgalmas, könnyed, mégis tartalmas porter. "
5,6023646,Gravity Brewing,Scáth - Dublin Porter,Porter - Other,https://untappd.com/b/gravity-brewing-scath-dublin-porter/6023646,4.7,21,3.69,215,10/17/24,"Scáth (“Shadow” in Irish Gaelic) is a smooth, easy-drinking “proto-stout” built on roasted malts and oats, with rich notes of coffee and dark chocolate.Further character is layered into this prototype by a long wood infusion on whiskey-infused barrel chunks straight out of Dublin: notes of vanilla, Irish whiskey, and soft tannin harmonize beautifully with the coffee and chocolate baseline.No lactose, no flavourings, just creamy and delicious. "
6,1934296,Dimbo Lab,India Porter,Porter - Other,https://untappd.com/b/dimbo-lab-india-porter/1934296,6.4,37,3.69,156,02/04/17,"Did you know that the colonial India's favorite type of the 19th century wasn't the pale ale but the porter? Therefore Dimbo Lab brewed it's porter hoppier using Simcoe and Mosaic, and stronger than the characteristic British style. "
7,2949125,Synthesis,Mr. Brownie,Porter - Other,https://untappd.com/b/synthesis-mr-brownie/2949125,5.0,24,3.67,183,11/18/18,Brownie infused porter:) 
8,6082379,SIMA brewing,Fekete Kincs Chocolate Porter W/ Apricot,Porter - Other,https://untappd.com/b/sima-brewing-fekete-kincs-chocolate-porter-w-apricot/6082379,7.6,N/A,3.66,191,12/04/24,"Sulymos sorozatunk immár 5. tétele egy fűszeres chocolate porter alap, kakaóval, madagaszkári bourbon-vaníliával és sárgabarackkal. A fűszeres sárgabarackkal együtt erjedt alapsört a sulyom édeskés-fahéjas-gesztenyés jegyei kerekítik ki egy igazán ízletes desszert sörré, ami nem hiányozhat egyetlen ünnepi asztalról sem a téli estéken. "
9,1359944,Reketye Brewing Co.,Cocoa Porter,Porter - Other,https://untappd.com/b/reketye-brewing-co-cocoa-porter/1359944,7.0,N/A,3.66,153,12/21/15, 
10,5158080,SIMA brewing,Gâteau Noir,Porter - Other,https://untappd.com/b/sima-brewing-gateau-noir/5158080,6.5,N/A,3.65,246,12/12/22,"A Gâteau Noir Spiced Milk Porter megalkotásakor a SIMA eleganciát tartottuk szem előtt. Keserűnarancs-héjjal, gyömbérrel, ceyloni fahéjjal és madagaszkári bourbon vaníliával fűszerezett Milk Porterünk az ízekkel harmonikusan dolgozik; bár a fűszerek mindegyike karakteres, a sörben egyikük sem lóg ki. A végeredmény egy kerek, izgalmas, finom mélységekkel teli sör, mely melegebb hőmérsékleten kortyolva nyílik ki igazán. Érdemes hidegen kezdeni, és várni, míg lassan melegedik, így megmutatva fűszerességének kifinomultságát.  "
11,2882079,Fóti Kézműves Sörfőzde,Fruit Garden - Áfonya,Porter - Other,https://untappd.com/b/foti-kezmuves-sorfozde-fruit-garden-afonya/2882079,6.0,N/A,3.65,170,10/07/18,Áfonyás porter 
12,4619508,Reketye Brewing Co.,Sacher Torta,Porter - Other,https://untappd.com/b/reketye-brewing-co-sacher-torta/4619508,10.0,N/A,3.64,243,12/02/21,"A sör, mint desszert univerzum megnyílt, és van, akinek ez a boldogság egyik dimenziója. Nekik (is) készült ez a kakaóbabbal gazdagon elárasztott bársonyos finomság.Már az első korty leválasztja a tudatot a hétköznapokról, a második után már nem kellenek szavak.A Titkos Összetevő ötletén alapuló sörcsoda. "
13,4156481,Mad Scientist,CCP-770,Porter - Other,https://untappd.com/b/mad-scientist-ccp-770/4156481,7.7,N/A,3.63,788,01/27/21,Robust Coffee Porter with Toasted CoconutsAfter 2016's CCP-550 we brought back the concept with a bit higher ABV in the beginning of 2021 
14,4496672,Dealbreaker,Bean Devil,Porter - Other,https://untappd.com/b/dealbreaker-bean-devil/4496672,6.3,N/A,3.62,462,09/09/21,"Chocolate Chili Mexican Porter//Mexican standoff composed for beer: fellow Hungaricool-winners Demeter Chocolate's cocoa beans and ChiliYard's habanero and cayenne chilis determine this evil yet creamy porter, which we boosted further with vanilla, cinnamon and the coconut-vanilla flavor bomb HBC 472 hops.//Mexikói felállás sörre hangszerelve: a szintén Hungaricool-győztes Demeter Chocolate kakaóbabja és a ChiliYard habanero és cayenne chilijei egy gonoszkodó, mégis krémes porterben érnek össze, melyet vaníliával, fahéjjal és a kókuszos-vaníliás ízű HBC 472 komlóval tettünk még izgalmasabbá. "
15,1826647,MONYO Brewing Co.,Birthday Cake,Porter - Other,https://untappd.com/b/monyo-brewing-co-birthday-cake/1826647,5.3,15,3.62,166,11/19/16,"Ezzel a sörbe öntött tortával leptük meg magunkat, illetve titeket második születésnapunk alkalmából. A sör alapja egy klasszikus porter, amit Fekete-erdő torta mintájára ízesítettünk. A cél az volt, hogy egy igazi desszertsört alkossunk, egy harapható, krémes italt, amely eltelít mint egy tortaszelet.A főzetbe került egy nagy adag és nagyon intenzív venezuelai kakaópor. Laktózt, vagyis tejcukrot is tettünk bele, amely garantálja, hogy még krémesebb legyen a sör textúrája. S végül ezt az édes, étcsokis ízvilágot ellenpontoztuk a hozzáadott 100%-os meggypüré enyhén savanykás ízével. Édesszájúaknak ajánljuk. "
16,1796014,Mad Scientist,CCP-550,Porter - Other,https://untappd.com/b/mad-scientist-ccp-550/1796014,5.5,20,3.62,181,10/28/16, 
17,6082372,SIMA brewing,Spicy Dreams,Porter - Other,https://untappd.com/b/sima-brewing-spicy-dreams/6082372,7.6,N/A,3.61,233,12/04/24,Fruited Chocolate Porter w/Apricot 
18,906420,HORIZONT Brewing,Flamand Porter,Porter - Other,https://untappd.com/b/horizont-brewing-flamand-porter/906420,6.7,27,3.56,349,12/12/14,"Harmadik sörünk alapját a hagyományos brit porterek gazdag, pörkölt, kávés ízei adják. A kandiscukor erősebb testet, a belga élesztő összetett, fűszeres, apátsági söröket idéző karaktert kölcsönöz neki. A kompozíciót az amerikai cascade komló teszi teljessé, jellegzetesen citrusos, virágos jegyeivel. A végeredmény egy komplex, testes barna sör, amiben a visszafogottan édeskés vonásokat pörkölt malátásság és hangsúlyos komlókeserű egyensúlyozza ki. "
19,2400031,HORIZONT Brewing,Pilot Series #3 - Habanero Porter,Porter - Other,https://untappd.com/b/horizont-brewing-pilot-series-3-habanero-porter/2400031,5.5,22,3.56,256,11/23/17, 
20,4200859,Superside Brewery,Chiliside,Porter - Other,https://untappd.com/b/yeast-side-chiliside/4200859,5.0,10,3.54,184,02/28/21, 
21,3554171,Zentus Craft Beer,Fat & Jolly Tinsel Holly,Porter - Other,https://untappd.com/b/zentus-craft-beer-fat-and-jolly-tinsel-holly/3554171,7.6,25,3.54,326,11/29/19,"Christmas Porter:barley malt, chocolate malt, caffee malt, dates, pine nuts, cinnamon, hops, black sesame, cumin lager yeast "
22,4295815,Szent András Sörfőzde,TesztAndrás Alfa.05,Porter - Other,https://untappd.com/b/szent-andras-sorfozde-tesztandras-alfa-05/4295815,4.9,25,3.53,281,05/03/21,"Az Alfa. 05 egy összesen 5 kg Earl Grey teával és bergamott naranccsal készült angol porter kísérlet. Ez nem egy 2017-es Esthajnal remake, annál ivósabb, könnyebb. A teát nem csak belefőztük a sörbe, hanem „hidegteáztunk” is vele.This beer is a part of our small batch special edition called TesztAndrás. Alfa. 05 is an English porter experiment made with 5 kilograms of Earl Grey tea and bergamot. This is not a remake of our Christmas edition beer of 2017 called Esthajnal, its lighter than that. We not only brewed the beer with tea, but also added it in the end (’dry-teaing’). "
23,230376,Hara’Punk Brewing,Papap O'Hara,Porter - Other,https://untappd.com/b/hara-punk-brewing-papap-o-hara/230376,6.1,20,3.53,387,09/15/12,Unique Hungarian porter from Hara'Punk Brewing. 
24,6494931,B*BOP FERMENTORY,PURIST,Porter - Other,https://untappd.com/b/b-bop-fermentory-purist/6494931,5.0,N/A,3.53,888,11/16/25,A balanced and easygoing Porter infused with the marriage of tonka beans & smoked Danish salt. *BREWED SPECIALLY FOR THE UK MARKET* 
25,588418,Hopfanatic Brewery,Fekete Erdő,Porter - Other,https://untappd.com/b/hopfanatic-brewery-fekete-erdo/588418,6.0,24,3.53,346,02/14/14, 
26,4531629,Fehér Nyúl,Brown Berry,Porter - Other,https://untappd.com/b/feher-nyul-brown-berry/4531629,5.2,N/A,3.52,474,10/02/21,"Sörfőzőnket Dávidot a húga által készített málnás-csokis brownie ihlette meg ennek a sörnek a készítésekor. Ő elégedett, én is az vagyok, mi úgy általában azok vagyunk. Reméljük Te is!One of our brewers, Dávid was inspired to brew this beer after tasting his sister’s chocolate and raspberries brownie. He is satisfied, so am I. Come to think of it, we are in general. Hope you are too! "
27,4192196,Fehér Nyúl,Soulty 2021,Porter - Other,https://untappd.com/b/feher-nyul-soulty-2021/4192196,5.7,20,3.51,475,02/22/21,Első változatához képest változtattunk a karamellmaláta  és a só mennyiségén. Testesebb és magasabb alkoholszázalékú sós-karamellás porter lett a végeredmény. 
28,1176747,Rizmajer Kézműves Sörfőzde,Fekete Cherry,Porter - Other,https://untappd.com/b/rizmajer-kezmuves-sorfozde-fekete-cherry/1176747,5.5,N/A,3.5,902,07/26/15, 
29,2986264,Sörművek,Henry,Porter - Other,https://untappd.com/b/sormuvek-henry/2986264,5.2,N/A,3.5,241,12/13/18, 
30,205961,Rizmajer Kézműves Sörfőzde,Cingulus,Porter - Other,https://untappd.com/b/rizmajer-kezmuves-sorfozde-cingulus/205961,6.5,12,3.49,1112,07/27/12, 
31,4002163,Fehér Nyúl,Soulty,Porter - Other,https://untappd.com/b/feher-nyul-soulty/4002163,4.3,20,3.45,555,10/10/20,"Salted Caramel PorterCímke szöveg: A sós és édes elegye úgy játszik az érzékeiddel, mint a soul zene képzeletbeli ingája az érzelmeiddel. Az egyik véglettől a másikig lenget és soha nem akarod megállítani.Stoutunkat elbúcsúztattuk az idén, de sokan kerestetek alacsony alkoholtartalomú barna sört, ezért főztünk egyet. Azért van benne egy kis csavar is. Új sörünk egy könnyed, 4,3%-os salted caramel porter. Az alacsony alkoholtartalom miatt könnyedén iható, de a rengeteg karamellmalátának köszönhetően egyszerre malátás is. Tengeri só hozzáadásával hoztuk létre a tökéletes sós karamella hatást. A só a receptúrán kívül a sör nevében - Soulty - is visszaköszön.  "
32,3471739,Soproni Sörgyár (Heineken Hungária),Soproni Óvatos Duhaj Porter,Porter - Other,https://untappd.com/b/soproni-sorgyar-heineken-hungaria-soproni-ovatos-duhaj-porter/3471739,5.2,N/A,3.25,1482,10/08/19,"A porter egy felsőerjesztésű barna sör kellemesen kesernyés ízzel, kávés-csokoládés aromával. Ezzel a típussal nevezhettek házi sörfőzők az I. Soproni Sörversenyre, amelynek győztese Stubna Ágoston lett. Az ő receptje alapján készül az Óvatos Duhaj Porter, egy testes, mégis könnyen iható, krémes sörkülönlegesség. "
0,4856856,Gravity Brewing,Pulsar - Smoked Raspberry Porter,Porter - Smoked,https://untappd.com/b/gravity-brewing-pulsar-smoked-raspberry-porter/4856856,5.6,24,3.63,753,05/25/22,"We love porters as a style: all the dark and caramel malt character of their stout cousins, but lighter-bodied and eminently sessionable.Pulsar layers cherry- and oak-smoked grains onto a medium-roast coffee malt base, smooths them out with a generous helping of oats, and brightens the whole affair with tart red raspberries. "
1,5002070,Fehér Nyúl,Smoky 2022,Porter - Smoked,https://untappd.com/b/feher-nyul-smoky-2022/5002070,5.5,N/A,3.6,326,09/01/22,"Füstölt maláták és Lapsang Souchong tea adja a karakterét ennek a könnyed porternek. Nem mellesleg a IV. Füstös Nyúl Kupa hivatalos söre!Smoked malts and Lapsang Souchong tea are responsible for the character of this easy to drink porter. Also, it is the official beer of the 4th Smoky Rabbit Cup! "
0,5087658,Fehér Nyúl,Pump It Up!,Pumpkin / Yam Beer,https://untappd.com/b/feher-nyul-pump-it-up/5087658,5.5,N/A,3.62,151,10/24/22,"Halloweeni különlegességünk ez a sütőtökös ale. Kellemesen édeskés, malátás és persze tökös, egy csipet fahéjjal; kiváló őszi hangulatjavító!Our Halloween special. Pleasantly sweet, malty and obviously rich in pumpkin flavor, with a pinch of cinnamon. "
1,1328440,MONYO Brewing Co.,Pumpkin Ale,Pumpkin / Yam Beer,https://untappd.com/b/monyo-brewing-co-pumpkin-ale/1328440,8.0,13,3.54,251,11/26/15,"A MONYO Sörfőző Társaság bemutatja a hamisítatlanul amerikai, fűszeres téli sört, a Pumpkin Ale-t. A receptet egy amerikai sörfőzővel kooperációban alkottuk meg. Célunk az volt, hogy összehatásában ez a sör kellemes desszertélményt nyújtson és felidézze az amerikai ""pumpkin pie"" ízvilágát. "
2,2877171,MONYO Brewing Co.,I Was Too Drunk To Give A Name.,Pumpkin / Yam Beer,https://untappd.com/b/monyo-brewing-co-i-was-too-drunk-to-give-a-name/2877171,6.5,25,3.52,263,10/05/18,MONYO Brewing Radical Series: Pumpkin Baltic Porter 
3,6021866,Szent András Sörfőzde,Hello Halloween,Pumpkin / Yam Beer,https://untappd.com/b/szent-andras-sorfozde-hello-halloween/6021866,5.6,25,3.48,332,10/15/24,"Kifaragtuk az ünnepi tököt, majd sört is főztünk belőle. Limitált kiadású, fűszeres red ale-ünk sütőtök pürével, vaníliával és narancshéjjal készült el. Sörünk az édeskés jegyek, a felhasznált maláták karamelles ízei és a sütőtök tökéletes harmóniája. Az intenzív élményt a szegfűbors, a gyömbér és a szerecsendió gyengéden támogatja meg, megalkotva ezzel egy „ijesztően” jól működő végeredményt. "
4,6417219,Fehér Nyúl,Pumpin' Blood,Pumpkin / Yam Beer,https://untappd.com/b/feher-nyul-pumpin-blood/6417219,5.2,N/A,3.44,325,09/19/25,"A szezonra véres sütőtököt hoztunk! Kis fahéjjal is megszórtuk, hogy szépen összesimuljon minden a kortyokban. Dobozba zártuk a halloweent!We brought bloody pumpkin for the season! We also sprinkled a little cinnamon on it so that everything blends together nicely in every sip. We've canned Halloween! "
0,4819169,HopTop Brewery,Smokey Blinder,Rauchbier,https://untappd.com/b/hoptop-brewery-smokey-blinder/4819169,8.1,N/A,3.69,242,04/29/22,Imperial rauchbier without any crazyness.  
1,4846353,Reketye Brewing Co.,Natürlich Aus Bamberg,Rauchbier,https://untappd.com/b/reketye-brewing-co-naturlich-aus-bamberg/4846353,6.0,21,3.65,196,05/18/22, 
0,5113189,InVitro Brewing,Mindreader,Red Ale - American Amber / Red,https://untappd.com/b/invitro-brewing-mindreader/5113189,6.0,N/A,3.7,228,11/11/22,"Collaboration with the Hungarian groove metal band Omega Diatribe. Brewed with Comet and Galaxy hops which lend the amber ale notes of citrus, fruit and pine to balance the sweetness of the malt. "
1,296251,Hara’Punk Brewing,"Mi újság, Wagner úr?",Red Ale - American Amber / Red,https://untappd.com/b/hara-punk-brewing-mi-ujsag-wagner-ur/296251,6.5,24,3.6,169,01/18/13,"Mi újság, Wagner úr? is a rich, kind of malty, slightly sweet amber ale.Hops: Magnum, Styrian Goldings, Fuggle, East Kent Goldings "
2,1886695,Guri Sörfőzde,Pompeii,Red Ale - American Amber / Red,https://untappd.com/b/guri-sorfozde-pompeii/1886695,5.0,40,3.59,531,12/29/16,"Az american red ale iskolapéldája. Visszafogott malátásság, domináns amerikai komlókra jellemző illatok. Nagy test és vörös szín jellemzi. "
3,1864800,Mad Scientist,Puppet Master,Red Ale - American Amber / Red,https://untappd.com/b/mad-scientist-puppet-master/1864800,6.2,33,3.56,573,12/15/16, 
4,1119817,RothBeer,Red 5,Red Ale - American Amber / Red,https://untappd.com/b/rothbeer-red-5/1119817,5.0,25,3.54,561,06/11/15,"A medium-bodied, easy to drink red ale with 5% alcohol content.  It has rich, slightly caramelly malt notes  and citrussy flavors from the new world hops.  "
5,1230454,Fenékig.com,Dezső Vére,Red Ale - American Amber / Red,https://untappd.com/b/fenekig-dezso-vere/1230454,5.5,N/A,3.53,610,09/09/15,"Illatjegyek• Intenzív illat• Gyümölcsösség – A Centennial, Amarillo és Citra komlók miatt  • Citrusosság – A Citra komló miattÍz jegyek• Kekszesség – A Red X maláta miatt   • Picit pirított – A Special B maláta miatt• Gyümölcsösség – A Centennial, Amarillo és Citra komlók miatt  • Citrusosság – A Citra komló miattKarakter• Kellemesen testes• Jól iható• Hétköznapi• Késő nyári• Frissít, üdít, gyümölcsös, kissé fűszeres a komlótól• Kellemes egyensúlyban a malátásság és a komlóTörténetJanuárban merült fel az ötlet, hogy a Dezső egyik tulajdonosának a legénybúcsújára egy meglepetés sörrel készülünk. A tervezés közben azonban a terv kitudódott, és a legénybúcsú söre helyett a Neked Csak Dezső és a Fenékig.com első közös söre született meg.Az eredeti cél egy vörös american pale ale volt, azaz csak színben akar eltérni egy pale ale-től. Az eredeti elképzelés szerint nem lett volna malátás, kekszes, pirított. Jól iható, inkább vékony, mint közepes testvolt a cél. A lényeg hogy sokat lehessen belőle inni. Mivel a megjelenés az őszre lett időzítve, ezért a recept átdolgozásra került, ennek megfelelően.Ars poetica„mint disznótorkor a sült vér, amolyan aperitif, amire könnyű rácsavarodni... ivósör stílussal, a dohány utca íze, a belvárosi disznólkodás esszenciája! blogger sör, avagy a hóhér akasztása, kóser sör, disznóvér nélkül...”„egy illatos, könnyű amber ale, pont kellemesen melegít a hideg őszi estén, de még megidézi a nyárutót.” "
6,1086342,Reketye Brewing Co.,A Kartársnő,Red Ale - American Amber / Red,https://untappd.com/b/reketye-brewing-co-a-kartarsno/1086342,4.5,N/A,3.5,294,05/16/15,"Aranylóan borostyános Amber ale típusú sör, aminek színét a RedX maláta okozza. Ízének, aromájának kialakításában az amerikai Simcoe komló virágos, illatos; az angol komlók (Fuggles, East Kent Golding) földes jegyei vesznek részt. "
7,4870702,Vaskakas Brewing,Red Fox,Red Ale - American Amber / Red,https://untappd.com/b/vaskakas-sorfozde-red-fox/4870702,5.3,33,3.49,367,06/03/22,"Ez a dögös vörös egy hidegen komlózott amber ale rozsmalátával és zabpehellyel.Illatában dominál a komló virágossága és a karamell, amit a több fajta karamell malátának köszönhet. Vörös színét kiemeli a kérmes, lágy habkorona.Könnyed, jóivású, de tartalmas rozsos sör, ami a tavaszi erdők frissítő, virágos illatát idézi.Felhasznált komlók: Colombus, Styrian Fox, MagnumThis hot red is a cold-hopped amber ale with rye malt and oatmeal.The nose is dominated by hop florality and caramel, thanks to the multiple varieties of caramel malts. Its red colour is accentuated by a soft, crisp head.A light, easy-drinking but full-bodied rye beer with a refreshing, floral scent of spring woods.Hops used: Colombus, Styrian Fox, Magnum "
8,1522763,Synthesis,Big Red Button,Red Ale - American Amber / Red,https://untappd.com/b/synthesis-big-red-button/1522763,5.3,25,3.48,150,04/23/16,"Tőzegen füstölt whiskymalátával főzött és vaníliával fűszerezett red ale. Tőzeg= mocsár, láp, bakkecske feeling;) "
9,1662179,Big Face Sörfőzde,Amber Ale,Red Ale - American Amber / Red,https://untappd.com/b/big-face-sorfozde-amber-ale/1662179,5.0,28,3.45,1132,07/26/16,"Virágos, gyümölcsös, citrusos, 3 komlós (Mosaic, Citra, Magnum) ale, mely egy könnyed sör, melyből végig lehet inni akár egy egész estét is. "
10,435824,Serforrás Sörfőzde,Corvinus Rex,Red Ale - American Amber / Red,https://untappd.com/b/serforras-sorfozde-corvinus-rex/435824,5.6,N/A,3.44,218,08/21/13,"Tokaji aszúval ászokolt.This is the bottled version of ""Korty"". "
11,3571597,The Beertailor,Red Ale,Red Ale - American Amber / Red,https://untappd.com/b/the-beertailor-red-ale/3571597,4.8,N/A,3.24,545,12/09/19, 
12,2825602,Dreher Sörgyárak,Dreher Red Ale,Red Ale - American Amber / Red,https://untappd.com/b/dreher-sorgyarak-dreher-red-ale/2825602,4.8,20,3.07,2355,09/01/18, 
13,4726888,Borsodi Sörgyár,Borsodi Amber Ale,Red Ale - American Amber / Red,https://untappd.com/b/borsodi-sorgyar-borsodi-amber-ale/4726888,4.5,23,2.94,719,02/23/22,"Könnyen iható, színében és ízében is karakteres ale, amit a nemzetközi sörkultúra mesterei ihlettek. "
0,1222784,Csupor Craft Beer,CCCP,Red Ale - Imperial / Double,https://untappd.com/b/csupor-craft-beer-cccp/1222784,12.0,N/A,3.88,193,09/03/15,"A kongresszus fő témája a munkaverseny lesz, fő előadóink a Saccharomyces Stahanovoae család tagjai.12% alkohol, vörös folyam, tripla erősség - Chinook, Centennial, Cascade, Polaris - vesszenek az imperialista árulók! "
0,5039519,Gravity Brewing,Lunasa - Oaked Irish Red,Red Ale - Irish,https://untappd.com/b/gravity-brewing-lunasa-oaked-irish-red/5039519,6.2,27,3.67,488,09/27/22,"A rejuvenated classic from Gravity and Balkezes, Lunasa leans hard into its Irish red roots, with a lusciously smooth grain body full of nutty granola and soft caramel notes.That timeless foundation spends its long maturation absorbing the complexities of toasted oak, thanks to Gravity's own proprietary wood-infusion technology. Virgin Hungarian oak, seasoned and charred in-house, brings depth to the body and subtle tannin to the finish. "
1,6166146,Fehér Nyúl,Marching Clovers,Red Ale - Irish,https://untappd.com/b/feher-nyul-marching-clovers/6166146,4.4,N/A,3.58,223,02/21/25,"Klasszikus ír vörös - kellemesen fűszeres aroma a komlónak és a karamelmalátáknak köszönhetően, így egy visszafogott, szofisztikált tételt kaptunk. A klasszikus négy alapanyagból a legtöbbet hoztuk ki, nyilván egy kis specialty malátával kiegészítve a maláta mixet, hogy a karamelles ízek érkezzenek teljes felállásban. Szent Patrikra időzítve!Classic Irish red - a pleasantly spicy aroma thanks to the hops and caramel malts, resulting in a restrained, sophisticated batch. We made the most of the classic four ingredients, obviously adding a little specialty malt to the malt mix to bring the caramel flavours to the full line-up. Scheduled for St. Patrick's Day! "
2,2831898,FIRST Craft Beer,Irish,Red Ale - Irish,https://untappd.com/b/first-craft-beer-irish/2831898,5.0,20,3.54,181,09/06/18,"Sokan hitték azt, hogy a Smaragd sziget kincse a koboldok aranya: pedig valójában az élettel teli, lüktető vörös ale az. Gyere velünk Szent Patrik szigetére, és koccintsunk a szivárvány tövében ezzel az épphogy keserű, karakteres sörrel! Sláinte! "
3,4640597,Mad Scientist,Limerick batch no #1000,Red Ale - Irish,https://untappd.com/b/mad-scientist-limerick-batch-no-1000/4640597,5.1,N/A,3.54,285,12/16/21,Batch no #1000 | The 3 founders wanted to revisit their 1st batch with the 1000th batch 
4,4363995,TIMCO Brewing,VÖRÖS Irish Red,Red Ale - Irish,https://untappd.com/b/timco-brewing-voros-irish-red/4363995,5.1,27,3.51,369,06/16/21,"A ruby-red colored beer which has a distinct malt/hop balance.  Caramel aroma, specialty-roasted malts, a light, biscuity after-taste.  This beer has a unique complexity which will make your mouth water from the first sniff!  Take a trip to Ireland in every sip. "
5,1498289,Mad Scientist,Limerick,Red Ale - Irish,https://untappd.com/b/mad-scientist-limerick/1498289,5.1,N/A,3.5,255,04/06/16,Our goal with Limerick was to have an easy drinking well balanced Irish red to drink after work when you are in no mood for the artsy-fartsy fancy stuff. Limerick just takes you exactly where you want to be taken.  
6,2616975,Mad Scientist,Limerick - Oak Aged,Red Ale - Irish,https://untappd.com/b/mad-scientist-limerick-oak-aged/2616975,5.1,24,3.49,305,04/23/18,Oak aged irish red ale 
7,2429329,FIRST Craft Beer,Irish Red Ale,Red Ale - Irish,https://untappd.com/b/first-craft-beer-irish-red-ale/2429329,4.2,N/A,3.48,161,12/14/17,"Ír Vörös Ale stílusú sör. Mély borostyán szín és törtfehér hab jellemzi. A maláta aromája és kortyérzete kezdetben édeskés majd száraz, pörkölt karamellszerű jegyekben végződik.Az íreknél a kocsmákba, pubokba járás nem csak a megmámorosodásról szól. A sörözés igazi társadalmi eseménynek számít. Úgy söröznek, mintha minden nap ünnepelnének valamit. Ezen jó szokásuk előtt tisztelegve készítettük el a FIRST Irish Red Ale-t hogy kortyolása közben mindig jusson eszükbe az írek optimizmusa és szerencséje. "
8,3651685,Vandal Brewing,Vörös Ördög,Red Ale - Irish,https://untappd.com/b/vandal-brewing-voros-ordog/3651685,4.7,20,3.46,158,01/31/20, 
9,1180595,Zsombói Sörfőzde,Ír Vörös,Red Ale - Irish,https://untappd.com/b/zsomboi-sorfozde-zsomboi-ir-voros/1180595,4.5,N/A,3.43,195,07/30/15, 
10,2518104,Sörművek,Rebi,Red Ale - Irish,https://untappd.com/b/sormuvek-rebi/2518104,5.5,N/A,3.41,170,02/17/18, 
11,525945,Legenda Sörfőzde,Vörös Csepel,Red Ale - Irish,https://untappd.com/b/legenda-sorfozde-voros-csepel/525945,4.8,N/A,3.4,319,12/08/13, 
12,447484,Szarvasi Kézműves Sörfőzde,Ír Vörös Sör,Red Ale - Irish,https://untappd.com/b/szarvasi-kezmuves-sorfozde-ir-voros-sor/447484,6.1,21,3.35,291,09/06/13, 
13,289728,Stari Sör,Rubin Hood,Red Ale - Irish,https://untappd.com/b/stari-sor-rubin-hood/289728,6.0,N/A,3.32,715,01/04/13,"Kellemes aromájú, lágy, ale típusú, mélyvörös színben pompázó sör, amelyben a karamellmaláta, a különleges komlók és a speciális élesztő adta íz- és illatjegyek nagyszerű egyensúlyt alkotnak. Ajánljuk azoknak a hölgyeknek és uraknak, akik nem kedvelik a keserű, erősen komlózott söröket. "
14,488069,Széles & Széles Kft. (Palóc Sör),Vidróczki,Red Ale - Irish,https://untappd.com/b/szeles-szeles-kft-paloc-sor-vidroczki/488069,5.0,N/A,3.29,322,10/26/13, 
0,2334451,Gravity Brewing,Red Shift - Red Rye,Red Ale - Other,https://untappd.com/b/gravity-brewing-red-shift-red-rye/2334451,5.1,40,3.59,646,10/11/17,"Not your typical red ale.It starts out simply enough: a pure, coppery Irish red malt base. A trio of US hops lends a bright, west coast twist to the nose, before driving caramelised orange peel into the malt body. The final turn comes from a hearty dose of pale and dark rye, which dries those burnt sugar notes into a toasted grain finish that always leaves us reaching for another. "
1,2633016,Reketye Brewing Co.,Erre Még Meghívlak,Red Ale - Other,https://untappd.com/b/reketye-brewing-co-erre-meg-meghivlak/2633016,5.5,N/A,3.59,212,05/04/18, 
2,5054522,Fehér Nyúl,And Now For...,Other,https://untappd.com/b/feher-nyul-and-now-for/5054522,5.8,N/A,3.57,196,10/06/22,"Ezt az ale-t az őszi napokra terveztük, így a komlós jegyek a háttérbe szorulnak; helyüket a hozzáadott Rooibos és Honeybush teák veszik át!We designed this ale for those autumn days. So the hoppy notes are pushed to the back, and their place in the flavor profile is replaced by those of Rooibos and Honeybush tea! "
3,3452932,UGAR Brewery,Clear Maroon,Red Ale - Other,https://untappd.com/b/ugar-brewery-clear-maroon/3452932,6.5,25,3.53,159,09/27/19,Rooibos tea and hibiscus infused red ale. 
0,4340635,Szent András Sörfőzde,Templárius,Rye Beer,https://untappd.com/b/szent-andras-sorfozde-templarius/4340635,9.0,55,3.7,512,06/01/21,"A Templárius valódi küldetése, hogy a 20,5 Balling-fokos sűrű testet a száraz, mégis kellemesen virágos jegyekkel egyesítse. Igazi ereje a részletekben rejlik. Egy jellegzetesen kenyeres, de markánsan komlózott imperial rozs ale a templomosok legendákba illő erejével. "
1,3090535,Reketye Brewing Co.,Horny Pony,Rye Beer,https://untappd.com/b/reketye-brewing-co-horny-pony/3090535,5.5,N/A,3.63,906,02/20/19,Double dry hopped rye ale. 
0,5625799,HORIZONT Brewing,Night Shift Vintage 2023 - Rye Wine Aged In Bourbon Barrels - Aged 2 Years,Rye Wine,https://untappd.com/b/horizont-brewing-night-shift-vintage-2023-rye-wine-aged-in-bourbon-barrels-aged-2-years/5625799,10.2,N/A,4.12,891,11/30/23,"Ez a zamatos és egyedi ízélményt nyújtó, karamellizált rozsmalátával, valamint rozspehellyel készült rozsbor egy hihetetlenül krémes, gyümölcsös ízvilágú sör. Az alap rozsbort két évig érleltük Bourbon hordókban, az ez idő alatt átvett fás-viszkis ízjegyek komplex és kivételes ízvilágot adtak ennek az egészen különleges sörnek. With this Rye wine, we ventured further into the realm of the grain wine. From the point of view of brewing, we made the base beer with rye, an undeservedly underrated brewing grain, which was aged in bourbon barrels for nearly two years. Of course, we didn't just use plain, basic rye malt, since with this excellent beer we aim to show the diversity of this grain, so we also used two types of caramelized rye malt and rye flakes to create this unique beer. "
1,6508265,Mad Scientist,Tiny Barrel Project The All Knowing Rum,Rye Wine,https://untappd.com/b/mad-scientist-tiny-barrel-project-the-all-knowing-rum/6508265,13.5,N/A,3.91,203,11/27/25,"Jamaican Rum and Martinique Rum Barrel Aged Black Ryewine With Cocoa, Coffee And VanillaThe barrel aged version of our 2024 hit THE ALL KNOWING Black Ryewine and Stout hybrid With Cocoa, Coffee & Vanilla spicing up the darkest nights chasing right and wrong, feels like home away from home.Together with our friend Rob Borbás, celebrating 10 years of 'Rooklet Ink custom tattoo shop established by Grindesign in the heart of Budapest' & officially dropping at the book release party INCUBUS - the art of Grindesign.After TINY BARREL PROJECT SPIRITLORD RUM and TINY BARREL PROJECT CANDY MAN SCOTCH and so, here is our 16th TINY BARREL PROJECT release in our new category between the Specials series and Barrel Project in 330ml cans. "
2,5989970,Mad Scientist,The All Knowing,Rye Wine,https://untappd.com/b/mad-scientist-the-all-knowing/5989970,13.6,N/A,3.86,735,09/20/24,"Black Ryewine and Stout hybrid With Cocoa, Coffee & Vanilla spicing up the darkest nights chasing right and wrong, feels like home away from home "
0,3080583,Mad Scientist,Drowned God,Scotch Ale / Wee Heavy,https://untappd.com/b/mad-scientist-drowned-god/3080583,10.5,20,3.78,772,02/14/19,Ex-Islay Barrel-Aged Scottish Wee Heavy 
1,2334444,Gravity Brewing,Meteor - Triple Scotch Ale,Scotch Ale / Wee Heavy,https://untappd.com/b/gravity-brewing-meteor-triple-scotch-ale/2334444,7.0,28,3.7,800,10/11/17,"A wee heavy for whisky lovers.Why 'triple scotch'? We start with a wee heavy base, full of deep caramel flavors developed in the kettle. Specialty UK malts give us a classic scotch ale profile, toasty and subtly fruity like a good Highland. Finally, barrel-smoked malt lends the body a touch of soft oak and Speyside casks.The result is cool in the glass and warm in the throat, and as close to a pint of whisky as we've found. "
2,4010005,Fehér Nyúl,Sink,Scotch Ale / Wee Heavy,https://untappd.com/b/feher-nyul-sink/4010005,7.0,21,3.69,240,10/16/20,"A sörről: A wee heavy típus, azaz az erős skót ale a malátáról szól. Magas alkoholtartalmú, így egyszerre kis (skót nyelven wee) mennyiséget szolgáltak fel belőle. A Sink borostyán színű, gazdagon malátás, karamellás, édes, kissé füstös sör, a korty végén enyhe alkoholos melegséggel.Címke szöveg:Biró Zsombor Aurél 1998-ban született Budapesten, jelenleg a Színház- és Filmművészeti Egyetem filmíró szakos hallgatója. Próza- és forgatókönyvírással foglalkozik "
3,1395224,RothBeer,Wee Heavy,Scotch Ale / Wee Heavy,https://untappd.com/b/rothbeer-wee-heavy/1395224,7.5,25,3.63,222,01/18/16,"The secret recipe of the Highlands.This type is the king of the Scottish beers, mentioned as Wee Heavy, hence our name choice. It is a dark brown, strong beer, with the rich caramel malt notes in the foreground and earthy, floral characters of the Kent hop in the background.Won sliver medal at Meiningers International Craft Beer Awards 2016. "
4,2830611,MONYO Brewing Co.,The Ginger Unicorn Licks My Bagpipe.,Scotch Ale / Wee Heavy,https://untappd.com/b/monyo-brewing-co-the-ginger-unicorn-licks-my-bagpipe/2830611,8.6,16,3.63,780,09/05/18,Scotch Whisky Barrel Aged Wee Heavy 
0,4342892,UGAR Brewery,Grapefruit Radler,Shandy / Radler,https://untappd.com/b/ugar-brewery-grapefruit-radler/4342892,3.5,N/A,3.66,184,06/03/21,"Sör, gyümölcs.Szerintünk a radler egy zseniális nyári sör, ha egyszerű, tisztességes alapanyagokból készül,és már az első korttyal képes eltörölni egy nehéz hét minden nyűgjét. Bízunk benne, hogy az első, kizárólag grapefruitot kapott radlerünk nektek is olyan jól fog esni, mint a próbafőzések során nekünk! (A 60%-a a Fake Pils nevezetű golden aleünk, a maradék 40% pedig extra minőségű, 100%-os grapefruit sűrítményből készült gyümölcslé.) "
1,5835983,B*BOP FERMENTORY,you are the TRIBE to my QUEST,Shandy / Radler,https://untappd.com/b/b-bop-fermentory-you-are-the-tribe-to-my-quest/5835983,3.5,N/A,3.6,179,05/20/24,"Isotonic Radler.A refreshing and fizzy Lager heavily infusioned with freshly squeezed Sicilian lemons, ginseng, electrolytes and a pinch of pakistani Halite salt.A part of the “U R the perfect verse over a tight beat SERIES”. "
2,4432239,hübris,rüdler,Shandy / Radler,https://untappd.com/b/hubris-rudler/4432239,3.1,N/A,3.49,618,07/28/21,A pleasant Hungarian radler brewed with notes of citrus and grapefruit.  
3,1560322,Dreher Sörgyárak,Arany Ászok Hűsítő Vérnarancs,Shandy / Radler,https://untappd.com/b/dreher-sorgyarak-arany-aszok-husito-vernarancs/1560322,2.0,N/A,3.34,154,05/19/16, 
4,6612123,Dreher Sörgyárak,Dreher Citrus,Shandy / Radler,https://untappd.com/b/dreher-sorgyarak-dreher-citrus/6612123,4.0,16,3.28,352,02/23/26, 
5,208148,Pécsi Sörfőzde,Pécsi Radler Citrom,Shandy / Radler,https://untappd.com/b/pecsi-sorfozde-pecsi-radler-lemon/208148,1.4,N/A,3.25,432,07/31/12, 
6,1589316,Dreher Sörgyárak,Arany Ászok Hűsítő Citrom,Shandy / Radler,https://untappd.com/b/dreher-sorgyarak-arany-aszok-husito-citrom/1589316,2.0,N/A,3.16,278,06/05/16, 
7,84506,Borsodi Sörgyár,Borsodi Friss Grapefruit,Shandy / Radler,https://untappd.com/b/borsodi-sorgyar-borsodi-friss-grapefruit/84506,2.0,N/A,3.15,570,10/05/11, 
8,378983,Pécsi Sörfőzde,Pécsi Radler Meggy,Shandy / Radler,https://untappd.com/b/pecsi-sorfozde-pecsi-radler-meggy/378983,1.4,N/A,3.12,427,06/05/13, 
9,352590,Soproni Sörgyár (Heineken Hungária),Soproni Radler Meggy-Citrom,Shandy / Radler,https://untappd.com/b/soproni-sorgyar-heineken-hungaria-soproni-radler-meggy-citrom/352590,1.4,N/A,3.11,689,04/26/13,"Az igazi gyümölcsből készült 1,4% alkoholtartalmú ital igazi felfrissülést nyújt a gyümölcsös sörök kedvelőinek. A Soproni Radler Meggy-Citrom a természetes meggy és frissító citrom keveréke, kiváló minőségű világos sörrel, mely nagyszerű választás a kikapcsolódáshoz. "
10,94587,Soproni Sörgyár (Heineken Hungária),Soproni Radler Citrom,Shandy / Radler,https://untappd.com/b/soproni-sorgyar-heineken-hungaria-soproni-radler-citrom/94587,1.4,N/A,3.05,935,11/02/11,"Az igazi gyümölcsből készült 1,4% alkoholtartalmú ital igazi felfrissülést nyújt a gyümölcsös sörök kedvelőinek. "
11,84812,Borsodi Sörgyár,Borsodi Friss Citrom,Shandy / Radler,https://untappd.com/b/borsodi-sorgyar-starbev-borsodi-friss-citrom/84812,1.5,N/A,2.99,631,10/06/11, 
0,556986,Rizmajer Kézműves Sörfőzde,424,Smoked Beer,https://untappd.com/b/rizmajer-kezmuves-sorfozde-424/556986,5.5,35,3.62,170,01/10/14,Smoked Porter 
1,3977247,Fehér Nyúl,Smoky²,Smoked Beer,https://untappd.com/b/feher-nyul-smoky-2/3977247,6.6,N/A,3.6,413,09/24/20,"Szmóki kettő? Nem, ""Szmóki""a négyzeten! Emlékeztek még a tavalyi Smoky Rabbit sörünkre? Idén négyzetre emeltük és még jobban áll neki a füst. „Valahogy ezt a füstös flow élményt kellene palackba zárni!” - mélázott el Benedek a smoker mellett állva, kicsivel napfelkelte előtt. „Fogd meg a söröm!”- szólt András. A többi már történelem. "
2,596547,Legenda Sörfőzde,Bazooka,Smoked Beer,https://untappd.com/b/legenda-sorfozde-bazooka/596547,6.5,N/A,3.6,162,02/22/14,Hop: Aurora 
3,3048370,Guri Sörfőzde,Genezis,Smoked Beer,https://untappd.com/b/guri-sorfozde-genezis/3048370,6.0,N/A,3.52,178,01/23/19, 
4,738624,RothBeer,Pyromania,Smoked Beer,https://untappd.com/b/rothbeer-pyromania/738624,7.5,35,3.5,2424,07/07/14,"Pyromania is a top-fermented, smoked brown ale. We put a small amount of beech smoked malt in it, which gives a moderate smoky, bacony character, so it becomes a richer and  more complex excitement. Egy igazi magyar klasszikus. Testes, malátás, füstös barna sör, amit a tradicionális ízek és a modern sörök kedvelői egyaránt élvezhetnek. Egy igazi kulináris kirándulás.  "
5,4784820,Szent András Sörfőzde,TesztAndrás Gamma.41,Smoked Beer,https://untappd.com/b/szent-andras-sorfozde-tesztandras-gamma-41/4784820,5.6,12,3.46,308,04/05/22,"A Gamma.41 füstölt kolbász kenyérrel egy füstös sör 50% füstölt malátával, vastagabb testtel, pirospaprika őrleménnyel, paprikasűrítménnyel, köménymaggal és fokhagymával, hiszen Békésben nem csak a kerítés van kolbászból! "
0,5939435,Kobrunn,KOBRUNN SORG - Áfonyás Ale,Sorghum / Millet Beer,https://untappd.com/b/kobrunn-kobrunn-sorg-afonyas-ale/5939435,4.8,N/A,3.57,334,08/09/24,"Megbolondítottuk felsőerjesztésű világos ciroksörünket áfonyával,ami kifejezetten jól illik a cirok egyedi ízvilágához. A végeredmény,pedig egy 4,8% alkoholtartalmú, kellemesen édes, gyümölcsös,frissítő sör. "
1,325783,Bandusz (Köleses Sör),Dupla Köleses Sör,Sorghum / Millet Beer,https://untappd.com/b/bandusz-koleses-sor-dupla-koleses-sor/325783,5.0,N/A,3.38,380,03/13/13,Millet beer 
2,5332567,Kobrunn,KOBRUNN SORG - Pale Ale,Sorghum / Millet Beer,https://untappd.com/b/kobrunn-kobrunn-sorg-pale-ale/5332567,5.2,N/A,3.31,234,04/26/23,"KOBRUNN SORG - Pale Ale egy könnyű, frissítő,ropogós felsőerjesztésű világos sör, amihez tulajdonképpen csakaromakomlókat használunk, ami virágos, fűszeres illatokkal egészítikki sörünket, visszafogott keserűséggel. "
3,274770,Bandusz (Köleses Sör),Köleses Sör,Sorghum / Millet Beer,https://untappd.com/b/bandusz-koleses-sor-koleses-sor/274770,5.0,N/A,3.31,619,12/07/12,with millet 
0,2850217,TuffBuzz,Sourbucks,Sour - Berliner Weisse,https://untappd.com/b/tuffbuzz-sourbucks/2850217,3.9,10,3.74,393,09/17/18,Cold brew coffee Berliner Weisse. Kettle-soured berliner weisse style beer fermented with speciality ethiopian and guatemala antigua coffee beans. 
1,5467322,FIRST Craft Beer,Berry Beary,Sour - Berliner Weisse,https://untappd.com/b/first-craft-beer-berry-beary/5467322,4.3,14,3.65,406,07/31/23, 
2,4212985,Hajnali Sörfőzők,Fruit Fantasies,Sour - Berliner Weisse,https://untappd.com/b/hajnali-sorfozok-fruit-fantasies/4212985,5.3,N/A,3.65,285,03/09/21,"Ádám sem tudott ellenállni az édeni csábításnak! Te miért tennéd? Érezd, ahogy a szenvedély rajtad is eluralkodik. "
3,3562252,Csupor Craft Beer,kØcSØg,Sour - Berliner Weisse,https://untappd.com/b/csupor-craft-beer-kocsog/3562252,4.5,N/A,3.57,155,12/04/19,Fermented with berry. 
4,3333848,hübris,savanyü,Sour - Berliner Weisse,https://untappd.com/b/hubris-savanyu/3333848,3.6,8,3.55,421,07/16/19,"kicsit sárga, kicsit savanyú, de a miénk! hübris savanyü felsőerjesztésű sör. "
5,2483800,Mad Scientist,Magyar Uborkasaláta,Sour - Berliner Weisse,https://untappd.com/b/mad-scientist-magyar-uborkasalata/2483800,3.5,N/A,3.54,1777,01/23/18, 
6,3918071,Fehér Nyúl,MIMI,Sour - Berliner Weisse,https://untappd.com/b/feher-nyul-mimi/3918071,3.9,5,3.52,229,08/14/20,"- Igyunk egy málnával, sárgadinnyévelés mentával ízesített Florida Weisse-t.- Az mi? - Mimi.- Ezt kérdezem én is. - Most mondtam. Mimi!- Amit inni akarsz! - MIMI!!!!- Mindegy, igyunk... "
7,2212387,Reketye Brewing Co.,Braindance,Sour - Berliner Weisse,https://untappd.com/b/reketye-brewing-co-braindance/2212387,3.7,12,3.51,2133,07/26/17,Berliner weisse tárkonnyal. 
0,4825979,MadX,The Things We Do For Love,Sour - Flanders Oud Bruin,https://untappd.com/b/madx-the-things-we-do-for-love/4825979,7.2,N/A,3.85,479,05/04/22,Oud Bruin Blend Aged In Red Wine Barrels For 24 Months 
0,4638118,MONYO Brewing Co.,Kings & Queens - 7th Anniversary Aszú Barrel Aged Imperial Flanders Red Ale,Sour - Flanders Red Ale,https://untappd.com/b/monyo-brewing-co-kings-and-queens-7th-anniversary-aszu-barrel-aged-imperial-flanders-red-ale/4638118,13.7,N/A,3.91,254,12/14/21,"Ahogy tavaly lefőztük az ország legerősebb sörét (Watery Spirit 6th Anniversary Barley Wine, 22% vol.), úgy idén is valami igazán különlegeset szeretnénk nektek adni. A hetedik évfordulós sörünk egy aszú hordóban, aszú szemeken két évig érlelt flamand vörös ale lett, de mit is jelent ez a gyakorlatban?A flamand vörös egy tradicionális sörtípus Belgiumból, annak is a nyugati területéről származik, általában a ""hagyományos"" sörélesztőn kívül, Lactobacillust és alkalomadtán Brettanomyces-t is használnak az erjesztéshez, amitől savanyú és gyümölcsös karaktert egyaránt kap a sör. Jellemző rá a hosszú, fahordós érlelés, ami még jobban felerősíti a savas hatást. A sötétebb malátás -, aszalt gyümölcsös -, és fahordós jegyek miatt ""Belgium burgundijaként"" is hivatkoznak rá a műértők. Legismertebb tételeit a stílusnak a Rodenbach főzde készíti az 1800-as évektől.A mi esetünkben is egy speciális élesztőkultúrát és egy klasszikus flamand vörös receptet használtunk az alapsörhöz, majd a sört a HOLDVÖLGY-től kapott tokaji aszús hordókban érleltük két évig, ráadásul kézzel válogatott aszúszemeken pihentettük a sört a hordóban.A végeredmény pedig egy igazi kuriózum lett, valahol a sör és egy jó tokaji aszú határmezsgyéjén. Színre vöröses-barnás, az aszús, édes, brandys (aszalt sárgabarack) jegyek szépen kiegészítik a sör savanyú, funky-s, ""lambicos"" jegyeit. A hordós érlelés ad egy diós, mandulás plusz réteget a sörnek, a 13.7%-os alkoholtartalom ellenére nem lóg ki belőle az alkohol. "
1,4411315,MadX,Ticket To Anywhere 2021,Sour - Flanders Red Ale,https://untappd.com/b/madx-ticket-to-anywhere-2021/4411315,6.5,N/A,3.89,342,07/15/21,"Wine Barrel Aged Flanders Red Ale with Sour Cherries, the 2021 edition of Ticket To Anywhere that was released in the May of 2020 "
2,3802465,MadX,Ticket To Anywhere,Sour - Flanders Red Ale,https://untappd.com/b/madx-ticket-to-anywhere/3802465,6.5,N/A,3.85,326,05/28/20,Wine Barrel Aged Flanders Red Ale with Sour Cherries 
3,4319602,MadX,Nothing To Lose,Sour - Flanders Red Ale,https://untappd.com/b/madx-nothing-to-lose/4319602,5.1,N/A,3.84,452,05/19/21,"Barrel Aged Flanders Red Ale with Sour Cherries, Raspberries and Cacao Nibs "
4,5109380,MadX,You Gotta Make A Decision,Sour - Flanders Red Ale,https://untappd.com/b/madx-you-gotta-make-a-decision/5109380,6.0,N/A,3.82,316,11/08/22,Barrel Aged Flanders Red Ale With Sour Cherries And Vanilla 
5,4276647,MadX,Maybe Together We Can Get Somewhere,Sour - Flanders Red Ale,https://untappd.com/b/madx-maybe-together-we-can-get-somewhere/4276647,5.1,N/A,3.78,365,04/21/21,Barrel aged flanders red ale with sour cherries and raspberries 
6,6006082,HORIZONT Brewing,Sour Series - Cherries On Acid,Sour - Flanders Red Ale,https://untappd.com/b/horizont-brewing-sour-series-cherries-on-acid/6006082,5.4,N/A,3.58,565,10/03/24,"Első Flanders Red stílusú sörünk, ami a klasszikus flamand recepten alapul.Mi is szerettük volna a saját Flandersünket megcsinálni, de persze a saját szájízünk szerint. A koncepció az volt, hogy az alapból is savanyú, ízében enyhén boros jegyekkel bíró alapsört megtoljuk egy adag olyan gyümölccsel, ami nagyon passzol a gyümis/boros alaphoz. Ezért esett a választásunk a meggyre, ami tökéletesen belesimul az alapsörbe, csodálatosan kiegészíti az ízjegyeit.A végeredmény egy stílusának megfelelően borostyán színű, tükrös sör, aminek enyhén boros, gyümölcsös ízjegyei nagyon szépen hozzák az eredeti stílus által támasztott elvárásokat. "
7,5326971,MONYO Brewing Co.,Hungarian Terroir: Mór - Oak Aged Imperial Flanders Red Ale 2022,Sour - Flanders Red Ale,https://untappd.com/b/monyo-brewing-co-hungarian-terroir-mor-oak-aged-imperial-flanders-red-ale-2022/5326971,8.1,N/A,3.57,664,04/22/23,"MONYO x Brigád Mór collab! Oak Aged Imperial Flanders Red ale brewed with Ezerjó must. Mindig is ahhoz tartottuk magunkat, hogy a legkomolyabb borászatok portfoliójába is belefér egy kis sör és egy csipetnyi bohókásság. Így született meg évekkel ezelőtt a Hungarian Terroir sorozatunk, melyben söreinket különféle borászatok fürtjeivel együtt érlelve keltettük életre.Sajnos viszont minden jónak egyszer vége szakad. Így lett a Terroir szériával is, melynek most utolsó tagját a móri Brigád Pincével közösen készítettük el. Az eredmény egy Ezerjóból készült Flanders Red Ale sör lett, ami talán soha nem ízlelt harmóniát szült a bor és a sör házassága közt.Borostyános színvilágához cherrys aroma párosul, amire hajnali ködként száll rá egy adag vanília. Egy pici lecsengés, így lesz végül kerek ez a móri sör-bor különlegesség. Meghozta a kedvedet egy hörpintésre? Dobj egyet a kosaradba, vagy kóstold meg bármelyik rendezvényünkön a MONYO TapRoomban! "
0,3637798,B*BOP FERMENTORY,AMANDLA,Sour - Fruited,https://untappd.com/b/b-bop-fermentory-amandla/3637798,4.5,N/A,4.03,634,01/22/20,Apricot Maracuja Parfait Créme Oat Sour.A crispy and refreshing Sour Ale fermented with insanely amounts of magical juicy Ecuadorian maracuja and smooth Hungarian apricot.Brewed to celebrate the legendary Miles Davis.  
1,4590123,B*BOP FERMENTORY,GHIDORAH,Sour - Fruited,https://untappd.com/b/b-bop-fermentory-ghidorah/4590123,5.0,N/A,3.96,869,11/12/21,"Maracuja Basil Agua Fresca Nu Sour.A refreshing, tart and fizzy Nu-Sour Ale fermented with huge amounts of magical Ecuadorian passionfruit, fresh Genovese basil and a pinch of Inca sun salt.This is the third beer of my Nu- series, which means a modern, “new age” take on the traditional beer styles- this time brewed with fresh Genoese basil instead of hops, a pinch of Inca sun salt for the mouthfeel and fermented on huge amounts of Ecuadorian passion fruit to make thirst even more yummy.Brewed to celebrate the CEO of rhymes, the artist who have shaped and moulded the hip-hop culture, MF DOOM. Rest in Peace.  "
2,4193396,Brew Your Mind,Fruit Works - Mango + Passion Fruit + Strawberry,Sour - Fruited,https://untappd.com/b/brew-your-mind-fruit-works-mango-passion-fruit-strawberry/4193396,6.0,N/A,3.96,2615,02/23/21,"rengeteg gyümölcs (mango, passion fruit és eper), egy csipetnyi vanília és laktóz határozott savanyúsággal. "
3,5281214,Brew Your Mind,Fruit Works - Raspberry + Blackberry + Blueberry,Sour - Fruited,https://untappd.com/b/brew-your-mind-fruit-works-raspberry-blackberry-blueberry/5281214,5.5,N/A,3.93,821,03/19/23,"rengeteg gyümölcs (málna, feketeszeder, áfonya), egy csipetnyi vanília és laktóz határozott savanyúsággal. "
4,4694147,Brew Your Mind,Fruit Works - Strawberry + Lime,Sour - Fruited,https://untappd.com/b/brew-your-mind-fruit-works-strawberry-lime/4694147,5.5,N/A,3.92,1773,01/28/22,"Rengeteg eper és lime, egy csipetnyi gyömbér, vanília és laktóz - határozott savanyúsággal. "
5,5980033,HopTails Brewery,ApplePoint,Sour - Fruited,https://untappd.com/b/hoptails-brewery-applepoint/5980033,4.0,N/A,3.91,192,09/12/24,"green apple, vanilla, tonka bean "
6,4025877,B*BOP FERMENTORY,MAIYSHA,Sour - Fruited,https://untappd.com/b/b-bop-fermentory-maiysha/4025877,7.0,N/A,3.91,940,10/26/20,"Forest Fruit Bowl Parfait Nu Sour.A fresh forest fruit bowl inspired smooth and refreshing Nu-Sour Ale fermented with fine selections of Willamette raspberries, Camarosa and Senga Senga strawberries, Morello cherries, Burgundy blackcurrants, Hungarian thyme and a hint of Hawaiian black lava salt.This is the second beer of my Nu- series, which means a modern, “new age” take on the traditional beer styles. This beer is brewed just with fresh hungarian thyme instead of hops, then fermented on a fine selections of fresh, rich and juicy candy-a-like fruits of the forest and a pinch of black lava salt. Brewed to celebrate the queen of neo soul,Erykah Badu. "
7,3439123,Reczer Ser,Easy Peasy Apricot Squeezy - 2019 Edition,Sour - Fruited,https://untappd.com/b/reczer-ser-easy-peasy-apricot-squeezy-2019-edition/3439123,6.0,27,3.9,423,09/19/19,"Túlhűtés esetén érdemes melengetni egy kicsit, hogy megmutassa igazi barackos arcát. :)A letaglózó 2018-as siker, és a közönség nyomása miatt muszáj volt újrafőznünk a frissítően krémes sour aleünket. Egy picit módosítottunk a recepten, és mivel jóból nem árt a sok, idén még több frissen szedett, lédús gönci kajszibarackot passzíroztunk a sörbe. Hogy mit is jelent ez pontosan? Lényegében a sör harmada friss barack.Easy. Peasy. Apricot. Squeezy. "
8,4971840,B*BOP FERMENTORY,AMANDLA (2022),Sour - Fruited,https://untappd.com/b/b-bop-fermentory-amandla-2022/4971840,7.5,N/A,3.89,285,08/10/22,"Apricot Maracuja Parfait Sour.A juicy and creamy Sour Ale fermented with insanely amounts of magical juicy Ecuadorian maracuja, smooth Hungarian apricot and a pinch of Himalayan salt.This time it’s more bigger and viscous with a 7,5% ABV and a salty kick. Brewed to celebrate the legendary Miles Davis.  "
9,3336634,MadX,Flavour Police,Sour - Fruited,https://untappd.com/b/madx-flavour-police/3336634,7.0,N/A,3.89,607,07/18/19,"Raw Nordic Sour Ale with Cherries, Blueberries and Tonka Beans "
10,3963000,Brew Your Mind,Fruit Works - Strawberry,Sour - Fruited,https://untappd.com/b/brew-your-mind-fruit-works-strawberry/3963000,6.0,N/A,3.89,822,09/13/20,"Rengeteg eper, egy csipetnyi vanília és laktóz egy határozottan savanyú sörben. "
11,4929900,Brew Your Mind,Fruit Works - Blueberry + Strawberry + Lime,Sour - Fruited,https://untappd.com/b/brew-your-mind-fruit-works-blueberry-strawberry-lime/4929900,5.7,N/A,3.88,1181,07/13/22, 
12,4766943,Brew Your Mind,Fruit Works - Apricot,Sour - Fruited,https://untappd.com/b/brew-your-mind-fruit-works-apricot/4766943,5.7,N/A,3.87,498,03/24/22,"Savanykás, szomjoltó sour sör rengeteg sárgabarackkal!  "
13,3336642,MadX,Charming Propaganda,Sour - Fruited,https://untappd.com/b/madx-charming-propaganda/3336642,7.9,N/A,3.87,434,07/18/19,Nordic Sour Ale with Peach and Apricot 
14,3178793,HORIZONT Brewing,Pilot Series #15 A NÉGYZETEN - Red & Blackcurrant Sour Ale,Sour - Fruited,https://untappd.com/b/horizont-brewing-pilot-series-15-a-negyzeten-red-and-blackcurrant-sour-ale/3178793,5.5,30,3.87,573,04/15/19,"More fruit, more tartness, more colour! Second coming of our superpopular #15, this version has more of everything, still retaining the best qualities of it's first batch. Get more!Még több gyümölcs, több fanyarság és több szín! A #15 második változata emeli a lécet minden fronton. Figyeld a címkét és keresd az új változatot! "
15,3758233,Brew Your Mind,DDH FRUIT WORKS - Pineapple & Mango & Lactose,Sour - Fruited,https://untappd.com/b/brew-your-mind-ddh-fruit-works-pineapple-and-mango-and-lactose/3758233,7.7,N/A,3.87,235,04/21/20, 
16,4077893,MadX,Gold & Blue,Sour - Fruited,https://untappd.com/b/madx-gold-and-blue/4077893,5.5,N/A,3.86,397,11/30/20,Barrel Aged Golden Sour Ale with Blueberries 
17,4310179,Brew Your Mind,Fruit Works - Raspberry,Sour - Fruited,https://untappd.com/b/brew-your-mind-fruit-works-raspberry/4310179,6.0,N/A,3.86,355,05/13/21,"Rengeteg málna, egy csipetnyi vanília és laktóz egy határozottan savanyú sörben. "
18,5578067,B*BOP FERMENTORY,AMANDORAH,Sour - Fruited,https://untappd.com/b/b-bop-fermentory-amandorah/5578067,4.5,N/A,3.85,265,10/24/23,"Apricot Maracuja Basil Agua Fresca Nu Sour.This batch is a joint between Amandla and Ghidorah— two iconic sour beer of mine. A tart, juicy and creamy Nu Sour conditioned on fresh Genovese basil instead of hops, insanely amounts of magical juicy Ecuadorian maracuja, smooth Hungarian apricot, and a pinch of Inca sun salt. "
19,5829245,MadX,Holy Funk,Sour - Fruited,https://untappd.com/b/madx-holy-funk/5829245,5.9,N/A,3.85,476,05/16/24,Barrel Aged Sour Ale With Sour Cherries brewed with our friends Holy Goat during BPBW Budapest Beer Week 
20,5522060,Brew Your Mind,Fruit Works: Raspberry + Sour Cherry,Sour - Fruited,https://untappd.com/b/brew-your-mind-fruit-works-raspberry-sour-cherry/5522060,6.0,N/A,3.84,741,09/11/23,"Rengeteg gyümölcs (málna és meggy), egy csipetnyi mexikói vanília és laktóz, határozott savanyúsággal. "
21,5980018,HopTails Brewery,SimplePoint,Sour - Fruited,https://untappd.com/b/hoptails-brewery-simplepoint/5980018,7.0,N/A,3.84,347,09/12/24,"Apricot, basil, tonka beans "
22,5287016,Brew Your Mind,Fruit Works - Raspberry + Blackberry + Blueberry - Coffee,Sour - Fruited,https://untappd.com/b/brew-your-mind-fruit-works-raspberry-blackberry-blueberry-coffee/5287016,5.5,N/A,3.83,265,03/24/23,"Rengeteg gyümölcs (málna, feketeszeder, áfonya), egy csipetnyi laktóz határozott savanyúsággal. Lucky Cap Geisha kávéval. "
23,4057876,Brew Your Mind,Fruit Works - Orange,Sour - Fruited,https://untappd.com/b/brew-your-mind-fruit-works-orange/4057876,7.4,N/A,3.83,254,11/17/20,"Rengeteg narancs, egy csipetnyi vanília és laktóz egy határozottan savanyú sörben. "
24,3786081,HORIZONT Brewing,Sour Series - Imperial Sour Ale with Blackcurrants And Blueberries,Sour - Fruited,https://untappd.com/b/horizont-brewing-sour-series-imperial-sour-ale-with-blackcurrants-and-blueberries/3786081,7.5,15,3.83,792,05/15/20,An imperial fruit sour ale with premium red&blackcurrant puree and blueberries. A real fruit bomb with creamy mouthfeel and refreshing sourness. Highly recommended. Contains lactose. 
25,5508063,B*BOP FERMENTORY,GOMBA SLAP,Sour - Fruited,https://untappd.com/b/b-bop-fermentory-gomba-slap/5508063,4.5,N/A,3.82,293,09/01/23,"Higher Dimension Lean Nu Sour.A cosmic Nu Sour conditioned on Bangladeshi jackfruit, fresh cactus water, ginger, flamingo sparkles, butterfly pea flowers and a pinch of Bolivian rose salt.Brewed to celebrate my friends Jazzbois newest album “Higher Dimension Waiting Room”. "
26,5568208,Gravity Brewing,Meridian - Autumn Sour,Sour - Fruited,https://untappd.com/b/gravity-brewing-meridian-autumn-sour/5568208,6.3,9,3.81,484,10/16/23,"Meridian is a refined, refreshing sour with tons of sweet, juicy strawberries and hints of warming Kampot pepper spice.The malt base is rye-accented, which gives the beer a touch of crunchy grain character. We heighten this sensation with an in-house infusion of Cambodian red Kampot pepper to deliver an intriguing peppercorn aroma along with complementary red fruit notes on the palate. "
27,5121063,HORIZONT Brewing,Sour Series Canadian Breakfast Sour,Sour - Fruited,https://untappd.com/b/horizont-brewing-sour-series-canadian-breakfast-sour/5121063,9.2,N/A,3.81,608,11/17/22,"A Category12 Brewing, kanadai főzdével készítettük el az év két legizgalmasabb kollabját. Ez a tétel egy áfonyás, tőzegáfonyás, juharszirupos savanyú, melyet a vanília egészít ki és a búzapehely-laktóz kombó tesz igazán selymessé és krémessé. Our first collaboration with our friends from the Canadian Category12 Brewing is a sour ale made with blueberry, cranberry, maple syrup reselmbling the perfect Canadian breakfast. Thanks to the added vanilla, wheat flakes and lactose, this beer is perfectly smooth, creamy and very nice to drink. "
28,3336638,MadX,Lorem Ipsum,Sour - Fruited,https://untappd.com/b/madx-lorem-ipsum/3336638,8.3,N/A,3.8,290,07/18/19,Nordic Sour Ale with Cherries and Black Currant 
29,5217858,Brew Your Mind,Fruit Works - Apricot + Blackcurrant,Sour - Fruited,https://untappd.com/b/brew-your-mind-fruit-works-apricot-blackcurrant/5217858,5.7,N/A,3.8,192,01/30/23,"Rengeteg sárgabarack és feketeribizli, egy csipetnyi vanília és laktóz - határozott savanyúsággal. "
30,4613646,One Beer,CSERRI KÓK,Sour - Fruited,https://untappd.com/b/one-beer-cserri-kok/4613646,4.0,1,3.8,673,11/27/21, 
31,5296105,Brew Your Mind,Fruit Works - GUAVA,Sour - Fruited,https://untappd.com/b/brew-your-mind-fruit-works-guava/5296105,5.5,N/A,3.8,217,03/31/23,"Rengeteg guava, egy csipetnyi vanília és laktóz egy határozottan savanyú sörben. "
32,5298043,HopTails Brewery,PeachPoint,Sour - Fruited,https://untappd.com/b/hoptails-brewery-peachpoint/5298043,7.0,N/A,3.79,236,04/01/23,"Sárgabarack, Őszibarack, Vanília, TonkababApricot, Peach, Vanilla, Tonka bean "
33,5293477,Fehér Nyúl,Lime Lane,Sour - Fruited,https://untappd.com/b/feher-nyul-lime-lane/5293477,6.0,N/A,3.79,617,03/29/23,"Tetemes mennyiségű keksz és laktóz, no meg friss lime és valódi vanília: nem mindennapi kombináció, amit részben a lime pie desszert, részben a Lime Tears sörünk inspirált.A generous amount of biscuits and lactose, as well as fresh lime and real vanilla: an unusual combination, partly inspired by the lime pie dessert and partly by our Lime Tears beer. "
34,2596606,B*BOP FERMENTORY,William Shakes Pear,Sour - Fruited,https://untappd.com/b/b-bop-fermentory-william-shakes-pear/2596606,6.2,N/A,3.79,338,04/11/18,"A Sour Ale fermented with red williams pear, rosemary and lactose. My first beer I ever brewed, one of Hungary’s first fruited Sour Ales. "
35,4970123,HORIZONT Brewing,"Raspberry, Lime & Mint Sour Ale",Sour - Fruited,https://untappd.com/b/horizont-brewing-raspberry-lime-and-mint-sour-ale/4970123,5.1,13,3.79,640,08/09/22,"Refreshing raspberry with lime, spiced up with a little bit of mint. Collaboration with Heist Brew Co. "
36,4099661,HORIZONT Brewing,Sour Series - Breakfast Sour,Sour - Fruited,https://untappd.com/b/horizont-brewing-sour-series-breakfast-sour/4099661,6.7,N/A,3.79,1217,12/15/20,"Breakfast Sour is the real breakfast for champions. Basicaly it's morning cereal with fruits, chocolate, coffee and yoghurt. We kettlesoured the beer with yoghurt from a hungarian dairy producer and added rapsberry, blackberry and blueberry during the fermentation. The ready to go beer then was sitting on coffee and cocoa nibs to have the full breakfast experience. "
37,6369081,MONYO Brewing Co.,Bitter For the Better,Sour - Fruited,https://untappd.com/b/monyo-brewing-co-bitter-for-the-better/6369081,3.5,N/A,3.79,218,08/08/25,"Kávé és gyümölcs? Naná!A grapefruit és a cold brew találkozás egy Tart Ale-ben. Egyszerre frissítő és izgalmas: a grapefruit citrusos karaktere a kávé mély, pörkölt jegyeivel harmónizál. Már az első kortynál kiderül, mennyire könnyen csúszik. Szinte olyan, mintha egy üdítőt innál, mégis tele van komplex ízekkel.Könnyed, mindössze 3,5%-os sör, de a karakteres gyümölcsös és kávés ízek rajongói egész évben kedvükre találják benne a kedvencüket, vagy amíg a készlet tart.Tárold hűtve, fogyaszd frissen! "
38,4008386,MadX,Brace For Impact,Sour - Fruited,https://untappd.com/b/madx-brace-for-impact/4008386,5.5,N/A,3.79,307,10/15/20,Barrel Aged Golder Sour Ale with Blackcurrant and Blackberry 
39,5369719,UGAR Brewery,Synth Pop Sour,Sour - Fruited,https://untappd.com/b/ugar-brewery-synth-pop-sour/5369719,8.2,N/A,3.78,368,05/22/23,"MARACUJA & PEACH INFUSED SOUR WITH TONKABEANSElhiheted, hogy ezt a sour ipát annyira vártad már, mint 95-ben a Szárnyas fejvadászt és a Dredd bírót a kábeltévében.Összetevők: víz, árpamaláta, búzamaláta, zabmaláta, búzapehely, zabpehely, kajszibarack velő, maracuja velő, sörélesztő, komló, tonkababMaláták: golden promise, oat malted, oat flake, wheat malt, dextrin maltKomlók: Mosaic "
40,6450367,InVitro Brewing,Crimson,Sour - Fruited,https://untappd.com/b/invitro-brewing-crimson/6450367,5.0,N/A,3.78,178,10/17/25, 
41,3913088,B*BOP FERMENTORY,DILLA,Sour - Fruited,https://untappd.com/b/b-bop-fermentory-dilla/3913088,4.3,N/A,3.78,1093,08/10/20,"Gin Fizz Sour.A gin fizz inspired refreshing and drinkable Sour Ale fermented with Sicilian lemons, key lime purée, Agárdi gin soaked fresh juniper berries, Persian blue salt and a blend of well selected gin botanicals.Brewed to celebrate the sweet lord of hip hop beats Jay Dee aka J Dilla. "
42,5631088,Etyeki Sörmanufaktúra,Pear of the God,Sour - Fruited,https://untappd.com/b/etyeki-sormanufaktura-pear-of-the-god/5631088,4.8,10,3.78,228,12/04/23,"Laza Sour, Philly Sour élesztővel savanyítva és erjesztve. Rengeteg körtét kapott a sör, főzés közben és hideg oldalon pedig megküldtük szegfűszeg, fahéj duóval.Fűszeres, könnyed, gyümölcsös, itatós (vedelős) tétel lett, amit a fertőrákosi Krois Brewery-vel készítettünk közösen. "
43,3552946,HORIZONT Brewing,Pilot Series #20 - Imperial Apricot Sour,Sour - Fruited,https://untappd.com/b/horizont-brewing-pilot-series-20-imperial-apricot-sour/3552946,8.5,N/A,3.77,391,11/28/19,"Our final Pilot beer (don't worry will come up with a new line next year). As a fitting fairwell, this imperial sour clocks in at 8,5%, with 800 kilos of added apricot puree. Liquid jam in your glass! // Az utolsó Pilotnál nagyot gurítunk: a 20-as egy imperial sour 8,5%-ös alkohollal, melybe 800 kg sárgabarackpürét és -velőt tettünk. A mama lekvárja kiugrik a poharadból! "
44,5631851,UGAR Brewery,Spectrum Series - Don't Forget the Sauce!,Sour - Fruited,https://untappd.com/b/ugar-brewery-spectrum-series-don-t-forget-the-sauce/5631851,6.4,N/A,3.76,219,12/05/23, 
45,5915328,INCZELLAR,Kanka,Sour - Fruited,https://untappd.com/b/inczellar-kanka/5915328,5.0,N/A,3.76,152,07/20/24, 
46,5422584,FIRST Craft Beer,Fruit Flies (Into My Mouth),Sour - Fruited,https://untappd.com/b/first-craft-beer-fruit-flies-into-my-mouth/5422584,5.3,N/A,3.76,382,06/29/23, 
47,5506001,Fraktaal Brewing,Endless Splash,Sour - Fruited,https://untappd.com/b/fraktaal-brewing-endless-splash/5506001,5.7,N/A,3.76,343,08/30/23,"Ribizli, áfonya, kakaó és vanília. Neked is így néz ki a reggeli zabkásád? A hangsúly a gyümölcsökön van, amit szofisztikáltan egészít ki a kakaó, a vanília pedig kiemeli és frissé teszi a gyümölcsök illatát. Ezt egészíti ki a zab és a laktóz, amik gondoskodnak a sör krémességéről. Cheers! "
48,3230726,B*BOP FERMENTORY,Pheromon Juus,Sour - Fruited,https://untappd.com/b/b-bop-fermentory-pheromon-juus/3230726,6.5,N/A,3.76,537,05/16/19,"Mandarin Bloodorange Cocoa Vanilla Fudge Sour. A thick and creamy sour infused with mandarin, italian Tarocco bloodorange, dried orange peel, venezuelan cocoa beans and french vanilla fudge. Cookie love, cookie life. A collaboration with Balkezes. "
49,5286575,FIRST Craft Beer,The Fruit Locker,Sour - Fruited,https://untappd.com/b/first-craft-beer-the-fruit-locker/5286575,9.0,N/A,3.75,495,03/24/23,"Meggyel, feketeribizlivel és tonkababbal készült el ez a kifejezetten fanyar, sűrű, egészen smoothie-szerű savanyúságunk. Testes darab, de a gyümölcsösség és a tonkabab fűszeressége tökéletesen kiegészítik egymást!---This tart, thick and almost smoothie-like sour ale was made with sour cherry, blackcurrant and tonka beans. A thick boi, but the fruitiness and the spicefulness of the tonka beans percectly compliment each other! "
0,3995425,B*BOP FERMENTORY,DESAFINADO,Sour - Fruited Berliner Weisse,https://untappd.com/b/b-bop-fermentory-desafinado/3995425,6.5,N/A,3.86,1125,10/05/20,"Red Williams Pear Rosemary Créme Berliner.A smooth, creamy and refreshing Nu-Berliner Weisse (aka Budapest Weisse) fermented with bushels of red williams pear (from Haute Provence, France), a dash of fresh rosemary and a pinch of Guérande fleur de sel. This is the first beer of my Nu- series, which means a modern, “new age” take on the traditional beer styles. This beer is brewed just with fresh hungarian rosemary instead of hops, then fermented on fresh, rich and juicy red Williams pears and a hint of Guérande fleur de sel. Brewed to celebrate the legends of bossa nova,Stan Getz & João Gilberto. "
1,2203937,TuffBuzz,Ms. WorldWild - Maracuja (Passion Fruit) Edition,Sour - Fruited Berliner Weisse,https://untappd.com/b/tuffbuzz-ms-worldwild-maracuja-passion-fruit-edition/2203937,3.6,5,3.86,949,07/21/17,"Ms. WorldWild is a Berliner Weisse femented with Maracuja (Passion Fruit). This beer is our flagship fruit sour, available from mid spring to mid fall. Sour how we like. It's an easy to drink beer. Cheers! "
2,4961857,Szent András Sörfőzde,TesztAndrás Lambda.14,Sour - Fruited Berliner Weisse,https://untappd.com/b/szent-andras-sorfozde-tesztandras-lambda-14/4961857,3.8,15,3.83,231,08/04/22,"Egy szemtelenül frissítő, alacsony alkoholtartalmú berliner weisse csordultig pakolva valódi eperrel. Ez a limitált kiadású, TesztAndrás kísérleti sör a típusra jellemző tejsavasan savanyú jegyek és a zamatos eper érzéki játéka. Kellemesen szénsavas testtel, lendületes savgerinccel. "
3,5313502,INCZELLAR,Cucumber Gin Fizz,Sour - Fruited Berliner Weisse,https://untappd.com/b/inczellar-cucumber-gin-fizz/5313502,4.2,6,3.82,230,04/13/23,"Berliner Weisse kígyóuborkával, lime héjjal, gin fűszerekkel és kveik élesztővel.Berliner Weisse with cucumber, lime zest, gin spices and kveik yeast. "
4,3135604,TuffBuzz,Sourbucks Raspberry,Sour - Fruited Berliner Weisse,https://untappd.com/b/tuffbuzz-sourbucks-raspberry/3135604,5.0,10,3.81,416,03/20/19,"Sourbucks Raspberry is a berliner weisse style beer with cold ""brewed"" coffe beans and a ton of raspberries. It's the fruited version of our original concept called - surprisingly - Sourbucks, which is brewed without fruits, just the beer iself and the cold soaked coffee beans. Besides keeping it ""cold-brewed"" with specialty coffee produced by the Hungarian roastery Casino Mocca we've added 15% raspberry to this edition. Cheers! "
5,4263889,HopTop Brewery,Currantly Locked Down,Sour - Fruited Berliner Weisse,https://untappd.com/b/hoptop-brewery-currantly-locked-down/4263889,6.5,1,3.81,747,04/12/21,"Double fruited imperial berliner weisse with madagascar vanilla, red- and blackcurrant. Drink fresh, do not age, keep cold.The first batch was 7,8%, from the 2nd batch it's just 6,5% "
6,4699802,Mad Scientist,Unsafe Space,Sour - Fruited Berliner Weisse,https://untappd.com/b/mad-scientist-unsafe-space/4699802,4.9,N/A,3.79,1297,02/02/22,"Breakfast Smoothie Inspired Berliner Weisse w/ Blackcurrant, Passion Fruit, Calamansi "
7,4565202,Reketye Brewing Co.,Pop My Berry,Sour - Fruited Berliner Weisse,https://untappd.com/b/reketye-brewing-co-pop-my-berry/4565202,6.0,N/A,3.76,219,10/25/21,"Sokszor lehet hallani, mennyire fontos, hogy törődj magaddal és ennek különböző, furcsa megfogalmazásai. (Én idő?) Mi csak annyit szeretnénk mondani, hogy ezzel a berliner weisse sörrel, amiben az erdei bogyósgyümölcsök a vanília és laktózfelhőkön rezegnek, biztosan jól kalibrálhatod örömközpontod. "
8,3829948,HORIZONT Brewing,Sour Series - Berliner Weisse With Guava And Passionfruit,Sour - Fruited Berliner Weisse,https://untappd.com/b/horizont-brewing-sour-series-berliner-weisse-with-guava-and-passionfruit/3829948,3.5,15,3.75,626,06/16/20,"A real refreshing fruited Berliner Weisse with Guava and Passionfruit. This creamy, fruitbomb will not alter your judgement, even after the 6th pint you'll know this is good choice to drink!  "
9,5369570,Reketye Brewing Co.,Limeberry Twist,Sour - Fruited Berliner Weisse,https://untappd.com/b/reketye-brewing-co-limeberry-twist/5369570,6.0,15,3.75,287,05/22/23,Tart and sweet with strawbeeries lime and tarragon. BPBW2023 RELEASE 
10,4621040,INCZELLAR,Cucumber Fever,Sour - Fruited Berliner Weisse,https://untappd.com/b/inczellar-cucumber-fever/4621040,4.2,6,3.75,454,12/03/21,"Könnyed, frissítő Berliner Weisse kígyóuborkával, lime héjjal és kveik élesztővel.Easy-drinking, refreshing Berliner Weisse with cucumber, lime zest and kveik yeast. "
11,3483020,Dealbreaker,Berlin Showdown,Sour - Fruited Berliner Weisse,https://untappd.com/b/dealbreaker-berlin-showdown/3483020,5.0,N/A,3.74,1474,10/15/19,"Cold Brew Coffee Blood Orange Berliner Weisse//""Berlin, Berlin, this city is sin. You never get out the way you walked in""Like an old friend, whose call you can't refuse and truth is, you don't even want to. This time Impresso Micro Roastery's Colombia Finca El Faldon coffee holds your hand in this outlandish maze.//""Berlin, Berlin, a bűnös város. Ki egyszer belép, nyakig sáros!""Mint egy régi ismerős, akinek hívására nem tudsz nemet mondani, de valójában nem is akarsz. Ezúttal az Impresso Micro Roastery Colombia Finca El Faldon kávéja fogja a kezed ebben a furcsa útvesztőben. "
12,3806061,Hajnali Sörfőzők,Acid Stroke,Sour - Fruited Berliner Weisse,https://untappd.com/b/hajnali-sorfozok-acid-stroke/3806061,6.0,N/A,3.74,413,05/30/20,"A Double Berliner weisse with blaccurrant and tonka beans. Ettől a ribizlivel jól megpakolt, tonkababbal fűszerezett sourtól garantáltan húzni fogod a szádat. "
13,4544448,Malty Way,Mars Lander,Sour - Fruited Berliner Weisse,https://untappd.com/b/malty-way-mars-lander/4544448,5.5,N/A,3.74,228,10/11/21, 
14,4122078,Reketye Brewing Co.,Pop My Raspberry,Sour - Fruited Berliner Weisse,https://untappd.com/b/reketye-brewing-co-pop-my-raspberry/4122078,6.0,N/A,3.73,364,12/29/20, 
15,5802959,Superside Brewery,Blackcurrant Berliner Weisse,Sour - Fruited Berliner Weisse,https://untappd.com/b/superside-brewery-blackcurrant-berliner-weisse/5802959,6.4,N/A,3.72,208,04/26/24,"A #szuperhősítő gyümölcsös Berliner Weisse következik. Sose félj, míg engem iszol. A ribizli a legjobb gyümölcs a világon. Pici, mégis annyi íz és annyi erő. Savanyú, de édes. Bosszantóan piros, de ijesztően fekete. Ribizlizik a hátam. "
16,5688658,Mad Scientist,Very Raspberry,Sour - Fruited Berliner Weisse,https://untappd.com/b/mad-scientist-very-raspberry/5688658,4.5,N/A,3.72,749,01/23/24,Double Fruited Berliner Weisse With Raspberry 
17,3237050,MONYO Brewing Co.,In the Red,Sour - Fruited Berliner Weisse,https://untappd.com/b/monyo-brewing-co-in-the-red/3237050,6.6,N/A,3.72,388,05/19/19,"Berliner Weisse with Sour Cherry & Blackcurrant. Collaboration brew with Lux In Tenebris, Moscow. "
18,2813475,Zip's Brewhouse,Razzberry Lemonade,Sour - Fruited Berliner Weisse,https://untappd.com/b/zip-s-brewhouse-razzberry-lemonade/2813475,4.5,4,3.72,268,08/24/18,"Ananász és málna hozzáadásával készült világos, savanyú sör. "
19,5406959,Szent András Sörfőzde,Weisz,Sour - Fruited Berliner Weisse,https://untappd.com/b/szent-andras-sorfozde-weisz/5406959,3.7,7,3.72,342,06/17/23,"A Pál Utcai Fiúk grundja a sörfőzők játszóterére költözött. Ebből lett Weisz, ami egy alacsony alkoholtartalmú berliner weisse az érett körte gyümölcsös ízével, frissességével. Sörünk a típusra jellemző tejsavas fanyarság és a zamatos körte könnyed harmóniája, kellemesen szénsavas testtel, lendületes savgerinccel. "
20,5404630,Szent András Sörfőzde,Rózsi,Sour - Fruited Berliner Weisse,https://untappd.com/b/szent-andras-sorfozde-rozsi/5404630,3.7,7,3.71,371,06/16/23,"Stílus az, amikor önmagát utánozza az ember. Sörünk TesztAndrás-kísérletként debütált, de olyannyira sikeres lett, hogy bekerült az állandó kínálatba. Rózsi egy alacsony alkoholtartalmú berliner weisse a típusra jellemző tejsavas fanyarsággal, kellemesen szénsavas testtel és a zamatos eper érzéki játékával. "
21,6185384,Mad Scientist,Lucifer's Rocking Chair,Sour - Fruited Berliner Weisse,https://untappd.com/b/mad-scientist-lucifer-s-rocking-chair/6185384,6.2,N/A,3.71,819,03/09/25,"Berliner Weisse with Lychee puree, Lime puree, Yuzu puree & Jalapeño collab brewed with our friend Alex of OneTwo from Timișoara "
22,3923486,MONYO Brewing Co.,Mango Margaret,Sour - Fruited Berliner Weisse,https://untappd.com/b/monyo-brewing-co-mango-margaret/3923486,3.8,N/A,3.7,411,08/17/20,"Megérkezett a “Summer Series” névre keresztelt nyári sorozatunk harmadik és egyben záró tagja, egy szuper gyümölcsös és frissítő berliner weisse, a Mango Margaret. A receptet Vidó Márk sörfőzőnk álmodta meg. Az ""alapsör"" egy klasszikus Berliner Weisse (savanyított búzasör), amit a sorozat többi tagjához hasonlóan ismét rengeteg gyümölccsel dobtunk fel. A 2000 liter sörbe közel 500kg mangó - és kalamansi* pürét adagoltunk több lépcsőben (*Ázsiában őshonos citrusféle). A Mango Margaret (3.8% vol.) megjelenésre zavaros, gyümölcslé-szerű, ""juicy"". Illatban a trópusi gyümölcsök, citrushéjak és a grapefruit dominál. Ízben citrusok, mangó és masszív kalamansi, fanyar és savanyú sör hosszú lecsengéssel, kicsit gabonás-kenyeres jelleggel. Az új nyári koktélod.--The latest and last member of our ""Summer Series"" here, it's a super fruity refreshing berliner weisse, called the Mango Margaret. The recipe is created by our crazy talented brewer, Márk Vidó. The base is a classic Berliner Weisse (sour wheat beer) that got a twist by a lot of fruits, like the other members of this series. The total of 2000 liter beer was pimped up in several phases with almost 500 kg mango & calamansi* puree (*Citrus is native to Asia). The appearance of the Mango Margaret (3.8%) is hazy, juicy, its fragrance is dominated by tropical fruits, citrus peels and grapefruit. It tastes citrusy, with a tone of mango and calamansi that completes in an astringent sour beer with long aftertaste. "
23,5007608,Dealbreaker,San Diego Showdown,Sour - Fruited Berliner Weisse,https://untappd.com/b/dealbreaker-san-diego-showdown/5007608,5.0,N/A,3.7,479,09/04/22,"Cold Brew Coffee Raspberry Berliner Weisse//So San Diego Showdown. We could say this was the only exit from that maze we entered in Berlin, but truth is, all happened in reverse order. Tons of raspberry, Impresso's Colombia El Embrujo Natural coffee, touch of coconut and lime help feed the chaos; just to see how the pieces come together in the end.Ingredients: water, barley and wheat malts, wheat flakes, raspberry, lime, toasted coconut flakes, coffee, hops, Lactobacillus culture, yeast//Szóval San Diego Showdown. Mondhatnánk, hogy a berlini útvesztőből csak itt lyukadhattunk ki, de hát igazság szerint pont fordítva történt. Rengeteg málna, az Impresso Colombia El Embrujo Natural kávéja, némi kókusz és lime segít még tovább növelni a káoszt; hogy a végén aztán minden összeálljon.Összetevők: víz, árpa- és búzamaláta, búzapehely, málna, lime, pirított kókuszpehely, kávé, komló, Lactobacillus kultúra, élesztő "
24,4454343,HopTop Brewery,Rainbow Sour,Sour - Fruited Berliner Weisse,https://untappd.com/b/hoptop-brewery-rainbow-sour/4454343,4.7,N/A,3.7,233,08/11/21,Imperial Berliner Weisse with sour cherry and blueberry  
25,3705175,Reketye Brewing Co.,Pop My Blueberry,Sour - Fruited Berliner Weisse,https://untappd.com/b/reketye-brewing-co-pop-my-blueberry/3705175,6.0,10,3.7,590,03/05/20,Blueberry Cheesecake Berliner Weisse 
26,2676715,Reczer Ser,Collabrew Series #4 - Sabotage,Sour - Fruited Berliner Weisse,https://untappd.com/b/reczer-ser-collabrew-series-4-sabotage/2676715,4.2,7,3.69,373,05/31/18,"Ez nem csak egy szimpla sör. Ez egy konkrét merénylet a német tisztasági törvény ellen. Már a forralás előtt beleborított 20 kiló joghurt kiverné a biztosítékot a sörrendőrségnél, de az a mennyiségű fekete szeder, amit még belelapátoltunk, olyan hatással rántja össze az arcod, mint egy nagy köteg TNT egy völgyhidat. De nem kell félni, az összerántás őszinte mosolyt formál majd az arcodon. A közérthetőség kedvéért hidegkomlóztuk is, hogy igazi könnyen fogyasztható, nyári sör legyen. "
27,3755119,Reketye Brewing Co.,Pop My Strawberry,Sour - Fruited Berliner Weisse,https://untappd.com/b/reketye-brewing-co-pop-my-strawberry/3755119,6.0,N/A,3.69,240,04/18/20,Strawberry Cheesecake berliner weisse 
28,3646798,HORIZONT Brewing,Sour Series - Sea Buckthorn Berliner Weisse,Sour - Fruited Berliner Weisse,https://untappd.com/b/horizont-brewing-sour-series-sea-buckthorn-berliner-weisse/3646798,3.2,N/A,3.68,563,01/28/20,"Fresh, fruity, juicy. A refreshing berliner weisse brewed up in collaboration with the legendary Kjetil Jikiun from Axiom Brewery is a good example what everyone is looking for. Drinkability and fun. We added a huge amount of sea buckthorn puree (around 20% of the whole batch) and tried some interresting yeast strains to sour it with. Enjoy fresh! // Frissítő, gyümölcslé szerű megjelenés, fanyar és izgalmas. Hatalmas adag homoktövis adja meg a végső löketet. Az Axiom Breweryvel közösen készített sörünk, a sörfőző a norvég legenda Kjetil Jikiun.  "
29,5400210,Szent András Sörfőzde,Siller,Sour - Fruited Berliner Weisse,https://untappd.com/b/szent-andras-sorfozde-siller/5400210,3.7,7,3.66,299,06/13/23,"Merész ízek, örök fiataloknak. Siller egy alacsony alkoholtartalmú berliner weisse a típusra jellemző tejsavas fanyarsággal, lendületes savgerinccel. Sörünk a kellemesen szánsavas test, a lágy buborékosság és a szentandrási kreativitás tökéletes harmóniája csordultig pakolva szederrel és feketeribizlivel. "
30,5835329,Szent András Sörfőzde,TesztAndrás Lambda.18,Sour - Fruited Berliner Weisse,https://untappd.com/b/szent-andras-sorfozde-tesztandras-lambda-18/5835329,3.7,10,3.66,155,05/19/24,"A Lambda.18 egy alacsony alkoholtartalmú könnyed nyári búzasör a típusra jellemző tejsavas fanyarsággal, izgalmas savgerinccel. Sörünk a kellemesen szánsavas test, a lágy buborékosság és a szentandrási kreativitás tökéletes harmóniája csordultig pakolva naranccsal és mandarinnal. Viszlát limonádé, helló új citrusos TesztAndrás! "
31,3323470,Brew Your Mind,Fruit Works - Kiwi & Maracuja Berliner Weisse,Sour - Fruited Berliner Weisse,https://untappd.com/b/brew-your-mind-fruit-works-kiwi-and-maracuja-berliner-weisse/3323470,5.3,N/A,3.66,384,07/10/19,with maracuja & kiwi fruit 
32,3751610,MONYO Brewing Co.,Mange Tak,Sour - Fruited Berliner Weisse,https://untappd.com/b/monyo-brewing-co-mange-tak/3751610,3.3,N/A,3.66,402,04/15/20,"Idei második kollaborációnkban ötvöződik két szenvedélyünk: a specialty kávé és a kraft sör. Történt ugyanis, hogy kiderült: a Hygge baristái évek óta jó barátságot ápolnak a világ talán leghíresebb mikropörkölő üzemével, a dán Coffee Collective-vel és régi vágyuk már, hogy előbbi felhasználásával készítsenek egy kávés sört. Mi pedig nem tudtunk nemet mondani arra, hogy a Mikkeller vagy a Hills Farmstead után velünk dolgozzanak együtt, így elkezdtünk recepteken ötletelni – és végül megszületett a Mange Tak. A berliner weisse tejsavas savanyúságához tökéletesen passzol a kenyai Kieni kávé csersavas-citrusos karaktere, a rengeteg zamatos áfonya és a madagaszkári vanília pedig további mélységeket és szép balanszot ad a végeredménynek. Ráadásul frissítő karakteréhez hűen csak 3.3%-os az alkoholtartalma, így „egészestés” tételnek is ideális.----Our friends at Hygge are masters at the art, science, and complexity of coffee roasting, tasting, and extraction. For Mange Tak, we worked in conjunction with them to select a coffee that would perfectly support and complement our base berliner weisse. In the end, we’ve selected a Kenyan Kieni coffee from one of the most respected microroasteries, the danish Coffee Collective. It’s unique acidity pairs well with the chosen beer style, and to enhance it’s intense fruity aroma, we’ve also added copious amount of fresh blueberries and Madagascar vanilla to it. The result is truly greater than the sum of its parts.  "
33,3362487,MONYO Brewing Co.,Ich Bin Ein Hipster.,Sour - Fruited Berliner Weisse,https://untappd.com/b/monyo-brewing-co-ich-bin-ein-hipster/3362487,4.3,N/A,3.66,347,08/02/19,"Berliner Weisse with ton of ""Újfehértói fürtös"" Hungarian Sour Cherry. "
34,3483015,Dealbreaker,Unconditional Love,Sour - Fruited Berliner Weisse,https://untappd.com/b/dealbreaker-unconditional-love/3483015,3.6,5,3.66,2239,10/15/19,"Maracuja Berliner Weisse//Fruity, sour, vibrant and ethereal: resistance is futile so even trying is pointless. True unconditional love at first sip.Unconditioned Love is the remixed reincarnation of Ms. WorldWild, a classic by TuffBuzz, Peter's original project loaded with even more maracuja this time.//Gyümölcsös, savanyú, vibráló és könnyed: minden ellenállás hasztalan, és pont ezért próbálkozni sem érdemes. Feltétel nélküli igaz szerelem első kortyra.Az Unconditional Love még Pai eredeti projektje, a TuffBuzz Ms. WorldWild klasszikusának újrakevert, még több maracujával főzött reinkarnációja. "
35,5532254,Mad Scientist,Tokyo Soirée,Sour - Fruited Berliner Weisse,https://untappd.com/b/mad-scientist-tokyo-soiree/5532254,4.7,N/A,3.65,421,09/19/23,"Fruited Berliner Weisse with Mango, Green Tea & Yuzu "
36,4388661,Hajnali Sörfőzők,Fruit Fantasies II,Sour - Fruited Berliner Weisse,https://untappd.com/b/hajnali-sorfozok-fruit-fantasies-ii/4388661,4.6,N/A,3.65,245,07/01/21, 
37,4621041,INCZELLAR,Cucumber Fever Explorer,Sour - Fruited Berliner Weisse,https://untappd.com/b/inczellar-cucumber-fever-explorer/4621041,4.2,6,3.65,152,12/03/21,"Berliner Weisse kígyóuborkával, kenyai és nicaraguai cold brew kávéval, és eredeti norvég kveik élesztővel. A kenyai és nicaraguai világos pörkölésű kávébabokat az Arch&Beans Kávéművek pörkölte.Berliner Weisse with cucumber, Kenyan and Nicaraguan cold brew coffee, and original Norwegian kveik yeast. The Kenyan and Nicaraguan light roast coffee beans were roasted by Arch&Beans Coffee Works. "
38,3713150,Mad Scientist,Tokyo Sour,Sour - Fruited Berliner Weisse,https://untappd.com/b/mad-scientist-tokyo-sour/3713150,4.3,N/A,3.63,2054,03/09/20,Yuzu Lemonade Sour 
39,4375278,MONYO Brewing Co.,Berry Bradley,Sour - Fruited Berliner Weisse,https://untappd.com/b/monyo-brewing-co-berry-bradley/4375278,3.2,N/A,3.63,293,06/23/21,"Az idei első Summer Series tag megérkezett, hello Berry Bradley! Könnyű és frissítő Berliner weisse rengeteg meggyel, fekete ribizlivel és piros ribizlivel főzve. "
40,3601216,Reketye Brewing Co.,Pop My Cherry,Sour - Fruited Berliner Weisse,https://untappd.com/b/reketye-brewing-co-pop-my-cherry/3601216,6.0,10,3.63,1976,12/27/19,Cherry cheesecake berliner weisse. 
41,5885230,HORIZONT Brewing,Sour Series - Cooldown Symphony,Sour - Fruited Berliner Weisse,https://untappd.com/b/horizont-brewing-sour-series-cooldown-symphony/5885230,3.0,N/A,3.63,749,06/27/24,"Egy lime-os, savanyú tétel nyárra, amit feltuningoltunk egy jó adag mentával, és egy picike citromfűvel. A végeredmény egy nagyon kellemes cucc lett, ami annak ellenére, hogy savanyú, akár egy lime-os limonádé, durván itatja magát. Elég jó levezetése lehet egy forró nyári napnak, ami akár egy szimfónia, pihenteti és kikapcsolja az elmét és a testet is egyben.We wanted to create a quite sour brew reminiscent of Ice Tea Sour, which we’ve boosted with a good dose of mint and a touch of lemon balm.The result is a very pleasant drink that, despite being sour like a lime lemonade, is incredibly drinkable. "
42,5949682,Szent András Sörfőzde,Epres Búza,Sour - Fruited Berliner Weisse,https://untappd.com/b/szent-andras-sorfozde-epres-buza/5949682,3.7,7,3.62,341,08/17/24,"A korábban ""Rózsi"" néven futó Epres Búza egy alacsony alkoholtartalmú, német stílusú, berliner weisse búzasör a típusra jellemző tejsavas fanyarsággal, kellemesen szénsavas testtel és a zamatos eper érzéki játékával. Savanykás, de erősen gyümölcsös ízek, nem csak hölgyeknek.2025 előtt: 4.9%2025 után: 3.7% "
43,4329365,Fehér Nyúl,Hoppeln & Zwitschern,Sour - Fruited Berliner Weisse,https://untappd.com/b/feher-nyul-hoppeln-and-zwitschern/4329365,4.5,6,3.62,696,05/25/21,"Kollaborációs főzet a német Brauerei Flüggével. Kávés Berliner Weisse, amiben az enyhén pörkölt kávé aromái párosulnak a savanyított sör fűszerességével.Collaboration brew with the German Brauerei Flügge. Coffee Berliner Weisse, in which the mildly roasted coffee’s aromas pair with the sour base beer’s spiciness. "
44,6257575,Fehér Nyúl,Vision,Sour - Fruited Berliner Weisse,https://untappd.com/b/feher-nyul-vision/6257575,3.3,N/A,3.62,237,05/09/25,"Volt egy víziónk, ahol a málna és a kávé találkozik. Egy hely, ahol a fanyar és az édes kávébabokba ütközik és valami történik. Ez a vízió egy formulába öntődött. A könnyed Berliner Weisse alapba belesimul a málna és a specialty kávé, a következő korty pedig az álmaidban ér utol.We had a vision where raspberry and coffee meet. A place where tartness and sweetness collide with coffee beans — and something happens. This vision turned into a formula. Raspberry and specialty coffee blend into a light Berliner Weisse base, and the next sip finds you even in your dreams. "
45,4773347,Mad Scientist,Identity Enhancer,Sour - Fruited Berliner Weisse,https://untappd.com/b/mad-scientist-identity-enhancer/4773347,5.0,N/A,3.61,793,03/28/22,"Smoothie Style Berliner Weisse w/ pear, chokeberry, strawberry, blackcurrant, blackberry, elderberry, cacao nibs & coconut yogurt "
46,4927461,MONYO Brewing Co.,MONYO X Tasters - Elder Power,Sour - Fruited Berliner Weisse,https://untappd.com/b/monyo-brewing-co-monyo-x-tasters-elder-power/4927461,3.8,N/A,3.61,288,07/11/22,"A nyár leglazább söre megérkezett!A kollabok éve folytatódik, ezúttal egy külföldi partnerünkkel, a dán Tasters-el alkottunk közösen valami újat és izgalmasat.Az Elder Power egy mindössze 3.8%-os Berliner Weisse (savanyított búzasör), amihez jókora adag bodzavirágot és pink guava gyümölcspürét adagoltunk. Könnyű, fanyar és frissítő gyümölcsbomba, a korty végén pedig a malátás jegyek is szépen jönnek. Az alacsony alkoholtartalma miatt a legforróbb nyári napokat is könnyebben elviselhetővé teszi. Frissülj fel vele! "
47,4846546,Mad Scientist,Jungle VIP,Sour - Fruited Berliner Weisse,https://untappd.com/b/mad-scientist-jungle-vip/4846546,5.9,N/A,3.6,932,05/18/22,"Double Fruited Berliner Weisse With Mango, Banana & Vanilla "
48,4748265,Reketye Brewing Co.,Pop My Grapefruit,Sour - Fruited Berliner Weisse,https://untappd.com/b/reketye-brewing-co-pop-my-grapefruit/4748265,6.0,N/A,3.59,211,03/11/22, 
49,4496674,Dealbreaker,Wake-up Shot,Sour - Fruited Berliner Weisse,https://untappd.com/b/dealbreaker-wake-up-shot/4496674,4.7,N/A,3.59,613,09/09/21,"Fruited Berliner Weisse w. Cold Brew Coffee//You wake up in an orchard and coffee pulsates in your brain. Our collaboration with fellow Hungaricool-winners is a sour beer brewed with raspberry syrup from Spritz, cranberry juice from Funky Forest and twisted with Boro Coffee's Brazilian and Nicaraguan coffee beans. A trip you'll never forget.//Egy gyümölcsösben ébredsz és kávé folyik az agyvized helyén is. Ezt a savanyú sört a szintén Hungaricool-győztes Spritz málnaszörpjével és a Funky Forest tőzegáfonyájával alkottuk meg, majd végül a Boro Coffee brazil és nicaraguai kávéival csavartuk szét. Ezt a kalandot sosem felejted. "
0,3637828,B*BOP FERMENTORY,SOLEA,Sour - Fruited Gose,https://untappd.com/b/b-bop-fermentory-solea/3637828,5.3,N/A,3.93,472,01/22/20,"Apricot Mango Black Pepper Sorbet Gose.A salty, smooth and tart Gose fermented with huge amounts of Hungarian apricot, fresh mango purée, ashanti pepper and pink himalayan rock salt.Brewed to celebrate the legendary Miles Davis. "
1,4825849,B*BOP FERMENTORY,MUKHALLAT,Sour - Fruited Gose,https://untappd.com/b/b-bop-fermentory-mukhallat/4825849,8.0,N/A,3.89,484,05/04/22,"Framboise Saffron Cumeo Pepper Nu Gose.A smooth, refreshing and delicate Nu Gose fermented with Willamette raspberries, Spanish saffron, Vietnamese Cumeo pepper and Pakistani Halite diamond salt. This is the sixth beer of my Nu- series, which means a modern, “new age” take on the traditional beer styles- this time brewed with Vietnamese Cumeo pepper and Spanish saffron instead of hops, a pinch of Pakistani diamond salt for the mouthfeel and fermented on huge amounts of Willamette raspberries to make thirst even more yummy.Brewed to celebrate the O.G. saxophonist Kamasi Washington and taking a honour to my lovely sweet grandma who are survived a stroke a few months ago. "
2,5741057,One Beer,Sugar Lips Green Apple Edition,Sour - Fruited Gose,https://untappd.com/b/one-beer-sugar-lips-green-apple-edition/5741057,4.5,N/A,3.88,426,03/08/24, 
3,4451160,Brew Your Mind,Fruit Works - Raspberry Gose,Sour - Fruited Gose,https://untappd.com/b/brew-your-mind-fruit-works-raspberry-gose/4451160,5.7,N/A,3.87,568,08/08/21,"The saltiness that hides in the background balances out the acidity of the generous amount of raspberries we added to this beer, creating a harmonic drinking experience. "
4,4463863,B*BOP FERMENTORY,GUINNEVERE,Sour - Fruited Gose,https://untappd.com/b/b-bop-fermentory-guinnevere/4463863,4.6,N/A,3.87,380,08/17/21,"Jungle Bramble Toucan Sorbet Gose.A gin-based tropical Bramble cocktail inspired refreshing, tart, fizzy and juicy Nu-Gose fermented with Vietnamese calamansi, Ecuadorian passionfruits, Sicilian lemons, fresh juniper berries, ginger, rosemary and Pakistani halite diamond salt. This beer is brewed with a blend of well selected fresh gin botanicals instead of hops, then fermented on rich and juicy Calamansi, vibrant citrus and a matching rock salt.This is the first beer of the RARE series, which are keg only small batches. This beer is inspired and officially approved by Christian Scott aTunde Adjuah’s and my friend Alex Han’s amazing take on the cultic song called “Guinnevere”, on Christian Scott’s latest live album called “Axiom”. "
5,5183743,Gravity Brewing,Solstice - Winter Sour,Sour - Fruited Gose,https://untappd.com/b/gravity-brewing-solstice-winter-sour/5183743,6.0,13,3.87,536,12/31/22,"A honey-sweet base of red malts and toasted oats forms the backdrop for a huge dose of juicy, floral guava. Calamansi accentuates Solstice's clean citrus acidity with notes of tropical spice, while a touch of pure halite salt draws out the finish. "
6,4353904,Hara’Punk Brewing,Managoo,Sour - Fruited Gose,https://untappd.com/b/hara-punk-brewing-managoo/4353904,4.5,10,3.83,660,06/10/21,"Egy igazi nyári, gyümölcsös, könnyed sör. Illatában uralkodik benne a mangó, de ez nem is meglepő, hiszen rengeteg mangópürét lőttünk bele a erjesztő tartályba. Tudtuk, hogy egy kis sav is kell majd mellé, ezért ha már felültünk a gyümölcsös vonatra, akkor a szokásos megoldások helyett inkább egy kevés citrommal tettük enyhén fanyarrá, amit egy kis laktózzal finomhangoltunk. "
7,5825702,Mad Scientist,Raspberry Trifle Junior,Sour - Fruited Gose,https://untappd.com/b/mad-scientist-raspberry-trifle-junior/5825702,6.2,N/A,3.82,846,05/12/24,"Fruited Gose With Raspberry & VanillaAfter the success of Blackcurrant Trifle Junior's first batch, we wanted to create the magic again for the Summer of 2024 with the fruit that fitted the recipe the most. This is what a proper sour should taste like, no gimmicks, no artificial flavors, just crisp fruit puree and real vanilla! "
8,6272172,HopTop Brewery,Mirage Show,Sour - Fruited Gose,https://untappd.com/b/hoptop-brewery-mirage-show/6272172,3.4,N/A,3.82,224,05/20/25,"Mirage Show is a tropical sour bursting with mango, peach, and a creamy touch of coconut. Juicy, smooth, and just the right amount of tart — like a fruity daydream in a glass. "
9,6369489,One Beer,Sugar Lips Passion Fruit Edition,Sour - Fruited Gose,https://untappd.com/b/one-beer-sugar-lips-passion-fruit-edition/6369489,3.2,N/A,3.82,190,08/08/25, 
10,5681960,Mad Scientist,Blackcurrant Trifle Junior,Sour - Fruited Gose,https://untappd.com/b/mad-scientist-blackcurrant-trifle-junior/5681960,6.7,N/A,3.81,1383,01/16/24,"Fruited Gose With Blackcurrant & VanillaThe Blackcurrant Trifle Junior is both sweet and sour at the same time, with a bursting fruity mouthfeel and a semi-dry red wine finish that is just screaming for the next sip. Our favorite fruit hasn’t let us down this time either, and the playfulness due to the “restrained” abv guarantees that it won’t be just a one-can adventure!The first batch was 6,3%The second has the abv of 6,7% "
11,3668106,Brew Your Mind,"Fruit Works - Mango, Passion Fruit & Peach",Sour - Fruited Gose,https://untappd.com/b/brew-your-mind-fruit-works-mango-passion-fruit-and-peach/3668106,7.9,N/A,3.8,197,02/11/20,"imperial gose with mango, passion fruit & peach "
12,3446078,Brew Your Mind,Fruit Works - Raspberry Gose 2020,Sour - Fruited Gose,https://untappd.com/b/brew-your-mind-fruit-works-raspberry-gose-2020/3446078,6.5,N/A,3.8,474,09/22/19,"The saltiness that hides in the background balances out the acidity of the generous amount of raspberries we added to this beer, creating a harmonic drinking experience. "
13,5443424,HopTails Brewery,Common Ground,Sour - Fruited Gose,https://untappd.com/b/hoptails-brewery-common-ground/5443424,6.0,N/A,3.79,264,07/14/23,"Feketeribizli, Gyömbér, TonkababBlackcurrant, Ginger, Tonka beans "
14,3897114,Reketye Brewing Co.,I Want To Go Sailing With You,Sour - Fruited Gose,https://untappd.com/b/reketye-brewing-co-i-want-to-go-sailing-with-you/3897114,5.0,N/A,3.79,698,07/31/20,"We made this beer to make Your (and our ?) summer even better! Moderately salty, pretty sour and packed with a LOT of mango and raspberries balanced out with a pinch of lactose. Super refreshing. Enjoy! "
15,4308459,Reketye Brewing Co.,Double Sailing,Sour - Fruited Gose,https://untappd.com/b/reketye-brewing-co-double-sailing/4308459,8.4,N/A,3.78,207,05/12/21, 
16,4938573,Hara’Punk Brewing,Managoo Deluxe,Sour - Fruited Gose,https://untappd.com/b/hara-punk-brewing-managoo-deluxe/4938573,6.4,9,3.76,155,07/19/22,"Az eleve szuper mangós Managoo sörünkben megdupláztuk a mangó mennyiségét egy főzet erejéig. A többi hozzávaló mennyiségén is csavartunk természetesen, így született meg a Hara'Punk házi mangó shake-je, a dupla Managoo, vagyis a Managoo Deluxe. "
17,4866267,Mad Scientist,Hustle Culture,Sour - Fruited Gose,https://untappd.com/b/mad-scientist-hustle-culture/4866267,5.6,N/A,3.75,899,05/31/22,Double Fruited Soursop Margarita Gose 
18,4690087,Dealbreaker,Track Tokushima,Sour - Fruited Gose,https://untappd.com/b/dealbreaker-track-tokushima/4690087,4.9,N/A,3.75,591,01/24/22,"Fruited Pastry Gose with Blueberry, Sudachi and Vanilla//We've been cooking this collab up with our chef friend Norbert Piszkor for so long it might have just been a dream. Still, the beer is finally here: an insane amount of blueberry, a special Japanese citrus called sudachi, Madagascar Bourbon vanilla, a pinch of lactose and salt from Praid set the tone in our first gose.//Olyan régóta terveztük ezt a kollabot Piszkor Norbi séf barátunkkal, hogy talán csak álmodtuk. A sör most mégis itt van: végtelenül sok áfonya, egy különleges japán citrusféle, a sudachi, madagaszkári Bourbon vanília, egy csipet laktóz és parajdi só tartja végig teljes lángon első gose sörünket. "
19,3560303,Mad Scientist,Coconut Margarita,Sour - Fruited Gose,https://untappd.com/b/mad-scientist-coconut-margarita/3560303,8.1,N/A,3.75,1780,12/02/19,Imperial Gose With Lime and Coconut 
20,6310743,Unity Bar & Brewery,Strawberry X Cucumber Sour,Sour - Fruited Gose,https://untappd.com/b/unity-bar-and-brewery-strawberry-x-cucumber-sour/6310743,6.0,10,3.74,462,06/20/25,"A truly refreshing, very summery, and vibrant sour. Packed with strawberry puree, and pureed cucumbers. Sour, yet creamy, and full. NO LACTOSE "
21,5478388,HopTails Brewery,Black Basilisk,Sour - Fruited Gose,https://untappd.com/b/hoptails-brewery-black-basilisk/5478388,4.5,N/A,3.74,316,08/08/23,"Feketeribizli, Bazsalikom.Blackcurrant, Basil. "
22,5369563,Reketye Brewing Co.,Realize,Sour - Fruited Gose,https://untappd.com/b/reketye-brewing-co-realize/5369563,6.0,N/A,3.74,290,05/22/23,"BPBW2023 RELEASE Brother of Wreckonize! A Nu Gose brewed with rosemary, juniper berries, coriander seeds and angelica roots instead of hops, infused with smoked celery and apples with orange peel and cactus water. WHAT? YES! "
23,3883525,MONYO Brewing Co.,Strawberry Steve,Sour - Fruited Gose,https://untappd.com/b/monyo-brewing-co-strawberry-steve/3883525,4.1,N/A,3.74,368,07/22/20,"Megérkezett a “Summer Series” névre keresztelt nyári sorozatunk második tagja, egy szuper gyümölcsös és frissítő gose (ejtsd: góze), a Strawberry Steve. A gose eredetileg egy tradicionális német sörtípus, sós-korianderes savanyú búzasör. Az USA-ban található kraft sörfőzdék ezt a stílust is felfedezték és újraértelmezték az elmúlt évtizedekben, legtöbbször rengeteg gyümölcs felhasználásával dobják fel az alap stílust.A mi változatunk is az újhullámos gose vonalra illeszkedik. Az alapsört a főzés alatt koriandermaggal és rózsaszín himalája sóval fűszereztük, majd az erjesztőtartályban történt a gyümölcs addíció. A 2000 liter sörbe összesen 400 liter eperlé, illetve 80kg eperpüré került, amit egy kis lime-mal bolondítottunk meg. A végeredmény szerintünk egy nagyon kerek és egyensúlyban lévő sör lett, amiben minden extra összetevő kiérezhető. Alacsony alkoholtartalma és a fanyarsága miatt forró nyári estékre ajánljuk leginkább.---The second member of our seasonal Summer Series is here! The Strawberry Steve is a super-fruity, refreshing gose. Our version fits this new wave style. Wort was spiced up with coriander seed and pink Himalayan salt, then the fruit addition took place in the fermentation tank: for a batch of 2000 liters, there are 400 liters of strawberry juice, 80 kg of strawberry purée and some lime just for the taste and fun.We think the result is a nice, balanced beer, we can sense all ingredients. "
24,4940815,SIMA brewing,Dr. GuGo,Sour - Fruited Gose,https://untappd.com/b/sima-brewing-dr-gugo/4940815,3.7,N/A,3.73,321,07/21/22,"A Dr. GuGo egy Guavás Gose, kiváló választás hőségriadó ellen. 3,7%-os alkoholtartalmával igazán kellemes, lightos frissítő. Lactobacillussal savanyított, korianderrel forralt, jókora adag guavával együtt erjesztett sörünk zamatait a pink himalaya só domborítja ki. Annyira, hogy egyből még egyet kívánsz belőle. (Nem csak) házi doktorunk ajánlásával. "
25,6272156,HopTop Brewery,Velvet Raptor,Sour - Fruited Gose,https://untappd.com/b/hoptop-brewery-velvet-raptor/6272156,3.8,N/A,3.73,259,05/20/25,Blackberry and blackcurrant sour with mint and vanilla 
26,4495414,MONYO Brewing Co.,Guava Grace,Sour - Fruited Gose,https://untappd.com/b/monyo-brewing-co-guava-grace/4495414,4.0,N/A,3.73,294,09/08/21,Summer Series #6: Gose brewed with Guava & Strawberry 
27,5900588,Mad Scientist,Go Loko,Sour - Fruited Gose,https://untappd.com/b/mad-scientist-go-loko/5900588,5.8,N/A,3.73,666,07/09/24,"Fruited Gose With Raspberry, Rhubarb and Cinnamon brewed together with Josh from Rascals during BPBW Budapest Beer Week 2024 (following up our collaboration Loco Sour brewed in Dublin) trying to recreate the typical Irish dessert Rhubarb & Raspberry Crumble "
28,4906010,Félegyházi Sörműhely,Málnás Gose,Sour - Fruited Gose,https://untappd.com/b/felegyhazi-sormuhely-malnas-gose/4906010,5.0,N/A,3.72,355,06/26/22, 
29,4516784,Reketye Brewing Co.,Still Want To Go Sailing With You,Sour - Fruited Gose,https://untappd.com/b/reketye-brewing-co-still-want-to-go-sailing-with-you/4516784,5.0,N/A,3.72,342,09/23/21, 
30,5766482,MONYO Brewing Co.,MOJO WORKIN'24: Curry X Apricot X Lime Gose,Sour - Fruited Gose,https://untappd.com/b/monyo-brewing-co-mojo-workin-24-curry-x-apricot-x-lime-gose/5766482,4.0,N/A,3.72,800,03/28/24,"Óriási sikert aratott az új MOJO WORKIN'24 széria debütáló tagja, a DDH Double New England IPA. Most pedig már érkezik is a második tag. Fedezd fel ezt a különleges ízvilágú gose-t, ami egyedi módon ötvözi a hagyományos sós-savanyú sör jellegzetességeit az egzotikus fűszerekkel és gyümölcsökkel.A curry pikáns aromája, a frissítő lime savanykássága és a sárgabarack édes íze harmonikus egyensúlyt teremt. Ez a sör tökéletes választás azoknak, akik szeretik a különleges ízkombinációkat és nyitottak az új gasztronómiai élményekre.A curry, lime és sárgabarack összhangja egyedi ízélményt nyújt, amelyet a gose jellegzetes sós-savanyú karaktere tesz kerek egésszé.De mi az a MOJO WORKIN'24 széria? Kompromisszum nélküli kraft sörök a legújabb trendeknek megfelelően. Limitált kiadású, szuperprémium sorozat, amely mindig reflektál aktuális évszakra. Ráadásul egy teljesen új és egyedi arculatba csomagoltuk őket, amelyhez egy csipetnyi aranyat is felhasználtunk.  "
31,5369572,Reketye Brewing Co.,Emotional Damage,Sour - Fruited Gose,https://untappd.com/b/reketye-brewing-co-emotional-demage/5369572,5.5,15,3.71,291,05/22/23,BPBW 2023 Release collab with out friends from Bulgaria. Strawberry and Maracuja in silly amounts 
32,6198518,HORIZONT Brewing,Sour Series - Time For A Restart,Sour - Fruited Gose,https://untappd.com/b/horizont-brewing-sour-series-time-for-a-restart/6198518,4.1,N/A,3.71,693,03/21/25,"Egy nagyon menő tavaszindító tétel. Gose, tehát savanyú sör egy pici sóval, amit megbolondítottunk egy rakat uborkával, egy kis gyömbérrel és lime-mal.  "
33,4077874,Mad Scientist,Superfreak,Sour - Fruited Gose,https://untappd.com/b/mad-scientist-superfreak/4077874,5.5,N/A,3.7,914,11/30/20,Triple Fruited Gose with Strawberry & Purple Basil 
34,5371579,SIMA brewing,Yellow Mellow,Sour - Fruited Gose,https://untappd.com/b/sima-brewing-yellow-mellow/5371579,3.7,N/A,3.7,232,05/24/23,"Könnyed, balanszos savanya egy raklap maracujával. Sárgább, mint a napsugár. Mi így várjuk a nyarat! "
35,4301007,UGAR Brewery,Tropical Speedo - Mango,Sour - Fruited Gose,https://untappd.com/b/ugar-brewery-tropical-speedo-mango/4301007,4.5,N/A,3.69,181,05/07/21,Mango infused gose. 
36,5051451,Mad Scientist,Double Rainbow All the Way Across the Sky,Sour - Fruited Gose,https://untappd.com/b/mad-scientist-double-rainbow-all-the-way-across-the-sky/5051451,6.3,N/A,3.69,991,10/03/22,"Double Fruited Sour Ale With Guava, Cactus Fig & Lime collab  with our friends at Stigbergets (SWE) "
37,5401372,Reketye Brewing Co.,HisBicus,Sour - Fruited Gose,https://untappd.com/b/reketye-brewing-co-hisbicus/5401372,5.0,N/A,3.69,165,06/14/23,Mentás-ribizlis-hibiszkuszos Gose. 
38,4803758,Gravity Brewing,Equinox - Spring Sour,Sour - Fruited Gose,https://untappd.com/b/gravity-brewing-equinox-spring-sour/4803758,5.0,10,3.69,684,04/18/22,"Rhubarb pie in a glass.Every year as the weather warms, we look to crisp, tart rhubarb for inspiration. No strawberries here -- only rhubarb's delicate spice mingled with a big dose of gooseberries and a touch of orange.For 2025, gooseberries layer their fresh garden aromas onto the rhubarb's savoury backbone, while orange zest notes linger in the finish.Accented with pure halite salt and fresh NZ Pacifica hops, the result is a bright, effervescent sour that sparkles on the tongue and encourages another slice. "
39,2653368,Dimbo Lab,Black Currant Sour Milkshake Gose,Sour - Fruited Gose,https://untappd.com/b/dimbo-lab-black-currant-sour-milkshake-gose/2653368,6.2,N/A,3.69,480,05/17/18, 
40,4448696,Fehér Nyúl,Mannarea,Sour - Fruited Gose,https://untappd.com/b/feher-nyul-mannarea/4448696,5.8,6,3.69,400,08/07/21,"Az indiai lassi ihlette mangós gose, laktózzal. 1000 liter készült, amibe 100 kg mangópürét tettünk. Igazi gyümölcsbomba.Inspired by the indian lassi, this mango infused gose brewed with lactose is a real fruit bomb. We brewed 1000 liter and added 100 kg of mango purée to it. "
41,2664393,HopTop Brewery,Mangose,Sour - Fruited Gose,https://untappd.com/b/hoptop-brewery-mangose/2664393,5.5,7,3.68,323,05/23/18,"A pleasantly sour, sessionable beer. Hops are not dominating. The added see salt, coriander and mango provide us with a really interesting taste. "
42,5389764,Ezittaz Brewery,Savanyú Szamuráj,Sour - Fruited Gose,https://untappd.com/b/ezittaz-brewery-savanyu-szamuraj/5389764,4.5,N/A,3.68,183,06/05/23,"Megpakoltuk azt a bizonyos táskát, így került bele zöldszőlő-lé, meggy, feketeberkenye, kaffir lime levél, kávé és hogy legyen egy kedves lecsengése, némi vanília is. "
43,6272164,HopTop Brewery,Punkberry Splash,Sour - Fruited Gose,https://untappd.com/b/hoptop-brewery-punkberry-splash/6272164,3.5,N/A,3.68,234,05/20/25,"Punkberry Splash is a vibrant pineapple-strawberry sour with a tangy twist. Fresh, fruity, and refreshingly tart—it's a bold splash of summer in every sip. "
44,6589658,Etyeki Sörmanufaktúra,Guilty Pleasure,Sour - Fruited Gose,https://untappd.com/b/etyeki-sormanufaktura-guilty-pleasure/6589658,5.4,10,3.67,233,02/04/26,"A BeerPorn.hu sörmagazin is elérkezett az X-hez. 10 évesek lettek, ennek örömére megalkottuk a Guilty Pleasure-t. Kellemesen fanyar, erősen savanyú, száraz kortyérzet, 5,4-es alkohol, pici só. Na mi lehet ez? Pirosribizli + rozmaring násza egy gose alapon. "
45,6373511,Fehér Nyúl,Wonderlanding,Sour - Fruited Gose,https://untappd.com/b/feher-nyul-wonderlanding/6373511,3.9,N/A,3.67,223,08/11/25,"Landoltunk egy világba, ahol megremegett a föld, kitört a belseje, majd újra csend lett, és csak az édes, fűszeres harmat maradt. Sárgabarackokat lövellt ki a hegy magából, és fa méretű rozmaringok sorakoztak mindenfelé! Elhoztuk, most itt van, színes, fanyar, rozmaringos, krémes, barackos és SÁRGA. Színből született és színné lett. We landed in a world where the ground trembled, its insides erupted, and then there was silence once again, leaving only a sweet, spicy dew. The mountain shot out apricots, and tree-sized rosemary lined the landscape! We brought it back, and now it's here: colorful, tart, rosemary-infused, creamy, peachy, and YELLOW. Born from the colour and became the colour. "
46,3907545,InVitro Brewing,Not A Fairy Tale,Sour - Fruited Gose,https://untappd.com/b/invitro-brewing-not-a-fairy-tale/3907545,6.0,N/A,3.66,210,08/07/20,"Made with lemon zest, pink peppercorn, coriander seed, mango and blackberry puree.Tart and slightly salty thirst-quencher, ideal for hot summer days. "
47,5677515,Félegyházi Sörműhely,Pina Colada Sour Ale,Sour - Fruited Gose,https://untappd.com/b/felegyhazi-sormuhely-pina-colada-sour-ale/5677515,5.0,N/A,3.66,178,01/12/24, 
48,3804104,Fehér Nyúl,Lime Tears (2022 - old recipe),Sour - Fruited Gose,https://untappd.com/b/feher-nyul-lime-tears-2022-old-recipe/3804104,5.5,10,3.65,1111,05/29/20,Friss lime héjával és levével ízesített gose. Igazi nyári frissítő.Gose with fresh lime peel and juice. A true summer  refreshment. 
49,2709860,Mad Scientist,Margarita Madness,Sour - Fruited Gose,https://untappd.com/b/mad-scientist-margarita-madness/2709860,3.5,N/A,3.65,209,06/20/18,"Lime GoseItt a görög joghurttal savanyított ""madness"" sorozat következő epizódja! Irtózatos mennyiségű limeal, alacsony alkoholtartalommal és egy pici tengeri sóval.Ha valaki ütősebbre szeretné gyűrni, akkor egy feller tequilával meg lehet bolondítani (hagytunk neki helyet benne :P). Mi ugye a hazai törvényeknek eleget téve nem tehetünk a sörbe más alkoholt. Ti viszont igen. "
0,3782906,MadX,Rimshot,Sour - Other,https://untappd.com/b/madx-rimshot/3782906,5.7,N/A,3.9,244,05/12/20,Scotch Barrel Aged Golden Sour Ale with Lemon and Tarocco Blood Orange collab w/ B*BOP Fermentory (HUN) 
1,3893076,MadX,Fantastic Yeasts And Where To Find Them Purple Basil,Sour - Other,https://untappd.com/b/madx-fantastic-yeasts-and-where-to-find-them-purple-basil/3893076,6.4,N/A,3.89,468,07/28/20,Barrel Aged Golden Sour Ale with Purple Basil 
2,2890837,Reczer Ser,Collabrew Series #8 - Easy Peasy Apricot Squeezy,Sour - Other,https://untappd.com/b/reczer-ser-collabrew-series-8-easy-peasy-apricot-squeezy/2890837,5.8,27,3.88,208,10/13/18,"Miután Boti megszerezte az országban fellelhető összes kajszibarackot - nehéz dolga volt az idei fagykárok után - felhívott, hogy figyelj haver, van itt közel 200 kiló friss, lédús, napérlelte kajszibarack Göncről, itt az ideje egy közös főzésnek. Mielőtt a pálinka- és lekvárfőző brigádok ellátták volna a bajunkat a terményért, villámgyorsan, vállat vonva, sejtelmes mosollyal az arcunkon belelapátoltuk az összeset egy ínyenc Sour Ale-be. Épp a szemed előtt pompázik a végeredmény, zavarba ejtően zamatos nektár lett belőle. Apricot talks! "
3,4213681,MadX,Ascension,Sour - Other,https://untappd.com/b/madx-ascension/4213681,6.0,N/A,3.88,240,03/10/21,Dry Hopped Barrel Aged Golden Ale Blend 
4,3905845,MadX,Fantastic Yeasts And Where To Find Them Elderflower,Sour - Other,https://untappd.com/b/madx-fantastic-yeasts-and-where-to-find-them-elderflower/3905845,6.4,N/A,3.87,313,08/06/20,Barrel Aged Golden Sour Ale with Elderflower 
5,3863998,MadX,Needles And Pins,Sour - Other,https://untappd.com/b/madx-needles-and-pins/3863998,6.7,N/A,3.83,519,07/09/20,Barrel Aged Raw Golden Sour Beer with Spruce Tips and Juniper Berries brewed together with our friends at CoolHead Brew from Finland 
6,4783431,MadX,Fantastic Yeasts And Where To Find Them Purple Basil 2021,Sour - Other,https://untappd.com/b/madx-fantastic-yeasts-and-where-to-find-them-purple-basil-2021/4783431,5.9,N/A,3.81,230,04/04/22,"The 2021 version of our Barrel Aged Golden Sour Ale with Purple Basil, released in the April of 2022 "
7,5180287,MadX,Fantastic Yeasts And Where To Find Them Elderflower 2022,Sour - Other,https://untappd.com/b/madx-fantastic-yeasts-and-where-to-find-them-elderflower-2022/5180287,6.0,N/A,3.81,165,12/29/22,The 2022 version of our Barrel Aged Golden Sour Ale with Elderflower 
8,4990365,B*BOP FERMENTORY,BAGIRAH,Sour - Other,https://untappd.com/b/b-bop-fermentory-bagirah/4990365,4.5,N/A,3.81,335,08/23/22,"Citromail Gang Nu Sour.A gin fizz inspired refreshing and drinkable Nu Sour Ale fermented with Sicilian lemons, key lime purée, a blend of well selected gin botanicals: juniper berries, Norwegian angelica roots, coriander seeds, ginger, rosemary and Pakistani diamond salt.Brewed to celebrate Beton.Hofi’s new album Playbánia. "
9,4745715,B*BOP FERMENTORY,TWISTED HIGHNESS,Sour - Other,https://untappd.com/b/b-bop-fermentory-twisted-highness/4745715,8.5,N/A,3.81,338,03/09/22,"A Singapore Sling cocktail inspired smooth, tart and delicate Imperial Nu Sour Ale fermented with amounts of Morello cherries, Palo Santo wood, fresh sage, a light blend of gin botanicals and Korean juk-yom bamboo salt. Made specially for LEO Rooftop Bar & LEO Bistro. "
10,4093901,MadX,Fantastic Yeasts And Where To Find Them Porcini,Sour - Other,https://untappd.com/b/madx-fantastic-yeasts-and-where-to-find-them-porcini/4093901,7.0,N/A,3.79,195,12/11/20,Barrel Aged Golden Sour Ale with Porcini MushroomsThe 3rd release of our 'Fantastic Yeasts And Where To Find Them' series 
11,4615863,Kecskeméti Sörmanufaktúra,TEPACHE,Sour - Other,https://untappd.com/b/kecskemeti-sormanufaktura-tepache/4615863,7.2,7,3.79,305,11/28/21,"A Tepache egy tradicionális mexikói ital, amit más néven “felnőtt üdítőnek” is neveznek. Erjesztett ananász héjából készül, némi fahéj, szegfűszeg és muscovado cukor hozzáadásával. Ezt a latin-amerikai különlegességet csempésztük bele ebbe a magasabb alkoholtartalmú savanyú sörbe, rengeteg gyümölcs és fűszer hozzáadásával. Ha nagyon kemény vagy, tequilával kíséred amigo. "
12,3776641,HORIZONT Brewing,Sour Series 002 - Blackberry Brett Sour Ale,Sour - Other,https://untappd.com/b/horizont-brewing-sour-series-002-blackberry-brett-sour-ale/3776641,5.5,20,3.79,182,05/07/20,"A wild sour ale with Brettanomyces aged in white wine barrels with blackberry puree. Funky, wild ale notes with blackberry flavors and subtle wine-like, oak aftertaste. This is closest to a flanders red in flavors and complexity but with fruits added. This 2 year long project involved a Saison base for this beer, a long fermentation with brettanomyces and pediococcus and an aging for 6 months in white wine barrels with fruit purees added. The result is a real special beer recommended for special occasions, to share or to enjoy on your own. "
13,5093913,HORIZONT Brewing,Sour Series Black Forest Sour Ale Aged In Bock Red Wine Barrels,Sour - Other,https://untappd.com/b/horizont-brewing-sour-series-black-forest-sour-ale-aged-in-bock-red-wine-barrels/5093913,9.9,N/A,3.77,491,10/28/22,"A BOCK pincészet vörösboros hordóiban érlelt dark sour ale, krémes, enyhén savas testtel, az eper és meggy kellemes ízjegyeivel, melyeket a vanília tesz teljessé. Aged in the red wine barrels of BOCK winery. A beautiful dark sour ale made with strawberry, cherry and vanilla.  "
14,5478081,INCZELLAR,To Be So Da,Sour - Other,https://untappd.com/b/inczellar-to-be-so-da/5478081,4.6,6,3.74,330,08/08/23,"Sour Ale citromhéjjal, gyömbérrel és borókabogyóval.Sour Ale with lemon zest, ginger and juniper berries. "
15,3977236,Fehér Nyúl,Cabroncita,Sour - Other,https://untappd.com/b/feher-nyul-cabroncita/3977236,7.0,32,3.73,793,09/24/20,"Cabroncita, azaz ""Kábronszitá"" a kompromisszumokat nem ismerő nő, aki kedves és harapós egyszemélyben. Körülbelül így kell elképzelni a Kísérleti Nyúl sörünk személyiségét, ami egy ananásszal és mangóval készült gyümölcsös savanyított kveik, Trinidad Scorpio chilivel.Cabroncita is a non-compromising lady, who is friendly but fierce at the same time. This is more or less how you should approach this Experimental Rabbit, which is a sourkveik infused with pineapple, mango and Trinidad Scorpio chili.  "
16,5341052,Mad Scientist,Ghost Note,Sour - Other,https://untappd.com/b/mad-scientist-ghost-note/5341052,8.4,N/A,3.72,1409,05/02/23,Peated Whiskey Nitro Sour collab w/ B*BOP Fermentory 
17,5624275,INCZELLAR,Dupla TO BE SO DA,Sour - Other,https://untappd.com/b/inczellar-dupla-to-be-so-da/5624275,7.0,N/A,3.69,171,11/29/23,"Imperial sour ale típusú szűretlen felsőerjesztésű sör citromhéjjal, gyömbérrel és borókabogyóval.Imperial sour ale with lemon zest, ginger and juniper berries.  "
18,2841437,HORIZONT Brewing,Pilot Series #12 - Dry Hopped Sour Ale,Sour - Other,https://untappd.com/b/horizont-brewing-pilot-series-12-dry-hopped-sour-ale/2841437,4.4,25,3.68,214,09/12/18,"Frissítő és könnyed savanyú sör, rengeteg Citra és Nelson Sauvin komlóval hidegkomlózva. Refreshing and easy, tart sour ale, dry hopped with a good amount of Citra and Nelson Sauvin hops.  "
19,5980520,UGAR Brewery,Orange Espresso Sunrise,Sour - Other,https://untappd.com/b/ugar-brewery-orange-espresso-sunrise/5980520,6.5,N/A,3.68,279,09/12/24, 
20,3802485,Zentus Craft Beer,Zentus Elder Sister,Sour - Other,https://untappd.com/b/zentus-craft-beer-zentus-elder-sister/3802485,3.5,6,3.66,233,05/28/20,"sour ale /w organic soaked elderflower, lactobacillus + original Kveik - Norwegian Farmhouse YeastPart of Sour Sisters "
21,5487178,LöWOLF Craft Beer Co.,Juicy Forest,Sour - Other,https://untappd.com/b/lowolf-craft-beer-co-juicy-forest/5487178,5.0,11,3.64,176,08/15/23,"(Wild Berry) Breakfast SOUR ALE • EN: It’s a SOUR ALE inspirated by the Wild Berries like Chokeberry, Strawberry, Blackberry, Elderberry, Blackcurrant and we also added some lactose to make the mounthfeel even skiller.• HU: A „JUICY FOREST” az első savanyú sörünk, olyan erdei bogyós gyümölcsök inspiráltak, mit például a szeder, feketeribizli, eper, berkenye, bodza. A savanykás jegyeket mellett a kortyérzetet némi laktóz hozzáadásával tettük selymesebbé. "
22,4930810,HORIZONT Brewing,Sour Series - Barrel Aged Imperial Sour Ale with Tangerine & Chocolate,Sour - Other,https://untappd.com/b/horizont-brewing-sour-series-barrel-aged-imperial-sour-ale-with-tangerine-and-chocolate/4930810,9.3,8,3.64,774,07/14/22,"Barrel aged imperial sour with tangerine and chocolate, and a little bit of vanilla. "
23,5805148,Reketye Brewing Co.,Primula Veris,Sour - Other,https://untappd.com/b/reketye-brewing-co-primula-veris/5805148,4.3,N/A,3.64,182,04/27/24, 
24,4454342,HopTop Brewery,Wicked Purple,Sour - Other,https://untappd.com/b/hoptop-brewery-wicked-purple/4454342,7.9,N/A,3.64,246,08/11/21,Sour plum-vanilla stout. 
25,3683193,Reketye Brewing Co.,Childhood Memories,Sour - Other,https://untappd.com/b/reketye-brewing-co-childhood-memories/3683193,6.5,10,3.63,362,02/20/20,"Sour golden ale brewed with lactose, coconut, cottage cheese, cold brew cocoa beans and bergamott juice.  "
26,6056297,FIRST Craft Beer,Mellow It Down,Sour - Other,https://untappd.com/b/first-craft-beer-mellow-it-down/6056297,8.0,N/A,3.62,459,11/12/24,"(HUN) Barátainkkal a Christianiaból egy új kísérletbe fogtunk: kerestünk két stílust és koncepciót, melyet csak egy, általunk kiötletelt láncszem köt össze: ebben az esetben ez a kekszes ízesítés lett.A Mellow It Down a páros egyik fele, mely egy savanyú alapból varázsol banános-kekszes, gyümölcsös-fűszeres szomjoltót a hozzáadott banánpüré, szegfűbors, graham aroma - és természetesen az elmaradhatatlan christianiai kendermag segítségével!---(ENG) With our friends from Christiania, we embarked on a new experiment: we looked for two styles and concepts that were connected only by a link we came up with: in this case, the biscuit flavoring.Mellow It Down is one half of the duo, which transforms a sour base into a banana-biscuit, fruity-spicy thirst quencher with the help of added banana puree, allspice, graham aroma - and of course the indispensable Christiania hemp seeds! "
27,5007618,Reketye Brewing Co.,Menthology,Sour - Other,https://untappd.com/b/reketye-brewing-co-menthology/5007618,4.5,12,3.61,228,09/04/22,Menthol & Lime infused sour ale.  
28,4745570,HORIZONT Brewing,Sour Series - Mazagran Inspired Sour Ale,Sour - Other,https://untappd.com/b/horizont-brewing-sour-series-mazagran-inspired-sour-ale/4745570,6.2,N/A,3.61,724,03/09/22, 
29,983638,Legenda Sörfőzde,Brettannia Brut,Sour - Other,https://untappd.com/b/legenda-sorfozde-brettannia-brut/983638,5.3,N/A,3.6,398,02/20/15, 
30,5588356,Mad Scientist,Tiny Barrel Project Szilvás Gombóc Rum,Sour - Other,https://untappd.com/b/mad-scientist-tiny-barrel-project-szilvas-gomboc-rum/5588356,10.0,N/A,3.59,349,11/01/23,"Plum Dumpling Imperial Pastry Gose aged in Antilles Rum barrels as a collaboration with our friends at Erlings Flaskebutik Aarhus, Denmark.Following TINY BARREL PROJECT SPIRITLORD RUM, TINY BARREL PROJECT SPIRITLORD COGNAC and TINY BARREL PROJECT BISCUIT BEHEMOTH here's our 4th TINY BARREL PROJECT release in our new category between the Specials series and Barrel Project in 330ml cans.  "
31,4605657,Fehér Nyúl,Glühck,Sour - Other,https://untappd.com/b/feher-nyul-gluhck/4605657,6.4,N/A,3.59,266,11/22/21,"A karácsonyi hangulat szerves része a forralt bor, de mi van, ha te sörös arc vagy? Itt a megoldás! Készítettünk egy savanyított sört fekete ribizlivel, áfonyával és meggyel, no meg persze klasszikus téli fűszerekkel; narancshéjjal, fahéjjal, szegfűszeggel és csillagánizzsal.Mulled wine is a staple of Christmas spirit, but what if you are a beer geek? Here is the solution! We brewed a sour ale with black currant, sour cherry and huckleberry, and of course the classic winter spices such as orange peel, cinnamon, cloves and star anise. "
32,6122710,B*BOP FERMENTORY,ANALOGUE,Sour - Other,https://untappd.com/b/b-bop-fermentory-analogue/6122710,4.6,N/A,3.59,1094,01/09/25,"Gin Fizz Nu Sour.A gin fizz inspired refreshing and tart Nu Sour Ale fermented with Sicilian lemons, key lime purée, a blend of well selected gin botanicals; juniper berries, Norwegian angelica roots, coriander seeds, ginger, rosemary and Pakistani diamond salt. Analogue is a renewed, reincarnated batch of Dilla & Bagirah.Analog beer in a digital world.  "
33,3332844,HORIZONT Brewing,Unicorns On Acid,Sour - Other,https://untappd.com/b/horizont-brewing-unicorns-on-acid/3332844,4.5,14,3.59,273,07/15/19,"Spice it up! Dry-hopped botanical sour brewed with the typical gin spices. These spices include juniper berries, citrus peels, coriander and cardamom among others. Whether you love gin, or just into sour beers, with a funky twist, this beer is for you.  "
34,3414881,HORIZONT Brewing,SEVEN,Sour - Other,https://untappd.com/b/horizont-brewing-seven/3414881,5.0,N/A,3.58,316,09/02/19,"Hoppy refresher, a sour ale dry hopped with Idaho7, 15g/L! Fressh! In collaboration with our friends from Balkezes // Egy fanyar frissítő a komlós sörök kedvelőinek: hidegkomlózott savanyú ale, 15g/L-nyi Idaho7 komlóval. Kollaborációban barátainkkal, a Balkezessel. "
35,6271112,Etyeki Sörmanufaktúra,Viktória Gyöngye Sour Ale,Sour - Other,https://untappd.com/b/etyeki-sormanufaktura-viktoria-gyongye-sour-ale/6271112,7.1,20,3.55,200,05/19/25,"Idén is elkészült (pontosabban a '24-es szüret után) az Edeck szériánk söre. Most is a Nádas Borműhely kiváló borászával, Nádas Szilárddal dolgozott együtt remek fősörfőzőnk, Huszti Márk és készítették el ezt a tételt. Viktória Gyöngye must került hozzánk idén, ami egy nagyon jó pezsgőalapnak volt szánva, így adta magát, hogy egy savanyú alapra ültessék fel a srácok. Mindezt, hogy legyen benne még csavar, meghidegkomlózták Nelson Sauvinnal.  "
36,3528772,HopTop Brewery,If I Had a BEAR,Sour - Other,https://untappd.com/b/hoptop-brewery-if-i-had-a-bear/3528772,5.2,35,3.55,263,11/13/19,"Sour brown ale with dried orange peel and fresh ginger. The dark malty marks replaces the gingery sourness, then the orange finish closes the taste. Hops used: Colombus, Challenger "
37,5824058,Tacet Brewery,Pillangókisasszony,Sour - Other,https://untappd.com/b/tacet-brewery-pillangokisasszony/5824058,4.7,10,3.55,214,05/11/24,"Míg Giacomo Puccini operája időtlen dallamaival, a mi Pillangókisasszonyunk a fiatalság szimbólumával, a cseresznyefa virágával repít minket Japán távoli szigetére. "
38,4081370,Fehér Nyúl,Trinitas,Sour - Other,https://untappd.com/b/feher-nyul-trinitas/4081370,3.8,8,3.54,251,12/03/20,"Egy izgalmas trió egyvelege ez a sör, hiszen édes, savanyú és sós egyszerre, de legfőképpen savanyú. Az összetevői között fellelhető a smokerben sült alma, a virágméz és a fahéj egyaránt! Címke szöveg:Láng Orsolya 1987-ben született, Erdélyben nőtt fel, jelenleg Budapesten él. Rajzol és ír, fényképez és filmet rendez. Általában szereti a jó dolgokat. Három könyve jelent meg: Tejszobor (kisregény), Bordaköz (versek), Pályamatricák (útijegyzetek). "
39,5399086,Fehér Nyúl,Salsa Sour,Sour - Other,https://untappd.com/b/feher-nyul-salsa-sour/5399086,4.7,N/A,3.54,256,06/12/23,"Savanykás alap felpezsdítve az aszalt paradicsom zamatával, a rózsabors, koriander és lime héj frissítően fűszeres jegyeivel és a Trinidad Scorpio chili határozott, de nem tolakodó csípősségével. Kezdődhet a tánc!A sour base made whole by the flavor of sun-dried tomatoes, the refreshingly spicy notes of pink pepper, coriander and lime peel and the distinct, but not intrusive hotness of Trinidad Scorpio chili. Let’s dance! "
40,4922519,Fehér Nyúl,Spark,Sour - Other,https://untappd.com/b/feher-nyul-spark/4922519,4.2,N/A,3.53,200,07/08/22,"Espresso tonik inspirálta Berliner Weisse, kenyai Karatina AB kávéval ízesítve.Espresso tonic inspired Berliner Weisse, flavored with Kenyan Karatina AB coffee. "
41,4207162,Viharsarok Sörfőzde,Citromtorta,Sour - Other,https://untappd.com/b/viharsarok-sorfozde-citromtorta/4207162,7.7,N/A,3.45,497,03/05/21,"Mennyei citromtorta sütés nélkül? Egyszerű! Csak szisszents fel egy Viharsarok Citromtortát, amiben ott a lágy és fanyar citromkrém és az omlós vajas tészta. Üde és édes, savanykás és sós — a klasszikus desszert minden ízét megtalálod ebben a krémes Milkshake Pale Ale-ben, amely valódi citromhéjjal és vanília kivonattal készül. "
42,5632886,Mad Scientist,Grayskull,Sour - Other,https://untappd.com/b/mad-scientist-grayskull/5632886,10.0,N/A,3.35,1074,12/06/23,"Imperial Long Drink Sour Ale w/ Grapefruit, Juniper Berries, Cardamom & Orange Zest collab with our friends Tuju from Lappeenranta, Finland""By the power of Grayskull!"" "
0,5835693,Reketye Brewing Co.,Seppuku,Sour - Other Gose,https://untappd.com/b/reketye-brewing-co-seppuku/5835693,5.0,N/A,3.81,226,05/20/24,HopTails X Reketye - Far East Gose with Manju salt and Lime and Mango  
1,5333269,B*BOP FERMENTORY,WREKONIZE,Sour - Other Gose,https://untappd.com/b/b-bop-fermentory-wrekonize/5333269,6.0,N/A,3.73,421,04/27/23,"Smoked Celery Apple Gimlet Nu Gose.A tart and fizzy Nu Gose fermented with smoked celery, juicy apples, Sicilian lemons, a blend of well selected gin botanicals instead of hops: juniper berries, Norwegian angelica roots, coriander seeds, ginger, rosemary and a pinch of Pakistani diamond salt. Brewed to celebrate the legendary Smif-N-Wessun.  "
2,5175071,SIMA brewing,Plot Twist,Sour - Other Gose,https://untappd.com/b/sima-brewing-plot-twist/5175071,7.5,N/A,3.71,200,12/24/22,"Imperial Gose w/ rootbeet, pomegranate and sour cherry.A collab-brew of Reketye Brewing and SIMA brewing "
3,5152436,Ezittaz Brewery,Mariah’s Choice,Sour - Other Gose,https://untappd.com/b/ezittaz-brewery-mariah-s-choice/5152436,4.9,N/A,3.7,152,12/09/22,"Egy sör, ami segít átlendülni a karácsonyi készülődésen, ami erőt ad és megnyugtat, akár szilveszter este is. Mondjuk egy kellemesen fanyar, earl grey teával, barackkal és vaníliával megbolondított gose. És ez itt pont az! "
4,4192182,HopTop Brewery,Make No Sense,Sour - Other Gose,https://untappd.com/b/hoptop-brewery-make-no-sense/4192182,3.0,N/A,3.69,209,02/22/21,Gose style beer with dill and lemongrass. 
5,4982125,Fehér Nyúl,La Donna,Sour - Other Gose,https://untappd.com/b/feher-nyul-la-donna/4982125,4.1,5,3.68,209,08/18/22,"Számtalan gyümölcsös gose után itt volt az ideje, hogy főzzünk egy, a történelmi sörtípushoz közelebb álló tételt. La Donna esetében a klasszikus koriander mellé gyömbért adagoltunk, így a savanyúság mellé izgalmas fűszeresség párosul.After numerous fruited versions, it was time to brew a gose that is closer to traditional varieties. Besides the classic coriander, ginger was added to the brew, adding an exciting spiciness to the sour base. "
6,4063990,Reketye Brewing Co.,Ginfused,Sour - Other Gose,https://untappd.com/b/reketye-brewing-co-ginfused/4063990,4.5,N/A,3.67,670,11/21/20, 
7,5100907,unCertain Brewing Co.,Gaia,Sour - Other Gose,https://untappd.com/b/uncertain-brewing-co-gaia/5100907,5.0,N/A,3.66,214,11/02/22,"Fruited Gose with arugola, green peppercorns, kiwi and celery "
8,5330065,Fehér Nyúl,Mirage,Sour - Other Gose,https://untappd.com/b/feher-nyul-mirage/5330065,3.5,N/A,3.65,410,04/24/23,Igazi felüdülés a melegben; a sós-savanyú gose alapot kiválóan egészíti ki a frissen reszelt gyömbér intenzív aromája és íze.A real treat in the summer heat: the salty-sour gose base serves as the perfect canvas for the freshly grated ginger’s intense aroma and flavor. 
9,1782932,Reketye Brewing Co.,Lacto Acid Bacteria,Sour - Other Gose,https://untappd.com/b/reketye-brewing-co-lacto-acid-bacteria/1782932,4.5,20,3.63,3451,10/19/16,"Egy kicsit csavartunk a dolgon, hiszen az eredeti gose kevésbé komlózott és talán markánsabban sós. Mi a világ egyik legkülönlegesebb fajtáját használtuk fel a hidegkomlózáshoz: a Motueka-t. "
10,2532375,Mad Scientist,Chinatown,Sour - Other Gose,https://untappd.com/b/mad-scientist-chinatown/2532375,5.1,N/A,3.63,223,02/28/18,Traditionally soured Gose with sichuan peppers. 
11,3967558,UGAR Brewery,Green Speedo,Sour - Other Gose,https://untappd.com/b/ugar-brewery-green-speedo/3967558,4.5,N/A,3.62,647,09/17/20, 
12,5369582,Reketye Brewing Co.,Lost In Lavenderia,Sour - Other Gose,https://untappd.com/b/reketye-brewing-co-lost-in-levanderia/5369582,5.0,10,3.62,308,05/22/23,Gose with Hibiscus and levander.smooth and beautyfull BPBW2013 Release 
13,5000116,Viharsarok Sörfőzde,Rózsaborsos Vakáció,Sour - Other Gose,https://untappd.com/b/viharsarok-sorfozde-rozsaborsos-vakacio/5000116,5.0,N/A,3.6,429,08/30/22,"Legújabb söreinket Fekete Tamás házi sörfőzővel kollabban készítettük. Ebben sörben a rózsabors frissítően balzsamos íze találkozik egy hidegkomlós Gose sós, citrusos ízvilágával. A könnyed, nyári sörkülönlegességek rajongóinak ajánljuk. Fogyaszd frissen és hidegen! "
14,4843923,Vaskakas Brewing,Berry White,Sour - Other Gose,https://untappd.com/b/vaskakas-sorfozde-berry-white/4843923,4.5,8,3.6,313,05/15/22,"Rengeteg eper, megfűszerezve egy nagy adag bazsalikommal, és gose lévén nem hiányozhat a tengeri só és a koriander sem. "
15,4691856,UGAR Brewery,Need For More Speedo,Sour - Other Gose,https://untappd.com/b/ugar-brewery-need-for-more-speedo/4691856,4.5,N/A,3.58,579,01/26/22, 
0,5826629,B*BOP FERMENTORY,ÜÜÜÜÜÜÜÜ,Sour - Smoothie / Pastry,https://untappd.com/b/b-bop-fermentory-uuuuuuuu/5826629,4.5,N/A,4.23,944,05/13/24,"Mango Popsicle Tart Smoothie Nu Sour.An ice cream inspired thick and juicy Smoothie Nu Sour Ale conditioned on a ton of Alphonso mangoes, ice cream cones, vanilla and a pinch of pakistani Halite salt.  "
1,6122703,B*BOP FERMENTORY,MUMIA,Sour - Smoothie / Pastry,https://untappd.com/b/b-bop-fermentory-mumia/6122703,4.3,N/A,4.17,1727,01/09/25,"Pineapple Mango Maracuja Smoothie Nu Sour.A delicate and thick Smoothie Nu Sour infused with Egyptian pineapples, Alphonso mangoes, Ecuadorian passionfruits and a pinch of pakistani Halite salt. No Crumbs Left — All Sauce  "
2,5919340,Mad Scientist,Glorious Mess,Sour - Smoothie / Pastry,https://untappd.com/b/mad-scientist-glorious-mess/5919340,5.7,N/A,4.16,1021,07/24/24,"Ice Cream Smoothie Sour with Mango, Pineapple, Apricot collab with our main crispy boys HOP HOOLIGANS (ROM) following our Bucharest collab BEAUTIFUL MESS "
3,3464237,Mad Scientist,Blackcurrant Trifle,Sour - Smoothie / Pastry,https://untappd.com/b/mad-scientist-blackcurrant-trifle/3464237,10.0,N/A,4.15,2750,10/04/19,"Collabfest 2019 Imperial Pastry Gose 8,2% brewed in collaboration with BrewDog Budapest and Mad ScientistThe 2nd batch, brewed by the request of BrewDog UK for Collabfest 2020 has the abv of 10% "
4,6022750,Unity Bar & Brewery,Raspberry X Mango X Passion Fruit Smoothie Sour,Sour - Smoothie / Pastry,https://untappd.com/b/unity-bar-and-brewery-raspberry-x-mango-x-passion-fruit-smoothie-sour/6022750,5.2,5,4.07,662,10/16/24,"A thick, pulpy smoothie sour with loads of raspberry, mango, and passion fruit purees. Just high quality fruit puree, no bullshit. We DO NOT play the fake gelato powder game!NO LACTOSE "
5,6122701,B*BOP FERMENTORY,MUFASA,Sour - Smoothie / Pastry,https://untappd.com/b/b-bop-fermentory-mufasa/6122701,4.3,N/A,4.02,1593,01/09/25,"Guava Papaya Passionfruit Smoothie Nu Sour.A delicate and thick Smoothie Nu Sour infused with Mexican guavas, Indian papayas, Ecuadorian passionfruits and a pinch of pakistani Halite salt. No Crumbs Left — All Sauce "
6,5996433,Mad Scientist,I'm Selling Bananas,Sour - Smoothie / Pastry,https://untappd.com/b/mad-scientist-i-m-selling-bananas/5996433,6.0,N/A,4.0,863,09/25/24,"Ice Cream Smoothie Sour with Strawberry, Bananas, Mango and Lychee "
7,5995530,Mad Scientist,Cherry Red Risalamande,Sour - Smoothie / Pastry,https://untappd.com/b/mad-scientist-cherry-red-risalamande/5995530,5.1,N/A,3.99,2217,09/24/24,Ice Cream Smoothie Sour with Cherry Puree and Blackcurrant Concentrate 
8,6621263,MONYO Brewing Co.,MOJO WORKIN'26: Tropical Identity Crisis - Ice Cream Smoothie Sour Ale,Sour - Smoothie / Pastry,https://untappd.com/b/monyo-brewing-co-mojo-workin-26-tropical-identity-crisis-ice-cream-smoothie-sour-ale/6621263,5.0,N/A,3.99,357,03/04/26,"A Tropical Identity Crisis a legújabb smoothie sörünk, amelyet a rengeteg gyümölcs és a fagyipor tesz igazán sűrűvé. A mangó, banán, maracuja és ananász trópusi karaktert ad az italnak, amelyet a kókusz aromája lágyít. A végeredmény egy doboz Pina Colada, amihez igazán dukálna a szikrázó napsütés, a negyvenfok és a tengerpart, kár, hogy március van. De ha már így alakult, az ital legalább megvan hozzá.///Tropical Identity Crisis is our latest smoothie sour, made thick with lots of fruit and ice cream powder. Mango, banana, passion fruit, and pineapple give the drink its tropical character, which is softened by the aroma of coconut. The end result is a can of Pina Colada, which would be perfect for sparkling sunshine, 40-degree weather, and the beach - too bad it's March. But since that's how it turned out, at least we have the drink to go with it. "
9,4398978,Mad Scientist,Berry & Cherry Trifle,Sour - Smoothie / Pastry,https://untappd.com/b/mad-scientist-berry-and-cherry-trifle/4398978,10.0,N/A,3.98,2199,07/07/21,"BERRY & CHERRY TRIFLE Imperial Pastry Sour Ale with cherry, blackcurrant, strawberry, blueberry and raspberry Brewed by the kind request of BREWDOG following the footsteps of Collabfest 2019's BLACKCURRANT TRIFLE:Strawberry on the nose, cherry in the taste. While BLACKCURRANT TRIFLE had a really strong and dry red wine finish, CHERRY & BERRY TRIFLE has a strong red wine mouthfeel in the middle of the sip with a mouthwatering feeling in the end... Sour, creamy, but not overwhelming, rather refreshing was. It's not a simple copy of BLACKCURRANT TRIFLE, the aftertaste is more twisted and fruity, between sour and tart. But it's full of fun as well!Cheers from Budapest! "
10,6132266,Unity Bar & Brewery,Mango X Vanilla Smoothie Sour,Sour - Smoothie / Pastry,https://untappd.com/b/unity-bar-and-brewery-mango-x-vanilla-smoothie-sour/6132266,5.2,10,3.96,620,01/18/25,"A thick, pulpy smoothie sour with loads of mango puree, and vanilla extract. Just high quality fruit puree, no bullshit. We DO NOT play the fake gelato powder game!NO LACTOSE "
11,6253767,Mad Scientist,We Got the Moves,Sour - Smoothie / Pastry,https://untappd.com/b/mad-scientist-we-got-the-moves/6253767,5.5,N/A,3.96,1251,05/05/25,Strawberry-Raspberry-Pistachio Ice Cream Sour collab with our friends Baxbier (NL) from GroeningenSpin it before you sip it! 
12,6268034,MONYO Brewing Co.,MOJO WORKIN'25: Mango X Almond X Peach X Vanilla Ice Cream Smoothie Sour Ale,Sour - Smoothie / Pastry,https://untappd.com/b/monyo-brewing-co-mojo-workin-25-mango-x-almond-x-peach-x-vanilla-ice-cream-smoothie-sour-ale/6268034,5.0,N/A,3.95,648,05/17/25,"Megnyitjuk az idei nyarat egy brutál MONYO-fagyival: ez a legújabb MOJO-őrület!Nem bírtunk magunkkal és felültünk az Ice Cream vonatra mi is és főztünk egy brutál cuccos, sűrű és krémes ice cream smoothie sourt összesen több, mint 40% mangó- és őszibarackpürével. A kész sört aztán fagyiporral sűrítettük be, végül pedig vaníliával és mandulával fejeltük meg. A végeredmény egy igazi nyári sör lett, ami tökéletesen hozza a fagyivibe-okat: gyümölcsös, édes és sűrű mint az olvadt fagylalt.Fontos, hogy tartsd hűtve és fogyaszd frissen, mert csak úgy lesz az igazi!Fogyasztás előtt pedig forgasd meg a cant!We’re kicking off summer with a MONYO ice cream bomb — the latest MOJO madness is here!We couldn’t resist jumping on the ice cream train ourselves, so we brewed a rich, thick, and creamy ice cream smoothie sour loaded with over 40% mango and peach purée. Then we thickened it up even more with ice cream powder and finished it off with a touch of vanilla and almond.The result? A true summer brew that brings all the ice cream vibes: fruity, sweet, and as thick as melted gelato.Keep it cold and drink it fresh — that’s how it’s best!And don’t forget to gently swirl the can before opening! "
13,6492521,Unity Bar & Brewery,Blackcurrant X Strawberry Smoothie Sour,Sour - Smoothie / Pastry,https://untappd.com/b/unity-bar-and-brewery-blackcurrant-x-strawberry-smoothie-sour/6492521,5.3,5,3.94,289,11/14/25,"A thick, pulpy smoothie sour with loads of blackcurrant, and strawberry, and a touch of vanilla. Just high quality fruit puree, no bullshit. We DO NOT play the fake gelato powder game! NO LACTOSE "
14,3753601,Mad Scientist,Blackcurrant Barbados Trifle,Sour - Smoothie / Pastry,https://untappd.com/b/mad-scientist-blackcurrant-barbados-trifle/3753601,8.2,N/A,3.93,252,04/17/20,"MAD SCIENTIST BARREL PROJECT Barbados Rum Barrel Aged Imperial Blackcurrant Trifle Pastry Sour AleCELLAR MASTER NOTESThis is a very special release. We paired our highest rated beer so far, Blackcurrant trifle, with a second fill barbados rum barrel. The tangent acidity from the hue amount of blackcurrant in the base beer is balanced by the sweetness of the Madagascar vanilla. This idea is further developed by the notes of ripe pineapple and molasses from the rum barrel. "
15,6575940,Mad Scientist,Hindbærsnitte Sherbet,Sour - Smoothie / Pastry,https://untappd.com/b/mad-scientist-hindbaersnitte-sherbet/6575940,5.3,N/A,3.93,671,01/21/26,"Ice Cream Smoothie Sour With Raspberry, Sour Cherry, Blackcurrant And Ice Cream  "
16,3774241,Mad Scientist,Wake Me Up When Pandemic Ends,Sour - Smoothie / Pastry,https://untappd.com/b/mad-scientist-wake-me-up-when-pandemic-ends/3774241,9.5,N/A,3.93,1264,05/05/20,Imperial Pastry Sour Ale with raspberries and bananas together with our friends Browar Stu Mostów (PL) 
17,6451828,Unity Bar & Brewery,Apricot X Passion Fruit Smoothie Sour,Sour - Smoothie / Pastry,https://untappd.com/b/unity-bar-and-brewery-apricot-x-passion-fruit-smoothie-sour/6451828,5.3,5,3.91,211,10/18/25,"A thick, pulpy smoothie sour with loads of apricot, and passion fruit purees, and a touch of vanilla. Just high quality fruit puree, no bullshit. We DO NOT play the fake gelato powder game! NO LACTOSE "
18,3417615,MONYO Brewing Co.,Ma Chérie Essence,Sour - Smoothie / Pastry,https://untappd.com/b/monyo-brewing-co-ma-cherie-essence/3417615,5.3,N/A,3.9,761,09/05/19,"We’re super excited to announce our second take of Ma Chérie with a double culinary twist.Meet the refreshing, tart and deep Ma Chérie Essence. Gipsy Sour Cherry Sicilian Lemon Meringue Cheesecake Oat Imperial Berliner Weisse. "
19,4388731,HORIZONT Brewing,Sour Series - Blended Barrel Aged Imperial Pastry Sour With Sour Cherries,Sour - Smoothie / Pastry,https://untappd.com/b/horizont-brewing-sour-series-blended-barrel-aged-imperial-pastry-sour-with-sour-cherries/4388731,10.0,15,3.9,667,07/01/21,Kettle soured beer aged in whiskey and rum barrel for almost a year and than refermented with sour cherries and some vanilla and cinnamon 
20,5648100,HopTails Brewery,PassionPoint,Sour - Smoothie / Pastry,https://untappd.com/b/hoptails-brewery-passionpoint/5648100,5.0,N/A,3.89,271,12/17/23,"Maracuja, Vanília, TonkababPassionfruit, Vanilla, Tonka bean "
21,6277552,Unity Bar & Brewery,Sour Cherry X Lime x Vanilla Smoothie Sour,Sour - Smoothie / Pastry,https://untappd.com/b/unity-bar-and-brewery-sour-cherry-x-lime-x-vanilla-smoothie-sour/6277552,3.8,10,3.88,214,05/24/25,"A thick, pulpy smoothie sour with loads of sour cherry puree, lime juice, and vanilla extract. Just high quality fruit puree, no bullshit. We DO NOT play the fake gelato powder game!NO LACTOSE "
22,6684810,Unity Bar & Brewery,Lychee X Strawberry Smoothie Sour,Sour - Smoothie / Pastry,https://untappd.com/b/unity-bar-and-brewery-lychee-x-strawberry-smoothie-sour/6684810,5.0,5,3.86,172,04/24/26,"A thick, pulpy smoothie sour with loads of lychee and strawberry purees.Just high quality fruit puree, no bullshit. We DO NOT play the fake gelato powder game!NO LACTOSE "
23,6264942,Mad Scientist,Yes I Like Piña Coladas,Sour - Smoothie / Pastry,https://untappd.com/b/mad-scientist-yes-i-like-pina-coladas/6264942,5.5,N/A,3.84,1121,05/15/25,Piña Colada inspired Ice Cream Smoothie Sour with Pineapple-Apricot-CoconutRoll it before you rock it! 
24,4331180,MONYO Brewing Co.,Főzdepark Farewell,Sour - Smoothie / Pastry,https://untappd.com/b/monyo-brewing-co-fozdepark-farewell/4331180,7.0,N/A,3.84,637,05/26/21,"6 év után fájó szívvel ugyan, de elhagyjuk a Főzdeparkot. Ezt a búcsút pedig szeretnénk emlékezetessé tenni. Ezért összeálltunk egy utolsó nagy kollabra a Maglódi úti főzdékkel, barátainkkal és közösen alkottuk meg a Főzdepark Farewell sört.Abban az elején megegyeztünk, hogy egy Pastry Sour Ale lesz a kiindulási alap, aztán a koncepció szerint mind a négy főzde (HopTop, Mad Scientist, Horizont, MONYO) ajánlott egy összetevőt a végső recepthez. Így született meg ez az egyszeri főzet Pastry Sour Ale málnával, citrommal, tonkababbal és vajas keksszel.Illatában intenzíven a málna jelenik meg egy kis citrusossággal, amit a tonkabab marcipános-mandulás aromája egészít ki. Ízben kiegyensúlyozott a savanyú-fanyarság és a laktózos édesség. Rengeteg málna, egy csipetnyi citrom, a lecsengése pedig szintén citromos-lime-os, savanykás és málnás. Nagy, krémes és ""laktózos"" a kortyérzet.Az eredmény szerintünk méltó lett ehhez az alkalomhoz, kóstold meg TE is! "
25,6681629,Fehér Nyúl,Smooth White Rabbit,Sour - Smoothie / Pastry,https://untappd.com/b/feher-nyul-smooth-white-rabbit/6681629,4.5,N/A,3.83,170,04/22/26,"[BPBW EXCLUSIVE] The White Rabbit Brewery should only be allowed to brew white beer, right? In an alternative universe, yeah, but we still tried. Here's our white chocolate, coconut, and banana smoothie sour.  "
26,5515911,HopTails Brewery,MangoPoint,Sour - Smoothie / Pastry,https://untappd.com/b/hoptails-brewery-mangopoint/5515911,6.5,N/A,3.83,468,09/07/23,"Mangó, Vanília, TonkababMango, Vanilla, Tonka bean "
27,5811065,MONYO Brewing Co.,MOJO WORKIN'24 Mango X Maple Syrup Pastry Sour Ale,Sour - Smoothie / Pastry,https://untappd.com/b/monyo-brewing-co-mojo-workin-24-mango-x-maple-syrup-pastry-sour-ale/5811065,6.5,N/A,3.82,452,05/02/24,"Robog tovább a MOJO WORKIN'24 széria!A sorozat következő tagja egy folyékony desszertsör, amihez rengeteg zamatos mangópürét használtunk fel, amit az édeskés juharsziruppal egészítettünk ki. A sör egy igazi pastry sour ale, vagyis egyaránt megtalálhatóak benne a savanykás és a desszertes jegyek. Mintha egy fanyar mangós szeletet leöntöttünk volna egy jó nagy adag juharsziruppal. Sűrű, krémes, komplex. De mi az a MOJO WORKIN'24 széria? Kompromisszum nélküli kraft sörök a legújabb trendeknek megfelelően. Limitált kiadású, szuperprémium sorozat, amely mindig reflektál aktuális évszakra. Ráadásul egy teljesen új és egyedi arculatba csomagoltuk őket, amelyhez egy csipetnyi aranyat is felhasználtunk.The MOJO WORKIN'24 series rolls on!The next installment in the series is a liquid dessert beer, for which we used a lot of juicy mango puree, complemented by sweet maple syrup. This beer is a true pastry sour ale, featuring both tart and dessert-like characteristics. It's as if a tangy mango slice was drenched in a generous amount of maple syrup. Thick, creamy, complex.But what is the MOJO WORKIN'24 series? Uncompromising craft beers that conform to the latest trends. A limited edition, super-premium series that always reflects the current season. Moreover, we've packaged them in a completely new and unique design, using a touch of gold. "
28,6177131,Mad Scientist,Oolong Lagoon,Sour - Smoothie / Pastry,https://untappd.com/b/mad-scientist-oolong-lagoon/6177131,2.2,N/A,3.82,1043,03/02/25,"Low ABV Ice Cream Smoothie Sour with Peach, Apricot and Oolong tea				 "
29,3410143,Mad Scientist,Double Raspberry Madness,Sour - Smoothie / Pastry,https://untappd.com/b/mad-scientist-double-raspberry-madness/3410143,5.5,N/A,3.82,1505,08/31/19,"Double Fruited Raspberry Smoothie Berliner Weisse, first batch in the August of 2019 with 4% of abv, second batch in the April of 2021 with 5,5% "
30,5027901,Mad Scientist,Artist Juice,Sour - Smoothie / Pastry,https://untappd.com/b/mad-scientist-artist-juice/5027901,3.4,N/A,3.82,412,09/19/22,"Low ABV Smoothie Style Sour Ale with Apricot, Blackcurrant & Yuzu "
31,6380817,Mad Scientist,Blackcurrant Trifle 2025 EDT,Sour - Smoothie / Pastry,https://untappd.com/b/mad-scientist-blackcurrant-trifle-2025-edt/6380817,8.4,N/A,3.82,531,08/17/25,2025 edition of the infamous Blackcurrant Trifle imperial pastry sour 
32,3246940,Mad Scientist,Szilvás Gombóc,Sour - Smoothie / Pastry,https://untappd.com/b/mad-scientist-szilvas-gomboc/3246940,10.0,N/A,3.81,5625,05/25/19,Plum dumpling imperial pastry gose. The first batch has been 12% but for a better experience we lowered it to 10%. 
33,4513617,Mad Scientist,Tangerine Drizzle Cake,Sour - Smoothie / Pastry,https://untappd.com/b/mad-scientist-tangerine-drizzle-cake/4513617,9.0,N/A,3.81,1195,09/20/21,"Tangerine Drizzle Cake Imperial Pastry Sour Ale with Tangerine, Vanilla and Lactoze "
34,4725909,HORIZONT Brewing,"Sour Series - Papaya, Mango & Guava Smoothie Sour Ale",Sour - Smoothie / Pastry,https://untappd.com/b/horizont-brewing-sour-series-papaya-mango-and-guava-smoothie-sour-ale/4725909,8.0,N/A,3.8,759,02/22/22,"First Smoothie Sour Ale from us, we used a lot of papaya, mango and guava for this creamy sweet but sour,  smoothie inspired sour ale. "
35,6680908,MONYO Brewing Co.,MOJO WORKIN'26: Choco Loco Blanco - Ice Cream Smoothie Sour Ale,Sour - Smoothie / Pastry,https://untappd.com/b/monyo-brewing-co-mojo-workin-26-choco-loco-blanco-ice-cream-smoothie-sour-ale/6680908,5.0,N/A,3.8,181,04/21/26,"Drink Choco. Get Loco.White chocolate, juicy peaches, raspberries, and a generous helping of ice cream madness come together in this creamy ice cream smoothie sour ale. Dessert-like and fruity, with a tangy freshness, it disappears from the glass surprisingly quickly. "
36,5921204,Mad Scientist,House On Fire,Sour - Smoothie / Pastry,https://untappd.com/b/mad-scientist-house-on-fire/5921204,5.7,N/A,3.79,986,07/25/24,"Ice Cream Smoothie Sour with Blackcurrant, Black Cherry, Strawberry and Blue Grape collab with our main man, inspiration and friend, Chris of TULETORN (EST) brewed together during BPBW Budapest Beer Week 2024 "
37,4607919,FIRST Craft Beer,Strawberry Shortcake,Sour - Smoothie / Pastry,https://untappd.com/b/first-craft-beer-strawberry-shortcake/4607919,8.0,12,3.79,628,11/24/21,"Azok, akik felnevettek a kekszes epertorta olvasásakor, reméljük, már megkóstolták a sört - hiszen nem füllentünk, az eper és reberbara ízessé, gyümölcsössé; a keksz sűrűvé, süteményessé;a joghurt pedig frissítően savanyúvá varázsolja ezt a lassan desszertkategóriába is sorolhatókülönlegességet. Gyönyörködjünk együtt színeiben, illatában és hagyjuk, hogy elnyeljenek ízei,akárcsak a habos sütemény. 18 éven felüli örök gyerekeknek szeretettel ajánljuk! "
38,4719919,Fehér Nyúl,Purple Meme,Sour - Smoothie / Pastry,https://untappd.com/b/feher-nyul-purple-meme/4719919,5.6,N/A,3.79,347,02/18/22,"Temérdek gyümölcs – málna, kókusz és fekete áfonya – egy berliner weisse alapon, laktózzal és vaníliával kiegészítve. Igazi smoothie élmény, sörbe burkolva!Huge load of fruits - raspberry, coconut and blueberry - in a berliner weisse base, with lactose and vanilla. A real smoothie experience, masked as beer! "
39,4847664,Szent András Sörfőzde,TesztAndrás Kappa.04,Sour - Smoothie / Pastry,https://untappd.com/b/szent-andras-sorfozde-tesztandras-kappa-04/4847664,4.2,25,3.78,252,05/19/22,"A Kappa.04 az első, már-már cukrászati szempontból is irigylésre méltó Szent András pastry ale, ami az osztrák barátaink világhírű almásrétesének, - ahogy ők nevezik: Apfelstrudel - mintájára készült el. Ezt a rétest többnyire vaníliafagylalttal szolgálják fel, így a valódi vanília őrlemény a Kappa.04-ből sem hiányozhat. Savanykás almás jegyek, édeskés fahéj és intenzív vaníliaillat egy nem túl édes, de sörként és sütiként is fenséges desszertsörben. "
40,5140333,Mad Scientist,Royal Lemon Trifle,Sour - Smoothie / Pastry,https://untappd.com/b/mad-scientist-royal-lemon-trifle/5140333,7.5,N/A,3.78,2068,11/30/22,"Imperial Pastry Sour Ale with Lemon, Mandarin and Orange (lemon puree, mandarin puree, malted oat, lactose, orange concentrate, lemon peel, vanilla and salt)The official dessert of Queen Elizabeth's Platinum Jubilee "
41,6597475,Mad Scientist,Szilvás Gombóc Gold EDT,Sour - Smoothie / Pastry,https://untappd.com/b/mad-scientist-szilvas-gomboc-gold-edt/6597475,11.0,N/A,3.77,233,02/11/26,"Imperial Pastry Sour Ale With Plum, Vanilla, Walnuts, Cocoa Beans, Salt, Cinnamon, Lactose & Orange ZestSzilvás Gombóc imperial pastry sour with plum, cinnamon, and bourbon vanilla as a liquid take on one of the most iconic Hungarian plum dumpling desserts has been a bestseller as our first pastry sour, and after the sequels Szilvás Gombóc Double Cinnamon EDT, Tiny Barrel Project Szilvás Gombóc Rum and Szilvás Gombóc Triple Vanilla EDT now it's time for the ultimate edition! No artificial aromas, just natural ingredients. "
42,5966589,UGAR Brewery,Spectrum Series - Domesticated Beast Passion Fruit And Raspberry Parfait,Sour - Smoothie / Pastry,https://untappd.com/b/ugar-brewery-spectrum-series-domesticated-beast-passion-fruit-and-raspberry-parfait/5966589,7.6,N/A,3.77,260,08/31/24,"We have not tamed a monster yet, but it’s our time now. "
43,4466258,Mad Scientist,Barrel Aged Meggyes Pite,Sour - Smoothie / Pastry,https://untappd.com/b/mad-scientist-barrel-aged-meggyes-pite/4466258,8.0,N/A,3.77,383,08/19/21,"Blend of Four Roses Bourbon & Jamaican Rum Barrel Aged Sour Cherry Pie Imperial Pastry Sour AleWe have filled 2 barrels with one of our signature Hungarian cherry pie-inspired imperial pastry sour ale MEGGYES PITE and we have chosen not to release the result as BARREL PROJECT bottles, but in 330ml cans. Obviously, you can expect a thicker and silkier mouthfeel, where the winner of the epic battle between the characteristics of the barrel and the extra added vanilla is no one else, but you! "
44,5516071,HORIZONT Brewing,Sour Series - Unicorn Magic - Sparkle Edition,Sour - Smoothie / Pastry,https://untappd.com/b/horizont-brewing-sour-series-unicorn-magic-sparkle-edition/5516071,4.5,N/A,3.77,592,09/07/23,"Az alap egy epres, szedres, guavás és lime-os pastry sour, amibe vaníliát is tettünk, hogy összehozza a gyümölcsök tagadhatatlanul vadító ízjegyeit, és persze laktózt is, hogy a savanykássága egy kis édességgel párosuljon és adja meg azt az ízélményt, amit belegondoltunk a sörbe. És akkor persze az alapsör kapott egy jó nagy adag ehető csillámot, ami kitöltéskor gyönyörű arany színűre varázsolja a sört. ENStrawberry, blackberry, guava, lime and vanilla give the perfect taste-orgy, while the golden glitters softly dance around in the bittersweet Pastry Sour Ale. With a 4,5%ABV, it's an easy to drink beer, with so much magic happening, that you're going to be amazed!  "
45,6175228,Mad Scientist,Vispipuuro,Sour - Smoothie / Pastry,https://untappd.com/b/mad-scientist-vispipuuro/6175228,10.5,N/A,3.77,993,03/01/25,Imperial Pastry Sour with Cranberry & Vanilla collab with our friends from Tuju (FI)				 
46,5581845,Reketye Brewing Co.,Only You,Sour - Smoothie / Pastry,https://untappd.com/b/reketye-brewing-co-only-you/5581845,4.8,N/A,3.76,215,10/27/23, 
47,4155594,Mad Scientist,DIS TEW MUCH,Sour - Smoothie / Pastry,https://untappd.com/b/mad-scientist-dis-tew-much/4155594,5.5,N/A,3.76,1054,01/26/21,Double Fruited Blackcurrant Passion Fruit and Calamansi Smoothie Sour Ale 
48,6016546,Szent András Sörfőzde,TesztAndrás Kappa.11,Sour - Smoothie / Pastry,https://untappd.com/b/szent-andras-sorfozde-tesztandras-kappa-11/6016546,8.0,21,3.75,219,10/11/24,"A Kappa.11 a magas alkoholtartalma ellenére is könnyen iható desszertsör, amiben a kedvenc málnás-csokis sütinket találjuk meg, csupán folyékony verzióban - legyen szó egy brownie-ról, egy gyümölcsös tejcsokoládéról, vagy a kedvenc csokitortánkról. Ez a süteményes ízeket felvonultató pastry ale kellemes játszik a savanykás-édes ízek összhangjával. Míg a tekintélyes malátaaddíció és csokoládé az édeskés ízekért felelős, a málna a savakat domborítja ki a kortyérzetben. Egy őszi bekuckózáshoz, esti nagy beszélgetésekhez, vagy egy finom süti mellé nem lehet mellé lőni vele. "
49,5977405,Mad Scientist,French Toast,Sour - Smoothie / Pastry,https://untappd.com/b/mad-scientist-french-toast/5977405,6.0,N/A,3.75,860,09/09/24,"French Toast Inspired Pastry Sour Ale With Raspberries, Blueberries, Strawberries And CinnamonWe like pastry sours indeed, but with the classic Hungarian releases Szilvás Gombóc-Rákóczi Túrós-Meggyes Pite the fun never stopped, only started: our French Toast is a delicious breakfast entree that is loved by many, caramelized, fruited and oh so enjoyable! Lactose makes it creamy, vanilla makes it rounded, cinnamon spices it up, and the fruits are, well, the cherry on top! "
0,3265941,Space Next,Tomato Kaos,Sour - Tomato / Vegetable Gose,https://untappd.com/b/space-next-tomato-kaos/3265941,4.2,N/A,3.66,178,06/06/19,Someone form Space Next freed Dimbo from the Lab. during. During the action he added tomato and lime leafs to the beer tanks. Unsecured sources reported that they found TomatoKAOS paintings on the wall. Police is investigation is going on because of harmed gastronomy. 
1,4495379,HORIZONT Brewing,Sour Series - Margherita Pizza Gose,Sour - Tomato / Vegetable Gose,https://untappd.com/b/horizont-brewing-sour-series-margherita-pizza-gose/4495379,4.6,N/A,3.65,573,09/08/21,"Sounds crazy but trust us, this beer is something unique you probably never tried or thought of trying but, if you ever wanted to try how tomato and freshly picked basil works in a salted sour wheatbeer then here is your chance. "
2,4798287,HopTop Brewery,TZATZIKI,Sour - Tomato / Vegetable Gose,https://untappd.com/b/hoptop-brewery-tzatziki/4798287,4.8,5,3.63,429,04/15/22,"Vegetable gose with dill, garlic and cucumbers. "
3,6688981,HopTop Brewery,Vega Mix,Sour - Tomato / Vegetable Gose,https://untappd.com/b/hoptop-brewery-vega-mix/6688981,3.6,N/A,3.59,154,04/27/26, 
4,6271111,Etyeki Sörmanufaktúra,We Are Toxic,Sour - Tomato / Vegetable Gose,https://untappd.com/b/etyeki-sormanufaktura-we-are-toxic/6271111,5.2,N/A,3.57,275,05/19/25,"A KillerSick thrash metal bandával közösen készült sörünk. Egy masszív búzamaláta alap, amit savanyítottunk majd belga wit élesztővel erjesztettünk le. Mindezek után adtunk neki rengeteg paradicsomot, oregánót és bazsalikomot.A névválasztás sem véletlen, a srácok We are Toxic című száma ihlette a sört, amit Huszti Márk fősörfőzőnk készített el, és brutális lett, legalább annyira mint a címke :D "
5,3239467,HopTop Brewery,Beet Blood,Sour - Tomato / Vegetable Gose,https://untappd.com/b/hoptop-brewery-beet-blood/3239467,5.0,8,3.55,1653,05/21/19,"A very unique, vegetably gose with a good portion of beetroot, spiced with a pinch of pink pepper and sea salt. "
6,4858250,HORIZONT Brewing,Sour Series Wood-Fired Margherita Pizza,Sour - Tomato / Vegetable Gose,https://untappd.com/b/horizont-brewing-sour-series-wood-fired-margherita-pizza/4858250,4.6,N/A,3.36,850,05/26/22,"What's more iconic than pizza and beer together? In this new episode of combinating them together we added a little beech wood smoked malt to enhance the traditional flavors of the classic Margherita pizza. Just the basics, tomato with freshly picked basil in a gose. "
7,5369557,HORIZONT Brewing,Sour Series - Grillmaster's Delight,Sour - Tomato / Vegetable Gose,https://untappd.com/b/horizont-brewing-sour-series-grillmaster-s-delight/5369557,4.9,N/A,3.3,847,05/22/23,"BBQ szósz-ihlette gose paradicsommal és fűszerekkel, kollégánk, Viktor ötlete és receptje alapján. BBQ inspired gose made with tomato and spices, based on the crazy idea of our colleague, Viktor. "
8,6254710,HORIZONT Brewing,Sour Series - Papa Prosciutto & Funghi,Sour - Tomato / Vegetable Gose,https://untappd.com/b/horizont-brewing-sour-series-papa-prosciutto-and-funghi/6254710,4.5,N/A,3.25,830,05/06/25,"A megszokott pizzás sör-sorozatunk 2025-ös tétele, egy szép adag füstölt malátával a sonkás, és egy adag gombával a gombás ízvilágért! Our beloved Pizza Series makes a comeback with this ""Prosciutto & Funghi"" version. With a nice amount of roasted malts for the Prosciutto taste and an even nicer amount of mushroom for the ""Funghi"" taste! Buon Appetito "
0,6200117,Plan B by Unity,KEG X UNITY Gose v1,Sour - Traditional Gose,https://untappd.com/b/plan-b-by-unity-keg-x-unity-gose-v1/6200117,4.7,10,3.61,158,03/22/25,"A Unity Bar ＆ Brewery és a KEG Sörművház közös projektje. ""Hosszú hónapok óta érezzük, hogy hiányzik a választékunkból egy stabil minőségű, állandó savanyú sör, amely szintén nem drága, tényleg alapízű és valóban savanyú. Könnyebbséget jelent ebben a projektben nekünk, hogy pultos brigádunk néhány tagja aktív, vagy éppenséggel inaktív sörfőző, így gyakorlati oldalról is megtámasztott a folyamat. Így jutottunk arra a döntésre, hogy kell a KEG-be egy olyan Gose, amely négy dolgot biztos tud: sós, savanyú, korianderes és alsó középkategóriás áron adható, és nem akar túlmutatni a fajtajellemzők biztosította kereteken. "" "
1,3930614,UGAR Brewery,Red Speedo,Sour - Traditional Gose,https://untappd.com/b/ugar-brewery-red-speedo/3930614,4.5,N/A,3.59,249,08/22/20,"Az Ugar Brewery extrafriss, a nyár utolsó perzselő sugaraihoz főzött söre pont olyan, mint névadója, az alföldi strandok és focipályák hőse: Fecskekapitány!A főzdében igyekeztek olyan karaktert alkotni, amivel különcsége ellenére – vagy pont azért – sokan tudnak azonosulni. Az új sör egy gose, amely kellemesen, éppenhogy sós, jólesően savanyú, és játékosan komlós. "
2,3909778,Félegyházi Sörműhely,Gose,Sour - Traditional Gose,https://untappd.com/b/felegyhazi-sormuhely-felegyhazi-gose/3909778,5.0,N/A,3.48,311,08/08/20, 
0,6030209,HORIZONT Brewing,Night Shift Vintage 2024 - Triticale Wine Aged In Gemenc Whiskey & Tennessee Whiskey Barrels,Specialty Grain,https://untappd.com/b/horizont-brewing-night-shift-vintage-2024-triticale-wine-aged-in-gemenc-whiskey-and-tennessee-whiskey-barrels/6030209,10.6,N/A,4.0,844,10/22/24,"Till Áron sörfőzőnk ötlete. A tritikálé, ami a búza és a rozs keresztezéséből született hibrid, mindkét alapgabona íz- és illatjegyeit magában hordozza, és ezt maga a sör, illetve a hordós érlelés csak jobban kihozta. A sör egyik felét a Gemenc Whiskey-től kapott, tritikálé alapú whiskey-t érlelt hordóiban érleltük, a másik fele Tennessee hordókba került, majd ennek a blendjéből született meg a végleges forma. Triticale, a hybrid of wheat and rye, carries the flavor and aroma characteristics of both base grains, and the beer itself, along with barrel aging, brings these out even more. We aged half of the beer in barrels from Gemenc Whiskey, which had been used to age triticale-based whiskey, the other half went into Tennessee barrels. "
1,6451721,HORIZONT Brewing,Night Shift Vintage 2025 / Buckwheat Wine Aged In Tennessee Whiskey Barrels,Specialty Grain,https://untappd.com/b/horizont-brewing-night-shift-vintage-2025-buckwheat-wine-aged-in-tennessee-whiskey-barrels/6451721,10.1,N/A,3.93,459,10/18/25,"Tennessee Whiskey hordóban érlelt hajdinabor2025-ben is folytatjuk a gabonabor-sorozatunkat - de most valami egészen szokatlan jön.Ezúttal a hajdina kapta a főszerepet: egy Ázsiából származó növény, amit ugyan nem gabonafélének, mégis annak használunk, hiszen magjából liszt készül, mint a búzából.Mi a hajdinát malátázott formában tettük az alapsörbe, majd Tennessee Whiskey hordókban érleltük, amíg ki nem bontakozott teljes, gazdag, gabonaboros karaktere.Ne tévesszen meg a név — ez nem a „hajdinabor”, amit desztillálnak vagy fermentálnak, hanem egy különleges, sörként főzött gabonabor, tele a hajdina földes, diós mélységeivel és a whiskey hordók meleg, vaníliás aromáival.-Buckwheat Grain Wine - Aged in Tennessee Whiskey BarrelsIn 2025, we’re continuing our experimental grain wine series — but this time, we’re doing something truly unconventional.Meet the buckwheat edition: a plant native to Asia, not technically a grain, yet often used as one thanks to its wheat-like seeds.We used malted buckwheat in the base beer, then aged it in Tennessee Whiskey barrels until it reached its perfect, rich, grain wine character.Don’t confuse this with traditional “buckwheat wine” — this isn’t distilled or fermented like wine. It’s a beer-based grain wine, showcasing the earthy, nutty depth of buckwheat, beautifully rounded by warm vanilla and oak notes from the whiskey barrels. "
2,449898,Körös-Maros Biofarm Kft.,Elixbeer Alakor,Specialty Grain,https://untappd.com/b/koros-maros-biofarm-kft-elixbeer-alakor/449898,4.8,29,3.3,488,09/08/13, 
0,4944664,Szent András Sörfőzde,Almás Rétes,Spiced / Herbed Beer,https://untappd.com/b/szent-andras-sorfozde-almas-retes/4944664,4.2,25,3.79,1602,07/23/22,"Az Almás Rétes az első, már-már cukrászati szempontból is irigylésre méltó Szent András pastry ale, ami az osztrák barátaink világhírű almásrétesének, - ahogy ők nevezik: Apfelstrudel - mintájára készült el még Kappa.04 TesztAndrás kísérletként. Sörünk olyannyira sikeres lett, hogy mostantól megtaláljátok az állandó kínálatban is. Az osztrák rétest többnyire vaníliafagylalttal szolgálják fel, így a valódi vanília őrlemény ebből a sörből sem hiányozhat. Savanykás almás jegyek, intenzív fahéj és édeskés vaníliaillat egy nem túl édes, de sörként és sütiként is fenséges desszertsörben. "
1,2617746,Reczer Ser,Collabrew Series #3 - Kollabors,Spiced / Herbed Beer,https://untappd.com/b/reczer-ser-collabrew-series-3-kollabors/2617746,6.2,25,3.66,409,04/24/18,"A Collabrew Series harmadik tagját, stílusosan három tag álmodta meg. Egy sörfőző, egy gerilla, és az „Untappd srác”. Sok hétköznapi dologra nem nagyon lehet számítani ebből a felállásból. Itt van például ez a saison. Nem elég, hogy több mint 40% búzamalátával készült, még borítottunk bele egy szakajtónyi rózsaborsot is. Persze a hidegkomlózás sem maradhatott el. Mosaic komlót és még egy kis rózsaborsot kapott, mert abból ugye sosem elég. A végeredmény pedig egy késő tavaszi, igazi, elképesztő szomjoltó serital lett!Javasolt fogyasztási hőmérséklete 10°C. "
2,3158176,Szent András Sörfőzde,Nyúlon Túl '19,Spiced / Herbed Beer,https://untappd.com/b/szent-andras-sorfozde-nyulon-tul-19/3158176,4.9,42,3.6,161,04/03/19,"A Nyúlon Túl nem csak egy „ártalmatlan kis nyuszika” söre, de az idei barbecue-szezonnyitó sztárja is. A red ale és sört megfűszerező közepesen erős, bükkfán füstölt, chiliszósz harmóniája nem csak a húsok ízét dobja fel, de magát a főzést is. Sörünkhöz a békés megyei Kígyóscsili aranyérmes chipotle szószát adtuk, hogy legyen szó bármilyen helyzetről, mi izzítsuk a hangulatot. "
3,5597155,Szent András Sörfőzde,Esthajnal '14 - Batch #2,Spiced / Herbed Beer,https://untappd.com/b/szent-andras-sorfozde-esthajnal-14-batch-2/5597155,6.0,45,3.57,259,11/08/23,"Az Esthajnal sorozat második darabjában, az Esthajnal ’14-ben az ünnepi hangulat mellett magát a karácsonyfát is palackba töltöttük. Sörünkbe annyi lucfenyőhajtás került, hogy a főzőház is majdnem megsínylette a folyamatot. Az eredmény magáért beszél, elkészíteni nektek a kihívások ellenére is megérte. "
4,6080611,Etyeki Sörmanufaktúra,Pepper Rangers,Spiced / Herbed Beer,https://untappd.com/b/etyeki-sormanufaktura-pepper-rangers/6080611,6.1,20,3.57,218,12/02/24,"Ki ne hallott volna a Collabrew szériáról a Reczer Sertől? Emlékeztek a legendás trió, Utassy Roli, Rage és Reczer Gabi összeállására, amikor megalkották a Kollaborsot? Naná, hogy igen!Abba a szerencsés helyzetbe kerültünk, hogy zöld utat kapott egy újabb főzet belőle, ezer hála érte srácok!Most az etyeki sörguruk (Márk és Kende) álltak össze a Wicked Water arcaival (Rage és Zoli), leporolták ezt a receptet. Picit igazítottak rajta a saját szájízük szerint, és elkészítették újra ezt a tételt. Pattintsatok rá és üljetek fel a nosztalgiavonatra! Egs!És mi is ez a sör? Egy masszív búzaalapú White Saison, ami rengeteg rózsaborssal lett megfűszerezve, mellé egy laza 6,1%-os alkoholtartalommal áldottuk meg. "
5,1081907,Bors Serfőzde,Vitalis,Spiced / Herbed Beer,https://untappd.com/b/bors-serfozde-vitalis/1081907,7.0,N/A,3.55,213,05/11/15, 
6,2493436,Reketye Brewing Co.,batatAle,Spiced / Herbed Beer,https://untappd.com/b/reketye-brewing-co-batatale/2493436,5.5,N/A,3.53,218,01/31/18, 
7,447383,Hedon,Napalm,Spiced / Herbed Beer,https://untappd.com/b/hedon-napalm/447383,8.1,22,3.52,318,09/06/13, 
8,1633350,Fóti Kézműves Sörfőzde,Geisha,Spiced / Herbed Beer,https://untappd.com/b/foti-kezmuves-sorfozde-geisha/1633350,4.5,N/A,3.45,326,07/06/16,Jázminnal és zöld teával. 
9,1364504,Gyertyános Sörfőzde,Gesztenye,Spiced / Herbed Beer,https://untappd.com/b/gyertyanos-sorfozde-gesztenye/1364504,5.5,N/A,3.43,379,12/24/15,"Eleinte év végi ünnepekre, majd később a nagy fogyasztói igény hatására egész éven át készített, gesztenyeliszt és bourbon vanília hozzáadásával előállított különlegesség. A sör színében aranybarna, ízében a gesztenyéhez méltó jegyekkel lett felruházva. A gesztenyét kedvelő fogyasztók körében a sör minden kortya kellemes hangulatot teremthet számunkra. "
10,2690340,Sörművek,Gigi,Spiced / Herbed Beer,https://untappd.com/b/sormuvek-gigi/2690340,4.5,N/A,3.25,281,06/08/18,Mézes gyömbéres  
11,231788,Rizmajer Kézműves Sörfőzde,Mézes-Narancsos Gyömbér,Spiced / Herbed Beer,https://untappd.com/b/rizmajer-kezmuves-sorfozde-mezes-narancsos-gyomber/231788,5.5,12,3.09,723,09/18/12, 
0,3462159,MONYO Brewing Co.,Nut To Butt,Stout - American,https://untappd.com/b/monyo-brewing-co-nut-to-butt/3462159,6.0,N/A,3.83,618,10/03/19,"ChuckTR (Asterisk Mountain Brewers) egyike a legtehetségesebb hazai sörfőzőknek, így amikor felvetődött a kollaboráció ötlete, azonnal igent mondtunk rá. Végül a Wicked Nuclear Rahoron nevű receptjének pekándiós változatát „skáláztuk fel”, így született meg ez a csokoládéval, vaníliával és persze pekándióval főzött American milk stout. A stílusnak megfelelően alaposan megkomlóztuk, így ideális balanszban vannak az édes és keserű ízjegyek, nem válik émelyítővé az élmény, inkább mintha egy folyékony desszertet kortyolnál.--ChuckTR (aka Asterisk Mountain Brewers) is one of the most talented homebrewers of the local scene. So when he asked us whether we’d be interested in a collaboration we immediately knew the answer. We took his already well-known and loved Russian Imperial Stout, Wicked Nuclear Rahoron and tweaked the recipe until we were both happy with the results. That’s how Nut To Butt, an American milk stout brewed with pecan, chocolate and Madagascar vanilla came together. We heavily hopped it to achieve an ideal balance between pine-y and sweet flavours; it’s like drinking a liquid dessert. "
1,2523309,HORIZONT Brewing,Pilot Series #7 - Coconut Stout,Stout - American,https://untappd.com/b/horizont-pilot-series-7-coconut-stout/2523309,7.2,20,3.76,350,02/21/18, 
2,1109103,Yeast Wörks,Black Mamma,Stout - American,https://untappd.com/b/yeast-works-black-mamma/1109103,6.0,N/A,3.7,313,06/02/15,"A Black Mamma egy könnyű fekete kávés stout, visszafogott keserűséggel, de lehengerlő kávéillattal, csak kávéfogyasztóknak. Könnyen csúszik, de minden korsóban két presszó mocorog. Hajnalig iható, pörgős, könnyed 6%-os lopakodó. "
3,2485636,Fehér Nyúl,Baristaut,Stout - American,https://untappd.com/b/feher-nyul-baristaut/2485636,6.4,37,3.68,212,01/25/18,"Hármas együttműködésben megalkotott, “duplán kávés” stout – a recept Gárdos Zsolt baristával közös művünk, Etióp Sidamo kávéját pedig a Blckest pörkölte. Az eredmény egy karakteres, kiegyensúlyozott frissítő: kávé és sör tökéletes összhangja. Egy emberként szeretjük. "
4,1844682,Szent András Sörfőzde,Esthajnal '16,Stout - American,https://untappd.com/b/szent-andras-sorfozde-esthajnal-16/1844682,7.0,50,3.67,172,12/01/16,"A karácsonyi édességek kísérője, de akár helyettesítője is lehet a Szent András Sörfőzde Esthajnal-sorozatának negyedik darabja, az Esthajnal '16. Ünnepi desszertsörünkben a menta frissítő lendülete találkozik a csokoládé adta élvezetekkel és a stoutok krémes, bársonyos ízkarakterével. Az Esthajnal '16-ot sörfőzőmesterünk úgy alkotta meg, hogy az ünnepek alatt mindig legyen jó ok egy meghitt, karácsonyi sörözéshez. "
5,1621953,Skyland Sörfőzde,The Blackening,Stout - American,https://untappd.com/b/skyland-sorfozde-the-blackening/1621953,6.5,N/A,3.66,157,06/28/16,"Tejcsokis, citrusos illatok alól bontakozik ki a komplex ízélmény, melyet az amerikai komlók és a pörkölt maláták biztosítanak. A hidegkomlózás miatt kevésbé komlós keserű, viszont sokkal illatosabb és zamatosabb. Krémesen csúszó desszertsör. "
6,1573361,Fűtőház Sörfőzde,327-139,Stout - American,https://untappd.com/b/futohaz-sorfozde-327-139/1573361,6.7,38,3.65,373,05/27/16,"Hét fajta maláta keveréke adja a az édes/kávés/kesernyés ízkombinációt. Az első kortyok után nehéz is eldönteni, hogy édes, vagy keserű ízt érezni?! Gyönyörű, krémes habja van, szinte harapni lehet. A fűszerezést kétfajta komlóval végezzük. "
7,2437667,SteamCraft Brewery,Dark Steam,Stout - American,https://untappd.com/b/steamcraft-brewery-dark-steam/2437667,5.9,41,3.61,160,12/19/17,"Összetevők: müncheni maláta, pilseni maláta, carafa III, carafa I, zabpehely, Magnum komló, Chinook komló, ale élesztő. "
8,3672171,Zentus Craft Beer,Ebony Cougar,Stout - American,https://untappd.com/b/zentus-craft-beer-ebony-cougar/3672171,6.2,30,3.6,156,02/14/20, 
9,2985665,Zentus Craft Beer,Darkness Be My Friend,Stout - American,https://untappd.com/b/zentus-craft-beer-darkness-be-my-friend/2985665,7.0,23,3.6,173,12/13/18,"stout marc felhasználásávalamerican stout craft beer with Marcszűretlen pasztőrözetlen/unfiltered unpasteurizedA Szekszárdi Márc egy ősi recept alapján, mézből és cukorból készített szörp, Petrits József mézeskalácsos mester öröksége alapján.összetevők: ivóvíz, árpamaláta, karamell maláta, csokoládé maláta, pirított árpa, Márc (cukor,víz,méz,karamell), komló, sörélesztőingredients: water, barley malt, crystal malt, chocolate malt, roasted barley, Marc (sugar,water,honey,caramel), hops (Magnum, Styrian Goldings, Cascade), yeast "
10,5284229,HORIZONT Brewing,Selfish Games - Beantown Tea Party,Stout - American,https://untappd.com/b/horizont-brewing-selfish-games-beantown-tea-party/5284229,6.2,17,3.53,711,03/22/23,"Kellemesen komlós, American stout, 6,2%-os alkoholtartalommal, Till Áron sörfőző receptje alapján. A stoutra jellemző kávés ízjegyek találkozása a komló kesernyésségével és a bergamot jellegzetesen citrusos ízvilágával egy teljesen új, páratlan íz-orgiává teljesedik ki, főleg a sör hőfokának változásával. Ajánljuk nem teljesen lehűtve fogyasztani.This American Stout is the perfect meet-cute of coffee notes from the stout, the HBC-630's hoppy flavor and the sour notes of the Ear Grey and bergamot oil. The extraordinary taste reaches its full potential once the beer reaches the best temperature, which is definitely not ice-cold. "
11,6097287,MONYO Brewing Co.,MONYO x One Beer: Mango x Maple Syrup Stout,Stout - American,https://untappd.com/b/monyo-brewing-co-monyo-x-one-beer-mango-x-maple-syrup-stout/6097287,6.2,N/A,3.41,281,12/16/24,"This is not just a beer; it’s the result of an exciting experiment that opens new dimensions in flavor! We’ve reimagined MONYO’s previous mango-maple syrup recipe with a silky and intense stout base. It was Szilárd’s idea to combine the rich, roasted notes of dark malts with the tropical freshness of mango and the sweet, caramel-like depth of maple syrup. And he was absolutely right!A sip of this specialty is like tasting a dessert: full-bodied, creamy, and playfully fruity. The seriousness of the stout and the sweetness of the mango-maple syrup duo invite your taste buds to a harmonious dance where roasted, sweet, and fruity notes unite perfectly.Try it and step with us into a new universe of flavors! "
0,3080318,Gravity Brewing,Singularity - Irish Coffee Stout,Stout - Coffee,https://untappd.com/b/gravity-brewing-singularity-irish-coffee-stout/3080318,8.3,33,3.91,593,02/14/19,"Singularity is an ode to boozy, creamy coffee.A big coffee and chocolate malt body, full of toffee and raw sugar notes, serves as the foundation, balanced with a touch of lactose. We then cold-infuse a specially-selected blend of single-origin beans from Budapest's own Bagira Coffee: two Brazilian roasts for creamy, nougaty espresso character, and an El Salvadorian dark roast for tobacco and red fruit notes. "
1,5474051,Gravity Brewing,Singularity NITRO - Irish Coffee Stout,Stout - Coffee,https://untappd.com/b/gravity-brewing-singularity-nitro-irish-coffee-stout/5474051,7.2,41,3.85,226,08/05/23,"SERVED ON NITROSingularity is an ode to boozy, creamy coffee. A big coffee and chocolate malt body, full of toffee and raw sugar notes, serves as the foundation, balanced with a touch of lactose. We then cold-infuse a specially-selected blend of single-origin beans from Budapest's own Bagira Coffee: two Brazilian roasts for creamy, nougaty espresso character, and an El Salvadorian dark roast for tobacco and red fruit notes.Served on nitro for a luxuriously smooth pour. "
2,5944728,Gravity Brewing,Exoplanet: San Ignacio - Single Origin Coffee Stout,Stout - Coffee,https://untappd.com/b/gravity-brewing-exoplanet-san-ignacio-single-origin-coffee-stout/5944728,6.0,24,3.84,247,08/13/24,"SERVED ON NITROExoplanet is a quarterly series purpose-built to highlight single-origin coffees from Budapest's own Bagira Coffee.The foundation is a cleaner, softer stout which lets our coffee selections shine through: a bold dark malt baseline tempered with tons of silky oat body and a touch of lactose.San Ignacio hails from several nano-scale producers within Peru's Cajamarca region, where high altitudes, fertile volcanic soil, and tropical rains create perfect growing conditions. Here, small farmers prioritize quality and sustainability, handpicking the beans before gently wash-processing and fermenting them. Bagira's light roast perfectly accentuates this bean’s delicate notes of freshly-baked brownies, blueberry jam, and plum compote. "
3,706511,Hopfanatic Brewery,Tsunami,Stout - Coffee,https://untappd.com/b/hopfanatic-brewery-tsunami/706511,15.2,50,3.83,503,06/07/14,"Megfogalmazódott bennünk egy olyan sör gondolata, amivel átlépjük a saját korlátainkat. Rozsos stout, kávéval és bourbon hordó chips-szel. Erős, királyi darab, a tsunami elsöprő erejével. Egészségetekre! "
4,3039670,Reczer Ser,Collabrew Series #10 - Tropical Tiger,Stout - Coffee,https://untappd.com/b/reczer-ser-collabrew-series-10-tropical-tiger/3039670,6.5,40,3.78,251,01/17/19,"A Balkezes Urakkal ’Pimp my tank’ névrekereszteltük a projektet, melyben a másodikvilágháborús, már harcedzett T30 harckocsifejlesztésébe fogtunk. Vázig bontottuk agépszörnyet, kicsit hegesztettünk amalátaalapon, kidobtuk a tejcukrot,megerősítettük a koffein vonalat. Nem isakárhogy. Külső segítségként bevontuk egyújhullámos kávépörkölő manufaktúrát, amiolyan brazil koffein lövegeket készítettnekünk, ami felér egy fejlövéssel. Így álltössze a pusztító páncélos, a Tropical Tiger! "
5,3651020,FIRST Craft Beer,Fake Macchiato,Stout - Coffee,https://untappd.com/b/first-craft-beer-fake-macchiato/3651020,6.2,N/A,3.7,271,01/31/20,"Barátaink a 42 Coffee Roasterytől egy újabb intergalaktikus hírnevű kávéval örvendeztetettek minket: ezúttal az egyedi pörkölésű El Salvador Bourbon Black Honey kávét pörgettük át 24 órán keresztül legújabb milk stoutunkon. A közel 250 espressonyi kávétkrémes, szinte édes milk stouttal vegyítve kaptuk meg ezt a pörköltkávés, kicsit mézes sört mely egy fekete lyuk gravitációjávalvonzza az ízlelőbimbókat. Bögréből is tökéletes! "
6,3472272,Bodri Pincészet,Optimus Stout,Stout - Coffee,https://untappd.com/b/bodri-pinceszet-optimus-stout/3472272,6.0,N/A,3.65,153,10/09/19,"Meglepő bejelentést tett október elején a szekszárdi Bodri Pincészet: piacra dobták az Optimus Stoutot. A sör azt a sort folytatja, amelybe az Optimus Étterem, az Optimus Lucky Cap kávé és persze az Optimus Cuvée tartozik.Az Optimus a Szekszárdi borvidék első olyan étterme volt, amely borászatnál működik, a’la carte konyhával, és egész évben nyitva van. Ugyancsak az Optimus névvel illetik a Bodri pincészet egyik zászlósborát, az Optimus Cuvéet, és a sorozat része a borhoz komponált kávé, az Optimus Lucky Cap blend is. A legújabb tagja a prémium családnak pedig az Optimus Stout, amelyet a Horizont Brewing főzött a szekszárdi borászat számára, és amivel sikerült meghökkenteni a boros közeget. "
7,3659248,UGAR Brewery,Tiborg Deluxe - Ethiopian Style,Stout - Coffee,https://untappd.com/b/ugar-brewery-tiborg-deluxe-ethiopian-style/3659248,7.8,N/A,3.61,903,02/05/20, 
8,5578685,hübris,Szümpla,Stout - Coffee,https://untappd.com/b/hubris-szumpla/5578685,6.1,N/A,3.61,396,10/24/23,Collab with 42 Coffe Hungary 
9,4261284,Félegyházi Sörműhely,Extra Coffee Stout,Stout - Coffee,https://untappd.com/b/felegyhazi-sormuhely-extra-coffee-stout/4261284,7.0,N/A,3.61,343,04/10/21, 
10,5626486,UGAR Brewery,Merry Berry!,Stout - Coffee,https://untappd.com/b/ugar-brewery-merry-berry/5626486,8.8,N/A,3.6,326,12/01/23,"Bár az ünnepi szokások eltérőek, szenteste másnapján az alábbi dolgok vesznek körül. Van aki a romok eltakarítasának áll neki rögtön, van aki csöndesen süpped egy új könyvvel a kanapéba.Bármelyik táborba is tartozol, ezzel a csúszós, málnával és lágy brazil kávéval bőven megkínált stouttal nem indulhat rosszul a reggeled! "
11,3287151,HORIZONT Brewing,Morning Joe,Stout - Coffee,https://untappd.com/b/horizont-brewing-morning-joe/3287151,6.0,35,3.59,4800,06/18/19,"A cup of joe in the morning? Specialty roasted coffee and selected cocoabeans makes this brew intense and reviving, the tons of oatflakes makes it super creamy, like your favorite capuccino. So, fancy a cup of joe in the morning? (Or at any time of the day...)Egy feketét reggelire? Az egyedi pörkölésű kávétól markáns és ébresztő, a hozzáadott rengeteg zabpehelytől pedig krémes és selymes, mint a kedvenc cappuccino-d. Na, akkor egy feketét reggelire? (Vagy bármikor…) "
12,3211990,Szarvasi Kézműves Sörfőzde,Kotyogós,Stout - Coffee,https://untappd.com/b/szarvasi-kezmuves-sorfozde-kotyogos/3211990,6.1,14,3.58,793,05/04/19,Dark ale with coffee 
13,5119928,Fehér Nyúl,Glam Stout,Stout - Coffee,https://untappd.com/b/feher-nyul-glam-stout/5119928,4.9,N/A,3.4,850,11/16/22,"Jó ideje törtük a fejünket, hogy főzni kellene egy alacsony alkoholtartalmú, de mégis testes, kávés stoutot. Ez lett a Glam Stout, aminek ízesítéséért brazil El Salvador specialty kávé felel.We have been thinking about brewing a low ABV, yet full-bodied coffee stout for a while now. The result is the Glam Stout, infused with Brazilian El Salvador specialty coffee. "
14,3882588,Kőbánya X,Catacombs Coffee Stout,Stout - Coffee,https://untappd.com/b/kobanya-x-catacombs-coffee-stout/3882588,6.0,N/A,3.37,1063,07/21/20,"A Catacombs Coffee Stoutnál mögött az volt a gondolat, hogy szerettünk volna egy komolyabb, de közérthetőbb stílust még népszerűbbé tenni itthon. A kávé adja magát, mivel a sötét stout alap már eleve adhat ilyen asszociációkat, amire a specialty kávéval csak még jobban ráerősítettünk, miközben nem viszi el mégsem túlságosan extrém irányba az ízélményt. Itt mindkét csapat fantáziája szabadon szárnyalhatott, ez egy hálás feladat és kiérződik a sörből is. Lágy malátásság és szénsavasság, valamint kávés, kakaós, keserű csokis, karamellás és enyhén a komlótól keserű íz jellemzi. "
0,5607216,ZealBrewing,Ön Matt,Stout - English,https://untappd.com/b/zealbrewing-on-matt/5607216,5.0,30,3.61,184,11/16/23,"Önmatt. A feladvány, amelyben a sötétet arra kényszerítjük, hogy mattot adjon. Az erőteljes, krémes, kávés, csokis fekete sör adott, a feladat adott. Kezdődjön a játék, és gratulálunk a győztesnek! "
1,287801,Bors Serfőzde,Sherwood,Stout - English,https://untappd.com/b/bors-serfozde-sherwood/287801,6.0,N/A,3.44,599,12/31/12,"A 2012-es miskolci sörversenyre készítettük, megcélozva vele egy a Tuck Baráthoz méltó fekete ALE (Stout) változatot. Nyolc fajta maláta keverékével van cefrézve. Különleges íz világát a speciális komlózásnak köszönheti. A színe mély fekete, EBC 52-es. 14C°-on fogyasztandó. "
0,3819404,InVitro Brewing,The Healer,Stout - Foreign / Export,https://untappd.com/b/invitro-brewing-the-healer/3819404,7.5,N/A,3.87,573,06/09/20,If you like coffee and dark chocolate then this beer is for you. It's easy to drink but also serious just like the label which was designed by Robert Borbas aka Grindesign. Recommended music: Blackened Death Metal. 
1,2063402,armando_otchoa,Deep Throat - Irish Bitchies,Stout - Foreign / Export,https://untappd.com/b/armando_otchoa-deep-throat-irish-bitchies/2063402,7.5,75,3.72,306,04/27/17, 
2,2489208,Reketye Brewing Co.,De Molen Collab,Stout - Foreign / Export,https://untappd.com/b/reketye-brewing-co-de-molen-collab/2489208,6.0,N/A,3.67,386,01/27/18, 
3,489191,Hedon,Katalin Cárnő,Stout - Foreign / Export,https://untappd.com/b/hedon-katalin-carno/489191,6.5,N/A,3.57,1050,10/27/13, 
4,1691570,HopTop Brewery,Midnight Express,Stout - Foreign / Export,https://untappd.com/b/hoptop-brewery-midnight-express/1691570,6.0,45,3.46,2141,08/15/16,"A proper foreign stout with velvety, creamy foam. Cold roasted coffee, smoky scents and flavors are dominant. As the beer warms up a light chocolate flavor can be tasted. "
0,4381221,Brew Your Mind,Moment In Time 2021 Vanilla,Stout - Imperial / Double,https://untappd.com/b/brew-your-mind-moment-in-time-2021-vanilla/4381221,11.0,N/A,4.16,661,06/26/21,"2019. decemberében főztük, majd 2020 január elejétől 2021 május végéig grain whisky hordóban érleltük. Végül palackozás előtt kapott egy kis organikus mexikói vaníliát. Olajosan sűrű, édes, komplex sörital. "
1,4895488,Brew Your Mind,Moment In Time 2022 Mexican Vanilla,Stout - Imperial / Double,https://untappd.com/b/brew-your-mind-moment-in-time-2022-mexican-vanilla/4895488,12.6,N/A,4.13,502,06/19/22,"11 hónapig ír grain whisky hordókban érleltük, majd palackozás előtt került bele egy kis organikus mexikói vanília. Olajosan sűrű, csokoládés ízvilágú, komplex sörital. "
2,5043675,Mad Scientist,Nasty Riff,Stout - Imperial / Double,https://untappd.com/b/mad-scientist-nasty-riff/5043675,14.0,N/A,4.12,1899,09/29/22,Mexican Cake Inspired Imperial Stout collab with Adroit Theory (USA) 
3,6082605,Brew Your Mind,Moment In Time 2024: Calvados & Apple Brandy Barrel,Stout - Imperial / Double,https://untappd.com/b/brew-your-mind-moment-in-time-2024-calvados-and-apple-brandy-barrel/6082605,13.5,N/A,4.11,532,12/04/24,"A 50-50 Calvados and Apple Brandy barrel aged imperial stout blended into a single experience. Very moderate carbonation, smooth oily body and rich chocolate aromas, the stout is complemented by a mild, refreshing acidity imparted by the Brandy barrels. "
4,5832490,Mad Scientist,Somlói Galuska 2024,Stout - Imperial / Double,https://untappd.com/b/mad-scientist-somloi-galuska-2024/5832490,11.0,N/A,4.08,639,05/18/24,"Our most ambitious collab ever including our amazing friends:Mixen of Culture Drops from DenmarkMárk of Moersleutel from the NetherlandsBoti of B*Bop Fermentory from HungaryMAD SCIENTIST BARREL PROJECTRum Barrel-Aged Pastry Imperial Stout With Walnut, Pecan, Cocoa Beans, Raisins And VanillaCELLAR MASTER NOTESTake time to do what makes your soul happyThe original Somlói Galuska was a real milestone for the Barrel Project when we made it back in 2019 with our dear friends at Moersleutel. It was the first barrel-aged pastry imperial stout for us as well as the first collab within the series and, you've been our witness, we learned so much from these guys. The second release Somlói Nodler already set the bar higher, but we are pretty sure that this third coming of the Somlói is 'the crème de la crème', a real blast of flavours and memories. Eat it and drink it, you sure deserve this treat! "
5,6088760,Brew Your Mind,Moment In Time 2024: Maple Syrup,Stout - Imperial / Double,https://untappd.com/b/brew-your-mind-moment-in-time-2024-maple-syrup/6088760,13.5,N/A,4.07,304,12/09/24,"Moment In Time sorozatunk tagjai hordóérlelt, stout típusú komplex fekete söritalok, melyek a maláták összhangjára épülnek.15 éves, 200 literes amerikai – korábban kanadai juharszirupot tartalmazó – tölgyfahordóban 13 hónapig érlelt stout típusú fekete sör.Összesen 320 palack készült. "
6,3883223,Mad Scientist,Happy Finish Pedro Ximenez,Stout - Imperial / Double,https://untappd.com/b/mad-scientist-happy-finish-pedro-ximenez/3883223,12.5,N/A,4.07,514,07/21/20,"MAD SCIENTIST BARREL PROJECTBlended Barrel Aged Imperial Stout and PorterCELLAR MASTER NOTESPedro Ximenez is one of the noblest grape varieties that sherry is made from. We had the ultimate luck to get one of these barrels this special spirit had been aged in so we didn't waste time and filled it immediately.The Cuban rum strikes back! After Happy Finish Tawny port, which in fact was the first part of this mini-series, we used this type of barrel again to mature the very same peanut imperial stout, but this time we mixed it with Pedro Ximenez BA imperial porter to add the unique characteristics of sherry to the game. Long story short: it's a Black Forest Cake-party in your mouth! Bitter chocolate, molasses, walnut and a huge amount of berries with an acidic aftertaste. Yummy! "
7,4331772,Brew Your Mind,Moment In Time 2021,Stout - Imperial / Double,https://untappd.com/b/brew-your-mind-moment-in-time-2021/4331772,11.0,N/A,4.06,477,05/27/21,"Imperial stout with lots of oatmalt and oat flakes aged 16 months in Irish grain whiskey barrels. 2019. decemberében főztük, majd 2020 január elejétől 2021 május végéig grain whisky hordóban érleltük. Olajosan sűrű, édes, komplex sörital "
8,6100231,Mad Scientist,Happy Finish 2024 - Eaux De Vie Prune,Stout - Imperial / Double,https://untappd.com/b/mad-scientist-happy-finish-2024-eaux-de-vie-prune/6100231,10.6,N/A,4.04,230,12/19/24,"MAD SCIENTIST BARREL PROJECTPort Wine And Plum Liquor Double Barrel Aged Imperial StoutCELLAR MASTER NOTESIn this bottle, you can find the beautiful harmony of port wine and dried plum brandyWe came back fifth time with this series in series concept, the Happy Finish, where we double barrel age nasty imperial stouts, finishing them in particularly interesting barrels, in this case, french dried plum brandy, which spoke for itself immediately at the first sniff. Rich fruitiness, deep dried flavours, backboning chocolate and some berries from the port barrel. Altogether 2 and a half years of wood maturing had a deep impact indeed. Not only on the beer but also on us! "
9,6015234,Mad Scientist,Simulation Theory - Mexico,Stout - Imperial / Double,https://untappd.com/b/mad-scientist-simulation-theory-mexico/6015234,12.4,N/A,4.03,231,10/10/24,"MAD SCIENTIST BARREL PROJECTBourbon Barrel Aged Imperial Milk Stout With Mexican Vanilla BeansCELLAR MASTER NOTESJust a kind invitation to our very own simulation if you are willing to open your mindAfter 3 releases in two years, we return with one of our most popular series, Simulation Theory. This year we decided to get one of the most famous varieties of this precious spice, the Mexican, and put it in an even more sticky and creamy base beer which is enriched with lactose and candid sugar. The result is sweet and aromatic with pleasant notes of wood and chocolate. If you are lucky enough you may have one or two bottles left from the previous releases so you can tag along. No worries if not, the year 2024 marks the arrival of another new variety. Crazy times! "
10,6038189,Mad Scientist,Tiny Barrel Project Tennessee Dice Roller Scotch & Bourbon,Stout - Imperial / Double,https://untappd.com/b/mad-scientist-tiny-barrel-project-tennessee-dice-roller-scotch-and-bourbon/6038189,11.3,N/A,4.03,398,10/28/24,"Scotch & Bourbon Barrel Aged Imperial Stout with Almond & Vanilla together with our friends at Brætspilscaféen in Horsens being released first during the ROLLING WITH THE PUNCHES TOUR 2024 in DenmarkFollowing TINY BARREL PROJECT SPIRITLORD RUM and TINY BARREL PROJECT CANDY MAN SCOTCH and so, here is our 11th TINY BARREL PROJECT release in our new category between the Specials series and Barrel Project in 330ml cans "
11,5978079,Mad Scientist,Horror Vacui,Stout - Imperial / Double,https://untappd.com/b/mad-scientist-horror-vacui/5978079,11.3,N/A,4.03,447,09/10/24,"MAD SCIENTIST BARREL PROJECTScotch And Bourbon Barrel Aged Imperial Stout With Smoked Cocoa, Rosemary And Smoked SaltCELLAR MASTER NOTESWe are simple brewersIf we find emptiness in the sip, we fill it with weird plants and strange salts. From time to time we take big risks and move away from the comfort zone of nuts-vanilla-sweet spices to try some nonsense. In this case, the motivation came from culinary experiences where the rosemary, the cocoa, and the salt are long-time friends, so why not to try them in beer, maybe alongside with some smoke? The base itself is a blend of scotch and bourbon barrel-aged imperial stout that brings chocolate, vanilla, and strong oak notes to the party. The result is an unusual banger (according to our humble opinion, of course). "
12,3842776,Mad Scientist,Happy Finish Tawny Port,Stout - Imperial / Double,https://untappd.com/b/mad-scientist-happy-finish-tawny-port/3842776,12.5,N/A,4.02,452,06/25/20,"MAD SCIENTIST BARREL PROJECTBlended Barrel Aged Imperial Stout and PorterCELLAR MASTER NOTESIn this bottle you can find the wonderful unity between our very first - but definitely not the last - Tawny Port Barrel aged imperial porter and a Cuban rum Barrel aged imperial peanut stout.We have filled one of our first casks in the brewery back in 2018 with the porter. It wasn't a quick finish as the taste needed almost 2 years to mature, but the vibrating duo of raisin and sour cherry will convince you, just like the tannic tones at the end of the sip, that patience is a virtue. It takes two to make a quarrel though; Cuban rum rounds the composition with notes of bitter chocolate and walnut. The results? Close your eyes and succumb to the temptation of our Cognac sour cherry bonbon... "
13,5961072,Mad Scientist,Tiny Barrel Project Mean Riff Tokaji,Stout - Imperial / Double,https://untappd.com/b/mad-scientist-tiny-barrel-project-mean-riff-tokaji/5961072,10.6,N/A,4.02,474,08/26/24,"Hungarian Wine Barrel Aged Imperial Stout With Walnuts, Cacao Beans And Vanilla made together with our friends and partners The Nitrox Pub & Eatery in KotorAfter NASTY RIFF Mexicake Inspired Imperial Stout we presented you MEAN RIFF Hungarian Walnut Cake Infused Imperial Stout in the June of 2023:""Big sounds, weird guitars, big flavours, no artificial add-ons, just the precious ingredients our grandmothers use for our favorite cakes""We waited until the September of 2024 to release this special blend where we used two different barrels of the most famous Hungarian dessert wine! "
14,6019958,Mad Scientist,Tiny Barrel Project Candy Man Scotch,Stout - Imperial / Double,https://untappd.com/b/mad-scientist-tiny-barrel-project-candy-man-scotch/6019958,11.5,N/A,4.01,494,10/13/24,"The TINY BARREL PROJECT version of one of our most famous Specials: CANDY MAN  Marshmallows and Tonka Beans Imperial Stout from the January of 2018:Scotch Whiskey Barrel Aged Imperial Stout with Marshmallows and Tonka Beans with our friends at Beeráló - Craft Beer Pub in Székesfehérvár Following TINY BARREL PROJECT SPIRITLORD RUM and TINY BARREL PROJECT SPIRITLORD BOURBON and so, here is our 10th TINY BARREL PROJECT release in our new category between the Specials series and Barrel Project in 330ml cans "
15,6322387,Mad Scientist,Happy Finish 2025 - Tokaji Barrel,Stout - Imperial / Double,https://untappd.com/b/mad-scientist-happy-finish-2025-tokaji-barrel/6322387,10.4,N/A,4.01,209,06/29/25,"MAD SCIENTIST BARREL PROJECTTokaji Aszú Barrel-Aged Imperial StoutCELLAR MASTER NOTESIn this bottle, you can find the beautiful symphony by the king of winesAs the sixth release of the Happy Finish series, we’ve now reached full authenticity using the most iconic and oldest Hungarian finishing barrel, cherished by spirit makers all over the continent, the Tokaji Aszú cask. This one was filled with sweet and flavorful wine, full of walnut and raisin character, traditionally enjoyed on special occasions. However, don’t be confused… You always deserve the finest, and we strive to provide it. Open a bottle, fill your glass, fill your soul, and drink like the royalty you are. "
16,4401850,Mad Scientist,Coco-Choco Armageddon,Stout - Imperial / Double,https://untappd.com/b/mad-scientist-coco-choco-armageddon/4401850,11.0,N/A,4.01,252,07/09/21,MAD SCIENTIST BARREL PROJECTBourbon Barrel Aged Imperial Stout with roasted coconut and cocoa beansCELLAR MASTER NOTESWe know. Talking about Bounty in a coconut-chocolate stout is such a cliché but we cannot afford not to do so. From the first sniff until the last sip coconut is everywhere complemented by a more bitter than sweet chocolate tone. A little vanilla and lots of chocolate come from the bourbon barrel but this time we resisted the temptation and didn't add more vanilla to the composition as the true character of chocolate seemed to be more fascinating. Our second BA coconut imperial stout (after Monster Monday) flashes a completely different side of this nut (that isn't actually a nut). 
17,5313584,Mad Scientist,When They Bring The Nasty Riff Back But Slower,Stout - Imperial / Double,https://untappd.com/b/mad-scientist-when-they-bring-the-nasty-riff-back-but-slower/5313584,14.0,N/A,4.0,766,04/13/23,"MAD SCIENTIST BARREL PROJECTMezcal And Hot Sauce Barrel Aged Imperial Stout With Cocoa, Chillies And SpicesThe Barrel Aged Version of our previous collab with Adroit Theory (USA) NASTY RIFFCELLAR MASTER NOTESHushed and GrimmedThe Nasty Riff came back. You believed Nasty Riff was a one-hit-wonder… But you were all deceived. Damn right son, another version was made. In the dark depths of the barrel room, in a mezcal and a hot sauce barrel, this few hundred liters of this bitingly intense imperial stout was put aside to wait for its time to strike again. Very light hint of spicy smokiness and an even deeper form of chili and hotness. This release will be our second form of collaboration with the mighty Adroit Theory but if we can tell you a secret, a third will emerge soon! "
18,5558842,Mad Scientist,Simulation Theory 2023 Tahiti,Stout - Imperial / Double,https://untappd.com/b/mad-scientist-simulation-theory-2023-tahiti/5558842,10.2,N/A,4.0,244,10/09/23,"MAD SCIENTIST BARREL PROJECTBourbon Barrel Aged Imperial Stout With Tahitian VanillaCELLAR MASTER NOTESJust a kind invitation to our very own simulation if you are willing to open your mindThis beer is not just the revival of the infamous Simulation Theory originally released back in 2019, but also part of a miniseries, where we created an upgraded imperial stout base, divided it into 2 parts, and then filled them into similar Kentucky bourbon barrels, to finish them with 2 different kinds of vanilla to see what happens, focusing on the contrasts. Hereby we cordially invite you on this journey to discover all these amazing nuances. Spoiler alert: both of them are incredibly walnutty-chocolaty from the barrel itself and the Tahiti and Madagascar vanillas are in perfect symbiosis with these flavors. We're not here to judge though. Only you are! "
19,4988782,Brew Your Mind,Moment In Time 2022,Stout - Imperial / Double,https://untappd.com/b/brew-your-mind-moment-in-time-2022/4988782,12.6,N/A,4.0,334,08/22/22,"11 hónapig ír grain whisky hordókban érlelt olajosan sűrű, csokoládés ízvilágú, komplex sörital. "
20,5149834,Mad Scientist,Phat Boi,Stout - Imperial / Double,https://untappd.com/b/mad-scientist-phat-boi/5149834,11.5,N/A,4.0,2010,12/07/22,"4 bean imperial stout with Tonka Beans, Cocoa, Coffee and Vanilla "
21,5541360,Mad Scientist,Simulation Theory 2023 Madagascar,Stout - Imperial / Double,https://untappd.com/b/mad-scientist-simulation-theory-2023-madagascar/5541360,10.2,N/A,4.0,224,09/26/23,"MAD SCIENTIST BARREL PROJECTBourbon Barrel-Aged Imperial Stout With Madagascar Bourbon VanillaCELLAR MASTER NOTESJust a kind invitation to our very own simulation if you are willing to open your mindThis beer is not just the revival of the infamous Simulation Theory originally released back in 2019, but also part of a miniseries, where we created an upgraded imperial stout base, divided it into 2 parts, and then filled them into similar Kentucky bourbon barrels, to finish them with 2 different kinds of vanilla to see what happens, focusing on the contrasts. Hereby we cordially invite you on this journey to discover all these amazing nuances. Spoiler alert: both of them are incredibly walnutty-chocolaty from the barrel itself and the Tahiti and Madagascar vanillas are in perfect symbiosis with these flavors. We're not here to judge though. Only you are! "
22,4617204,Brew Your Mind,EVOLUTION 2021 COCOA,Stout - Imperial / Double,https://untappd.com/b/brew-your-mind-evolution-2021-cocoa/4617204,10.5,N/A,4.0,492,11/30/21,"Brewed in november 2020, this rye imperial stout is extremely oily and complex. Infused with Venezuelan and Nicaraguan Cocoa nibs. "
23,4495669,Mad Scientist,Extreme Plum Terror,Stout - Imperial / Double,https://untappd.com/b/mad-scientist-extreme-plum-terror/4495669,11.5,N/A,3.99,254,09/08/21,"MAD SCIENTIST BARREL PROJECTCuban Rum Barrel Aged Imperial Stout With Dried Plum And CinnamonCELLAR MASTER NOTESIn disorder you can always find harmony.As the seventh son of this batch of imperial stout (with brothers like Ghost of a Rose, Mr. Peanutbutter, Choco-Coco Armageddon), this bastard delivers a seventh totally different variety for a stout: fruits and spices. It was the first time we used dried fruits to a BA release and it has turned out very lovely with the raisiny sweet notes of plum and got perfectly completed by the woody-spicy cinnamon and the moderately strong but quite deep flavors of the Cuban rum barrel. Maybe it's time to bring fruits to Barrel Project and unleash chaos? Hell yeah. "
24,4255871,Reketye Brewing Co.,Never Before #1,Stout - Imperial / Double,https://untappd.com/b/reketye-brewing-co-never-before-1/4255871,18.0,N/A,3.99,196,04/07/21,Port ruby BA double imperial stout on raspberry 
25,4099666,Brew Your Mind,EVOLUTION 2020,Stout - Imperial / Double,https://untappd.com/b/brew-your-mind-evolution-2020/4099666,11.0,N/A,3.99,373,12/15/20,"2020. január 3-án főztük. Olajosan sűrű, édes, komplex sörital a hidegebb napokra.Összesen 350 palack készült. "
26,5341055,Mad Scientist,Chef's Bottle,Stout - Imperial / Double,https://untappd.com/b/mad-scientist-chef-s-bottle/5341055,10.6,N/A,3.99,169,05/02/23,"MAD SCIENTIST BARREL PROJECT team series Norbert Piszkor [Madhouse Budapest executive chef]Jamaican Rum Barrel Aged Imperial StoutCELLAR MASTER NOTESDo not eat. Taste. Savor. Relish.In general, our brewery doesn't embrace the mindset of ""Simple is better"" but sometimes it comes in that beautiful form we are just unable to ignore it. For this release, we used a freshly emptied Jamaican rum barrel and filled it up with our base imperial stout we've been improving for years now to provide the perfect backbone for our barrel project. The result is a chocolaty-spicy-somewhat fruity, full-bodied, yet not sweet, thick, black stout which never ceases to amaze the crew, anytime we pop a bottle. "
27,5588394,Mad Scientist,Tennessee Dice Roller,Stout - Imperial / Double,https://untappd.com/b/mad-scientist-tennessee-dice-roller/5588394,12.5,N/A,3.98,798,11/01/23,Imperial Stout with Almond and VanillaTry it - pair it - blend it with QUEEN OF GRACELAND Imperial Milk Shake Pale Ale with Sour Cherry and Coconut 
28,3996782,Mad Scientist,Mr. Peanutbutter,Stout - Imperial / Double,https://untappd.com/b/mad-scientist-mr-peanutbutter/3996782,13.0,N/A,3.98,343,10/07/20,"MAD SCIENTIST BARREL PROJECT Double Barrel Aged Imperial StoutCELLAR MASTER NOTESImagine a spoon of peanut butter that is so thick you can't even swallow it. Now imagine it in a beer.The substance you can find in this bottle had a more exciting past than most of us. We started with brewing an amazingly strong and rich imperial stout with tons of peanuts and aged it in a Four Roses barrel. When the taste of bourbon got vibrant after a year, we poured it into a Pedro Ximenez sherry barrel for a finish and as a final act, a crazy amount of peanut has been added again. All of these efforts turned into a wonderful unity between wood, vanilla, chocolate, cherry, plum, and at last but not least: P-E-A-N-U-T! "
29,4350822,Mad Scientist,Stachio Bois,Stout - Imperial / Double,https://untappd.com/b/mad-scientist-stachio-bois/4350822,11.0,N/A,3.97,216,06/07/21,"MAD SCIENTIST BARREL PROJECT Bourbon Barrel Aged Vanilla Bean Pistachio Cake Imperial Pastry StoutCELLAR MASTER NOTESPistachio is the king of the nut family so we didn't hesitate to put a golden crown on this bottle. But wax is far from being the only thing that makes it noble: it sat for more than a year in a bourbon barrel and we added vanilla to round up the tastes and balance the light saltiness. To be honest, we had nothing to do here: the enormous amount of nuts did most of the job. The chocolaty stout mixed with the oriental vibes of pistachios got twisted by a bit of vanilla, it is soft with moderated carbonation, and the feeling it delivers is royal. We recommend it to everybody who's ready to admire a sticky-toffee-nutty-chocolaty-vanilla boi. "
30,5697214,Gravity Brewing,Supernova - Imperial Almond Stout,Stout - Imperial / Double,https://untappd.com/b/gravity-brewing-supernova-imperial-almond-stout/5697214,12.5,60,3.97,335,01/31/24,"Supernova builds on our core range almond stout's incredible reception, pushing Nova's recipe deep into imperial territory to create a luxuriously rich, complex version for our stout fans.This is an enormous beer: rich aromas of roasted almonds lead into a silky smooth, oat-heavy base full of dark chocolate notes tempered with a touch of lactose sweetness.Long conditioning on toasted cherry wood adds further depth to turn Supernova into a truly indulgent treat, perfect for any winter evening. "
31,5977525,Brew Your Mind,Evolution 2023,Stout - Imperial / Double,https://untappd.com/b/brew-your-mind-evolution-2023/5977525,10.2,N/A,3.96,289,09/09/24,"Our rye imporial stout with 8 types of malts. Oily body, komplex taste. "
32,4255877,Reketye Brewing Co.,Never Before #3,Stout - Imperial / Double,https://untappd.com/b/reketye-brewing-co-never-before-3/4255877,18.0,N/A,3.96,153,04/07/21,Tawny portwood whiskey BA double imperial stout 
33,4038433,Brew Your Mind,Evolution 2020 Cocoa,Stout - Imperial / Double,https://untappd.com/b/brew-your-mind-evolution-2020-cocoa/4038433,11.0,N/A,3.95,171,11/04/20,"Brewed in january 2020, this rye imperial stout is extremely oily and complex. Infused with Venezuelan and Nicaraguan Cocoa nibs. 225 bottles where made. "
34,5002088,Fehér Nyúl,Uenuku,Stout - Imperial / Double,https://untappd.com/b/feher-nyul-uenuku/5002088,13.3,N/A,3.95,328,09/01/22,"Ezt az Imperial Stoutot a tartályérlelés után három részre osztottuk. Egy Martinique mellett két jamaicai (egy szűz és egy használt tölgy) rumoshordóban érleltük 8 hónapig, mielőtt blendeléssel újra egyesítettük.This Imperial Stout was split into three parts after fermentation. These were then filled into 3 barrels: a Martinique and two Jamaican rum (one virgin, on used). After 8 months these parts were once again reunited trough blending. "
35,5640082,Gravity Brewing,Zenith - Imperial Chocolate Orange Stout,Stout - Imperial / Double,https://untappd.com/b/gravity-brewing-zenith-imperial-chocolate-orange-stout/5640082,10.5,54,3.95,303,12/11/23,"Thanks to a double dose of Gravity-roasted Peruvian cacao nibs, this luxuriously boozy milk chocolate stout evokes memories of steaming cups of hot cocoa and delicious Christmas desserts.Cold nitrogenation rounds out the mouthfeel by delivering an incredibly smooth body and creamy head, while a delicate orange marmalade finish gently brings you back to your senses for another sip. "
36,6141498,Mad Scientist,Only The Mad Are Sane,Stout - Imperial / Double,https://untappd.com/b/mad-scientist-only-the-mad-are-sane/6141498,12.7,N/A,3.94,339,01/28/25,"A Blend Of Maple Syrup Barrel-Aged Imperial Stout, Martinique Rum Barrel-Aged Ryewine And Smoky Whisky Barrel-Aged Sweet Mead collab with our friend Erwin from Van Moll (NL) 4 kegs ever made for Van Moll Fest Winter Edition 2025  "
37,6474267,Brew Your Mind,Moment In Time 2025: Heaven Hill Bourbon,Stout - Imperial / Double,https://untappd.com/b/brew-your-mind-moment-in-time-2025-heaven-hill-bourbon/6474267,13.8,N/A,3.94,168,10/31/25, 
38,4255876,Reketye Brewing Co.,Never Before #2,Stout - Imperial / Double,https://untappd.com/b/reketye-brewing-co-never-before-2/4255876,18.0,N/A,3.94,178,04/07/21,Tawny port BA double impreial stout 
39,5131653,Fehér Nyúl,Tagaloa,Stout - Imperial / Double,https://untappd.com/b/feher-nyul-tagaloa/5131653,13.3,N/A,3.94,288,11/24/22,"Az Uenuku alapját is képező Imperial Stoutot ehhez a sörhöz Kentucky Bourbon hordókban érleltük, majd blendeltük. A krémes test mellé kiválóan párosulnak a bourbon jegyei!The same Imperial Stout that formed the basis to Uenuku was also aged in different Kentucky Bourbon barrels, then blended together. The creamy body pairs great with the bourbon's notes! "
40,4637237,Reketye Brewing Co.,Lords of the Barrel - Vanilla & Tonka Beans,Stout - Imperial / Double,https://untappd.com/b/reketye-brewing-co-lords-of-the-barrel-vanilla-and-tonka-beans/4637237,18.0,N/A,3.94,164,12/13/21,"A duó  második tagja is rendkívül komplex ízvilággal rendelkezik. Nem émelyítően édes, hanem gyönyörűen lekerekített, sárgabarack befőtt ízeket villant, miközben a tonkabab és a vanília felváltva mutatkozik meg, valódi szépséggé alakítva ezt az alkoholtartalma miatt veszélyes szörnyeteget. "
41,5755927,Mad Scientist,Nolala Land,Stout - Imperial / Double,https://untappd.com/b/mad-scientist-nolala-land/5755927,10.5,N/A,3.93,208,03/19/24,"MAD SCIENTIST BARREL PROJECTMaple Syrup Barrel-Aged Imperial Stout With Pecan NutsCELLAR MASTER NOTES""It's a soul sense of prideGood lord, the South is blind""As a new thing, we started to use bourbon barrels for aging that were previously filled with maple syrup. Well, it turned out pretty awesome, it gave us much more taste than we would ever thought. As the cherry on top, we added a decent amount of handroasted pecan nuts to enhance the pleasure even more so we invite you to dive under with us to the depths of this woody, thick and nutty swamp. "
42,2990078,Urban Bastards,RHDKZ!,Stout - Imperial / Double,https://untappd.com/b/urban-bastards-rhdkz/2990078,11.0,N/A,3.93,370,12/15/18, 
43,3738210,Mad Scientist,Sleeping Giant,Stout - Imperial / Double,https://untappd.com/b/mad-scientist-sleeping-giant/3738210,12.0,N/A,3.92,209,04/02/20,"MAD SCIENTIST BARREL PROJECTRum and Bourbon Double Barrel Aged Imperial StoutCELLAR MASTER NOTESThe giant slept for a year in Barbados rum barrels, then rested half more year in a second fill Woodford bourbon barrel. The double barrel aging made it an outstandingly complex beer. It smells like the childhood memory of roasting marshmallows on the campfire. This memory is complemented by coconut and burnt sugar. The beer bids farewell with a night long mouthfeel. "
44,5148640,Fehér Nyúl,Mahuika,Stout - Imperial / Double,https://untappd.com/b/feher-nyul-mahuika/5148640,13.3,N/A,3.92,241,12/06/22,"Alapja ugyanaz az Imperial Stout, amire Uenuku és Tagaloa is épül. Ezúttal a blendeléshez bourbon és brandy hordókban érlelt hányadokat használtunk fel, egy izgalmas, karakteres ízprofilért.The same base Imperial Stout that is shared with Uenuku and Tagaloa, aged in a blend of Bourbon and Brandy barrels. "
45,5863836,Mad Scientist,Mango Cvlt,Stout - Imperial / Double,https://untappd.com/b/mad-scientist-mango-cvlt/5863836,10.4,N/A,3.92,194,06/10/24,"MAD SCIENTIST BARREL PROJECTJamaican Rum Barrel-Aged Imperial Stout With Dried MangoCELLAR MASTER NOTES “Real smart begins when you quit quoting other people.”Sometimes it’s not that hard to tell if the sequel is better or worse than the original one. But with this one, things are getting really messy. As the second part of our 'aging imperial stouts in rum barrels and finishing them with dried fruits' miniseries (if you remember Pineapple Popup), we now used sundried mango that gave a similar vibe like pineapple: a tropical blast and the kiss of the summer built into a robust, spicy imperial stout. Who knows, maybe we'll end up as a trilogy with Papaya in the lead role! "
46,5507943,Mad Scientist,Night of the Witch,Stout - Imperial / Double,https://untappd.com/b/mad-scientist-night-of-the-witch/5507943,10.2,N/A,3.92,188,09/01/23,"MAD SCIENTIST BARREL PROJECT Gin Barrel Aged Imperial Stout with Pine Nuts, Pine Buds and Juniper BerriesCELLAR MASTER NOTESIt's the night of the witch, our coven sets your heart on fire‌It would be hard to deny that we have some special feelings towards the pines, the pines, where the sun never shines, so it was just a matter of time after Lumbersexual, Timbersexual or Needles and Pins that we released a Barrel Project within this theme. Celebrating Dopelord's new record, Night of the Witch attacks with a serious amount of pine nuts, freshly picked spruce tips and juniper berries. The result is an odd, somewhat Sahti-themed imperial stout with piney freshness and nutty deepness, absolutely not for everyone, but definitely for you. "
47,6513783,Fehér Nyúl,From the Barrel Bourbon Barrel Aged Pecan Imperial Stout (2025),Stout - Imperial / Double,https://untappd.com/b/feher-nyul-from-the-barrel-bourbon-barrel-aged-pecan-imperial-stout-2025/6513783,14.3,N/A,3.91,214,12/01/25,"A Wilderness Trail bourbon hordó és a pekándió elegáns párosa egy végtelenül komplex, rétegzett imperial stoutban vegyül el. Erőteljes, kifinomult, és olyan gazdag, hogy szinte harapni lehet.The elegant pairing of a Wilderness Trail bourbon barrel and pecan melds into an endlessly complex, layered imperial stout. Powerful, refined, and so rich you can practically bite into it. "
48,5712813,Mad Scientist,Tiny Barrel Project Phat Boi Sherry,Stout - Imperial / Double,https://untappd.com/b/mad-scientist-tiny-barrel-project-phat-boi-sherry/5712813,11.5,N/A,3.91,445,02/13/24,"Even prettier, even hotter, even thicker! Our instant classic '4 bean' imperial stout needs no introduction to dark beer lovers, PHAT BOI is a dynamic blend of natural flavours and real ingredients! The tonka, cocoa, coffee and vanilla infused base has spent over a year in Oloroso Sherrys barrels, which has brought the creamy-cocoa palate to the forefront, while also adding raisins, red berries and woody notes to the mix.The first TINY BARREL PROJECT release in 2024 in collaboration with our friends Jégkert craft beer bar. "
49,5212010,Gravity Brewing,Collision Course - Imperial Salted Chocolate Stout,Stout - Imperial / Double,https://untappd.com/b/gravity-brewing-collision-course-imperial-salted-chocolate-stout/5212010,10.8,46,3.9,183,01/26/23,"Collision Course is an adult chocolate experience: a full-bodied bittersweet sipping cocoa packed with the richest ingredients and boldest flavors.A double dose of dark-roasted Peruvian cacao nibs soak in a luxurious caramel and chocolate malt base, while a touch of umami-packed red miso lends salinity to the finish and savory depth to the palate. This explosive dark chocolate body is tempered with soft vanilla notes from toasted oak, patiently developed on our own proprietary infusion system. "
0,4534884,HORIZONT Brewing,Night Shift Vintage 2021 Russian Imperial Stout Aged In Bourbon Barrels With Chocolate And Coffee,Stout - Imperial / Double Coffee,https://untappd.com/b/horizont-brewing-night-shift-vintage-2021-russian-imperial-stout-aged-in-bourbon-barrels-with-chocolate-and-coffee/4534884,12.5,N/A,4.2,1074,10/05/21,Russian Imperial Stout aged in Bourbon Barrels with Chocolate and Coffee added to the beer to give it a more round and delightful taste. 
1,4068063,HORIZONT Brewing,Night Shift Vintage 2020 Russian Imperial Stout Aged In Bourbon Barrels With Chocolate & Coffee,Stout - Imperial / Double Coffee,https://untappd.com/b/horizont-brewing-night-shift-vintage-2020-russian-imperial-stout-aged-in-bourbon-barrels-with-chocolate-and-coffee/4068063,12.0,N/A,4.16,1282,11/24/20,"This beer is a 12% ABV Russian Imperial Stout, that was brewed with 12 types of malts, 6 hours of boil time, and 3 months of fermenting to prepare it for a long journey in two types of freshly emptied Bourbon barrels. The finished beer was soaked on freshly roasted Ethiopean Coffee beans and cocoa beans from Ghana. The result is a beer rich in notes of coffee, chocolate, vanilla and bourbon which we gladly recommend for every beer lover. "
2,5056103,HORIZONT Brewing,Night Shift Vintage 2022 Russian Imperial Stout Aged In Bourbon Barrels with Chocolate & Coffee,Stout - Imperial / Double Coffee,https://untappd.com/b/horizont-brewing-night-shift-vintage-2022-russian-imperial-stout-aged-in-bourbon-barrels-with-chocolate-and-coffee/5056103,13.6,N/A,4.15,2194,10/07/22,"In 2020, when we tasted the first version of this beer, we felt a sense of pride like never before. This feeling has persisted every year since then. Our base beer is a midnight black, full-bodied Russian imperial stout, which we then matured on freshly roasted Ethiopian variant of a Budapest specialty coffee roaster and Ghanaian cocoa beans. All this was poured into freshly emptied bourbon barrels and aged for nearly a year to reach its most beautiful form. Enjoy this splendid beer!2020-ban amikor megkóstoltuk ennek a sörnek az első verzióját, akkor olyan büszkeség fogott el bennünket, mint előtte még soha. Ezt az érzést azóta is minden évben érezzük. Az alapsörünk egy éjfekete, testes russian imperial stout, amit egy budapesti specialty kávépörkölő frissen pörkölt etiópiai variánsán és ghánai kakaóbabon érleltünk utána. Mindezt frissen ürített bourbon hordókba fejtettük és érleltük közel egy évig, hogy elérje a legszebb formáját. "
3,5571019,HORIZONT Brewing,Night Shift Vintage 2023 - Russian Imperial Stout Aged In Bourbon Barrels With Chocolate & Coffee,Stout - Imperial / Double Coffee,https://untappd.com/b/horizont-brewing-night-shift-vintage-2023-russian-imperial-stout-aged-in-bourbon-barrels-with-chocolate-and-coffee/5571019,11.5,N/A,4.08,878,10/19/23,"Minden évben meglep ennek a már kötelezővé vált tételnek a sokszínűsége. Az alapsör pörkölt malátás jegyei és a Bourbon hordók klasszikus, utánozhatatlan ízvilága már alapból egy egészen különleges, minden évben egyre harmonikusabb ízvilágot alkotnak az egy éves érlelés során, de az igazi varázslat a kakaó- és kávébab megszokott ízjegyeinek átvételekor történik. This beer surprises us each year, since the harmony between the base beer and the barrels turns out to be something magical. Add the classical taste of cocoa and coffee beans, and the perfect barrel aged beer is suddenly in front of you.    "
4,5273250,Mad Scientist,Roasters Paradise Kianderi - Kenya,Stout - Imperial / Double Coffee,https://untappd.com/b/mad-scientist-roasters-paradise-kianderi-kenya/5273250,13.0,N/A,4.07,1467,03/14/23,collab with CASINO MOCCA 
5,5273252,Mad Scientist,Roasters Paradise Koke Shalaye - Etiópia,Stout - Imperial / Double Coffee,https://untappd.com/b/mad-scientist-roasters-paradise-koke-shalaye-etiopia/5273252,13.0,N/A,4.05,1611,03/14/23,collab with CASINO MOCCA 
6,6147171,Mad Scientist,Roasters Paradise San Rafael - Honduras,Stout - Imperial / Double Coffee,https://untappd.com/b/mad-scientist-roasters-paradise-san-rafael-honduras/6147171,11.3,N/A,4.03,877,02/02/25,collab with CASINO MOCCA 
7,5299510,Mad Scientist,Roasters Paradise Jaguara - Brazília,Stout - Imperial / Double Coffee,https://untappd.com/b/mad-scientist-roasters-paradise-jaguara-brazilia/5299510,13.0,N/A,4.01,1765,04/01/23,collab with CASINO MOCCA 
8,6092580,Mad Scientist,Tiny Barrel Project Roasters Paradise Costa Rica Las Lomas,Stout - Imperial / Double Coffee,https://untappd.com/b/mad-scientist-tiny-barrel-project-roasters-paradise-costa-rica-las-lomas/6092580,10.8,N/A,3.94,594,12/13/24,"Our Roasters Paradise collab series with CASINO MOCCA including the trio of ROASTERS PARADISE KIANDERI - KENYA, ROASTERS PARADISE KOKE SHALAYE - ETIÓPIA and ROASTERS PARADISE JAGUARA - BRAZÍLIA has been our favorite coffee releases forever. As an elevation for this project, we wanted to transfer this experience into our other smash-hit series, TINY BARREL PROJECT:Following TINY BARREL PROJECT SPIRITLORD RUM and TINY BARREL PROJECT CANDY MAN SCOTCH and so, here is our 13th TINY BARREL PROJECT release in our new category between the Specials series and Barrel Project in 330ml cans.Love project meets love project - who else could have been our collab partners for this one-of-a-kind experience, than MADHOUSE BUDAPEST. Get this release if you can, only 1 keg ever made for our downtown bistro & bar together with a really limited number of cans! "
9,4630768,Reketye Brewing Co.,Lords of the Barrel - Coffee,Stout - Imperial / Double Coffee,https://untappd.com/b/reketye-brewing-co-lords-of-the-barrel-coffee/4630768,18.0,N/A,3.92,387,12/09/21,"A Mad Scientist és a Reketye sörfőzde többéves tapasztalata a hordóérlelésű sörök területén, a sok szakmai beszélgetés, az izzó sörszerelem eredménye ez a remekmű.Ízében a hordó vaníliás jegyei vannak előtérben, mellette menetel a Casino Mocca kávé, remekül egyensúlyozva a magas alkoholtartalmat. "
10,4962680,Gravity Brewing,Antimatter - Imperial Coffee Stout,Stout - Imperial / Double Coffee,https://untappd.com/b/gravity-brewing-antimatter-imperial-coffee-stout/4962680,11.2,57,3.9,287,08/04/22,"For those of you who drink 8% coffee stouts for breakfast, we've developed Antimatter: a double ristretto among Starbucks lattes.This espresso-roast heavyweight rests on a foundation of coffee and chocolate malts blended with silky oats, brown sugar, and a delicate touch of lactose.We pile a trio of very special beans onto that base, all from Budapest's own Bagira Coffee. Two dark roasts are core to the Gravity blend: a milk chocolate, nougat-laden Brazilian, and an El Salvadorian bean full of tobacco and strawberry notes. The third is a very special guest, a medium-roast Yellow Catuai bean from Brazil, naturally-fermented for 120 hours for distinctive aromas of sweet coconut and sour cherry. "
11,6584109,Mad Scientist,Roasters Paradise Pampojilá - Guatemala,Stout - Imperial / Double Coffee,https://untappd.com/b/mad-scientist-roasters-paradise-pampojila-guatemala/6584109,12.4,N/A,3.87,201,01/30/26,collab with CASINO MOCCA 
12,5351353,HORIZONT Brewing,Selfish Games Royal Indulgence,Stout - Imperial / Double Coffee,https://untappd.com/b/horizont-brewing-selfish-games-royal-indulgence/5351353,10.8,N/A,3.83,528,05/09/23,Imperial stout from our brewery with a lot of coconut and locally roasted coffee. 
13,4841224,HopTop Brewery,Apocalypse Coffee,Stout - Imperial / Double Coffee,https://untappd.com/b/hoptop-brewery-apocalypse-coffee/4841224,12.0,40,3.82,162,05/14/22,Imperial Latte Stout with a huge amount of La Claudina columbian light roast coffee.  
14,4051598,MONYO Brewing Co.,Los Rodriguez,Stout - Imperial / Double Coffee,https://untappd.com/b/monyo-brewing-co-los-rodriguez/4051598,10.0,N/A,3.81,278,11/13/20,"Imperial Coffee Stout brewed with Bolivian ""Los Rodriguez"" coffee beans, roasted by Coffee Collective (DK). "
15,4201901,HORIZONT Brewing,Selfish Games Double Morning Joe,Stout - Imperial / Double Coffee,https://untappd.com/b/horizont-brewing-selfish-games-double-morning-joe/4201901,9.0,N/A,3.69,1826,03/01/21,"Our core stout Morning Joe in double edition with more coffee, more cocoa nibs and higher ABV. Enjoy anytime. "
0,4726075,Mad Scientist,Asleep In The Deep,Stout - Imperial / Double Milk,https://untappd.com/b/mad-scientist-asleep-in-the-deep/4726075,12.9,N/A,4.05,292,02/22/22,"MAD SCIENTIST BARREL PROJECT TEAM SERIES BENCEAntilles Rum Barrel Aged Imperial Milk Stout With Hazelnut, Cocoa And VanillaCELLAR MASTER NOTESSo the time has finally come when we release a beer that is even thicker than the last one we said was thicker than the previous, again. BUT this time it really is. Tons of lactose, chocolate and NUTs. ELAborating a beer is always full of fun with nuts because the selection is huge and (almost) every one of them is delicious. For the beer, we had a chance to take a chance on a new barrel type and Antilles rum turned out quite good. The results can be circumscribed as a hazelnut-chocolate spread rounded up with vanilla and aged in a rum barrel, for, you know... Reasons. And science. "
1,6267418,Mad Scientist,Tiny Barrel Project Madame Kairi,Stout - Imperial / Double Milk,https://untappd.com/b/mad-scientist-tiny-barrel-project-madame-kairi/6267418,12.4,N/A,4.04,438,05/16/25,"Hot Sauce And Mezcal Barrel Aged Imperial StoutA TINY BARREL PROJECT that is unique in every respect, as it is the only one without a previous original release within the SPECIALS series. The launch was scheduled for the time of Tallinn Craft Beer Weekend 2025, after the first day, during the traditional MAD SCIENTIST TTO + MEET THE BREWER event at KOHT.We felt it was important to commemorate a very dear friend, supporter and our Estonian mother, thanks to whom KOHT has always been our home away from home... We always had tap takeovers together during every TCBW, she often came to Budapest to pick up goods in person with her truck, it was always a pleasure to meet her, we event talked about a collab beer last year and this year we fixed it already to do one of the upcoming TINY BARREL PROJECT releases together, as a collab with KOHT. Well, this collab has happened in a different way unfortunately... But it has happened.After TINY BARREL PROJECT SPIRITLORD RUM and TINY BARREL PROJECT CANDY MAN SCOTCH and so, here is our 14th TINY BARREL PROJECT release in our new category between the Specials series and Barrel Project in 330ml cans  "
2,4539042,Mad Scientist,Black Horchata,Stout - Imperial / Double Milk,https://untappd.com/b/mad-scientist-black-horchata/4539042,11.0,N/A,3.97,202,10/08/21,"MAD SCIENTIST BARREL PROJECTA Blend Of Imperial Milk Stout And Imperial Porter Aged In Bourbon Barrel With Vanilla And CinnamonCELLAR MASTER NOTESThe king of crowdpleasers, dear Ladies and Gentlemen and other earthlings! Black Horchata launches a smooth attack against your taste buds with the power of vanilla and cinnamon, blackboned (sic!) by a stout full with lactose that has been aged for more than 1 year in a Kentucky bourbon barrel. The name comes from its undeniable similarity with the well-known Mexican soft drink but beyond this, we can't really recommend it for breakfast. You know. It's 11% ABV. Maybe for lunch. "
3,5001905,HopTop Brewery,Mental Trainer,Stout - Imperial / Double Milk,https://untappd.com/b/hoptop-brewery-mental-trainer/5001905,11.8,N/A,3.91,216,09/01/22,Kentucky bourbon barrel aged milk imperial stout  
4,5001900,HopTop Brewery,Fear of the Dark I.,Stout - Imperial / Double Milk,https://untappd.com/b/hoptop-brewery-fear-of-the-dark-i/5001900,11.5,N/A,3.91,279,09/01/22,Heavy weight milk imperial stout aged in kentucky bourbon maple syrup oak barrel for a year  
5,4018724,Reketye Brewing Co.,MMS³ - Madártejes Milk Stout,Stout - Imperial / Double Milk,https://untappd.com/b/reketye-brewing-co-mms3-madartejes-milk-stout/4018724,9.0,N/A,3.88,598,10/22/20,"Még selymesebb, még krémesebb a kortyérzet mint az első két kiadásnál! A cél Szilárd anyukájának a Madárteje volt! A Milk Stoutban alapból van kakaó, vanília és laktóz ami megadja a desszertes alaphangot. Ehhez jött még hozzá további rengeteg laktóz és brutális mennyiségű vanília. "
6,5001901,HopTop Brewery,Fear of the Dark II.,Stout - Imperial / Double Milk,https://untappd.com/b/hoptop-brewery-fear-of-the-dark-ii/5001901,12.2,N/A,3.87,203,09/01/22,"Double barrel aged milk imperial stout, aged for months in JD Kentucky Bourbon barrel, and more than half year at kentucky bourbon maple syrup barrel. "
7,5001904,HopTop Brewery,RudeBoy,Stout - Imperial / Double Milk,https://untappd.com/b/hoptop-brewery-rudeboy/5001904,11.5,N/A,3.85,202,09/01/22,Kentucky bourbon barrell aged milk imperial stout  
8,5001903,HopTop Brewery,Sex On the Barrel,Stout - Imperial / Double Milk,https://untappd.com/b/hoptop-brewery-sex-on-the-barrel/5001903,11.6,N/A,3.84,178,09/01/22,Barbados rum barrel aged milk imperial stout  
9,6286119,Mad Scientist,Dawn of the Witch,Stout - Imperial / Double Milk,https://untappd.com/b/mad-scientist-dawn-of-the-witch/6286119,11.0,N/A,3.84,196,05/31/25,"MAD SCIENTIST BARREL PROJECTGin Barrel-Aged Imperial Milkstout With Spruce Tips, Woodruff, Juniper Berries And Forest FruitsCELLAR MASTER NOTESIt's the dawn of the witchLet go, our spells will lead you higherMore than a year has passed since Night of the Witch cast its pine-scented spell, now the forest reveals a different path. We kept the spruce tips and juniper berries but left the nuttiness behind, conjuring an even more herbal, fruit-kissed incarnation. This time, woodruff takes the lead, a mystical herb with ancient roots, once used in potions, now lending its soft cinnamon, vanilla, and grassy charm. To deepen the magic, we added a handful of dark berries to this potion. It’s an enchanting start to work more frequently with herbs, we hope it will charm you, too. "
10,1961201,TuffBuzz,Sugar Daddy,Stout - Imperial / Double Milk,https://untappd.com/b/tuffbuzz-sugar-daddy/1961201,11.0,71,3.81,225,02/20/17,"SugarDaddy. Imperial Mocha-Toffee Brownie Milk Stout. This is a TuffBuzz x Mad Scientist collaboration beer. ABV 11%.Ingredients: water, malted barley/wheat, yeast, coffee, cocoa, falked wheat, orange blossom extract, vanilla, dark muscovado, carmel, lactose, hops (centennial, lemondrop, pacifica, ahtanum). "
11,4900052,Mad Scientist,Dovahkiin,Stout - Imperial / Double Milk,https://untappd.com/b/mad-scientist-dovahkiin/4900052,12.9,N/A,3.8,562,06/23/22,"MAD SCIENTIST BARREL PROJECTIslay Whisky Barrel-aged Smoky Imperial Milk Stout With Habanero ChilliesCELLAR MASTER NOTESAs a dragon shout, this monstrous release arrives with smoke and fire and leaves no tastebuds untouched. When we brewed this beer almost 2 years ago we had a clear concept to make something like a chocolate-smoke-chili cream liquor so we used tons of lactose, got the smokiest barrel we could and used Habanero chilies to add some heat and more smoke. If you like to compare beers, taste it along with the Asleep in the Deep, it has the same base but the additions and barrels make 2 whole different worlds. But beware, don't take too much fire damage! "
12,5281308,Mad Scientist,Year of the Tiger,Stout - Imperial / Double Milk,https://untappd.com/b/mad-scientist-year-of-the-tiger/5281308,12.4,N/A,3.8,224,03/19/23,"MAD SCIENTIST BARREL PROJECTBarrel Aged Imperial Milk StoutCELLAR MASTER NOTESBarrelX or Idk but cool anyway.You, beautiful people, loved the NYE2021 blend so much on tap that we decided to create a batch to be bottled as well. This marriage has been set between our previous Barrel Project release ""Asleep In The Deep"" which arrives with loads of chocolate together with hazelnut and a mixed fermented, wine barrel-aged, black raspberry-infused hawthorn mead. As you can expect, complexity attacks from several directions in the shape of chocolate sweetness, deep fruitiness, playful acidity, nuts, nuts, nuts and more!Saying it's a Black Forest cake would be too obvious and we even used this term before but what could be said? It's pretty much like that and beyond! "
13,3149643,HORIZONT Brewing,Darkness Cannot Drive Out Darkness,Stout - Imperial / Double Milk,https://untappd.com/b/horizont-brewing-darkness-cannot-drive-out-darkness/3149643,9.0,N/A,3.79,374,03/29/19,"One half of our - three way - collab with Heist Craft from Clowne, UK. Darkness.. is a beautiful chocolate cake imperial stout, for which we used a good amount of cocoa beans, chocolate powder and some lactose. Boiled for 3 hours it's creamy and delicious. Look for the other half, Only Light Can Do That by MONYO x Heist Craft.  "
14,6273835,HORIZONT Brewing,Elemental Darkness,Stout - Imperial / Double Milk,https://untappd.com/b/horizont-brewing-elemental-darkness/6273835,8.5,N/A,3.79,447,05/22/25,"Egy igazán különleges kollaboráció a norvég Badin sörfőzdével – ez az imperial milk stout a selymes testet és az intenzív kakaós karaktert ötvözi az egzotikus kínai ötfűszer keverék (fahéj, koriander, babérlevél, ánizs, szegfűbors) meleg, fűszeres jegyeivel. A gazdag malátakaraktert krémes laktóz támogatja, míg a fűszerek mélységet és izgalmas rétegzettséget adnak a kortynak.A truly special collaboration with Norway’s Badin Brewery – this imperial milk stout combines a silky body and intense cocoa character with the warm, spicy notes of an exotic Chinese five-spice blend (cinnamon, coriander, bay leaf, anise, allspice). The rich malt backbone is supported by creamy lactose, while the spices add depth and intriguing layers to every sip. "
15,3745178,Kecskeméti Sörmanufaktúra,IMPERIAL MILK STOUT,Stout - Imperial / Double Milk,https://untappd.com/b/kecskemeti-sormanufaktura-imperial-milk-stout/3745178,8.0,50,3.77,235,04/09/20,"Anglia 1700-as évekbeli exportra szánt söre, mivel a magas alkoholtartalom védte, a hosszú utazással járó megpróbáltatások ellen. Napóleoni háborúk miatt a kereskedelem megszakadt, így rövid idő után ez a sörtípus megsemmisült létezni. Az amerikai sörforradalomnak köszönhetően újraélesztették, és újragondolták. Mi is egy modernebb változatott főztünk rengeteg laktózzal, és bourbon vaníliával. Ui.: Ragadni fog a szád! "
16,5732841,Mad Scientist,Chaiwala,Stout - Imperial / Double Milk,https://untappd.com/b/mad-scientist-chaiwala/5732841,11.3,N/A,3.73,645,03/01/24,Masala Chai Latte Imperial Milk Stout		 
17,2639859,MONYO Brewing Co.,Marzyparty,Stout - Imperial / Double Milk,https://untappd.com/b/monyo-brewing-co-marzyparty/2639859,8.0,32,3.72,815,05/08/18,Extra Milk Stout with Marzipan and Almond.  
18,2431085,MONYO Brewing Co.,Beard Doesn't Make You A Brewer.,Stout - Imperial / Double Milk,https://untappd.com/b/monyo-brewing-co-beard-doesn-t-make-you-a-brewer/2431085,6.0,8,3.66,581,12/15/17,"Sörfőzdénk második Extra Milk Stoutja, amibe a laktózon kívül rengeteg pörkölt földimogyoró, vanília és pillecukor is került. A végeredmény pedig folyékony dekadencia: krémes, édes, testes és sűrű desszertsör. Míg illatában eleinte a stílusra jellemző étcsokoládé és pörkölt maláta dominál, némi mogyoróvajas felhanggal, addig ízében már utóbbin van a hangsúly, némi karamellával és melengető alkohollal kiegészülve. Ha két szóban kellene jellemeznünk, azt mondanánk, hogy ilyen lehet a folyékony Snickers.--Our second Extra Milk Stout was brewed with copious amounts of lactose, Madagascar vanilla, marshallows and peanuts. Swirling aromas lift from the glass calling to mind Snickers bars, freshly-made peanut butter and Black Forest gateau. On the palate, notes of peanut butter, baker’s chocolate and caramel are layered over a full, soft mouthfeel.  "
0,6472941,Gravity Brewing,"Supermassive - Imperial Stout with Coconut, Cinnamon, and Pecans (2025)",Stout - Imperial / Double Oatmeal,https://untappd.com/b/gravity-brewing-supermassive-imperial-stout-with-coconut-cinnamon-and-pecans-2025/6472941,14.3,110,3.96,172,10/30/25,"Supermassive is the culmination of our high-ABV prototyping program, a project that has been in the works since 2023. Experience from prototypes like the Imperial Oatmeal Stout and the C/M/T have helped us to refine our maximum-gravity process, which now transitions into an ongoing high-ABV series with new releases arriving annually.Prepare yourself for an extreme brew that pushes the limits of our brewhouse, with a 14% ABV and the same rich, velvety foundation that defines Gravity’s Imperial range. Packed with roasted malts and silky oats, the Supermassive base showcases tons of chocolate, coffee, and dark caramel character. This huge base demands an extra long infusion on two different toasted oaks, specifically chosen to further deepen the rum and vanilla character.For this first edition of Supermassive, coconut sugar, coconut water, and toasted coconut flakes provide the backbone of the flavour: complex, fragrant, roasted coconut notes with a hint of salinity. Stacked onto that base are cinnamon buds which dominate the nose with a captivating aroma of soft, fruity winter spice, while toasted pecans finish the sip with a lingering nutty richness. "
1,5738477,Gravity Brewing,Prototype: Imperial Oatmeal Stout,Stout - Imperial / Double Oatmeal,https://untappd.com/b/gravity-brewing-prototype-imperial-oatmeal-stout/5738477,12.6,86,3.95,254,03/06/24,"Our newest Prototype is an Imperial Oatmeal Stout, and the start of something big here at Gravity!This dark, rich, and roasty brew is an all-new in-house imperial base inspired by San Diego’s legendary Modern Times, and their Devil’s Teeth series of more than 100 different imperial stouts. Think huge doses of malted oats, backed up by tones of chocolate, coffee, and complex caramel. A light touch of lactose balances the body, while organic coconut sugar helps the finish linger on the palate.This project will serve as the foundation for a new series of limited-release high-ABV beers, which we'll build on with new ingredients and infusion techniques to unleash bold new flavors and aromas. "
0,6030210,HORIZONT Brewing,Night Shift Vintage 2024 - Imperial Pastry Stout Aged In Bourbon Barrels With Hazelnut & Caramel,Stout - Imperial / Double Pastry,https://untappd.com/b/horizont-brewing-night-shift-vintage-2024-imperial-pastry-stout-aged-in-bourbon-barrels-with-hazelnut-and-caramel/6030210,11.8,N/A,4.22,1406,10/22/24,"Pető Kristóf sörfőzőnk ötlete. Az alap Imperial Stout, aminek jellegzetes csokis ízjegyei mellé igazából bármilyen csoki-ihletésű dolog illik, most kapott egy jó nagy adag mogyorótöretet és karamellt. A sör maga Bourbon hordókban érlelődött, hogy az alap ízjegyek kapjanak egy kis whiskey-s, hordós tuningot. The base is an Imperial Stout, whose distinctive chocolate notes pair well with any chocolate-inspired addition, and now it’s been given a generous amount of crushed hazelnuts and caramel. The beer itself was aged in Bourbon barrels to give the base flavors a touch of whiskey and barrel-aged finesse. "
1,5626567,HORIZONT Brewing,Night Shift Vintage 2023 - Vanilla & Cinnamon Bundt Cake Pastry Stout Aged In Tennessee Whiskey Barrels,Stout - Imperial / Double Pastry,https://untappd.com/b/horizont-brewing-night-shift-vintage-2023-vanilla-and-cinnamon-bundt-cake-pastry-stout-aged-in-tennessee-whiskey-barrels/5626567,11.0,N/A,4.15,1025,12/01/23,"Fahéjjal és vaníliával fűszerezett Pastry Stout, amelynek alapötlete a kuglóf volt. Az alapsör HBC 472 komlóval készült, amely segített elmélyíteni a hordós érlelés során átvett Tennessee whiskey hordók fás, hihetetlenül vaníliás ízjegyeit. A tökéletes ízvilágát a hozzáadott fahéjjal érte el ez a testes, zamatos sörkülönlegesség. This bottle hides an Imperial Pastry Stout made with cinnamon and vanilla, based on the idea of true love and a bundt cake.The base beer is made with American experimental hops called HBC 472, which helps to deepen the woody, vanilla flavors of the Tennessee whiskey barrels used during barrel maturation. In order to achieve the perfect taste, we added cinnamon to the beer's mouthfeel to achieve this gourmet beer specialty. "
2,5056107,HORIZONT Brewing,Night Shift Vintage 2022 Imperial Pecan Pie Stout Aged In Tennessee Whiskey Barrels,Stout - Imperial / Double Pastry,https://untappd.com/b/horizont-brewing-night-shift-vintage-2022-imperial-pecan-pie-stout-aged-in-tennessee-whiskey-barrels/5056107,13.6,N/A,4.08,1199,10/07/22,"A Horizont Night Shift tételei között minden évben megtalálható egy pastry stout. A 2022-es év „sütis” Night Shiftjéhez egy klasszikus amerikai süteményt, a pekándiós pitét vettük alapul. A pekándiós pite története az 1880-as évekig tekint vissza, és kimondottan kedvelt az USA deli államaiban, ahol a bourbon whiskey-t készítik, így természetesnek vettük, hogy hordóérleléshez egy Tennessee whiskey-s hordót válasszunk. Mivel a lepárló, ahonnan érkezett, karakteresebb, számottevően vaníliásabb esszenciájú hordókat használ, így ez fantasztikusan áll az alapsörnek, illetve a teljes koncepciónak is. Az alapsör egy sűrű, testes imperial stout, amibe rengeteg házilag pörkölt pekándiót tettünk, így kinyerve belőle az ízeket.ENEach year in the Horizont Night Shift line, we present to you a new pastry stout. The 2022 version is an expression of an American classic dessert, the pecan pie. The Pecan pie dates back to the 1880’s and is very popular in the Southern States where bourbon whiskey is made, so it was a natural fit to age this beer in Tennessee whiskey barrels. The distillery from which the barrels came emphasizes considerably more vanilla essence which is perfect for this brew. The base beer is an Imperial Stout which is a thick, full-bodied beer which was put into the barrels then we added copious amounts of home-roasted pecans, thus extracting the flavors from it. Enjoy this special beer! "
3,5129023,Mad Scientist,Sweet Spot,Stout - Imperial / Double Pastry,https://untappd.com/b/mad-scientist-sweet-spot/5129023,13.0,N/A,4.05,527,11/22/22,"MAD SCIENTIST BARREL PROJECTA Blend Of Double Barrel (Bourbon & Sherry) Aged Imperial Stout And Tequila Barrel Aged MeadCELLAR MASTER NOTESIn the perpetual seek for an optimum point or combination of factors or qualitiesWe are about to release our first Barre Project stout-mead hybrid and we couldn't be more excited. To grab life by the throat we picked a medium-dry imperial stout that was aged for almost 2 years in 2 barrels (first Bourbon, then Oloroso sherry) and we mixed it with a sweet mead that sat in a tequila barrel for more than a year. The result is a brand new category, at least from our point of view, where chocolate, berries, and the spicy-sweet honey characters are the main pillars, but beyond that oakiness, vanilla and a whole bunch of other paper-thin notes collide, you know, just to make sure you can find your sweet spot! "
4,5392495,Mad Scientist,Beeznuts,Stout - Imperial / Double Pastry,https://untappd.com/b/mad-scientist-beeznuts/5392495,13.0,N/A,4.05,374,06/08/23,"MAD SCIENTIST BARREL PROJECTA Blend Of Bourbon Barrel Aged Imperial Stout And Also Bourbon Barrel-aged Mead With Hand Roasted Pistachios And WalnutCELLAR MASTER NOTESI Hustle EverydayAs a direct successor of Sweet Spot, this following release brings the sweet-honeylike-chocolaty notes of the 'Spot, but adds the bourbonish vanilla together with generously added and carefully roasted walnuts and pistachios. We don't need to sell the story of this mead-imperial stout crossover line, because it's not a story, it's the real deal and we hope you'll enjoy it as much as we do. ""Money cannot buy happiness, it's true what they say, but a mad scientist still got bills to pay, so I hustle every day!"" "
5,5008982,Mad Scientist,Flódni,Stout - Imperial / Double Pastry,https://untappd.com/b/mad-scientist-flodni/5008982,10.7,N/A,4.03,604,09/05/22,"MAD SCIENTIST BARREL PROJECTJamaican And Cuban Rum Barrel Aged Imperial Pastry Stout With Plum, Apple, Walnut And Poppy SeedsCELLAR MASTER NOTESAs we roll further down the road to total madness we bumped into something, again, that is totally worth stopping by: Flódni, a Jewish pastry, one of the best cakes you could ever try. It's a heavily layered treat filled with apple, plum, poppyseed, walnut, citrus zests and cinnamon. We managed to translate this creation into a thick, fully packed, sweet dessert beer that was aged in Cuban and Jamaican rum barrels for more than a year to get extra spicy. It's a perfect union of (not so) contrary things! "
6,5523886,Mad Scientist,Tiny Barrel Project Biscuit Behemoth,Stout - Imperial / Double Pastry,https://untappd.com/b/mad-scientist-tiny-barrel-project-biscuit-behemoth/5523886,11.0,N/A,3.98,614,09/13/23,"From 2018 COOKIE MONSTER chocolate chip imperial stout to 2023's first half's BISCUIT BEHEMOTH cookies & cream imperial stout ending up with 2023's second half's TINY BARREL PROJECT BISCUIT BEHEMOTH COGNAC barrel-aged chocolate cookies & vanilla cream imperial stout w/ Beer Brothers Budapest.Following TINY BARREL PROJECT SPIRITLORD RUM and TINY BARREL PROJECT SPIRITLORD BOURBON, here is our third TINY BARREL PROJECT release in our new category between the Specials series and Barrel Project in 330ml cans. "
7,6451731,HORIZONT Brewing,Night Shift Vintage 2025 / Peanut Butter Jelly Imperial Pastry Stout Aged In Pedro Ximénez Sherry Barrels,Stout - Imperial / Double Pastry,https://untappd.com/b/horizont-brewing-night-shift-vintage-2025-peanut-butter-jelly-imperial-pastry-stout-aged-in-pedro-ximenez-sherry-barrels/6451731,11.1,N/A,3.98,561,10/18/25,"Gyerekkor legjobb szendvicse - csak felnőtteknek. Egy gazdag, testes imperial stout mogyoróvajjal, amit Pedro Ximénez sherry hordókban érleltünk. A végeredmény selymes, desszertszerű, tele pörkölt mogyorós, karamelles, mazsolás és lekváros jegyekkel, az érlelés pedig édeskés, boros-fügés mélységet ad.-The best childhood sandwich – for grown-ups. A rich, full-bodied imperial stout infused with peanut butter and aged in Pedro Ximénez sherry barrels. Silky and dessert-like, with roasted peanut, caramel, raisin and jam notes, rounded out by sweet, winey, fig-like barrel depth. "
8,4534887,HORIZONT Brewing,Night Shift Vintage 2021 Imperial Pastry Stout Aged In Rhum Barrels,Stout - Imperial / Double Pastry,https://untappd.com/b/horizont-brewing-night-shift-vintage-2021-imperial-pastry-stout-aged-in-rhum-barrels/4534887,12.0,N/A,3.98,1053,10/05/21,"This Imperial Pastry Stout is aged in Rhum barrels, to give a nice layer for the additional spices we used during the brewing and aging process. The used adjuncts are coca nibs, ethipoean coffee, cinnamon and vanilla. "
9,6451748,HORIZONT Brewing,Night Shift Vintage 2025 / Imperial Pastry Stout Aged In Rum Barrels With Coconut & Chocolate,Stout - Imperial / Double Pastry,https://untappd.com/b/horizont-brewing-night-shift-vintage-2025-imperial-pastry-stout-aged-in-rum-barrels-with-coconut-and-chocolate/6451748,10.8,N/A,3.97,431,10/18/25,"Folytatjuk az Imperial Pastry Stout sorozatunkat, most pedig egy különleges tétellel! Inspirációnk a közkedvelt kókuszkocka volt, és elkészült a sör verziója – tényleg olyan, mintha kókuszkockát kortyolnál. Rumoshordókban érleltük, kókuszpehellyel és kakaóbabbal, hogy minden korty a klasszikus rumos-kókuszos-csokis ízeket hozza el neked. Egészségedre! -We’re continuing our Imperial Pastry Stout series with a very special release. Inspired by the beloved coconut cube, we’ve created a beer that tastes just like it. Aged in rum barrels from Barbados, with coconut flakes and cocoa nibs, this stout captures the classic rum, coconut, and chocolate flavors in every sip. Cheers! "
10,6495961,Mad Scientist,Candy Man Gold EDT,Stout - Imperial / Double Pastry,https://untappd.com/b/mad-scientist-candy-man-gold-edt/6495961,12.7,N/A,3.96,199,11/17/25,"Imperial Stout With Almonds, Mahlep, Marshmallows And Tonka BeansOur infamous imperial stout, our bestseller special CANDY MAN is finally getting a can-only, limited, special edition! "
11,6487798,Brew Your Mind,Moment In Time 2025: Heaven Hill Bourbon /w Mexican Vanilla,Stout - Imperial / Double Pastry,https://untappd.com/b/brew-your-mind-moment-in-time-2025-heaven-hill-bourbon-w-mexican-vanilla/6487798,13.8,N/A,3.95,175,11/10/25, 
12,6006062,Mad Scientist,Memphis Mafia 2024 Gold EDT,Stout - Imperial / Double Pastry,https://untappd.com/b/mad-scientist-memphis-mafia-2024-gold-edt/6006062,12.5,N/A,3.93,760,10/03/24,"2024 and ultimate final version of 2022's MEMPHIS MAFIA Imperial Risalamande Pastry Stout with Sour Cherry, Almond & Vanilla ""Elvis has left the building"" "
13,6258860,B*BOP FERMENTORY,MMMMM,Stout - Imperial / Double Pastry,https://untappd.com/b/b-bop-fermentory-mmmmm/6258860,10.5,N/A,3.93,333,05/09/25,Maple Barrel Aged Coconut Scoop Stout.A Maple syrup barrel aged Imperial Stout infused with Thai coconut purée and vanilla ice cream.In a collaboration with MS Barrel Project.  
14,3667232,Mad Scientist,Somlói Nodler,Stout - Imperial / Double Pastry,https://untappd.com/b/mad-scientist-somloi-nodler/3667232,12.1,N/A,3.92,209,02/10/20,MAD SCIENTIST BARREL PROJECT collab with our friends at De Moersleutel (NL) 2nd barrel (you can find the 1st one as SOMLÓI GALUSKA)Hungarian dessert inspired Imperial Stout with Walnuts and Pecan Nuts aged in a Jamaican Rum BarrelCELLAR MASTER NOTESThis is a relaunch of the Somlói Galuska barrel project. Inspired by the hungarian dessert? Check. Jamaican rum barrel aged? Check. Creamy stout with notes of raisins and rum? Check. The only difference is what is more accented. Same content with a little bit different presentation. 
15,5262202,Mad Scientist,Biscuit Behemoth,Stout - Imperial / Double Pastry,https://untappd.com/b/mad-scientist-biscuit-behemoth/5262202,11.0,N/A,3.91,1231,03/05/23,2018's COOKIE MONSTER chocolate chip imperial stout is now 2023's BISCUIT BEHEMOTH cookies & cream imperial stout 
16,3582863,HORIZONT Brewing,Blurry Holiday,Stout - Imperial / Double Pastry,https://untappd.com/b/horizont-brewing-blurry-holiday/3582863,11.0,N/A,3.89,1075,12/16/19,"Our celebratory imperial pastry stout for every holiday occasion, you want to make blurry a bit. A bangin' thick 11% bursting with flavours of Ethiopean coffee, vanilla, cocoa beans, cinammon and almonds, this will sure to relax you and let you enjoy the holidays. Cheers! // Ünnepi stoutunk egy folyékony sütemény, ami kikapcsol és hagyja, hogy nyugodtan és lelazultan élvezd az ünnepeket. Etióp kávé, vanília, kakaóbab, fahéj és mandula sütibeillő összejátéka.  "
17,6411185,Mad Scientist,Stone Cold Riff,Stout - Imperial / Double Pastry,https://untappd.com/b/mad-scientist-stone-cold-riff/6411185,13.8,N/A,3.88,599,09/13/25,"After NASTY RIFF and MEAN RIFF, let us present you STONE COLD RIFF Imperial Stout With Peanuts, Coconut & Vanilla collab with our friends from THIRD MOON, Canada "
18,6072551,hübris,pastry stüt,Stout - Imperial / Double Pastry,https://untappd.com/b/hubris-pastry-stut/6072551,8.0,N/A,3.88,263,11/26/24,hübris pastry stüt// top fermented raspberry brownie pastry stout 
19,6143014,FIRST Craft Beer,Corvus Corax,Stout - Imperial / Double Pastry,https://untappd.com/b/first-craft-beer-corvus-corax/6143014,12.5,28,3.88,436,01/30/25,"ENA massive, dense Imperial Stout made with our friends at Vogelsang. One of the densest in terms of taste and texture, it is especially for fans of full-bodied stouts and those who escape the trap of General Winter with a warming, stout beer.Candy sugar and maple syrup both leave their recognizable mark on our caramelly, brownie-like batch, which is complemented by the flavors of nuts and cookies and makes it totally pastry-like.DEEin massives, dichtes Imperial Stout, das wir mit unseren Freunden von Vogelsangos gebraut haben. Es ist eines der dichtesten in Bezug auf Geschmack und Textur und eignet sich besonders für Fans vollmundiger Stouts und für alle, die der Falle des General Winter mit einem wärmenden, kräftigen Bier entfliehen möchten.Sowohl Kandiszucker als auch Ahornsirup hinterlassen ihre unverwechselbare Note auf unserer Karamell-Brownie-Charge, die durch die Aromen von Nüssen und Keksen ergänzt wird und sie absolut gebäckartig macht.HUVogelsangos barátainkkal közösen készített masszív, sűrű Imperial Stout. Kortyérzetre, textúrára az eddigi egyik legsűrűbb darab, kifejezetten a testes stoutok rajongóinak és azoknak, akik Tél Tábornok csapdájából egy melengető, vaskos sörrel menekülnek.A kandiscukor és juharszirup mind rányomják felismerhető bélyegüket karamelles, brownies tételünkre, melyet a dió és a keksz ízei egészítenek ki és tesznek totálisan péksüteményszerűvé. "
20,5610509,UGAR Brewery,Christmas With Kids,Stout - Imperial / Double Pastry,https://untappd.com/b/ugar-brewery-christmas-with-kids/5610509,13.0,N/A,3.87,430,11/18/23,"IMPERIAL PASTRY STOUT WITH PEANUTS, COCOABEANS, TONKABEANS AND VANILLAMALÁTÁK:pale ale, oat flake, vienna, melanoidin,special w, crystal 400, biscuit, ruby,cara blond, chocolate, carafa special III,chocolate wheat maltKOMLÓK:styrian golding celeia "
21,4813256,FIRST Craft Beer,The Marshmallow Fellow,Stout - Imperial / Double Pastry,https://untappd.com/b/first-craft-beer-the-marshmallow-fellow/4813256,10.5,20,3.86,267,04/25/22,"Amikor nem is számítasz rá... amikor békésen hallgatod a tűz ropogását... eljön érted a Marshmallow Fellow! A sűrű, ragacsos sötétségből veti rád magát, hogy elsőre kókuszos kekszre, másodikra már forrón olvadó pillecukorra emlékeztető ízkavalkádjával fektessen két vállra!When you least expect it... when there's only the peaceful crackling of the fire... the Marshmallow Fellow comes for you! He lurches at you from the deep, sticky darkness, to knock you out with a cacophony of flavours - coconut biscuit first, melted marshmallow second! "
22,6406974,Mad Scientist,Ice Cream Alchemy Glacé Mode Bourbon,Stout - Imperial / Double Pastry,https://untappd.com/b/mad-scientist-ice-cream-alchemy-glace-mode-bourbon/6406974,8.0,N/A,3.84,233,09/10/25,Bourbon Barrel Aged Mango-Banana-Vanilla Ice Cream Imperial Stout  
23,6137323,UGAR Brewery,Donga Project IV - Eger Red Wine Barrelaged Imperial Pastry Stout,Stout - Imperial / Double Pastry,https://untappd.com/b/ugar-brewery-donga-project-iv-eger-red-wine-barrelaged-imperial-pastry-stout/6137323,15.5,N/A,3.84,209,01/24/25, 
24,5439034,Mad Scientist,Pineapple Popup,Stout - Imperial / Double Pastry,https://untappd.com/b/mad-scientist-pineapple-popup/5439034,10.6,N/A,3.84,227,07/11/23,"MAD SCIENTIST BARREL PROJECTJamaican Rum Barrel-Aged Imperial Stout With Sun-Dried PineappleCELLAR MASTER NOTESWe have Pineapple Express at homeWe used rum barrels from a few different regions in the last almost 5 years and in our humble opinion Jamaican barrels bring the delicate rum notes in the finest way. It's always a pleasure to work with them, especially at the first filling. We crave pineapple rum and we wanted to get as close as possible without the sun burning our wings. The thick imperial stout sat more than a year in this fresh barrel and got mixed with sun-dried pineapples. The aim was not to overwhelm the base, but to complete it with all those fine tropical flavours. Mango, banana, be prepared, your time will soon come! - you've heard it first here "
25,5154873,FIRST Craft Beer,Nutter Butter Cracker,Stout - Imperial / Double Pastry,https://untappd.com/b/first-craft-beer-nutter-butter-cracker/5154873,11.0,N/A,3.83,310,12/10/22, 
26,3560255,Mad Scientist,Somlói Galuska,Stout - Imperial / Double Pastry,https://untappd.com/b/mad-scientist-somloi-galuska/3560255,12.1,N/A,3.82,206,12/02/19,"MAD SCIENTIST BARREL PROJECT collab with our friends at De Moersleutel (NL) (you can find the 2nd barrel edition as SOMLÓI NODLER)Jamaican Rum Barrel Aged Imperial Pastry Stout with Walnuts inspired by a Hungarian dessert CELLAR MASTER NOTESThis beer is based on one of the most famous Hungarian desserts. We have replaced chocolate dressing with the thickest stout that we have brewed so far. The notes of rum, walnuts and raisins is the touch of the Jamaican rum barrel. The high alcohol content, full body and the dessert notes from the barrel aging are mellowed together by the significantly longer than average bottle conditioning. "
27,6513778,Fehér Nyúl,From the Barrel Rum Barrel Aged Tiramisu Imperial Stout (2025),Stout - Imperial / Double Pastry,https://untappd.com/b/feher-nyul-from-the-barrel-rum-barrel-aged-tiramisu-imperial-stout-2025/6513778,13.0,N/A,3.81,189,12/01/25,"A tiramisu találkozik a barbadosi rumos hordó mélységével. A sör alapját gazdag imperial stout adja, amelyet specialty kávéval, csokoládéval és vaníliával toltunk meg, hogy megidézze a desszert komplex karakterét. A rumos hordó lágy, fűszeres aromái tartóoszlopai a megálmodott tiramisunak. Sűrű, hedonista élmény – igazi desszert a pohárban.Tiramisu meets the depth of Barbadian rum barrels. The base of the beer is a rich imperial stout, boosted with specialty coffee, chocolate, and vanilla to evoke the dessert’s complex character. The soft, spicy aromas of the rum barrels form the backbone of our envisioned tiramisu. Dense, hedonistic experience — a true dessert in a glass. "
28,4621316,Mad Scientist,TCB Taking Care of Business,Stout - Imperial / Double Pastry,https://untappd.com/b/mad-scientist-tcb-taking-care-of-business/4621316,9.0,N/A,3.79,1591,12/03/21,Cozonac Imperial Pastry Stout With Citrus Zest And Vanilla 9%  brewed together with our friends at Bereta 
29,5703766,Szent András Sörfőzde,TesztAndrás Alfa.15,Stout - Imperial / Double Pastry,https://untappd.com/b/szent-andras-sorfozde-tesztandras-alfa-15/5703766,9.0,60,3.79,235,02/05/24,"Kortyoltál már kókuszgolyót? Álmodtál már folyékony Bounty csokoládéról? Ebben a magas beltartalmú imperial pastry stoutban az édeskés kókusz és a lágy csokoládé találkozik egy gazdagon malátázott, de markánsan komlózott stout ízkarakterivel, megalkotva ezzel egy finoman pörkölt, testes pastry ale-t. Az Alfa.15 egy izgalmas stout, ami felébreszti benned a kóstolás örömét... és persze az édes emlékeket. "
30,6067363,Fehér Nyúl,Coco Bay,Stout - Imperial / Double Pastry,https://untappd.com/b/feher-nyul-coco-bay/6067363,10.0,N/A,3.78,245,11/22/24,"Forrócsokizás helyett a nagyok kakóbabos-kókuszos imperial stoutot isznak. Az is felmelegít, de még hogy! Bitang mennyiségű kókusz ment ebbe a főzetbe és a tört kakaóbab úgy hozza ki a csokis ízeket, ahogy semmi más nem tudja. Instead of hot chocolate, the big players drink imperial stout with coconut and cocoa beans. It warms you up, too! A heck of a lot of coconut went into this brew and the crushed cocoa beans bring out those chocolate flavours like nothing else can. "
31,5588374,Mad Scientist,Tiny Barrel Project Memphis Mafia Bourbon,Stout - Imperial / Double Pastry,https://untappd.com/b/mad-scientist-tiny-barrel-project-memphis-mafia-bourbon/5588374,10.5,N/A,3.78,327,11/01/23,"2022's surprise Imperial Risalamande Pastry Stout with Sour Cherry, Almond & Vanilla release aged and blended in 2 different Bourbon Barrels MM & CS for 2023 as a collaboration with Ølsmageren fra Gjøl.Following TINY BARREL PROJECT SPIRITLORD RUM, TINY BARREL PROJECT SPIRITLORD COGNAC, TINY BARREL PROJECT BISCUIT BEHEMOTH and TINY BARREL PROJECT SZILVÁS GOMBÓC RUM here's our 5th TINY BARREL PROJECT release in our new category between the Specials series and Barrel Project in 330ml cans. "
32,5138254,Fehér Nyúl,Other Side,Stout - Imperial / Double Pastry,https://untappd.com/b/feher-nyul-other-side/5138254,9.3,N/A,3.76,367,11/28/22,"Imperial Pastry Stoutunk rendkívül testes és krémes, a malátás alapot a pekándió-mogyoró kombináció íze és illata teszi igazán különlegessé!Our Imperial Pastry Stout is full bodied and very creamy; the malty base paired with the pecan-peanut combo’s flavor and aroma makes this beer very special! "
33,6454035,Mad Scientist,Tiny Barrel Project Memphis Mafia Rum,Stout - Imperial / Double Pastry,https://untappd.com/b/mad-scientist-tiny-barrel-project-memphis-mafia-rum/6454035,13.5,N/A,3.76,274,10/20/25,"Rum Barrel Aged Imperial Stout With Almond, Cherry & VanillaFollowing 2022's MEMPHIS MAFIA, 2023's MEMPHIS MAFIA 2023 DOUBLE VANILLA EDT and TINY BARREL PROJECT MEMPHIS MAFIA BOURBON and 2024's MEMPHIS MAFIA 2024 GOLD EDT and TINY BARREL PROJECT MEMPHIS MAFIA RYE WHISKEYTogether with our friends Niels and Nana from Flaneur in Aarhus, first released at Aarhus Together 2025 festAfter TINY BARREL PROJECT SPIRITLORD RUM and TINY BARREL PROJECT CANDY MAN SCOTCH and so, here is our 15th TINY BARREL PROJECT release in our new category between the Specials series and Barrel Project in 330ml cans "
34,5088813,Mad Scientist,Memphis Mafia,Stout - Imperial / Double Pastry,https://untappd.com/b/mad-scientist-memphis-mafia/5088813,12.2,N/A,3.75,866,10/25/22,"Imperial Risalamande Pastry Stout with Sour Cherry, Almond & Vanilla "
35,6487712,Fehér Nyúl,Good Omen,Stout - Imperial / Double Pastry,https://untappd.com/b/feher-nyul-good-omen/6487712,8.2,N/A,3.75,178,11/10/25,"Hagyták az almát, mert mandula bokorra és kakaócserjére bukkantak. Nem is lett belőle baj. A vaníliát pedig már mi adtuk hozzá, mert hát ott voltunk, nyilván. Aztán pedig az alkotó megpihent és rászisszentett egy serlegnyi testes, ízes, édes és vaskos folyékony sötétségre. Jó az ómen is ilyenkor. They left the apple behind, for they had stumbled upon an almond bush and a cocoa shrub. And no harm came of it. The vanilla was added by us, of course — we were there, naturally. Then the creator rested and hissed open a goblet of rich, flavorful, sweet, and thick liquid darkness. The omen is good at times like this. "
36,6499178,FIRST Craft Beer,Cakes & Ladders,Stout - Imperial / Double Pastry,https://untappd.com/b/first-craft-beer-cakes-and-ladders/6499178,11.5,25,3.74,252,11/20/25,"(HU)2025-ben a Magyarország Tortája címet a gyulai Kézműves Cukrászda ""DCJ Stílusgyakorlat"" fantázianevű  tortája nyerte. A torta a dobostorta alapanyagai mellett meggyzselét és új technikát (függőleges vágásrend, doboscukros alsó piskótalap) is tartalmaz, így nem csak ízvilágában, de vizuálisan is egyedi gasztronómiai élményként mutatkozik be.Ennek alapján készült el ezúttal is Ábrahám Máté sörfőzőmester és Lackner Rolf sörfőző elképzelései alapján a Cakes & Ladders, mellyel idén is új stílusként mutatjuk be Magyarország Tortáját. A korábbi évek barleywine és sour stílusai után ezúttal egy Imperial Pastry Stoutként mutatkozik be a torta átértelmezése: a testes, 11.5%-os stout erejét kiválóan ellenpontozza a ghánai kakaóbabbal, meggypürével és karamellaromával ízesített test, mely így a nyertes torta legfontosabb ízelemeit komplex módon tudja visszaadni. A gyártás során ezúttal is az Ipartestület sztenderjeit követtük, vagyis a sörbe kizárólag magas minőségű, cukrászathoz is használható alapanyagok kerültek.(EN)This year we are presenting the Hungarian Cake as a new style. After the styles of previous years, this time the reinterpretation of the cake is presented as an Imperial Pastry Stout: the strength of the full-bodied, 11.5% stout is perfectly counterbalanced by the body flavored with Ghanaian cocoa beans, sour cherry puree and caramel aroma, which can thus reproduce the most important flavors of the winning cake in a complex way. "
37,5217859,Fehér Nyúl,Yugooo,Stout - Imperial / Double Pastry,https://untappd.com/b/feher-nyul-yugooo/5217859,8.8,N/A,3.73,400,01/30/23,"A Fehér Nyúl Brewery & Taproom és a The Garden Brewery budapesti kollaborációjából született tengeri sós és madagaszkári vaníliás Imperial Pastry Stout. 26.5°B, laktózt tartalmaz.The Budapest based collabrew by the Fehér Nyúl Brewery & Taproom and The Garden Brewery. An Imperial Pastry Stout flavored with seasalt and Madagascar vanilla; 26.5°B, contains lactose. "
38,5835986,B*BOP FERMENTORY,PEANUT BUTTER JELLY MARSHMALLOW TOAST,Stout - Imperial / Double Pastry,https://untappd.com/b/b-bop-fermentory-peanut-butter-jelly-marshmallow-toast/5835986,10.0,N/A,3.69,159,05/20/24,"Peanut Butter Jelly Marshmallow Toast Imperial Stout.  A vibrant and delicate Imperial Stout conditioned on bushels of Peruvian peanuts, housemade raspberry jam, Peruvian cocoa beans, marshmallow puffs and a pinch of Hawaiian black lava salt. "
39,5616879,Fehér Nyúl,Chococo Dreams,Stout - Imperial / Double Pastry,https://untappd.com/b/feher-nyul-chococo-dreams/5616879,8.6,N/A,3.66,167,11/23/23,"Ez nem egy sör, ez egy álom. Bontsd fel, és merülj el a csokis-kókuszos mámor sűrű tengerében.This is not a beer, rather a dream. Open it, and sink into the thick sea of this chocolate-coconut intoxicant. "
40,5296288,FIRST Craft Beer,Dessert Storm,Stout - Imperial / Double Pastry,https://untappd.com/b/first-craft-beer-dessert-storm/5296288,9.0,N/A,3.61,272,03/31/23,"Elcsépelt mondás, hogy a porterek, stoutok, erősebb sörök télire valók - főleg, ha könnyű az állítást megcáfolni is! Bemutatkozik ugyanis legújabb sörünk a Dessert Storm (9%). Ez a stout ugyanis jóval több, aminek első ránézésre tűnik. Kollégánk, Szilvásy Laci receptje ugyanis egy erős, frissítő kávés aromával és ízzel indít, emögött bújnak meg a krémesen kakaós és üdítően narancsos jegyek. A csokis-narancsos trüffel ihlette sör ugyanis (ahogy a legtöbb stout) fokozatosan engedi ki egyre újabb és frissebb illat- és ízjegyeit.Éppen ezért nem fog feltűnni 9%-os teste - nem szabad elsietni igazi kortyolgatós, melengetős sör, ami tökéletes akár egy esti beszélgetéshez, akár egy kerti sütögetéshez is! "
41,5045918,Fehér Nyúl,Rigó Jancsi,Stout - Imperial / Double Pastry,https://untappd.com/b/feher-nyul-rigo-jancsi/5045918,10.1,N/A,3.6,252,09/30/22,"Ha ismered a legendát, akkor lételemed a művészet, a zene,a szenvedély és a kalandok. Alkottunk még valamit, ami rá fog emlékeztetni.Knowing the legend means you love art, you love music, passion and adventures. We created something that will remind you of it. "
42,5631892,Fehér Nyúl,Gerbeaud Magic,Stout - Imperial / Double Pastry,https://untappd.com/b/feher-nyul-gerbeaud-magic/5631892,10.0,N/A,3.6,206,12/05/23,"Zserbó ihlette, laktózmentes imperial pastry stout 10% alkoholtartalommal, 29,5°B eredeti extrakttartalommal. Testes, a sörrel együtt erjesztett kajszibarack intenzív zamatával és a kakaópor és dió ízével.Zserbó cake inspired, lactose free imperial pastry stout with 10% abv and 29.5°B OG. Full bodied, packing heavy aroma and tartness of the fermented apricots, and flavor of cocoa powder and walnuts. "
43,5253871,FIRST Craft Beer,Marshmallow Arts,Stout - Imperial / Double Pastry,https://untappd.com/b/first-craft-beer-marshmallow-arts/5253871,10.2,25,3.53,356,02/27/23,"A szerb Kabinet Brewery-vel közösen főzött stoutunk igazi ínyencség: a zabpehelytől krémes, az áfonyától gyümölcsösen fanyar, míg a pillecukortól könnyű és édes lett. A pörkölt, csokoládés malátaággyal tökéletes desszertsört alkotnak, mely minden korttyal egyre ízesebb.Our new stout, brewerd with the Serbian Kabinet Brewery is a true delicacy: creamy (by the oat), fruitly tart (via blueberry), while light and sweet (thanks to the marshmallow) at the same time. With its roasted, chocolate-y malt base we created the perfect dessert beer, more and more complex by every sip. "
0,4061897,Fehér Nyúl,White Stout BA Jamaican Rum,Stout - Imperial / Double White / Golden,https://untappd.com/b/feher-nyul-white-stout-ba-jamaican-rum/4061897,8.5,N/A,3.81,228,11/20/20, 
1,4061848,Fehér Nyúl,White Stout BA Sauternes Whiskey,Stout - Imperial / Double White / Golden,https://untappd.com/b/feher-nyul-white-stout-ba-sauternes-whiskey/4061848,8.5,N/A,3.77,163,11/20/20, 
0,6430943,MONYO Brewing Co.,Optimist Sailor,Stout - Irish Dry,https://untappd.com/b/monyo-brewing-co-optimist-sailor/6430943,6.0,N/A,3.58,856,10/01/25,"When the waves get rough and the winds turn cool, it’s time to set sail with a stout in hand. Optimist Sailor is the dark treasure of long evenings - a smooth, creamy body layered with roasted malt, coffee, and dark chocolate, brightened by the citrusy sparkle of Mandarina Bavaria hops.Each sip is a small voyage - warming yet refreshing, bold yet balanced. A reminder that optimism, like good beer, keeps you afloat through any storm.Anchor down, glass up.Exclusively available to Beer52 subscribers, this brew is a UK market exclusive. "
1,6291378,Abodee,Stabil,Stout - Irish Dry,https://untappd.com/b/abodee-stabil/6291378,4.7,20,3.58,257,06/05/25,"A classic dry stout distinguished by subtle notes of toffee and roasted coffee. Dry, refreshing, and full-bodied, with a clean, lasting finish. "
2,3672201,Vandal Brewing,Black Dog,Stout - Irish Dry,https://untappd.com/b/vandal-brewing-black-dog/3672201,5.0,30,3.57,225,02/14/20,Dry Stout 
3,2413620,KROIS Brewery,Black Unicorn,Stout - Irish Dry,https://untappd.com/b/krois-brewery-black-unicorn/2413620,4.8,36,3.53,428,12/03/17,"A BLACK UNICORN egy remek letisztult stout, kellemesen kávés, száraz lecsengésű fekete sör. Jó komlós, meg jó sötét. Ideális a sörözés elkezdéséhez, folytatásához és lezárásához. "
4,1353331,hübris,Halál,Stout - Irish Dry,https://untappd.com/b/hubris-halal/1353331,4.4,38,3.46,305,12/16/15,"This beer has been created in order to present drinking stouts in hungarian beer culture. Instead of searching heavy malty and full roasted notes we wanted to make a beer which makes you not think but drink. So it's not russian imperial, american or extra stout. It is a dry stout, simple as death. Halál is the translate of Death in hungarian. "
5,6446821,MONYO Brewing Co.,Invisible Bikini - Stout Edition,Stout - Irish Dry,https://untappd.com/b/monyo-brewing-co-invisible-bikini-stout-edition/6446821,6.0,N/A,3.39,384,10/14/25,"Lehet, hogy már túl hideg van a bikinikhez, de ehhez a stouthoz tökéletes a hűvösebb idő is. Az Invisible Bikini az őszi napok fekete csodája: krémes test, pörkölt maláta, kávé és étcsoki, amit a Mandarina Bavaria komló citrusos frissessége dob fel.A selymes kortyok mögött ott lapul az őszi napfény utolsó emléke – meleg, mégis üdítő. Egy stout, ami bebizonyítja, hogy a fekete az év bármely szakában lehet csábító.Bikini off, stout on.It might be too cold for bikinis, but the cooler weather is just perfect for this stout. Invisible Bikini is the dark wonder of autumn days: a creamy body with roasted malt, coffee, and dark chocolate, brightened up by the citrusy freshness of Mandarina Bavaria hops.Behind the silky sips hides the last memory of autumn sunshine – warming yet refreshing. A stout that proves black can be seductive any time of the year.Bikini off, stout on. "
6,3004286,hübris,stüt,Stout - Irish Dry,https://untappd.com/b/hubris-stut/3004286,4.1,N/A,3.27,548,12/23/18,"Megjelenés: elegáns, éjfeketeIllat: étcsoki, szelídKorty: kávés, krémes, könnyedKomlók: Magnum, Brewer’s GoldAlkohol: 4,1%Keserű érték: 34 IBUEredeti szárazanyagtartalom: 10,7°B "
0,4784280,Mad Scientist,Dark Horse of Cocoa Nitro Stout,Stout - Milk / Sweet,https://untappd.com/b/mad-scientist-dark-horse-of-cocoa-nitro-stout/4784280,5.5,N/A,3.85,1019,04/05/22,"DARK HORSE OF COCOA nitro stout with cacao nibs 5,5% the 2nd release of our new nitro stout series after DARK HORSE OF VANILLA1) SHAKE FIRST2) POUR HARD3) ENJOY THE SILKINESS "
1,4889657,Mad Scientist,Dark Horse of Coffee Nitro Stout,Stout - Milk / Sweet,https://untappd.com/b/mad-scientist-dark-horse-of-coffee-nitro-stout/4889657,6.7,N/A,3.82,709,06/16/22,DARK HORSE OF COFFEE nitro stout with coffee beans 6.7% the 3rd release of our new nitro stout series after DARK HORSE OF VANILLA and DARK HORSE OF COCOA1) SHAKE FIRST2) POUR HARD3) ENJOY THE SILKINESS 
2,5449995,Gravity Brewing,Nova - Almond Stout,Stout - Milk / Sweet,https://untappd.com/b/gravity-brewing-nova-almond-stout/5449995,8.8,50,3.8,532,07/19/23,"A new Core Range stout for 2023, Nova sports a huge oatmeal base full of delicate chocolate notes.Nova builds on a slightly sweeter platform than our other stouts; that extra touch of residual sugar in the body helps to support the star ingredient – toasted almonds!A double infusion layers roasted almond and bright cherry esters on top of our already nutty grain blend, contributing to rich, complex aromas on the nose and a silky smooth palate. "
3,5101889,HORIZONT Brewing,SELFISH GAMES Milk Stout With Tonka Beans,Stout - Milk / Sweet,https://untappd.com/b/horizont-brewing-selfish-games-milk-stout-with-tonka-beans/5101889,6.8,N/A,3.8,664,11/03/22,"Sötét barna, édeskés stout a kávé és kakaó fel-felcsendülő ízjegyeivel, tonkababbal készítve. Nice and sweet, deep brown stout brewed with tonka beans. Perfect for a winter evening. "
4,4551234,LöWOLF Craft Beer Co.,Wonder Forest,Stout - Milk / Sweet,https://untappd.com/b/lowolf-craft-beer-co-wonder-forest/4551234,7.4,27,3.79,614,10/16/21,"Milk Stout brewed with with tonka beans, cocoa nibs, coffee. "
5,6470670,Mad Scientist,Caramel Crüe,Stout - Milk / Sweet,https://untappd.com/b/mad-scientist-caramel-crue/6470670,7.0,N/A,3.78,482,10/28/25,Salted Caramel Milk Stout with Specialty Coffee & Vanilla 
6,5599620,Etyeki Sörmanufaktúra,Just For Fun - Guatemala Coffee Milk Stout With Vanilla And Prunes,Stout - Milk / Sweet,https://untappd.com/b/etyeki-sormanufaktura-just-for-fun-guatemala-coffee-milk-stout-with-vanilla-and-prunes/5599620,6.5,27,3.78,248,11/10/23,"6,5%-os Milk Stout Huszti Márk sörfőző keze alól. Kellemes mennyiségű Guatemala-i kávéval, az Etyeki Kávé jóvoltából, valamint vaníliával és aszalt szilvával. Krémes, édes, gyümölcsös Stout. "
7,4163739,Mad Scientist,Midlife Chris,Stout - Milk / Sweet,https://untappd.com/b/mad-scientist-midlife-chris/4163739,7.0,N/A,3.77,1414,02/01/21,Blend of 3 different barrel aged porters and a hazelnut milk stout 
8,5255468,Gravity Brewing,Dark Matter NITRO - Chocolate Milk Stout,Stout - Milk / Sweet,https://untappd.com/b/gravity-brewing-dark-matter-nitro-chocolate-milk-stout/5255468,7.3,33,3.77,293,03/01/23,"SERVED ON NITROEssential winter survival gear. Our darkest core brew, this all-season warmer is stacked with chocolate from front to back. Freshly roasted cacao nibs surface first with a nose of pure chocolate liquor. From there, a richly roasted body carries the palate from freshly baked brownies through to bitter drinking chocolate, with just a touch of lactose to smooth the transition.Served on nitro for a luxuriously smooth pour. "
9,2334460,Gravity Brewing,Dark Matter - Chocolate Milk Stout,Stout - Milk / Sweet,https://untappd.com/b/gravity-brewing-dark-matter-chocolate-milk-stout/2334460,6.8,25,3.76,699,10/11/17,"Essential winter survival gear.Our darkest core brew, this all-season warmer is stacked with chocolate from front to back. Freshly roasted cacao nibs surface first with a nose of pure chocolate liquor. From there, a richly roasted body carries the palate from freshly baked brownies through to bitter drinking chocolate, with just a touch of lactose to smooth the transition. "
10,5029743,Mad Scientist,Dark Horse of Tonka Nitro Stout,Stout - Milk / Sweet,https://untappd.com/b/mad-scientist-dark-horse-of-tonka-nitro-stout/5029743,7.3,N/A,3.76,973,09/21/22,"DARK HORSE OF TONKA nitro stout with tonka beans 7.3% is the 4th release of our new nitro stout series after DARK HORSE OF VANILLA, DARK HORSE OF COCOA and DARK HORSE OF COFFEE1) SHAKE FIRST2) POUR HARD3) ENJOY THE SILKINESS "
11,6165962,Etyeki Sörmanufaktúra,Thirsty Heroes,Stout - Milk / Sweet,https://untappd.com/b/etyeki-sormanufaktura-thirsty-heroes/6165962,7.1,25,3.75,187,02/21/25,"Etyeki x Szomjas FarkasEgy hosszú autóút alatt Szomjas Farkas kollégával megálmodtuk ennek a sörnek a receptjét, amit végül meg is valósítottunk. 7,1%-os alkohol, rengeteg törökmogyoró, bitang mennyiségű áfonya, icipici füstölt maláta kombózásából jött létre a Thirsty Heroes. Huszti Márk fősörfőzőnk megint hatalmasat alkotott, remélem nektek is ízleni fog majd :) "
12,4756380,Mad Scientist,Dark Horse of Vanilla Nitro Stout,Stout - Milk / Sweet,https://untappd.com/b/mad-scientist-dark-horse-of-vanilla-nitro-stout/4756380,5.5,N/A,3.75,705,03/17/22,"Dark Horse of Vanilla, the first release of our Nitro Stout series with Madagascar bourbon vanilla beans premiered on St. Patrick's Day 20221) SHAKE FIRST2) POUR HARD3) ENJOY THE SILKINESS "
13,5832576,Brew Your Mind,Black Milk (2024) NITRO,Stout - Milk / Sweet,https://untappd.com/b/brew-your-mind-black-milk-2024-nitro/5832576,4.0,N/A,3.74,284,05/18/24,Limited edition. Only with NITRO.  
14,2419134,Brew Your Mind,Black Milk (2018-2020),Stout - Milk / Sweet,https://untappd.com/b/brew-your-mind-black-milk-2018-2020/2419134,5.5,N/A,3.74,256,12/08/17,"This is our Milk Stout with flavors of roasted coffee, chocolate and a hint of earthiness. Easy drinking, smooth with the lactose balancing out the dark roasted malts.Our mission is to create beers with the flavour, aroma and mouthfeel in harmony. "
15,2467529,Fehér Nyúl,Cocoa Milk Stout,Stout - Milk / Sweet,https://untappd.com/b/feher-nyul-cocoa-milk-stout/2467529,5.3,27,3.72,155,01/10/18,"A hosszú téli esték söre a kellemesen édes Cocoa Milk Stout. Textúrája selymes, habja krémes, csokoládés jellegét pedig tovább erősíti a benne rejlő, frissen pörkölt madagaszkári kakaóbab. Jobban belegondolva, nem is csak téli estékre ajánljuk... "
16,2485923,Mad Scientist,New York Mocaccino,Stout - Milk / Sweet,https://untappd.com/b/mad-scientist-new-york-mocaccino/2485923,6.6,N/A,3.72,12602,01/26/18,"The goal was to create a milk stout that has the taste and complexity similar to an imperial stout, while being smooth and easy to drink. New York Mocaccino is made with cocoa, custom roasted specialty coffee and Madagascar vanilla. A real dessert for you to enjoy under all circumstances! "
17,2647585,Guri Sörfőzde,A Keresztapa,Stout - Milk / Sweet,https://untappd.com/b/guri-sorfozde-a-keresztapa/2647585,6.0,N/A,3.71,777,05/13/18, 
18,3572542,Mad Scientist,Chocolate Muerto,Stout - Milk / Sweet,https://untappd.com/b/mad-scientist-chocolate-muerto/3572542,7.0,N/A,3.7,2987,12/10/19,"Mexican hot chocolate milk stout with lactose, cocoa, cinnamon and chiliFirst batch released in the November of 2019 with 8%, the 2nd batch in January and the 3rd in the October of 2021 with 7% "
19,4619689,Gravity Brewing,Graviton - Cream Stout,Stout - Milk / Sweet,https://untappd.com/b/gravity-brewing-graviton-cream-stout/4619689,5.0,28,3.69,158,12/02/21,"A pure starting point for any stout lover.Triple-marshmallow-caramel-pecan-mudcake-imperial-pastry stouts are like orgies: occasionally amusing, but bound to leave a lot of people disappointed.Our flagship milk stout strips away secondary flavourings to focus on the core experience: a fine balance between dark-roasted malts, silky grain body, and a touch of lactose. Fresh-roasted coffee and vanilla notes mingle in the nose, before giving way to a pure milk chocolate body. And best of all, at 5% ABV, you can keep them coming all night long. "
20,2431090,MONYO Brewing Co.,We Don't Like Pepperazzis.,Stout - Milk / Sweet,https://untappd.com/b/monyo-brewing-co-we-don-t-like-pepperazzis/2431090,6.2,20,3.69,898,12/15/17,"Sörfőzdénk első Extra Milk Stoutja, amibe a laktózon kívül bőven került még vanília és rózsabors is. Míg illatában eleinte előbbi, valamint az étcsokoládé dominál, melegítés hatására egyre inkább megjelenik az utóbbi is. Édeskésen keserű, krémes, sűrű kortyérzet, amiben bár a rózsabors dominál, sosem érződik túl soknak, inkább csak új dimenziókat ad egy már ismert és sokak által szeretett stílusnak.-----Our first Extra Milk Stout was brewed with copious amounts of lactose, Madagascar Bourbon vanilla and pink pepper. Pouring a deep, pitch black hue with subtle ruby highlights and a khaki head, We Don't Like Pepperazzis offers a bold and enticing nose with aromas of rich hot chocolate, cinnamon-brown sugar and pink pepper. Waves of melted dark chocolate wash over the palate underlined by notes of spicy pink pepper, vanilla cream and chewy molasses cookies. With a nourishing, medium-to-full mouthfeel and light bitterness, it's a real treat. "
21,4551260,HORIZONT Brewing,Selfish Games Raspberry Milk Stout,Stout - Milk / Sweet,https://untappd.com/b/horizont-brewing-selfish-games-raspberry-milk-stout/4551260,7.0,N/A,3.68,686,10/16/21, 
22,6023679,HORIZONT Brewing,Selfish Games - Black Magic,Stout - Milk / Sweet,https://untappd.com/b/horizont-brewing-selfish-games-black-magic/6023679,5.8,N/A,3.66,489,10/17/24,"A Zaungast, osztrák sörfőzdével készített másik kollabunk, a Black Magic, a Pink Magic testvére. Miért is? Hát azért, mert az alap, málnás, csokis és vaníliás Milk Stoutot megdobtuk egy jó adag, bécsi pörkölésű bio kávéval, amit a srácok hoztak, egyenesen Bécsből. Az édes alapsör, ahogy az elvárt, egy annyira jó kávés ízvilágot kapott ezáltal, hogy tényleg olyan, mintha a kellemes málnás csoki-mousse süti mellé egy jó erős presszót is elkortyolnál.  Hihetetlenül jó az ízkombó, egyszerre jön a málna, a csoki és a kávé, és a korty végén felsejlik a vanília édeskés, jellegzetes íze is.  "
23,4522725,Mad Scientist,Fashion And Spirituality,Stout - Milk / Sweet,https://untappd.com/b/mad-scientist-fashion-and-spirituality/4522725,7.0,N/A,3.66,1095,09/26/21,Salted Caramel Macchiato Milk Stout 
24,4185826,Félegyházi Sörműhely,Coconut Stout,Stout - Milk / Sweet,https://untappd.com/b/felegyhazi-sormuhely-coconut-stout/4185826,7.0,N/A,3.66,299,02/18/21, 
25,1042786,Hopfanatic Brewery,Insomnia,Stout - Milk / Sweet,https://untappd.com/b/hopfanatic-brewery-insomnia/1042786,8.0,18,3.66,279,04/11/15, 
26,4565452,Mad Scientist,Cin City,Stout - Milk / Sweet,https://untappd.com/b/mad-scientist-cin-city/4565452,6.5,N/A,3.65,1126,10/26/21,"Cinnamon Roll Milk Stout with Cacao Nibs, Orange Zest, Cinnamon & Habanero Chili "
27,5606057,MONYO Brewing Co.,Chocolate Cheesecake,Stout - Milk / Sweet,https://untappd.com/b/monyo-brewing-co-chocolate-cheesecake/5606057,5.3,N/A,3.64,628,11/15/23,Chocolate Cheesecake style Milk Stout. 
28,1441940,Reczer Ser,T30,Stout - Milk / Sweet,https://untappd.com/b/reczer-ser-t30/1441940,5.5,15,3.64,610,02/25/16,"A T30 illatában elsősorban a cappuccino, csoki és enyhe, gyümölcsös fanyarság dominál, amit karamellás tej illata árnyal. Mély fekete, kissé vöröses csillogással játszó sör, tetején tojásfehér habot fejleszt.Ötféle maláta és árpapehely képzi a masszív ízalapot, melynek édeskés jellegét kiemeli a belga kandiscukor, ami remekül párosul a tejcukor fanyarabb ízvilágával. A kétféle angol komló teszi teljessé a stout élményt. Javasolt fogyasztási hőmérséklete 12°C.Túlhűtés esetén érdemes kicsit várni a fogyasztással, melengetni a nedűt, hogy előkerüljenek az édesebb, csokis ízvonalak, így mutatkozik meg a sör teljes valójában. "
29,6021784,HORIZONT Brewing,Selfish Games - Pink Magic,Stout - Milk / Sweet,https://untappd.com/b/horizont-brewing-selfish-games-pink-magic/6021784,5.8,N/A,3.63,484,10/15/24,"Egy mennyei Milk Stout málnával, csokival és vaníliával. Az osztrák Zaungast főzdével végre toltunk egy kollabot, ami igazából kettő lett, és mi úgy döntöttünk, hogy maradhat... Egy nagyon kellemesen eső, édeskés, kicsit málnás csoki-mousse feelinget adó tétel, aminek lesz egy párja is, amit pedig mindenen felül megdobtunk egy szép adag kávéval. A heavenly Milk Stout with raspberry, chocolate, and vanilla. We finally did a collab with the Austrian brewery Zaungast, which actually turned into two beers, and we decided to keep it that way... This one offers a pleasantly sweet, slightly raspberry chocolate mousse vibe. There will also be a counterpart, boosted with a generous dose of coffee. "
30,2553567,MONYO Brewing Co.,Black Mamba,Stout - Milk / Sweet,https://untappd.com/b/monyo-brewing-co-black-mamba/2553567,6.8,16,3.61,3102,03/14/18,"Sűrű és krémes stout, madagaszkári bourbon vaníliával, laktózzal és zabpehellyel. Ízében a karamell, a tejcsokoládé és a kávébab dominálnak, melegedve pedig előbújik a vanília és némi pörkölt mandula is. Folyékony eufória, lágyan a szívedbe mar.----A lush and enticing milk stout with Madagacscar vanilla, lactose and oat. Black Mamba teases with a nose of vanilla latte, dark chocolate and lightly roasted coffee leading into a balanced palate of chocolate milk, hazelnut, with roasty flavors and moderate sweetness. Liquid euphoria. "
31,3651580,FIRST Craft Beer,Black Shake,Stout - Milk / Sweet,https://untappd.com/b/first-craft-beer-black-shake/3651580,6.2,N/A,3.61,317,01/31/20,"A legfeketébb, ismeretlen mélység sötétjében tündöklik a Black Shake, mellyel a stoutok szerelmesei tudjuk, hogy nem fognak betelni. A kristály- és csokimaláta édeskéskésségét, a pörkölésből érkező keserű ízeket és a laktóz selymességét vegyítve kapjuk meg ezt a sűrű, krémes sört - egy kényelmes este tökéletes kísérőjét. "
32,6480403,Etyeki Sörmanufaktúra,Etyeki X.,Stout - Milk / Sweet,https://untappd.com/b/etyeki-sormanufaktura-etyeki-x/6480403,7.3,15,3.6,241,11/05/25,"Chai Latte Milk Stout. Chai Latte fűszerezés, amit vaníliával extráztunk még meg. Laza 7,3%-os alkoholú Milk Stout alapon. Rengeteg laktóz, Ceyloni fahéj, koriander, szegfűszeg, kardamom, édeskömény, gyömbér, demerara cukor, egy csipet kandis cukor. Tizedik születésnapunkra készült sör, Huszti Márk fősörfőző keze munkája.  "
33,5282361,Fehér Nyúl,Easter Egg,Stout - Milk / Sweet,https://untappd.com/b/feher-nyul-easter-egg/5282361,4.8,N/A,3.57,306,03/20/23,"Mindenki kedvenc csokitojása ihlette ezt az italt. Habár műanyag játékot nem találsz benne, de a beltartalom nem hiányzik: prémium kakaóbab és madagaszkári vanília gondoskodik az intenzív ízvilágról!Everyone’s favorite chocolate egg inspired us to brew this limited-edition milk stout. Granted, you won’t find a plastic toy inside, however the use of premium cocoa beans and Madagascar vanilla will surely give you a pleasant surprise! "
34,6092479,Fehér Nyúl,Elixir,Stout - Milk / Sweet,https://untappd.com/b/feher-nyul-elixir/6092479,5.3,N/A,3.57,152,12/13/24,"A fiatalság örök forrását nem ismerjük, de újra felfedeztük egy klasszikus receptünket, amit a téli estéken élvezhetsz, mint egy hideg kakaót. A kakaóbab töret utat tör a selymes laktózzal terített könnyed kortyérzetekben. Csodás!We don't know the eternal fountain of youth, but we've rediscovered a classic recipe that you can enjoy like a cold cocoa drink on a winter's evening. The cocoa beans make their way into the light sips that are spread with silky lactose. Beautiful! "
35,4713526,Parabolic Lazarus Brewery,The Phantom of the Opera,Stout - Milk / Sweet,https://untappd.com/b/parabolic-lazarus-brewery-the-phantom-of-the-opera/4713526,7.0,40,3.57,368,02/12/22,"Gazdag, selymes és telt ízvilágú sör. Az első kortyban csokoládé és kávé jegyek érezhetők, majd egy enyhén savanykás hibiszkusz árnyalat hoz frissességet. Fokozatosan bontakoznak ki a szárított banán, mazsola és aszalt szilva ízei, amelyeket vanília, szerecsendió és fahéj egészítenek ki. A háttérben finom fűszeres melegség és étcsokoládés lecsengés zárja a kóstolási élményt. ?? Rich, velvety, and full-bodied. The first impression reveals chocolate and coffee notes, followed by a subtle sourish hibiscus twist that brings unexpected freshness. Layers of dried banana, raisin, and plum unfold gradually, enhanced by vanilla, nutmeg, and cinnamon. In the background, gentle spicy warmth and hints of bitter chocolate complete the complex flavor profile. "
36,2954622,MONYO Brewing Co.,The Bounty Hunter Killed My Baby Coconut.,Stout - Milk / Sweet,https://untappd.com/b/monyo-brewing-co-the-bounty-hunter-killed-my-baby-coconut/2954622,6.1,16,3.57,365,11/22/18,Nitro Milk Stout with Coconut and Vanilla. 
37,6500230,Mad Scientist,Yvler the Creator,Stout - Milk / Sweet,https://untappd.com/b/mad-scientist-yvler-the-creator/6500230,8.0,N/A,3.51,611,11/21/25,"Spruce Tips - Honey Milk Stout with Lactose, Cocoa Beans, Honey, Spruce Tips, Hops, Salt, Vanilla & Black Pines brewed together with our friends Lorenzo, Michiel and Stan of Brouwerij LOST (NL) "
38,4036648,Mad Scientist,Almost Over,Stout - Milk / Sweet,https://untappd.com/b/mad-scientist-almost-over/4036648,7.5,N/A,3.5,1129,11/02/20,"Holiday Spice Milk Stout with cacao nibs, cloves, cinnamon, vanilla, cardamom and star anise "
39,6262156,MONYO Brewing Co.,MOJO WORKIN'25: Banana Split Milk Stout,Stout - Milk / Sweet,https://untappd.com/b/monyo-brewing-co-mojo-workin-25-banana-split-milk-stout/6262156,5.8,N/A,3.46,366,05/12/25,"Nyaralni visz a banánhajó!Eredetileg a 20. század eleji Amerikából származik a magyarul sokszor banánhajóként hivatkozott nyári desszert, a banana split, ami egy félbevágott banánból, fagyiból és csokiöntetből áll rengeteg tejszínhabbal. Gyermekkorunk egyik kedvenc desszertjét akartuk valahogy beletuszkolni egy 0,33-as canbe, így csináltunk egy stout alapot laktózzal, amire rátoltunk 30%-nyi banánpürét. Így egy édes, sűrű, krémes sört kaptunk, ami az ultra banános íz után felvillant egy picit az alapsör ízjegyeiből is. Na de sikerült? Mi egyből a tengerparton érezzük magunkat és üvöltjük, hogy NYARALNI VISZ A BANÁNHAJÓ!The Banana Boat is taking you on vacation!The banana split — a classic summer dessert made with a halved banana, scoops of ice cream, chocolate syrup, and loads of whipped cream — originally hails from early 20th-century America. In Hungary, we lovingly call it “banánhajó.”We wanted to cram this childhood favorite into a 0.33l can. So we brewed a lactose-based stout and threw in a massive 30% banana purée. The result? A sweet, thick, creamy beer bursting with ultra-intense banana flavor — and just when you think it’s all dessert, the base stout peeks through with its subtle roasty notes.So... did we pull it off?Because the moment we cracked it open, we felt like we were kicking back under the palms, feet in the sand, yelling: THE BANANA BOAT IS TAKING US TO THE BEACH "
40,5977392,Etyeki Sörmanufaktúra,Deal With the Devil,Stout - Milk / Sweet,https://untappd.com/b/etyeki-sormanufaktura-deal-with-the-devil/5977392,5.0,20,3.42,184,09/09/24,"200 kg sütőtök, 5%-os milk stout alap? :DHát igen, megint elsült a kezünk, meg a fantáziánk, így elkészült ez a sörünk is. Kevés kávé, pici fahéj, irtózatosan sok sütőtök és laktóz. Na ezeket pakoltuk össze, és született meg a Deal with the Devil sörünk, Huszti Márk keze alatt. Kortyra krémes, édes, tökös, mellettük a kávé kellemesen és visszafogottan, karöltve a fahéjjal teszi kerekké és teljessé ezt a sört. Reggeli kávé helyett, vagy ebéd utáni desszertnek is megteszi. "
41,3550118,Superside Brewery,MerryXide – Gingerbread Stout,Stout - Milk / Sweet,https://untappd.com/b/yeast-side-merryxide-gingerbread-stout/3550118,5.5,15,3.36,267,11/26/19,"Our new limited Christmas beer. We collect our all knowledge about the Christmas cookies, and find a good way how we can transplant all ingredients of Gingerbread. This is Our Gingerbread under the Christmas tree. "
42,6478664,HORIZONT Brewing,Mad Cow,Stout - Milk / Sweet,https://untappd.com/b/horizont-brewing-mad-cow/6478664,5.0,15,3.26,3767,11/03/25,"Krémes, csokoládés és meglepően könnyű.Laktózzal lágyított milk stout, ahol a pörkölt maláta, a kakaó és a tejcukor harmóniája egy kiegyensúlyozott, bársonyos kortyban találkozik.Fekete, mégis könnyed – pont annyira őrült, amennyire kell.-Creamy, chocolatey, and surprisingly light.A lactose-smoothed milk stout where roasted malts, cocoa, and milk sugar meet in perfect harmony, delivering a balanced, velvety sip.Dark yet easy-drinking – just the right kind of crazy. "
0,2976831,Brew Your Mind,Luckies,Stout - Oatmeal,https://untappd.com/b/brew-your-mind-luckies/2976831,6.2,N/A,3.89,1950,12/07/18,"Thick, oily bodied oatmeal stout with El Salvador Pacamara coffee beans from our friends at the Lucky Cap Roastery and some Madagascar vanilla beans. The name Luckies refers to the lucky experiment during the brewing process that resulted the extremely oily mouthfeel and the Lucky cap coffee.  "
1,3944027,B*BOP FERMENTORY,PRALINÉ,Stout - Oatmeal,https://untappd.com/b/b-bop-fermentory-praline/3944027,7.7,N/A,3.8,985,08/31/20,Hazelnut Praliné Crêpe Stout.A smooth and creamy Oatmeal Stout infused with hazelnuts from Piedmont and custard from France.Brewed in a yummy collaboration with First The Craft Beer Co. 
2,4785360,Brew Your Mind,Early Sunset - Vanilla,Stout - Oatmeal,https://untappd.com/b/brew-your-mind-early-sunset-vanilla/4785360,7.7,N/A,3.79,240,04/06/22,Oatmeal stout típusú sörünk organikus mexikói vaníliával.  
3,4099663,Brew Your Mind,Early Sunset,Stout - Oatmeal,https://untappd.com/b/brew-your-mind-early-sunset/4099663,7.7,N/A,3.79,600,12/15/20,"Oatmeal stout típusú fekete sör sűrű, olajos kortyérzettel. Komplex, a maláták összhangjára épülő ital a téli hétköznapokra, amikor korán lemegy a nap.  "
4,5359646,Brew Your Mind,Late Sunset,Stout - Oatmeal,https://untappd.com/b/brew-your-mind-late-sunset/5359646,6.6,N/A,3.71,273,05/15/23,Oatmeal stout típusú sör. 
5,4888660,InVitro Brewing,Death,Stout - Oatmeal,https://untappd.com/b/invitro-brewing-death/4888660,6.5,N/A,3.71,228,06/15/22,"Collaboration with the Hungarian metal trio Lazarvs. The beer was named after their song on the album HEX. This pitch-black beer was brewed with a massive amount of chocolate malts and oats to get an oily, creamy liquid chocolate taste. The reasonably low abv, and the good mouthfeel makes it a great beer to drink and headbang to your favorite music.  "
6,5649581,Brew Your Mind,Baby Luckies,Stout - Oatmeal,https://untappd.com/b/brew-your-mind-baby-luckies/5649581,5.0,N/A,3.7,183,12/18/23,"Oatmeal stout típusú sörünk nem túl erős alkoholfok mellett kellemes olajos kortyérzettel. El Salvadori Pacamara kávéval és egy csipetnyi organikus mexikói vaníliával, hogy meglegyen a test és az ízek közti harmónia. A kávét pörkölte: Lucky Cap, Szekszárd  "
7,5576569,Szent András Sörfőzde,TesztAndrás Alfa.14,Stout - Oatmeal,https://untappd.com/b/szent-andras-sorfozde-tesztandras-alfa-14/5576569,5.6,45,3.69,254,10/22/23,"Oatmeal stout vagyis zab(pehely) stout, némi csavarral. Az Alfa.14 egy klasszikus angol oatmeal stout, közpes alkoholtartalommal, visszafogott komlókeserűséggel. A hozzáadott tonkabab és ugandai vanilia ha fokozható, még izgalmasabbá teszi a zabpehelyből eredő selymességet is. "
8,615129,Csupor Craft Beer,ThermoSTOUT,Stout - Oatmeal,https://untappd.com/b/csupor-craft-beer-thermostout/615129,6.5,26,3.67,167,03/13/14, 
9,4683582,Mad Scientist,Guilty Tendencies,Stout - Oatmeal,https://untappd.com/b/mad-scientist-guilty-tendencies/4683582,6.4,N/A,3.66,907,01/19/22,Dry Hopped Oatmeal Stout 
10,6052583,Mad Scientist,LOTR - Dwarven Forge,Stout - Oatmeal,https://untappd.com/b/mad-scientist-lotr-dwarven-forge/6052583,6.0,N/A,3.6,2288,11/09/24,"Inspired by the mines of Moria, where true friends come with beer. Real flavours with true character, just the way Gimli likes it, but don't tell the Elf!  "
11,1056974,Legenda Sörfőzde,Irish Stout - Dublin Memory,Stout - Oatmeal,https://untappd.com/b/legenda-sorfozde-irish-stout-dublin-memory/1056974,4.5,N/A,3.59,547,04/22/15, 
12,5142681,FIRST Craft Beer,Dark Oats,Stout - Oatmeal,https://untappd.com/b/first-craft-beer-dark-oats/5142681,6.8,20,3.57,1005,12/02/22,"(HUN) Kezdődjön jól a nap bármely szakasza – válaszd a Dark Oats-ot! Zabtól sűrű, krémes test – csokoládés, selymes kortyérzet – pörkölt malátás, édes illatok. Szippantsd be mélyen illatait és hagyd, hogy melengető stout sörünk megtöltsön! FIGYELEM Kanál használata nem javasolt!(ENG) Start any part of the day perfectly – choose Dark Oats! Thich & creamy body (thanks to the oats!) - chocolat-y, silky sip – roasted barley & sweet aromas. Sniff it in deep and let this warming stout to fill you up! CAUTION No need for spooning! "
13,2607641,Uradalmi Brewery,Nero,Stout - Oatmeal,https://untappd.com/b/uradalmi-brewery-nero/2607641,5.6,29,3.56,223,04/18/18,"Éjfekete színű sör, barna habkoronával. Illatában a kávé és az aszalt szilva dominál enyhe édességgel a háttérben. Ízében pörkölt kávé karakter jelenik meg gyümölcsös lecsengéssel. A jelentős mennyiségben felhasznált zabnak köszönhetően komplex ízvilágú, sűrű, selymes textúrájú sör. "
14,2438904,Félegyházi Sörműhely,Stout,Stout - Oatmeal,https://untappd.com/b/felegyhazi-sormuhely-felegyhazi-stout/2438904,6.3,N/A,3.56,229,12/20/17,"A hozzáadott zabpehelynek köszönhetően kortyérzete kerek, krémes, míg ízében a kávé és a csokoládé váltja egymást, köszönhetően a benne lévő pörkölt árpamalátának. "
15,2095824,Fehér Nyúl,Fehér Nyúl Stout,Stout - Oatmeal,https://untappd.com/b/feher-nyul-feher-nyul-stout/2095824,4.5,30,3.48,1149,05/16/17,"Ezt a krémes, könnyed, kávés, étcsokis jegyeket idéző, zabos sört minden életigenlőnek nyugodt szívvel ajánljuk. Malátás, kissé fanyar aromája meghozza az este hangulatát.  "
0,4951316,Reketye Brewing Co.,Sir Banghard,Stout - Other,https://untappd.com/b/reketye-brewing-co-sir-banghard/4951316,11.0,N/A,3.89,541,07/28/22,"Olivér, üzemvezetőnk mély, és zsigeri vágyat érzett arra, hogy az eredeti Banghard receptet durván megdolgozza. Mivel imádja a kókuszt, nem sajnálta belőle. Furfangos ember, és azt gondolta, legyen ez a sör sour, és az emberek örülni fognak. Reméljük mindenki örül! "
1,4640586,Gravity Brewing,Peppermint Chocolate Stout,Stout - Other,https://untappd.com/b/gravity-brewing-peppermint-chocolate-stout/4640586,6.0,32,3.76,162,12/16/21,"For our second collaboration with Ruin Brew, we've put together a very Christmassy stout that should transport you back to candy canes and mugs of steaming cocoa.Bursting with peppermint on the nose, dark chocolate malts and a touch of pure Mexican vanilla dominate this supercharged milk stout. "
2,2958331,Hopfanatic Brewery,Zserbó,Stout - Other,https://untappd.com/b/hopfanatic-brewery-zserbo/2958331,10.5,32,3.67,497,11/24/18,Stout with nuts and apricot jam. 
3,5847302,Mad Scientist,The Black Council,Stout - Other,https://untappd.com/b/mad-scientist-the-black-council/5847302,7.0,N/A,3.64,2444,05/29/24,HOUSE OF THE DRAGON Cinnamon & Chili Stout 
4,5369535,FIRST Craft Beer,Picadura,Stout - Other,https://untappd.com/b/first-craft-beer-picadura/5369535,8.0,N/A,3.62,271,05/22/23,"Ancho chilivel, fahéjjal, kakaóval és vaníliával fűszereztük ezt a Mexican Hot Chocolate stílusú sűrű, krémes stoutot, melyet a Balkezes gerillasörfőző csapattal közösen álmodtunk meg.Fűszeres, telt ízek, krémes kakaó és egy csípésnyi chili. Tökéletes.---Seasoned with ancho chilis, cinnamon, cocoa beans and vanilla, this Mexican Hot Chocolate styled creamy imperial stout was dreamed up with the guerilla brewing crew of Balkezes. "
5,3637472,HopTop Brewery,Cruel Mintress,Stout - Other,https://untappd.com/b/hoptop-brewery-cruel-mintress/3637472,8.2,37,3.62,275,01/22/20,"Hops used: Challanger, FugglesA strong stout with mint and chocolate to refresh your body despite the winter evenings when Her Majesty's cold, inquiring look stare upon you. "
6,5369537,FIRST Craft Beer,Picadura Extra Hot!,Stout - Other,https://untappd.com/b/first-craft-beer-picadura-extra-hot/5369537,8.0,N/A,3.62,183,05/22/23,"A Picadura ancho chilis Mexican Hot Chocolate Stout extra verziója - közel háromszor annyi chilivel, hogy csípjen úgy igazán! "
7,5129075,SIMA brewing,Fekete Kincs Chocolate Stout,Stout - Other,https://untappd.com/b/sima-brewing-fekete-kincs-chocolate-stout/5129075,5.9,N/A,3.58,237,11/22/22,"Harmadik sulymos sörünk alapja ezúttal egy komplex maláta alapra helyezett chocolate stout, mely a maga 5,9%-os alkoholtartalmával is kellően megmelengeti a lelket. Könnyed, de mégis markánsan fűszeres, a sulyom karakteres íze pedig hosszan megmarad a korty után a szájban. Igazi ünnepi desszertsör. "
8,2855040,Reketye Brewing Co.,FCKMNG,Stout - Other,https://untappd.com/b/reketye-brewing-co-fckmng/2855040,7.2,9,3.55,547,09/21/18,"FCKMNG is a sour stout with roasted notes smoothed by a crazy amount of secondary fermented PEACH - no mango, Fuck Mango. "
9,4141580,Hedon,Winter Charlie,Stout - Other,https://untappd.com/b/hedon-winter-charlie/4141580,5.0,N/A,3.54,227,01/15/21,Kyoto cold brew stout.  
10,4577340,hübris,stüt,Stout - Other,https://untappd.com/b/hubris-stut/4577340,6.6,20,3.54,453,11/03/21, 
11,4662023,Szia Uram!,Vaníliás Stout,Stout - Other,https://untappd.com/b/szia-uram-szia-uram-vanilias-stout/4662023,7.5,N/A,3.53,183,12/30/21, 
12,4556381,HORIZONT Brewing,Winter Joe,Stout - Other,https://untappd.com/b/horizont-brewing-winter-joe/4556381,6.6,N/A,3.51,734,10/20/21,Horizont Morning Joe base with winter spices. 
13,3565594,KROIS Brewery,Brewdolf,Stout - Other,https://untappd.com/b/krois-brewery-brewdolf/3565594,4.9,33,3.48,258,12/06/19,"Brewdolf, a legpengébb láncszem a karámban, a karácsonyi fogat első tagja, az alfadám. Összetevők: Víz, Árpamaláta, Sörélesztő, Komlók(Magnum, Fuggles), Karácsonyi Fűszerek (Szegfűszeg, Fahéj, Szerecsendió, Narancshéj, Vanília).ABV:4.9%IBU:33 "
14,5147922,MONYO Brewing Co.,Naked Penguin,Stout - Other,https://untappd.com/b/monyo-brewing-co-naked-penguin/5147922,6.3,N/A,3.47,713,12/05/22,"Az új szezonális sörünk főszereplője olyan édes lett, hogy kenyérre lehetne kenni. Csakúgy, mint magát a sört.A Naked Penguin egy krémes Hazelnut Stout, melybe a török mogyoró legédesebb jegyeit rejtettük bele, így a tél sem lesz olyan keserves. "
15,282919,Szent András Sörfőzde,Betyár Király,Stout - Other,https://untappd.com/b/szent-andras-sorfozde-betyar-kiraly/282919,7.0,20,3.42,1961,12/22/12,"A kétféle valódi gyümölcsöt is tartalmazó - meggy, szilva, - stout markáns íze már az első kóstoláskor határozott, tekintélyt parancsoló hatást gyakorol az érzékszervekre. A foreign stout típus malátás karakterét és fahordós ízvilágát tökéletesen ellenpontozzák a gyümölcsök aromái.The specific taste of this stout, which also contains two kinds of real fruits – cherries and plums, has a definite effect on the senses already at the first tasting. This foreign stout’s malt character and wooden barrel flavor are perfectly balanced by the aromas of the fruits. "
0,1424408,MONYO Brewing Co.,The Blue Oyster,Stout - Oyster,https://untappd.com/b/monyo-brewing-co-the-blue-oyster/1424408,5.2,30,3.63,183,02/12/16,"Kóstold meg Magyarország első osztrigás sörét! A kíváncsiság hajtott minket a RothBeer-rel közösen a sör készítésekor hasonlóan a tengerpartok halászaihoz, akik először csak a sör mellé fogyasztották, végül bele is főzték a kagylókat a sörlébe. Az eredmény pedig egy igazán selymes, kissé ásványos, sós ízvilágú stout lett. "
0,6454935,Mad Scientist,Salted Caramel Chocolate Roller,Stout - Pastry,https://untappd.com/b/mad-scientist-salted-caramel-chocolate-roller/6454935,8.0,N/A,3.96,939,10/21/25,Salted Caramel Pastry Stout 
1,5980024,HopTails Brewery,Tartaros,Stout - Pastry,https://untappd.com/b/hoptails-brewery-tartaros/5980024,7.0,N/A,3.81,369,09/12/24,"pistachio, vanilla "
2,5160994,Mad Scientist,Happy In My Lane,Stout - Pastry,https://untappd.com/b/mad-scientist-happy-in-my-lane/5160994,7.2,N/A,3.79,1117,12/15/22,Pastry Milk Stout With Orange And Cocoa 
3,6056303,FIRST Craft Beer,Crank It Up,Stout - Pastry,https://untappd.com/b/first-craft-beer-crank-it-up/6056303,7.0,N/A,3.67,621,11/12/24,"(HUN) Barátainkkal a Christianiaból egy új kísérletbe fogtunk: kerestünk két stílust és koncepciót, melyet csak egy, általunk kiötletelt láncszem köt össze: ebben az esetben ez a kekszes ízesítés lett.A Crank It Up a páros egyik fele: ezt a könnyű, mégis sűrűbb kortyérzetű stoutot már a malátaágyban ízesítettük, hiszen a hozzáadott rozsmaláta és zabpehely mélységet ad a sör testének. Ezt ízesítettük kókusz és graham aromával, majd adtuk hozzá a Christiania névjegyéül szolgáló kendermagot!---(ENG) With our friends from Christiania, we embarked on a new experiment: we looked for two styles and concepts that were connected only by a link we came up with: in this case, the biscuit flavoring.Crank It Up is one half of the duo: this light yet dense stout is flavored in the malt bed, as the added rye malt and oat flakes give the beer depth of body. We flavored it with coconut and graham aromas, and then added Christiania’s signature hemp seeds! "
4,4738883,Fehér Nyúl,Bananana,Stout - Pastry,https://untappd.com/b/feher-nyul-bananana/4738883,9.9,N/A,3.65,370,03/04/22,"Banánkenyér inspirálta Imperial Pastry Stout. Fűszeres, gyümölcsös, komoly mélységekkel.Banana bread inspired Imperial Pastry Stout. Spicy, fruity with serious depth. "
5,5540723,Szent András Sörfőzde,TesztAndrás Kappa.08,Stout - Pastry,https://untappd.com/b/szent-andras-sorfozde-tesztandras-kappa-08/5540723,4.1,25,3.65,251,09/25/23,"A Kappa.08 zserbó pastry ale a második, már-már cukrászati szempontból is irigylésre méltó Szent András pastry ale, amit a legendás édesség, a zserbó inspirált. Gazdag malátázása mellett (pale, müncheni, caramünich, csoki) a sütemény összes alapanyagát felvonultatja, hiszen jókora mennyiségű csokoládét, diót és sárgabarackot tartalmaz, amit vaníliával bolondítottunk meg, majd laktóz hozzáadásával tettük igazán krémessé. "
6,5131688,Viharsarok Sörfőzde,Szaloncukor,Stout - Pastry,https://untappd.com/b/viharsarok-sorfozde-szaloncukor/5131688,6.5,N/A,3.48,157,11/24/22,"A Szaloncukrot kifejezetten a karácsonyi szezonra terveztük. Ez a Chocolate Oatmeal Milk Stout nagy mennyiségű kakaóval, zabpehellyel és laktózzal készül, amin a naranccsal még csavarunk egyet. Ajándékozd meg magad, vagy szeretteidet ezzel a bársonyos, lágy tejcsokoládés sörrel. "
7,4729911,Mad Scientist,Deer Friends,Stout - Pastry,https://untappd.com/b/mad-scientist-deer-friends/4729911,5.5,N/A,3.43,872,02/25/22,Fruited & Tart Chocolate Mint Berry Stout brewed together with our friends Bence and Anna of naïlo brewing co. 
0,4534878,HORIZONT Brewing,Night Shift Vintage 2021 Russian Imperial Stout Aged In Tennessee Whiskey & Bourbon Barrels,Stout - Russian Imperial,https://untappd.com/b/horizont-brewing-night-shift-vintage-2021-russian-imperial-stout-aged-in-tennessee-whiskey-and-bourbon-barrels/4534878,13.0,N/A,4.18,1328,10/05/21,Russian Imperial Stout aged in different whiskey barrels for the perfect balance and harmony in the taste. 
1,4017430,HORIZONT Brewing,Night Shift Vintage 2020 Russian Imperial Stout Aged in Bourbon Barrels,Stout - Russian Imperial,https://untappd.com/b/horizont-brewing-night-shift-vintage-2020-russian-imperial-stout-aged-in-bourbon-barrels/4017430,12.0,N/A,4.15,1387,10/21/20,"This beer was brewed with 12 types of malts, 6 hours of boil time,and 3 months of fermenting to prepare it for a long journeyin freshly emptied Tennessee Whiskey Barrels. Thesebarrels give this thick, dark, black beer rich notes of vanillaand bourbon, resulting in a complex flavour combinationwhich we gladly recommend for every beer lover. "
2,6010349,HORIZONT Brewing,Night Shift Vintage 2024 - Russian Imperial Stout Aged in Bourbon Barrels with Chocolate & Coffee,Stout - Russian Imperial,https://untappd.com/b/horizont-brewing-night-shift-vintage-2024-russian-imperial-stout-aged-in-bourbon-barrels-with-chocolate-and-coffee/6010349,11.2,N/A,4.14,1093,10/05/24,"A büszkeségünk 2020 óta, ez a Russian Imperial Stout etióp kávéval és ghánai kakaóval készül, 2 évig bourbon hordókban érlelve.Our pride since 2020, this Russian Imperial Stout is brewed with Ethiopian coffee and Ghanaian cocoa beans, aged 2 years in bourbon barrels. "
3,5056101,HORIZONT Brewing,Night Shift Vintage 2022 Russian Imperial Stout Aged In Tennessee Whiskey Barrels,Stout - Russian Imperial,https://untappd.com/b/horizont-brewing-night-shift-vintage-2022-russian-imperial-stout-aged-in-tennessee-whiskey-barrels/5056101,13.0,N/A,4.12,1763,10/07/22,"The Original Night Shift beer has returned to its founding! In 2016 when this beer was first brewed, it started the journey of the Night Shift line of beers. The 2022 version returns to the beginning, when it was matured only, and exclusively, in Tennessee Whiskey barrels. No spices, just the barrel, malt and hops. Every year we polish the recipe to make it more perfect and even silkier. Enjoy this classic beer!Ezzel a tétellel visszatértünk az eredeti Night Shift gyökereihez. Amikor 2016-ban lefőztük ennek a sörnek az első verzióját, nem is sejtettük, hogy hová vezet az útja. 2018-ban elkészült az első hordóérlelt változata, megkezdve a hosszú utazást, aminek most egy állomásához érkeztünk. Azóta is töretlen népszerűségnek örvend, és minden évben csiszolunk rajta egy kicsit, hogy még tökéletesebb és még selymesebb legyen. A 2022-es verzió visszatér a kezdetekhez, amikor csak és kizárólag Tennessee Whiskey hordóban érleltük. Semmi fűszer, csak a hordó, maláta és a komló, egy igazi klasszikus. "
4,5632011,HORIZONT Brewing,"Night Shift Vintage 2023 - Mexicake-Inspired Imperial Stout Aged In Rum, Rhum & Bourbon Barrels",Stout - Russian Imperial,https://untappd.com/b/horizont-brewing-night-shift-vintage-2023-mexicake-inspired-imperial-stout-aged-in-rum-rhum-and-bourbon-barrels/5632011,10.4,N/A,4.07,755,12/05/23,"Chilis, fahéjas Imperial Stout, triple-blended, azaz három különféle (Rum, Rhum és Bourbon) hordóban érlelt, majd gondosan meghatározott arányban vegyített tétel. A varázslatos alapsör egyéves érlelési időszakának végére kiemelkedő hordós ízjegyeket kapott, melyek mellett kiválóan jön a chili és a fahéj mámorítóan harmonikus, ámde visszafogott kombinációja.This full-bodied beer specialty with cinnamon, chili, and chocolate, is based on a true classic, the Mexicake. The base beer was aged in three different types of barrels (Bourbon, Rhum, Rum). The barrels used were various rum and rhum barrels from the Caribbean Islands, as well as bourbon barrels from the USA. "
5,6009134,HORIZONT Brewing,Night Shift Vintage 2024 - Russian Imperial Stout Aged In Tennessee Whiskey Barrels,Stout - Russian Imperial,https://untappd.com/b/horizont-brewing-night-shift-vintage-2024-russian-imperial-stout-aged-in-tennessee-whiskey-barrels/6009134,11.3,N/A,4.04,699,10/05/24,"Ezzel a tétellel visszatérünk a 2016-os gyökereinkhez, ami ismét Tennessee whiskey hordókban érlelődött. Fűszerek nélkül, csak a hordók, a maláta és a komló. 2 évig érlelve. Back to our 2016 roots, this 2024 batch is aged in Tennessee Whiskey barrels. No spices, just the barrels, malt, and hops. Aged for 2 years. "
6,5571023,HORIZONT Brewing,Night Shift Vintage 2023 - Russian Imperial Stout Aged In Tennessee Whiskey Barrels,Stout - Russian Imperial,https://untappd.com/b/horizont-brewing-night-shift-vintage-2023-russian-imperial-stout-aged-in-tennessee-whiskey-barrels/5571023,11.5,N/A,4.02,861,10/19/23,"A kezdetektől tudtuk, hogy ez a sör végig fog kísérni minket a Night Shift sztorin, és így is lett. Semmi cifrázás, csak az alapsör puszta ereje és a Tennessee Whiskey hordók utánozhatatlan ízjegyei kellettek ahhoz a csodához, amit ebbe a palackba zártunk. We knew it from the start that this beer would follow us through the Night Shift story. And we were right. Nothing special, only the base beer and the incredible taste from the barrels, that's all this extraordinary beer needed for the harmonious taste you're about to meet.  "
7,4098764,HORIZONT Brewing,Night Shift Vintage 2020 Russian Imperial Stout Aged In Rum Barrels With Chocolate & Coconut,Stout - Russian Imperial,https://untappd.com/b/horizont-brewing-night-shift-vintage-2020-russian-imperial-stout-aged-in-rum-barrels-with-chocolate-and-coconut/4098764,12.0,N/A,4.01,514,12/14/20,"This beer is a 12% ABV Russian Imperial Stout, brewed with 12 types of malts, 6 hours of boil time, and 3 months of fermenting to prepare it for a long journey in freshly emptied Rum Barrels. These casks give this thick, dark, black beer rich notes of raisin and rum,which we spiced up with some extra cocoa beans from Ghana and some roasted coconut flakes. We strongly recommend it for every beer specialty lover. "
8,6451740,HORIZONT Brewing,Night Shift Vintage 2025 / Russian Imperial Stout Aged In Bourbon Maple Syrup Barrels With Chocolate & Coffee,Stout - Russian Imperial,https://untappd.com/b/horizont-brewing-night-shift-vintage-2025-russian-imperial-stout-aged-in-bourbon-maple-syrup-barrels-with-chocolate-and-coffee/6451740,11.1,N/A,3.99,461,10/18/25,"Éjfekete, testes Russian Imperial Stout, amit frissen pörkölt Costa Rica-i és Etióp kávéval, valamint ghánai kakaóbabbal készítettünk. Ezután Bourbon és juharszirupos ex-Bourbon hordókban érleltük, hogy mély, édes-füstös, kávés-csokis komplexitást kapjon. Egy sör, ami egyszerre erős, kifinomult és elképesztően kényeztető.-Jet-black, full-bodied Russian Imperial Stout brewed with freshly roasted Costa Rican and Ethiopian coffee and Ghanaian cocoa. Aged in Bourbon and maple syrup ex-Bourbon barrels for deep, sweet-smoky chocolate and coffee complexity - bold, refined, and utterly indulgent. "
9,2456891,Mad Scientist,Candy Man,Stout - Russian Imperial,https://untappd.com/b/mad-scientist-candy-man/2456891,12.7,70,3.96,5753,01/01/18,"Imperial Stout With Marshmallows And Tonka Beans The previous batches were between 11,5-12,0% 2025's new batch has the abv of 12,7% "
10,3517566,HORIZONT Brewing,Night Shift (Vintage 2019 Tennessee Whiskey Barrel Aged),Stout - Russian Imperial,https://untappd.com/b/horizont-brewing-night-shift-vintage-2019-tennessee-whiskey-barrel-aged/3517566,11.0,N/A,3.96,697,11/06/19,"Our 2019 Vintage imperial stout,  aged in used Jack Daniels barrels for 6 months. Vanilla, toasted coconut, dark chocolate, coffe and a hint of smoke. Perfect for winter night shifts. "
11,6050910,HORIZONT Brewing,Night Shift Vintage 2024 - Russian Imperial Stout Aged In Pedro Ximénez Sherry & Rum Barrels W. Orange & Chocolate,Stout - Russian Imperial,https://untappd.com/b/horizont-brewing-night-shift-vintage-2024-russian-imperial-stout-aged-in-pedro-ximenez-sherry-and-rum-barrels-w-orange-and-chocolate/6050910,12.7,N/A,3.94,825,11/08/24,"Ezzel a tétellel egy klasszikusnak mondható, narancsos-csokis koncepciót szerettünk volna összehozni az alap Russian Imperial Stout édeskés, csokis ízjegyeivel. Az alapsör csak nekünk, teljesen frissen ürített Pedro Ximénez Sherry, illetve rumos hordókban pihent 6 hónapig, majd, amikor elnyerte tökéletes formáját, adtunk hozzá ghánai kakaóbabot és narancsot, hogy citrusos ízjegyeivel valóban visszaadja a trópusi hangulatot. A végeredmény egy hihetetlenül csokis, kellemesen citrusos, narancsos tétel lett, amelynek minden kortyában visszaköszön a megszokott édesség ízvilága.	Ezzel a tétellel egy klasszikusnak mondható, narancsos-csokis koncepciót szerettünk volna összehozni az alap Russian Imperial Stout édeskés, csokis ízjegyeivel. Az alapsör csak nekünk, teljesen frissen ürített Pedro Ximénez Sherry, illetve rumos hordókban pihent 6 hónapig, majd, amikor elnyerte tökéletes formáját, adtunk hozzá ghánai kakaóbabot és narancsot, hogy citrusos ízjegyeivel valóban visszaadja a trópusi hangulatot. A végeredmény egy hihetetlenül csokis, kellemesen citrusos, narancsos tétel lett, amelynek minden kortyában visszaköszön a megszokott édesség ízvilága.	With this batch, we aimed to create a classic, orange-chocolate concept by combining the base Russian Imperial Stout's sweet, chocolatey notes. The base beer aged exclusively in freshly emptied Pedro Ximénez Sherry and rum barrels for 6 months. When it reached its perfect form, we added Ghanaian cocoa beans and oranges to truly evoke a "
12,4355570,Gravity Brewing,Event Horizon - Overproof Stout,Stout - Russian Imperial,https://untappd.com/b/gravity-brewing-event-horizon-overproof-stout/4355570,11.1,46,3.93,494,06/11/21,"This is Gravity turned up to 11.Our longest-running imperial, Event Horizon is an ultra-rich stout that takes its styling from high-proof Caribbean rums. Its deep molasses nose gives way to a chocolate & toffee body absolutely stacked with malt & grain complexity. Undertones of raisins and plums taper slowly into a finish of tart red fruit. "
13,3517570,HORIZONT Brewing,Night Shift (Vintage 2019 Caribbean Rum Barrel Aged),Stout - Russian Imperial,https://untappd.com/b/horizont-brewing-night-shift-vintage-2019-caribbean-rum-barrel-aged/3517570,11.0,N/A,3.92,335,11/06/19,"Our 2019 Vintage imperial stout, aged in used Plantation rum barrels for 6 months. Vanilla, toasted coconut, dark chocolate, booze and warming spices. Perfect for winter night shifts. "
14,2943794,HORIZONT Brewing,Night Shift (Vintage 2018 Tennessee Whiskey Barrel Aged),Stout - Russian Imperial,https://untappd.com/b/horizont-brewing-night-shift-vintage-2018-tennessee-whiskey-barrel-aged/2943794,10.0,N/A,3.89,177,11/16/18,"Limited version of our 2018 Vintage imperial stout. Aged in used Jack Daniels barrels for 5 months. Vanilla, toasted coconut, dark chocolate, coffe and a hint of smoke. Perfect for winter night shifts.  "
15,2868723,MONYO Brewing Co.,Boris the Blade (2018),Stout - Russian Imperial,https://untappd.com/b/monyo-brewing-co-boris-the-blade-2018/2868723,11.8,23,3.89,1022,09/29/18,"Traditional Russian Imperial Stout made with 7 different malts, it has rich taste and rich smell. The full-bodied, dark and thick drink is aged for a year for the perfect ratio of the hop and the malt. High alcohol percentage, berries and dried fruits with a light caramel-truffle finish. It is a beer to remember. "
16,6451744,HORIZONT Brewing,Night Shift Vintage 2025 / Russian Imperial Stout Aged In Rhum And Vanilla Macadamia Rum Barrels,Stout - Russian Imperial,https://untappd.com/b/horizont-brewing-night-shift-vintage-2025-russian-imperial-stout-aged-in-rhum-and-vanilla-macadamia-rum-barrels/6451744,11.9,N/A,3.88,397,10/18/25,"Klasszikus Russian Imperial Stout, kétféle hordóban újragondolva: az egyik rész frissen ürített Rhum hordóban, a másik Rumos hordóban érlelődött, melyekben korábban makadámdió és vanília pihent. A végeredmény egy selymes, mély, diós-vaníliás karakterű sör, finom rumos édességgel és krémes lecsengéssel.-A reimagined Russian Imperial Stout aged in both fresh Rhum barrels and Rum barrels previously holding macadamia nuts and vanilla. The result is silky and rich, with nutty-vanilla layers, subtle rum sweetness, and a smooth, creamy finish. "
17,3520684,MONYO Brewing Co.,Boris (2019),Stout - Russian Imperial,https://untappd.com/b/monyo-brewing-co-boris-2019/3520684,9.8,N/A,3.86,419,11/08/19,"A Boris 2019-es változata. Sűrű és robosztus Russian Imperial Stout, amelyet szintén egy évig érleltünk mielőtt a piacra került.  Étcsokoládés, karamelles és kávés jegyek dominálnak illatban és ízben egyaránt. Nagy test, hosszú lecsengés és enyhe keserűség a korty végén. Sorszámozott és évjáratos palackok, exkluzív pezsgős palack, parafadugós zárás.---Boris vintage 2019! Creamy and robust RIS aged in bottle for a year before release. Dark chocolate, caramel and coffee aromas in the nose and in the taste. Full body, long aftertaste, light bitterness in the end. Enumerated, exclusive vintage champagne bottle closed with cork. "
18,4109893,FIRST Craft Beer,Dagon,Stout - Russian Imperial,https://untappd.com/b/first-craft-beer-dagon/4109893,11.0,35,3.86,173,12/21/20,"2020. decemberéig 4 hónapot tartályban, 11-et rumos fahordóban érleltük ezt a sűrű, tartalmas Russian Imperial Stoutot.Lekerekedett alkohol, összesimult ízjegyek jellemzik, harsányan rumos és hordós jegyekkel. A palackokat egyesével, a legnagyobb gondossággal töltöttük. "
19,3944509,Fehér Nyúl,Gemenc Illusion,Stout - Russian Imperial,https://untappd.com/b/feher-nyul-gemenc-illusion/3944509,9.5,65,3.86,193,09/01/20,Gemenci whiskys hordóban érlelt Russian Imperial Stout 
20,4115826,FIRST Craft Beer,Finlay,Stout - Russian Imperial,https://untappd.com/b/first-craft-beer-finlay/4115826,11.0,35,3.85,186,12/24/20,"Az Ír-szigetről érkezett hordó Cream Whiskeyjét érkezés után azonnal pótoltuk egy 11%-os Imperial Stouttal, majd (’20 decemberéig) 4 hónap tartály- és 11 hónap hordóérlelés után mutattuk be. A whiskeyre jellemző fás, vaníliás jegyek a stout ízvilágával összhangban jelennek meg, ereje melenget, de összesimult a whiskey-ízekkel. Bourbon és single malt kedvelőknek, hordóérlelt tételekkel barátkozóknak ajánljuk. "
21,1336919,MONYO Brewing Co.,Boris The Blade (2015),Stout - Russian Imperial,https://untappd.com/b/monyo-brewing-co-boris-the-blade-2015/1336919,8.0,60,3.85,193,12/03/15,"A hagyományos Russian Imperial Stout. Hétféle malátát használtunk fel ehhez a sörhöz, ennek köszönheti egyedülálló gazdagságát, ízben és illatban egyaránt. Ezt a testes, sötét és sűrű italt hét hónapig érleltük palackban, hogy a maláta és a komló összhangja a legkiegyensúlyozottabb legyen. Magas alkoholfok, bogyós-, aszalt gyümölcsös észterek, pörkölt ízjegyek és lágy karamelles-trüffeles lecsengés a korty végén. Emlékezetes sör. Mindössze 2000 darab sorszámozott palack készült belőle. "
22,2830609,MONYO Brewing Co.,Hungarian Terroir: Sopron - Blaufränkisch Russian Imperial Stout 2018,Stout - Russian Imperial,https://untappd.com/b/monyo-brewing-co-hungarian-terroir-sopron-blaufrankisch-russian-imperial-stout-2018/2830609,10.5,38,3.84,1548,09/05/18,"A Hungarian Terroir-szériánk második tagja a 2018-as, jubileumi X. Borefts Bier Festivalra készült. A szervezők (Brouwerij de Molen) minden évben megadnak egy tematikát, ami alapján a meghívott sörfőzdéknek el kell készíteniük egy dedikált sört a fesztiválra. 2018-ban egy stoutot kellett készíteni, amihez kilenc különböző alapanyagot (maláta, komló, élesztő) megadtak, de a tizediket nekünk kellett kiválasztani. A mi választásunk végül a kékfrankosra esett, így a soproni Pfneiszl Pincészettel közösen dolgoztuk ki a receptet.A Prémium Kékfrankos vörösborukból is adagoltunk egy bizonyos mennyiséget a sörhöz, továbbá négy darab 225 literes kékfrankos hordóba is eltettük pihenni az italt. A végeredmény pedig egészen varázslatos lett. Mélyfekete szín, masszív bézs habkoronával. Elképesztően sűrű és selymes textúra, lágy szénsavtartalommal. Pörkölt árpa, étcsokoládé és a kávé illatban és ízben egyaránt dominál, de a kékfrankos gyümölcsös (vörösbogyós) savassága rendkívül jól ellenpontozza az alkoholos-malátás édességet.----Russian Imperial stout brewed in collaboration with  Pfneiszl Winery. We've added a bit of their Premium Blaufrankisch wine to our base Russian Imperial Stout, and then aged the mixture in their oak barrels for months. The final result has a deep dark colour, massive beige foam, extremely thick and creamy texture, lightly carbonated. Roasted barley, coffee, dark chocolate in the aroma and taste, while Blaufrankisch grape's acidity balances it. "
23,2145685,Csupor Craft Beer,Matryoshka,Stout - Russian Imperial,https://untappd.com/b/csupor-craft-beer-matryoshka/2145685,12.0,40,3.84,207,06/16/17, 
24,2982610,Sörműves Kezek,Double Pelletration,Stout - Russian Imperial,https://untappd.com/b/sormuves-kezek-double-pelletration/2982610,11.0,49,3.83,648,12/10/18, 
25,4248010,FIRST Craft Beer,Dimidium,Stout - Russian Imperial,https://untappd.com/b/first-craft-beer-dimidium/4248010,11.0,35,3.83,301,04/02/21,"Black Barrel ProjectNem egy, de rögtön két hordós érlelés eredményét tartod kezedben: A Dimidium egyedi blend két imperial stout között, melyeket egy évig érleltünk. 200 liter brandy- és 300 liter cognac-hordóban érlelődött stoutot egyesítettünk, hogy a testes stout ízekkel tökéletesen harmonizáló gyümölcsös-mazsolás-fás jegyeket helyezhessük előtérbe. Fedezz fel egy megismételhetetlen ízvilágot!Hordóérlelt, felsőerjesztésű kézműves sörA hordóérlelt söröknél a palackozás idejét a sör dönti el: amikor legszebb formájába kerül palackozzuk és megőrizzük azt. Akár hosszabb időre, több évre is eltehetőek, hogy az ízek még tovább simuljanak. Összetevők: víz, árpamaláta, zabmaláta, zabpehely, búzamaláta, kandiscukor, komló, sörélesztő "
26,3058998,Szent András Sörfőzde,Rettegett Iván (2018),Stout - Russian Imperial,https://untappd.com/b/szent-andras-sorfozde-rettegett-ivan-2018/3058998,9.0,60,3.82,538,01/30/19,"Ez a sörtípus több évszázados kísérletezés, tudás és játékosság eredménye, melyet a 18. századi brit sörfőzők az orosz cári udvar részére készítettek. Ehhez a gazdagon fűszerezett, kirobbanóan zamatos már-már átláthatatlanul fekete sörhöz négyféle malátát adtunk, amik tökéletes harmóniát alkotnak a füstös, a csokoládés és a krémesen karamellás ízkarakterekkel.This beer type comes from some hundred years of experiments, knowledge and playfulness, which had been made by British brewers for the Court of the Russian emperor. The explosively aromatic beer, rich in spices, was brewed with four kinds of malt, which created a perfect harmony with the smokey, chocolate and creamy caramel tastes. "
27,4037478,MONYO Brewing Co.,Hungarian Terroir: Eger - Kékfrankos Russian Imperial Stout 2019,Stout - Russian Imperial,https://untappd.com/b/monyo-brewing-co-hungarian-terroir-eger-kekfrankos-russian-imperial-stout-2019/4037478,10.2,N/A,3.81,302,11/03/20,"Új borvidékkel bővül a Hungarian Terroir széria! Ezúttal Egerbe, egész pontosan a Böjt Borászathoz látogattunk, ahol Böjt Gergő két sornyi kékfrankos szőlőt különített el nekünk ehhez a projekthez, amit aztán a vele közösen szüreteltünk le tavaly ősszel.A bogyózott kékfrankos szőlőhéjat és a kipréselt levet az erjesztőtartályunkba tettük, majd együtt erjesztettük le az erősre főzött stouttal. A kékfrankos érett piros és fekete gyümölcsös aromái remekül harmonizálnak a stout malátás jegyeivel. A boros hatásra még ráerősítettünk magyar tölgyfadongákkal, amikkel együtt érleltük a sört a tartályban. Így végül 3 hónapot tartályban, majd 9 hónapot palackban érett a sör, mire elérte a mostani formáját.A pohár fölé hajolva rum, csokoládé, capuccino, szilva, marcipán és egy nagy üveg áfonyalekvár illata árad. A korty vörösboros, étcsokis, aszalt szilvás, egy kis fanyar szederrel és pörkölt kávés ízekkel karöltve. Utóízben érezhetőek a hordós, fás és vaníliás jegyek. Szerintünk rendkívül komplex tétel, ami fölött érdemes hosszabb időt eltölteni egy hideg és sötét téli napon. "
28,4005610,Fehér Nyúl,Russian Imperial Stout 2020,Stout - Russian Imperial,https://untappd.com/b/feher-nyul-russian-imperial-stout-2020/4005610,9.5,65,3.81,385,10/12/20,"1782 telén a kulikovóiaknak ismét sikerült elpáholni avoronyecieket a szokásos farsangi ökölharcban. Csatasorba álltaka Nyizs jegén, ment a kölcsönös anyázás, aztán addig csépeltéka szomszédokat, míg azok meg nem futamodtak. MindeközbenKatalin cárnő felbontotta az újabb angol sörszállítmányt, ami ezúttal nem romlott meg, mert erős volt, mint egy jó pofon. "
29,4680003,Szent András Sörfőzde,Rettegett Iván (2021),Stout - Russian Imperial,https://untappd.com/b/szent-andras-sorfozde-rettegett-ivan-2021/4680003,10.5,50,3.81,460,01/15/22, 
30,2942106,HORIZONT Brewing,Night Shift (Vintage 2018),Stout - Russian Imperial,https://untappd.com/b/horizont-brewing-night-shift-vintage-2018/2942106,10.0,N/A,3.81,529,11/15/18,"Our annual imperial stout. This year it hits an easy 10% ABV, more creamy and thick, with hints of dark chocolate and coffee. No fuss, just darkness.  "
31,2388046,Fehér Nyúl,Russian Imperial Stout 2017,Stout - Russian Imperial,https://untappd.com/b/feher-nyul-russian-imperial-stout-2017/2388046,8.6,65,3.8,258,11/15/17, 
32,4033171,FIRST Craft Beer,Baba Yaga,Stout - Russian Imperial,https://untappd.com/b/first-craft-beer-baba-yaga/4033171,11.0,35,3.79,381,10/31/20,"Ahogy a sötét erdő mélyén, palotájában a Baba Yaga, úgy alussza álmát palackba zárva első Russian Imperial Stout sörünk.Félelmetes mennyiségű malátával készült, hogy egy erős (11%!) és éjfekete esszenciát főzhessünk. Miután leerjesztettük és 4 hónapig tartályban érleltük, 10 hónapra palackba zártuk és hagytuk, hogy szép lassan összeérjenek ízei. Ezt a folyamatosan nemesedő imperial stoutot kihagyni lehetetlen: azonnal elvarázsol és titkos kastélyába vezet.  "
33,3531786,Fehér Nyúl,Russian Imperial Stout 2019,Stout - Russian Imperial,https://untappd.com/b/feher-nyul-russian-imperial-stout-2019/3531786,9.5,65,3.78,351,11/15/19,"1782 telén a kulikovóiaknak ismét sikerült elpáholni a voronyecieket a szokásos farsangi ökölharcban. Csatasorba álltak a Nyizs jegén, ment a kölcsönös anyázás, aztán addig csépelték a szomszédokat, míg azok meg nem futamodtak. Mindeközben Katalin cárnő felbontotta az újabb angol sörszállítmányt, ami ezúttal nem romlott meg, mert erős volt, mint egy jó pofon.  "
34,5321030,HopTop Brewery,Liquid Cinderella,Stout - Russian Imperial,https://untappd.com/b/hoptop-brewery-liquid-cinderella/5321030,11.9,30,3.77,177,04/18/23,Islay barrel blend russian imperial stout  
35,2379021,HORIZONT Brewing,Night Shift (Vintage 2017),Stout - Russian Imperial,https://untappd.com/b/horizont-brewing-night-shift-vintage-2017/2379021,9.0,45,3.74,353,11/09/17,"Our first annual imperial stout. Easy drinking, dry and dark. Cheers! "
36,5859983,Szent András Sörfőzde,Rettegett Iván (2023),Stout - Russian Imperial,https://untappd.com/b/szent-andras-sorfozde-rettegett-ivan-2023/5859983,10.5,50,3.73,161,06/07/24, 
37,2511085,Mad Scientist,Cookie Monster,Stout - Russian Imperial,https://untappd.com/b/mad-scientist-cookie-monster/2511085,10.5,N/A,3.72,920,02/12/18, 
38,385760,Hopfanatic Brewery,Angry Beast,Stout - Russian Imperial,https://untappd.com/b/hopfanatic-brewery-angry-beast/385760,12.0,112,3.7,517,06/15/13, 
39,867088,Fóti Kézműves Sörfőzde,Romanov,Stout - Russian Imperial,https://untappd.com/b/foti-kezmuves-sorfozde-romanov/867088,12.0,47,3.68,523,11/05/14, 
40,369348,Legenda Sörfőzde,Olaszházi Bitumen,Stout - Russian Imperial,https://untappd.com/b/legenda-sorfozde-olaszhazi-bitumen/369348,12.0,N/A,3.64,304,05/21/13, 
41,6497800,MONYO Brewing Co.,MOJO WORKIN'25: Coffee Russian Imperial Stout,Stout - Russian Imperial,https://untappd.com/b/monyo-brewing-co-mojo-workin-25-coffee-russian-imperial-stout/6497800,8.5,N/A,3.64,270,11/19/25,"MONYO - RIS Coffee StoutA délutáni kávé helyett ajánljuk a MONYO Coffe RIS-t. RIS - vagyis Russian Imperial Stout a pörkölt maláták mély tónusait a lágy vanília egészíti ki, és a kávés karakter teszi teljessé a kortyot. Telt, mégis könnyen iható, nem túl édes, ezért tökéletes desszertek mellé, vagy egy hűvös estén, ha már ráuntál a kakaóra, az espresso martinire. A klasszikus stout kedvelőinek kötelező! ---MONYO - RIS Coffee StoutInstead of your afternoon coffee, we recommend MONYO Coffe RIS. RIS - or Russian Imperial Stout, the deep tones of roasted malts are complemented by soft vanilla, and the coffee character completes the sip. Full-bodied, yet easy to drink, not too sweet, so it is perfect with desserts, or on a cool evening, when you are tired of cocoa, espresso martinis. A must for lovers of classic stouts! "
42,3068046,Hedon,Szergej,Stout - Russian Imperial,https://untappd.com/b/hedon-szergej/3068046,9.2,61,3.61,788,02/05/19, 
43,3553004,Fehér Nyúl,Punk Rabbit,Stout - Russian Imperial,https://untappd.com/b/feher-nyul-punk-rabbit/3553004,11.5,19,3.57,429,11/28/19,"Fuck reality, take me to Wonderland. "
0,4962692,Gravity Brewing,Eclipse - Imperial Smoked Stout,Stout - Smoked,https://untappd.com/b/gravity-brewing-eclipse-imperial-smoked-stout/4962692,10.7,66,3.87,384,08/04/22,"Eclipse is an imperial that focuses on a lighter element: smoke.Cherry- and oak-smoked grains form a delicate balance between bright red fruit and dry tannin, while Lapsang Souchong from the mountain tea plantations of Fujian lends soft pine forest aromas to the nose.These delicate wisps settle onto a stout base that exercises restraint above all: a refined balance of black malt, toasted grains, and dark caramel, smoothed out by silky oats and a touch of lactose. The finish offers a subtle linger of cocoa powder, and warms the throat to embrace the next sip. "
0,4585411,Remix Craft,Big Dreams,Stout - White / Golden,https://untappd.com/b/remix-craft-big-dreams/4585411,5.6,24,3.67,178,11/08/21,"Nagy lépés.., de inkább egy nagy álom ez. ""Lassan"" már mindenki mehet az űrbe, de mi most még megelégszünk ezzel a klasszikus illat- és ízjegyeket tartalmazó stout-tal, melyben a színvilágon azért variáltunk kicsit.  Mindezekért felelős a kakaóbab Ecuadorból, a vanília Ugandából és a hozzáadott kávébab Brazíliából. Ajánljuk kamu holdraszállóknak, álmodozó fiataloknak (szigorúan 18 év felett!) és a leendő asztronautáknak a szkafander hátsó zsebébe. "
1,3205049,Fehér Nyúl,White Stag,Stout - White / Golden,https://untappd.com/b/feher-nyul-white-stag/3205049,5.2,29,3.65,364,05/01/19,"Ritkán tűnik fel, és akkor érzed, hogy követned kell. Misztikus elevenség, ami átzsiborog az ereiden, és világít az éjszakában: ez a Csodaszarvas. Új felfedezetlen területekre visz a kávé, kakaó, maláta ízeivel. Kollab a londoni Hackney Főzdével! "
0,5945527,FIRST Craft Beer,Baby Beast,Strong Ale - American,https://untappd.com/b/first-craft-beer-baby-beast/5945527,9.0,50,3.57,165,08/14/24,"(HUN)Mindig is szerettünk új sörstílusokkal kísérletezni, ennek első Strong Ale-ünk is tanúbizonyságát adhatja.Sok-sok inspiráció kóstolása (yey!) és kísérletezés után jutottunk el a Baby Beasthez, mely a stílusra jellemző hagyományos gabonásságot egy markánsan karamellás, aszaltgyümölcsös ízvilággal egészíti ki, így szinte vörösboros kortyérzet felé tolva a teljes sörélményt. Mindezt pedig úgy, hogy testét könnyen ihatóra, kevéssé sűrűre hagytuk, hogy az év bármely napján jól essen egy pohárral.Nem harap a kicsike!(ENG)We have always loved experimenting with new beer styles, and our first Strong Ale is proof of that.After tasting many inspirations (yey!) and experimenting, we came up with Baby Beast, which complements the traditional graininess of the style with a distinct caramel and dried fruit flavor, thus pushing the entire beer experience towards a red wine-like sipping sensation. All this while leaving its body easy to drink and not too thick, so that it can be enjoyed with a glass any day of the year.This little one doesn't bite! "
1,851407,Legenda Sörfőzde,Game Over,Strong Ale - American,https://untappd.com/b/legenda-sorfozde-game-over/851407,12.0,N/A,3.5,434,10/20/14,"A true Bourbon Ale, with 6 months of cellaring. "
0,6145440,MONYO Brewing Co.,MONYO X: Ruby Decade,Strong Ale - English,https://untappd.com/b/monyo-brewing-co-monyo-x-ruby-decade/6145440,7.7,N/A,3.62,238,02/01/25,"10th Anniversary British Strong Ale with Sour Cherry! Happy B-day MONYO!Egy évtizednyi sörfőzési tapasztalat és szenvedély palackba zárva. Ez a British Strong Ale gazdag malátás testtel és mély borostyán színnel hódít, amelyet rengeteg valódi meggy tesz még karakteresebbé. Az intenzív gyümölcsösség elegánsan simul a karamellás, enyhén diós alapba, miközben a korty végén enyhe fanyar lecsengés teszi igazán különlegessé. Mini pezsgős üvegben, parafadugós lezárással – méltó ünneplés az elmúlt 10 évünkre.Limitált kiadás. "
1,6145442,MONYO Brewing Co.,MONYO X: Tropical Tenacity,Strong Ale - English,https://untappd.com/b/monyo-brewing-co-monyo-x-tropical-tenacity/6145442,7.5,N/A,3.56,269,02/01/25,"10th Anniversary British Strong Ale with Maracuja. Happy B-day MONYO!A klasszikus brit sörstílus és az egzotikus gyümölcsök találkozása! Ez a testes, mély borostyán színű British Strong Ale rengeteg valódi maracujával készült, amely vibrálóan friss savasságot és trópusi gyümölcsös jegyeket hoz a karamellás-mandulás malátás ízprofil mellé. A végeredmény egy elegáns, kortyolgatós sör, amely tökéletes kiegészítője bármilyen különleges ünnepnek. Mini pezsgős üvegben, parafadugós lezárással – egy igazán különleges főzet a MONYO 10. születésnapjára!Limitált kiadás. "
0,5894884,The Beertailor,Beerka High Ale,Strong Ale - Other,https://untappd.com/b/the-beertailor-beerka-high-ale/5894884,8.4,N/A,3.27,349,07/04/24, 
0,4099665,HORIZONT Brewing,Playground DDH Imperial American Wheat Ale,Wheat Beer - American Pale Wheat,https://untappd.com/b/horizont-brewing-playground-ddh-imperial-american-wheat-ale/4099665,8.5,N/A,3.76,316,12/15/20,"Double Dryhopped Imperial American Wheat Ale with 16,5g/L Ekuanot hops. We dryhopped it for the maximum extraction of the hop flavour of papaya, pineapple, citrus falvours with  a little bready taste from the amount of wheat we used. "
1,3728041,InVitro Brewing,Intergalactic,Wheat Beer - American Pale Wheat,https://untappd.com/b/invitro-brewing-intergalactic/3728041,6.0,N/A,3.73,474,03/21/20,"Brewed with 40% malted and flaked wheat. This hoppy, American ale is heavily dry hopped with Galaxy hops. Refreshing and easy to drink.Recommended music: Progressive metal "
2,3103754,Zip's Brewhouse,Tiszalöki Telepi Nevelés,Wheat Beer - American Pale Wheat,https://untappd.com/b/zip-s-brewhouse-tiszaloki-telepi-neveles/3103754,4.5,18,3.65,181,03/01/19,"APA-búza sörhibrid tiszalöki vadkomlóvalA Zip's 7. szülinapja alkalmából elindított SéfSör sorozat 1. tagja, melynek recepjét Pataky Péter álmodta meg. A sör búzamalátával, búzasör élesztővel, valamint amerikai és tiszalöki vadkomlóval készült. "
3,4734368,Gravity Brewing,Solar Wind - Blood Orange Wheat,Wheat Beer - American Pale Wheat,https://untappd.com/b/gravity-brewing-solar-wind-blood-orange-wheat/4734368,5.9,16,3.59,527,02/28/22,"Your new go-to wheat beer, all year long.Our core wheat beer is brewed on a light, crisp American-inspired base, layered with sweet citrus aromatics and brewed to refresh in any season. We infuse it with sweet orange peel and Golden Silk tea for a delicate floral note, while Hungarian wildflower honey and a smooth caramel malt backbone bring a subtle sweetness and a perfectly rounded finish. Bright, balanced, and brewed for more than just summer.Developed in collaboration with the lovely folks over at Csapszék. "
4,2588945,Mad Scientist,Surfin' Bird,Wheat Beer - American Pale Wheat,https://untappd.com/b/mad-scientist-surfin-bird/2588945,4.0,N/A,3.58,1390,04/06/18,American Wheat Ale dryhopped with Mosaic 
5,1198999,Maltman Craft Beer,American Wheat Ale,Wheat Beer - American Pale Wheat,https://untappd.com/b/maltman-sor-american-wheat-ale/1198999,5.5,N/A,3.56,154,08/14/15,"Minőségi világos amerikai búza ale típusú sör.A világos, citromsárga színű, szűretlen Maltman American Wheat Ale új színt hoz a búzasörök palettájába. Az amerikai búza ale típusú sörök receptje szerint készül, ízvilágában a domináns kenyeres-gabonás jegyek találkoznak a búzamaláta és az árpamaláták háttérben maradó ízével, amit különleges, borsos-fűszeres utóíz és a komló decens keserűsége kísér. Illatában citrusos, összhatásában száraz, izgalmas, kellemes és frissítő hatású sör, tele illatos amerikai Magnum, Cascade és Citra komlóval.Összetevők: víz, búzamaláta, árpamaláta, komló, élesztő. "
6,3679994,Vandal Brewing,Bungee,Wheat Beer - American Pale Wheat,https://untappd.com/b/vandal-brewing-bungee/3679994,5.0,20,3.51,152,02/18/20, 
7,2145501,UGAR Brewery,Nomád,Wheat Beer - American Pale Wheat,https://untappd.com/b/ugar-brewery-nomad/2145501,5.6,15,3.5,696,06/15/17,"Világos, amerikai típusú búzasör.Mi a búzasörünkkel nem a klasszikus német vonalat követjük. Felső erjesztésű élesztővel, Huell Melon aromakomlóval, jó sok búzamalátával egy könnyű, igazi nyári sört készítettünk. Ajánljuk halak, saláták mellé, és nyári kánikula ellen. "
8,1030373,Fóti Kézműves Sörfőzde,Spíler Original Blondie,Wheat Beer - American Pale Wheat,https://untappd.com/b/foti-kezmuves-sorfozde-spiler-original-blondie/1030373,4.5,N/A,3.46,618,03/30/15, 
9,380971,Hopfanatic Brewery,White Hops,Wheat Beer - American Pale Wheat,https://untappd.com/b/hopfanatic-brewery-white-hops/380971,6.0,70,3.4,716,06/08/13, 
10,4970326,MONYO Brewing Co.,Berry Bear,Wheat Beer - American Pale Wheat,https://untappd.com/b/monyo-brewing-co-berry-bear/4970326,3.9,N/A,3.1,617,08/09/22,"Újhullámos búzasör, amibe rengeteg valódi málna került. Pohárba kitöltve rózsaszín ital fogad, amelynek illatában egyértelműen a málna dominál; olyan az élmény, mintha csak egy málnáskertben sétálnál. A zamatos gyümölcs felhasználása miatt egyszerre kellemesen édeskés és fanyar aromák jelennek meg, amiket jól egészít ki az alap búzasör enyhén gabonás lecsengése. Könnyed nyári gyümölcsös sör, alacsony alkoholtartalma miatt akár több doboz is legurulhat belőle egy forró nyári napon.Kizárólag a Spar üzleteiben kapható termék. "
0,3586575,FIRST Craft Beer,Dunkelweizen,Wheat Beer - Dunkelweizen,https://untappd.com/b/first-craft-beer-dunkelweizen/3586575,6.5,12,3.6,189,12/19/19,"A téli hónapokra főzött Dunkelweizen a dunkel (barna német láger) és a weizen (német búzasör) stíluskeveréke - névben, ízben, illatban és színben is. Szűretlen, vörösesbarna színe egy búzás, édeskés ízvilágot rejt, melyre a koronát a gyümölcsös, fűszeres illatok teszik. Tökéletes a téli hónapokra! "
1,2314683,Neked Csak Dezső,Három Bé,Wheat Beer - Dunkelweizen,https://untappd.com/b/neked-csak-dezso-harom-be/2314683,5.0,N/A,3.56,194,09/29/17, 
2,2029663,Vaskakas Brewing,Münchausen Dunkel,Wheat Beer - Dunkelweizen,https://untappd.com/b/vaskakas-sorfozde-munchausen-dunkel/2029663,5.3,18,3.48,248,04/06/17,"Aki járt már Bajorországban, biztosan találkozott a tradicionális barna búzasörrel, a Dunkelweizennel. A Münchausen Dunkel megalkotásánál a bajor sörözőkben szerzett élmények motiváltak bennünket. Közepesen testes, malátás, kakaós íz mellett a banán és a szegfűszeg ízképletei gazdagítják e sör karakterét. "
3,535641,Bigfoot Sörfőzde,Razzia,Wheat Beer - Dunkelweizen,https://untappd.com/b/bigfoot-sorfozde-razzia/535641,5.4,12,3.42,568,12/19/13, 
0,5156044,Félegyházi Sörműhely,Mangós Búza,Wheat Beer - Fruited,https://untappd.com/b/felegyhazi-sormuhely-mangos-buza/5156044,5.0,N/A,3.65,442,12/10/22, 
1,6230566,Szent András Sörfőzde,Körtés Búza,Wheat Beer - Fruited,https://untappd.com/b/szent-andras-sorfozde-kortes-buza/6230566,4.4,13,3.61,268,04/17/25,"Ez a zamatos körte felhasználásával készült witbier egy könnyed, közepesen malátás búzasör, amiben jól dolgozik a belga élesztő. Sörünk a lédús körte, a belga búzákra jellemző korianderes fűszeresség és a felhasznált narancshéj érzéki játéka. Egyedi ízvilág, igazi ínyenceknek. "
2,3154342,Fehér Nyúl,White Passion,Wheat Beer - Fruited,https://untappd.com/b/feher-nyul-white-passion/3154342,5.2,N/A,3.37,4338,03/31/19,Bajor búzasör alap valódi mangóval és maracujával; frissítő és komplex egyszerre!Hefeweizen base with real mango and passion fruit; refreshing and complex at the same time! 
3,5076838,RothBeer,Red Space,Wheat Beer - Fruited,https://untappd.com/b/rothbeer-red-space/5076838,5.7,N/A,3.31,509,10/21/22,"A WHITE SPACE után hatalmas örömmel mutatjuk be a RED SPACE sour cherry witbier-t, azaz a meggyes belga búzasörünket. Számtalan gyümölcsös sör van már a piacon, miért éreztük igényét annak, hogy mi is egy újabb ilyen tétellel gazdagítsuk a palettát?Amikor elkezdtük az utazásunkat a sörök világában, akkor, mint sokaknak, nekünk is a belga sörök nyitották fel a szemünket; ezek a klasszikusabb meggyes tételek voltak az első gyümölcsös söreink. Aztán elkezdtünk mi is a konyhában sört főzni, szépen haladtunk, szép lassan velünk együtt elindult a hazai - akkor - kézműves sörforradalomnak nevezett mozgalom (helyesen, akkor tényleg forradalminak éreztük) és az ipák és porterek világában valahogy elfelejtettük a gyümölcsöket. Voltak aztán itthon is műízű és aromázott próbálkozások bőven, kóstoltuk is őket, de csak legyintettünk rájuk, ez nem a mi utunk volt. A nagyüzemiek is elkezdtek gyümölcsözni, sőt, ipázni, és kraft szinten a hazai duplán és triplán gyümölcsözött savanyúk világa is eljött, nekünk pedig eszünkbe jutott, hogy mi az, ami hiányzik nekünk.A RED SPACE egy patikamérlegen kiegyensúlyozott, törékeny, száraz belga meggysör. Nem desszertsör. Nem csajos sör (ahogy nem fiús sör, hát miféle butaság nemekhez kötni a stílusokat). Nem akar megfelelni senkinek. Itatja magát, ahogy mondani szokás, utolérhetőek benne a búzás jegyek, de inkább a gyümölcsössége dominál. Nekünk most egy nagyon izgalmas kísérlet, hogy vajon egy ilyen telített piacon megtalálja e a helyét? "
4,1941274,Mad Scientist,Tokyo Lemonade,Wheat Beer - Fruited,https://untappd.com/b/mad-scientist-tokyo-lemonade/1941274,4.2,12,3.29,12929,02/08/17,"Easy to drink, hard to resist, but let the name be your guide. We wanted to highlight yuzu's inimitable character as much as possible in a beer. The basic Belgian witbier style was designed to provide a light, curly, citrusy wheat base. Recommended for gourmets and beginners either!    "
0,4154873,Fehér Nyúl,Hellga,Wheat Beer - Hefeweizen,https://untappd.com/b/feher-nyul-hellga/4154873,4.4,15,3.64,197,01/25/21,"Időről időre mindenki szívesen elővesz egy klasszikust. Mi most a bajor búza után nyúltunk. Sallangok nélkül, tökéletes harmóniája a felhasznált összetevőknek. Everybody likes to work with a classic from time to time. We reached for a Bayerische Hefeweizen. Without any excess, this beer is the perfect harmony of it’s ingredients.Címke szöveg:Bajor istennőnk búzakalászát banánnal és szegfűszeggel meghinté, majd pokolian jó nektárt teremté belőle híveinek. "
1,3276182,MONYO Brewing Co.,Can't Take My Tongue Off Of You,Wheat Beer - Hefeweizen,https://untappd.com/b/monyo-brewing-co-can-t-take-my-tongue-off-of-you/3276182,4.9,N/A,3.6,168,06/12/19,Fresh and light hoppy hefeweizen with Citra & Cascade hops. 
2,5670779,Fehér Nyúl,Golden Harvest,Wheat Beer - Hefeweizen,https://untappd.com/b/feher-nyul-golden-harvest/5670779,4.8,N/A,3.57,219,01/05/24,"Egyszerű, de nagyszerű, bajor stílusú világos búzasör banános-szegfűszeges zamattal.Simple, yet amazing, this German-style Hefeweizen boosts banana and cloves flavor and aroma. "
3,4646585,Apátúr Sörház és Tanműhely,Perjel,Wheat Beer - Hefeweizen,https://untappd.com/b/apatur-sorhaz-es-tanmuhely-perjel/4646585,5.0,N/A,3.57,232,12/19/21, 
4,4670075,Visegrádi Sör,Búza,Wheat Beer - Hefeweizen,https://untappd.com/b/visegradi-sor-buza/4670075,5.9,N/A,3.56,195,01/07/22,Visegrádi “Búza” is a traditional German style wheat beer to which we added some German noble hops to give it a spicy twist.  
5,2435543,Zentus Craft Beer,Zentus Weizen,Wheat Beer - Hefeweizen,https://untappd.com/b/zentus-craft-beer-zentus-weizen/2435543,5.5,30,3.56,273,12/17/17, 
6,1258327,HBH Bajor Sörház Kazincbarcika,Búza Sör,Wheat Beer - Hefeweizen,https://untappd.com/b/hbh-bajor-sorhaz-kazincbarcika-buza-sor/1258327,5.0,N/A,3.55,237,10/02/15, 
7,4442893,Tacet Brewery,Siegfried,Wheat Beer - Hefeweizen,https://untappd.com/b/tacet-brewery-siegfried/4442893,5.3,10,3.55,392,08/03/21,Búzasör. A Bajor fajta.Keine unnötigen Gewürze... 
8,4395377,Helka Sörfőzde,Kleine Fische,Wheat Beer - Hefeweizen,https://untappd.com/b/helka-sorfozde-kleine-fische/4395377,5.5,18,3.55,331,07/04/21, 
9,370321,Kárpi Sörfőzde,Búza,Wheat Beer - Hefeweizen,https://untappd.com/b/karpi-sorfozde-buza/370321,4.5,N/A,3.54,241,05/23/13, 
10,6247864,Fehér Nyúl,Bud Terminal Wheat,Wheat Beer - Hefeweizen,https://untappd.com/b/feher-nyul-bud-terminal-wheat/6247864,4.8,N/A,3.54,170,05/01/25, 
11,4908234,Mad Scientist,Floating World,Wheat Beer - Hefeweizen,https://untappd.com/b/mad-scientist-floating-world/4908234,5.2,N/A,3.53,682,06/28/22,Hefeweizen With Elderflower And Rosehips collab with Pivo Falkon (CZ) 
12,6291376,Abodee,Polyánka,Wheat Beer - Hefeweizen,https://untappd.com/b/abodee-polyanka/6291376,4.8,10,3.53,228,06/05/25,"A classic German wheat beer celebrated for its delicate notes of banana and clove. Smooth, refreshing, and perfectly balanced with a full-bodied character. "
13,706151,HORIZONT Brewing,Japán Búza,Wheat Beer - Hefeweizen,https://untappd.com/b/horizont-brewing-japan-buza/706151,5.8,20,3.52,461,06/07/14,"Sörünk alapja egy átlagos félbarna bajor búzasör (weizenbier), amit a felhasznált alapanyagok segítségével többszörös csavarokkal tettünk abszolút újszerű és formabontó sörré. A bajor típusú búzasörökre általában jellemző citrusos, friss, gabonás alapokhoz a pörkölt maláta enyhe füstösséget, a japán eredetű sorachi ace komló pedig eperre, lime-ra emlékeztető ízeket társít. "
14,2496518,Superside Brewery,Dasistside,Wheat Beer - Hefeweizen,https://untappd.com/b/yeast-side-dasistside/2496518,5.2,10,3.52,506,02/02/18, 
15,5495907,MONYO Brewing Co.,MONYO Búza,Wheat Beer - Hefeweizen,https://untappd.com/b/monyo-brewing-co-monyo-buza/5495907,5.5,11,3.49,292,08/22/23,"Egy igazi, ízig-vérig bajor búzasör. Pont olyan karakteres, mint azok a szőke kék szemű felszolgálólányok az Oktoberfesten. Sörünk illatában és ízében is maximális mértékben hordozza a bajor búzára jellemző stílusjegyeket. A banános, szegfűszeges illatokat egy kis búzás citrusosság egészít ki. Ízében megtalálható az enyhe fanyarság, ami a szűretlenségéből fakadó testességgel tökéletes egyensúlyt alkot. Remek frissítő!-A classic Bavarian wheat beer, that's just as characteristic as those blue-eyed waitresses at Oktoberfest. Loads of clover and banana in it's smell and flavor, with notes of citrus and a restrained bitterness. Unfiltered, full-bodied, and well-balanced, it's the perfect(ly crushable) refresher that you are craving after a long day at work or on the beach. "
16,1443258,Kapucinus Sörfőzde,2ecundu2,Wheat Beer - Hefeweizen,https://untappd.com/b/kapucinus-sorfozde-2ecundu2/1443258,5.0,N/A,3.48,414,02/26/16, 
17,1519553,Szent András Sörfőzde,Málnás Búza,Wheat Beer - Hefeweizen,https://untappd.com/b/szent-andras-sorfozde-malnas-buza/1519553,4.9,7,3.47,2459,04/21/16,"A málnaágyon érlelt szűretlen Málnás Búza mályvás teste halványrózsaszín habban zárul. Gyümölcsös fanyarsága jól egészíti ki a búzasör jellegzetességes banános-citrusos ízeit. A Málnás Búza kellemesen játszik az édes-fanyar-kesernyés élesztő hármasság egyensúlyával, kellemesen üde, gyümölcsös, nyári frissítő, így egy baráti beszélgetés mellé könnyed kiegészítő.The unstrained Málnás Búza (Raspberry Wheat Beer), aged on raspberry-bed, has a mallow body closed by a pale pink foam. Its fruity tartness perfectly completes the wheat beer's characteristic banana-citrus tastes. The Raspberry Wheat Beer plays fine with the balance of the triple sweet-tart-bitter harmony, while also being a pleasantly, beany and fruity summer refreshment, a perfect choice for a chat with the friends. "
18,4000294,Belatiny Sörmanufaktúra (Nyéki Sör),Nyéki Búza,Wheat Beer - Hefeweizen,https://untappd.com/b/belatiny-sormanufaktura-nyeki-sor-nyeki-buza/4000294,5.5,N/A,3.47,212,10/09/20, 
19,1164466,Szent András Sörfőzde,Napkincs,Wheat Beer - Hefeweizen,https://untappd.com/b/szent-andras-sorfozde-napkincs/1164466,4.9,10,3.47,2459,07/18/15,"Bajor stílusú búzasörünkben egyszerre jelenik meg az aratás utáni csendélet meghitt hangulata és a típusra jellemző nyárias frissesség. Az élesztő banános, gyümölcsös aromáit a búzamaláta üdítő savanykássága már-már citrusos jegyekkel egészíti ki.Being a real wheat beer, Napkincs (Treasure of The Sun) has been brewed with one of the world's best wheat yeast, the WLP300. Our Bavarian-style wheat beer that simultaneously displays the intimate atmosphere after the harvest period and the typical summer freshness. Its banana and fruity aromas of the yeast are complemented by the refreshing sourness of the wheat malt with almost citrus notes. "
20,347333,Legenda Sörfőzde,Six Fingers,Wheat Beer - Hefeweizen,https://untappd.com/b/legenda-sorfozde-six-fingers/347333,5.3,N/A,3.45,447,04/17/13,"Body is hazy amber, Head is small, creamy, off-white, Nose is light fruity, and biscuit, Aroma is floral, caramel, whiff of roasted malt, light apple. Taste is medium sweet, hint of bitterness. Finish is light fruity, short duration. Medium body, thin texture, soft carbonation. "
21,1741353,Kecskeméti Sörmanufaktúra,HEFEWEIZEN,Wheat Beer - Hefeweizen,https://untappd.com/b/kecskemeti-sormanufaktura-hefeweizen/1741353,5.0,10,3.45,250,09/20/16,"The taste of banana and clove dominates with a delicious refreshing tangy flavor. It is an unfiltered Hefeweizen beer: dry, ancient typical wheat beer. Unfiltered, unpasteurized. "
22,1499321,Mad Scientist,Monkey Temple,Wheat Beer - Hefeweizen,https://untappd.com/b/mad-scientist-monkey-temple/1499321,4.6,13,3.44,7727,04/07/16,Vanilla filling the emptiness in the middle of the sip that is quite common when it comes to most Bavarian wheat beers. Perhaps the most important part of this style is aroma produced by the yeast. In addition to the hints of banana and cloves Monkey Temple is characterized by creaminess and soft carbonation. A unisex result for even the ones who are not really into beers. 
23,547838,Rizmajer Kézműves Sörfőzde,Búza,Wheat Beer - Hefeweizen,https://untappd.com/b/rizmajer-kezmuves-sorfozde-buza/547838,6.5,11,3.44,1310,12/30/13, 
24,3238096,Guri Sörfőzde,Bajor Búza,Wheat Beer - Hefeweizen,https://untappd.com/b/guri-sorfozde-bajor-buza/3238096,5.0,N/A,3.44,348,05/19/19, 
25,535785,Bigfoot Sörfőzde,Silver Street,Wheat Beer - Hefeweizen,https://untappd.com/b/bigfoot-sorfozde-silver-street/535785,4.5,N/A,3.43,445,12/19/13, 
26,3637616,Pécsi Sörfőzde,Pécsi Sör Bio Weissbier,Wheat Beer - Hefeweizen,https://untappd.com/b/pecsi-sorfozde-pecsi-sor-bio-weissbier/3637616,5.0,15,3.43,255,01/22/20, 
27,2133829,Reketye Brewing Co.,Wheat Beer,Wheat Beer - Hefeweizen,https://untappd.com/b/reketye-brewing-co-wheat-beer/2133829,4.5,N/A,3.41,2161,06/08/17, 
28,1457017,Gyertyános Sörfőzde,Whiskeys Búza,Wheat Beer - Hefeweizen,https://untappd.com/b/gyertyanos-sorfozde-whiskeys-buza/1457017,5.5,N/A,3.39,276,03/06/16,"Ír whiskey maláta hozzáadásával készített, fahordóban több hónapon keresztül érlelt szűretlen búzasör, mely a whiskey -és sörimádók körében egy ütős kombinációnak minősülhet. A páratlan páros kóstolásakor először a karakteres búza uralkodik, de végül a whiskeys jegyek is harcra késztetik azízlelőbimbók számos sokaságát. Alkoholtartalma megtévesztő, hiszen többnek érződik, de megmaradt főzdénk sztenderdje, mely 5,5%. "
29,2601974,Fóti Kézműves Sörfőzde,Kaszablanka,Wheat Beer - Hefeweizen,https://untappd.com/b/foti-kezmuves-sorfozde-kaszablanka/2601974,4.5,9,3.38,614,04/14/18, 
30,926118,MONYO Brewing Co.,Schatzi,Wheat Beer - Hefeweizen,https://untappd.com/b/monyo-brewing-co-schatzi/926118,5.5,11,3.37,7503,12/28/14,"Egy igazi, ízig-vérig bajor búzasör. Pont olyan karakteres, mint azok a szőke kék szemű felszolgálólányok az Oktoberfesten. Sörünk illatában és ízében is maximális mértékben hordozza a bajor búzára jellemző stílusjegyeket. A banános, szegfűszeges illatokat egy kis búzás citrusosság egészít ki. Ízében megtalálható az enyhe fanyarság, ami a szűretlenségéből fakadó testességgel tökéletes egyensúlyt alkot. Remek frissítő!-A classic Bavarian wheat beer, that's just as characteristic as those blue-eyed waitresses at Oktoberfest. Loads of clover and banana in it's smell and flavor, with notes of citrus and a restrained bitterness. Unfiltered, full-bodied, and well-balanced, it's the perfect(ly crushable) refresher that you are craving after a long day at work or on the beach. "
31,1232510,Hedon,Helmut,Wheat Beer - Hefeweizen,https://untappd.com/b/hedon-helmut/1232510,5.4,9,3.36,2477,09/11/15, 
32,4100073,Superside Brewery,Schocobananen - Pastry Hefeweizen,Wheat Beer - Hefeweizen,https://untappd.com/b/yeast-side-schocobanana-pastry-hefeweizen/4100073,5.5,10,3.35,185,12/15/20,"Krois Brewery & Yeast Side Brewery -  5, 5 % Pastry Hefeweizen banánnal és kakaóvalMinden okkal történik, ezért mi is megalkottuk a tökéletes desszertélményt a már jól ismert csokibanán csokissüti miatt. Kedvencünk a csoki és a banán, egy igazi karácsonyi sütiünnep az ünnepi asztalra. "
33,360498,Stari Sör,Fehérlófia,Wheat Beer - Hefeweizen,https://untappd.com/b/stari-sor-feherlofia/360498,5.4,N/A,3.33,704,05/08/13,"Germán stílusú, szűretlen prémium búzasör, amelyet citrusos illatáról és lágy aromájáról azonnal felismerhető. A különleges élesztőnek és a gondos készítésnek hála citrom nélkül is tökéletes ízélményt nyújt. A tulajdonos kedvenc söre, minden egyes palackon rajta tartja a szemét. "
34,1189424,Maltman Craft Beer,Hefe Weissbier,Wheat Beer - Hefeweizen,https://untappd.com/b/maltman-sor-hefe-weissbier/1189424,5.1,N/A,3.31,492,08/07/15,"Minőségi bajor típusú világos búzasör.A sötétsárga, szalmaszínű, szűretlen Maltman Hefe Weissbier a kedvelt bajor típusú világos búzasörök receptje szerint készül búza- és árpamaláta, kétféle német komló (Magnum, Spalter Select) és francia élesztő felhasználásával a német tisztasági törvény előírása szerint. Kellemes, frissítő karakterében dominál a trópusi gyümölcsök, a narancs és a banán intenzív, egyszerre édes és savanykás ízvilága, a háttérben szerény komlós keserűséggel. A trópusi gyümölcsök ínycsiklandó jegyeit hordozó illata, domináns keserűségtől mentes, kellemes, frissítő jellegű sörré teszi.Összetevők: víz, búzamaláta, árpamaláta, komló, élesztő . "
35,486408,Széles & Széles Kft. (Palóc Sör),Kalász,Wheat Beer - Hefeweizen,https://untappd.com/b/szeles-szeles-kft-paloc-sor-kalasz/486408,5.0,N/A,3.21,214,10/25/13, 
36,2556660,Pécsi Sörfőzde,Pécsi Prémium Búza,Wheat Beer - Hefeweizen,https://untappd.com/b/pecsi-sorfozde-pecsi-premium-buza/2556660,5.0,15,3.17,2446,03/16/18, 
0,5495274,Szent András Sörfőzde,TesztAndrás Delta.05,Wheat Beer - Kristallweizen,https://untappd.com/b/szent-andras-sorfozde-tesztandras-delta-05/5495274,4.9,20,3.59,187,08/21/23,"Napkincs új értelmezésben. A Delta.05 egy Nelson Sauvin és Mosaic-kal hidegkomlózott, tükrösre szűrt bajor búza (kristallweizen) jellegzetesen gyümölcsös fanyar ízvilággal, élesztős virágos árnyalattal. Az szűrési eljárásnak köszönhetően kristálytiszta, látványra is elegáns nyári sör, ahogy azt mi Békésszentandráson szeretjük. "
0,4212996,Reketye Brewing Co.,Wunderhopfen,Wheat Beer - Other,https://untappd.com/b/reketye-brewing-co-wunderhopfen/4212996,7.5,N/A,3.73,510,03/09/21, 
1,3812089,MONYO Brewing Co.,Raspberry Ralph,Wheat Beer - Other,https://untappd.com/b/monyo-brewing-co-raspberry-ralph/3812089,4.0,N/A,3.58,339,06/04/20,"Szezonális sörsorozatunk, a Summer Series első tagja egy málnás búzasör, azaz raspberry wheat ale. Az összesen 400 liter gyümölcs miatt a végeredmény gyönyörű rózsaszín, kibontva pedig annak jellegzetes illata dominál; olyan az élmény, mintha csak egy málnáskertben sétálnál. A Cherry Herohoz hasonlóan igyekeztünk a névadó, zamatos gyümölcs egyszerre kellemesen édeskés és fanyar aromáira helyezni a hangsúlyt, amit jól egészít ki az alap búzasör enyhén gabonás lecsengése. Emellett az alkoholfokát (4%) is igyekeztünk úgy belőni, hogy akár több korsó is lecsúszhasson belőle egy meleg nyári napon.---Raspberry Ralph is the first in our new line of products, called Summer Series. As its name suggests, with these offerings we wanted to create easy-drinking, low-ABV sippers that can be enjoyed on the beach or at a garden party. We kicked things off with a raspberry wheat ale, brewed with 400 kilograms of fresh fruit and the result is straight-up juice. Captivating aromas of fresh raspberries swirl to the nose leading to a palate reminiscent of homemade summer mixed berry jam, with just a touch of doughy malts and light straw. "
2,4098908,Zentus Craft Beer,Strawberry Wheat Biscuit,Wheat Beer - Other,https://untappd.com/b/zentus-craft-beer-strawberry-wheat-biscuit/4098908,5.5,25,3.52,151,12/14/20,Strawberry Wheat Biscuit 
3,4490192,Reketye Brewing Co.,Mango Nr. 5,Wheat Beer - Other,https://untappd.com/b/reketye-brewing-co-mango-nr-5/4490192,5.5,N/A,3.51,164,09/04/21, 
4,4426457,Fehér Nyúl,Tropical Tale,Wheat Beer - Other,https://untappd.com/b/feher-nyul-tropical-tale/4426457,5.9,10,3.47,260,07/24/21,"Egy elborult sörözés közben bukott ki valakiből, hogy csinálni kéne egy új füstös sört, de ezúttal gyümölccsel. Hát megcsináltuk. A búza alapba kevert füstös maláta íze hiszed vagy sem, nagyon jól passzol az ananász zamatához, édességéhez!During a heavy session of drinking beers, one of us suggested to make a new smoked beer, but this time with fruit! So, we did it. The addition of smoked malt to the wheat base believe it or not, matches with pineapple’s flavor and sweetness very well! "
5,4081482,Viharsarok Sörfőzde,Verőfény,Wheat Beer - Other,https://untappd.com/b/viharsarok-sorfozde-verofeny/4081482,5.3,N/A,3.46,518,12/03/20,"Tüzesen süt le a nyári nap sugára,ez a sör olyan ízű, mint ez a vers. Eza pezsgő, német búzasör kortyérzetrelágy, illata pedig a frissen vágottbúzáé. Szalmaszínnel és hosszan tartófehér habbal tökéletes párosítása fűben heverészéshez,míg a nyájad szerte legelész. "
6,5874903,MONYO Brewing Co.,Colaweizen,Wheat Beer - Other,https://untappd.com/b/monyo-brewing-co-colaweizen/5874903,2.7,N/A,3.45,196,06/19/24,Colaweizen for EURO2024. 
7,4777916,Dealbreaker,No Reins,Wheat Beer - Other,https://untappd.com/b/dealbreaker-no-reins/4777916,5.9,N/A,3.45,389,04/01/22,"Nem az első sörünk, amit egy berlini út ihletett, és jó eséllyel nem is az utolsó. 2018 (vagy '19?) nyara a bűnös városban, a miérteket talán hagyjuk is. Tanulság ma sincs, sör viszont van, méghozzá egy bajor jellegű búzasör annyi kókusszal megtolva, amit úgysem hinnétek el. Még mi is csak nehezen. "
8,3212008,Szarvasi Kézműves Sörfőzde,Búza,Wheat Beer - Other,https://untappd.com/b/szarvasi-kezmuves-sorfozde-buza/3212008,5.0,12,3.43,166,05/04/19, 
9,5273082,Mad Scientist,Betyars' Plumonade,Wheat Beer - Other,https://untappd.com/b/mad-scientist-betyars-plumonade/5273082,5.6,N/A,3.39,649,03/14/23,"Belgian Witbier w/ yuzu, plums and cinnamon as a collaboration with Bohemian Betyars "
10,3859836,HopTop Brewery,Tihanyi Levendulás Búza Sör,Wheat Beer - Other,https://untappd.com/b/hoptop-brewery-tihanyi-levendulas-buza-sor/3859836,5.0,N/A,3.39,1104,07/05/20,"A bencés szerzetesi hagyomány része a földműveskultúra művelése, amelyet Tihanyban, a Belső tó partján található Apátsági Majorságban folytatnak az itt élő szerzetesek és munkatársaik. Munkájuk gondosságának köszönhetően, a Tihanyi Bencés Apátság gyógynövény kertjéből származó levendula felhasználásával készült sör minden kortyát áthatja az 1000 éves tradíció, biztosítva a minőségi élvezetet. //The Benedictine monastic culture is reaped in agricultural tradition, carried by the monks in the Abbey Majority (Apátsági Majorság). Thanks to their care, every sip of this beer, made with lavender from the herb garden of the Benedictine Abbey of Tihany, is steeped in 1000 years of tradition. "
11,5313809,Hedon,Mon Ami,Wheat Beer - Other,https://untappd.com/b/hedon-mon-ami/5313809,4.5,N/A,3.38,446,04/13/23, 
12,1691572,HopTop Brewery,Uluru,Wheat Beer - Other,https://untappd.com/b/hoptop-brewery-uluru/1691572,4.5,38,3.38,1482,08/15/16,"Hop(s) used: EnigmaEnigma is brewmasters' choice, our favourite hop has been represented well in this sessionable wheat ale. Excellent kick-off brew, fress, fruity profile without the traces of traditional wheat beers.  "
0,5056112,HORIZONT Brewing,Night Shift Vintage 2022 Wheat Wine Aged In Bourbon & Rum Barrels,Wheat Beer - Wheat Wine,https://untappd.com/b/horizont-brewing-night-shift-vintage-2022-wheat-wine-aged-in-bourbon-and-rum-barrels/5056112,15.1,N/A,4.15,1295,10/07/22,"For years we have considered blending our Wheat Wine Whiskey barrel aged beer with the Wheat Wine Rhum version. 2022 is the year it comes to fruition by blending these two great beers with a mixed barrel Wheat Wine. Our brewmaster, along with the team worked diligently to blend the proper proportions of each to create this unique brew. The whiskey barrel comes from a small American distillery while the Rhum Agricole barrel came from Saint Martin Island in the Caribbean. The third barrel started its journey in Tennessee filled with whiskey then traveled to Jamaica to be filled with Rum before making its way to Hungary to be filled with a portion of the beer you have in your hand. Enjoy this astonishing beer! Régóta szerettük volna blendelni a rumos és a bourbon hordókban érlelt búzaborunkat. 2022-ben valóra is váltottuk, méghozzá egy érdekes, tripla blend formájában. Kitartóan dolgoztunk az arányok eltalálásán, hogy létrehozzuk ezt az egyedi tételt. Az egyik, whiskey-s hordóban, amit ehhez a sörhöz választottunk, egy kis amerikai lepárló bourbon-je volt előzőleg. A rumoshordók a karibi-térségi Szent Martin szigetről származnak, ahol előzőleg Rhum Agricole voltak bennük. A harmadik hordóban először Tennessee Whiskey volt, majd áthajózott Jamaicába és ott egy zseniális rumot töltöttek bele, ezután mikor kiürült, nálunk landolt, hogy megtölthessük azzal a sörrel, amit a kezedben tartasz. "
1,4017501,HORIZONT Brewing,Night Shift Vintage 2020 Wheat Wine Aged in Bourbon Barrels,Wheat Beer - Wheat Wine,https://untappd.com/b/horizont-brewing-night-shift-vintage-2020-wheat-wine-aged-in-bourbon-barrels/4017501,13.0,N/A,4.08,819,10/21/20,"It's a 13% ABV Wheat Wine, that wasbrewed with 4 types of malts, 8 hours of boil time, and3 months of fermenting to prepare it for a long journeyin freshly emptied Tennessee Whiskey Barrels.This wheat malt based, high alcohol beer contains copiousamounts of noble German hops, and was aged for12 months in oak barrels. The result is a silky, creamy wheatwine, with incredible complexity. "
2,5615183,HORIZONT Brewing,Night Shift Vintage 2023 - Wheat Wine Aged In Bourbon Barrels - Aged 2 Years,Wheat Beer - Wheat Wine,https://untappd.com/b/horizont-brewing-night-shift-vintage-2023-wheat-wine-aged-in-bourbon-barrels-aged-2-years/5615183,12.1,N/A,4.06,748,11/22/23,"Ez a tétel KETTŐ ÉVET töltött Bourbon és Tennessee whiskey-s hordókban, majd érlelést követően blendeltük. A két éves érlelési idő alatt olyan mélyen átvette az alap búzabor a hordók jellegzetes, whiskey-s, fás ízjegyeit, hogy csak ámultunk, amikor megkóstoltuk a palackozott terméket. A zamatos ízvilág, az utánozhatatlan gabonás, malátás ízjegyek gyönyörű harmóniát alkotnak a hordós jegyekkel. ENOur basic wheat wine was matured in two types of whiskey barrels for two years, and then blended in the right proportions after maturation, in order to achieve the perfect taste experience.Having aged for two years, the base wheat wine got some super-special taste notes from the barrels, which created a harmonious and amazing taste. "
3,4017505,HORIZONT Brewing,Night Shift Vintage 2020 Wheat Wine Aged in Rum Barrels,Wheat Beer - Wheat Wine,https://untappd.com/b/horizont-brewing-night-shift-vintage-2020-wheat-wine-aged-in-rum-barrels/4017505,13.0,N/A,3.99,438,10/21/20,"It's a 13% ABV Wheat Wine, that was brewed with 4 types of malts, 8 hours of boil time, and 3 months of fermenting to prepare it for a long journey in freshly emptied Barbados Rum Barrels. This wheat malt based, high alcohol beer contains copious amounts of noble German hops, and was aged for 12 months in oak barrels. The result is a silky, creamy wheat wine, with incredible complexity. "
4,2407515,MONYO Brewing Co.,Brick Top (2016),Wheat Beer - Wheat Wine,https://untappd.com/b/monyo-brewing-co-brick-top-2016/2407515,9.0,30,3.81,446,11/28/17,Smoked Wheat Wine2016 
5,5829413,Fehér Nyúl,From the Barrel Maple Syrup Barrel Aged Wheat Wine (2023),Wheat Beer - Wheat Wine,https://untappd.com/b/feher-nyul-from-the-barrel-maple-syrup-barrel-aged-wheat-wine-2023/5829413,10.5,N/A,3.79,240,05/16/24,"Úgy döntöttünk, hogy 448 napig érleljük a búzaborunkat. A juhar szirup íze gyönyörűen kiemelkedik a fahordóból, melyet finom dió és datolya ízek kísérnek, míg az illata egy kellemes fűszerességet hordoz magában.We decided to age our Wheat Wine for 448 days. The flavor of maple syrup gracefully emerges from the wooden barrel, accompanied by subtle hints of walnuts and dates, while the aroma carries a delightful spiciness.  "
6,6055397,Fehér Nyúl,From the Barrel Mezcal Barrel Aged Wheat Wine (2023),Wheat Beer - Wheat Wine,https://untappd.com/b/feher-nyul-from-the-barrel-mezcal-barrel-aged-wheat-wine-2023/6055397,10.5,N/A,3.73,157,11/11/24,"A mexikói égetett szesz, azaz a Mezcal érdekes dolgokat művelt a wheat wine-al, ahogy a füstössége összevegyül a sör édességével. 459 napot ült a hordójában.The Mexican spirit, Mezcal, has done interesting things to wheat wine, as its smokiness blends with the sweetness of wheat wine. It sat in its barrel for 459 days. "
7,2972398,MONYO Brewing Co.,Avi Cousin (2018),Wheat Beer - Wheat Wine,https://untappd.com/b/monyo-brewing-co-avi-cousin-2018/2972398,11.2,N/A,3.72,462,12/04/18,"Wheat Wine is very similar style to Barley Wine, but in this type wheat malt ratio reach the 70%. A hazy orange color with thin white head. Aroma is bready with subtle notes of caramel and honey. Dry body, high alcohol content and smooth mouthfeel. Malt flavors dominate, showing a medium wheaty backbone, with some fruitnees, like apricot. It's a real curiosity. "
8,2281721,MONYO Brewing Co.,Avi Cousin (2017),Wheat Beer - Wheat Wine,https://untappd.com/b/monyo-brewing-co-avi-cousin-2017/2281721,10.2,32,3.69,436,09/08/17,"Búzaborunk 2017-es évjárata. Ennek a sörstílusnak a legfőbb jellemzői a magas alkoholfok, a száraz test és a sárgadinnyés-kajszibarackos ízvilág.A több éves palackos érlelés miatt ebből a különleges évjáratból a felsoroltak mellett mi kiérzünk mazsolát, malátát és egy enyhe mézességet is. Igazi kandalló mellett, brandy-s pohárból kortyolgatható különlegesség.-----Vintage 2017 version of our signature barley wine, that we only brew once a year. Cousin Avi exudes delightful aromas of raisins, vanilla and ripe apricot. Upfront flavors of honey tinged malt, caramel and raisins blend cleanly with notes of honeydew and sherry. A perfect treat for the chilly summer nights. "
9,5410383,Mad Scientist,Marilyn Manderson,Wheat Beer - Wheat Wine,https://untappd.com/b/mad-scientist-marilyn-manderson/5410383,9.8,N/A,3.62,967,06/20/23,Barrel Aged Wheatwine And Wee Heavy Blend With Black Tea & Bergamot brewed with our friends Anderson's Brewery from Estonia 
0,4274731,Szent András Sörfőzde,TesztAndrás Delta.13,Wheat Beer - Witbier / Blanche,https://untappd.com/b/szent-andras-sorfozde-tesztandras-delta-13/4274731,4.4,10,3.7,251,04/19/21,"A Delta. 13 egy könnyed és frissítő, közepesen malátás búzasör, jól dolgozik benne a belga élesztő. A bodzát pedig nem lehet túlzásba vinni, és még a színe is szép halványsárga. This beer is a part of our small batch special edition called TesztAndrás. Delta.13 is a refreshing, moderately malty witbier, and the Belgian yeast makes it even better. There is no such thing as too much elderflower added, and its colour is a nice light gold. "
1,4318340,Szent András Sörfőzde,TesztAndrás Delta.26,Wheat Beer - Witbier / Blanche,https://untappd.com/b/szent-andras-sorfozde-tesztandras-delta-26/4318340,6.0,10,3.68,173,05/18/21,"A Delta. 26 (dubbelwit) egy dupla belga búza, amit az országban - ha jól tudjuk - először mi készítettünk el. Ez a sör egy belga búzasörhöz képest több beltartalommal, a fajta jellegéből fakadóan frissítő narancshéjjal, korianderrel, de magasabb alkoholfokkal (6%) készült, mely még izgalmasabbá teszi az kóstolás élményét.Delta. 26 (dubbelwit) is a double Belgian wheat beer, and as far as we know, in Hungary, it was first brewed in Békésszentandrás. Compared to a normal Belgian wheat beer, this has a fuller body, contains more refreshing orange peel and coriander, and has a higher alcohol content (6%), which makes the tasting experience even more exciting. "
2,1695660,Reketye Brewing Co.,Hibiscus Kiss,Wheat Beer - Witbier / Blanche,https://untappd.com/b/reketye-brewing-co-hibiscus-kiss/1695660,7.7,N/A,3.67,151,08/19/16, 
3,5316058,Szent András Sörfőzde,TesztAndrás Delta.27,Wheat Beer - Witbier / Blanche,https://untappd.com/b/szent-andras-sorfozde-tesztandras-delta-27/5316058,6.0,15,3.67,183,04/14/23,"A Delta.27 dupla belga búza a nagysikerű Delta.26 tökéletesített változata. Ezt a típust (dubbelwit) az országban először mi készítettük el és sörünk olyannyira sikeres lett, hogy alig két hét alatt elfogyott, így sokan nem tudtátok megkóstolni. A TesztAndrás kísérleti sörlaborban nem ismerünk lehetetlent, így nem csak, hogy újrafőztük ezt az izgalmas dubbelwitet, de tökéletesítettük is a receptet. Sörünk a belga búzákhoz képest jóval több beltartalommal, a fajta jellegéből fakadóan frissítő narancshéjjal, korianderrel, de magasabb alkoholfokkal (6%) készült, mely még izgalmasabbá teszi az kóstolás élményét. "
4,1127499,Zip's Brewhouse,Witbier,Wheat Beer - Witbier / Blanche,https://untappd.com/b/zip-s-brewhouse-witbier/1127499,4.5,10,3.58,227,06/17/15,"Opálos színű, élesztős búzasör, ami a speciális erjesztési technológiának, valamint a hozzáadott koriandernek és curacaonak köszönheti jellegzetes, összetéveszthetetlen, kellemesen fűszeres ízét, gyümölcsös illatát. Fogyasztása 10°C-körül javasolt desszertek kísérőjeként, egy szelet citrommal, ami még jobban kiemeli az ital különleges aromáját. "
5,4303474,TIMCO Brewing,ILLATOS Witberry,Wheat Beer - Witbier / Blanche,https://untappd.com/b/timco-brewing-illatos-witberry/4303474,4.9,15,3.58,207,05/08/21,"Our version of a Belgian Wheat beer.An updated version of one of our firstflagship beers, TIMCO ILLATOSWitberry is a traditional-style Belgianwheat beer with our special TIMCOtwist. Coriander, Lemon peel, Orangepeel and traditional Belgian wheatmalt, as you would expect, with thatTIMCO touch, Lime peel and mostimportantly, red cranberries.Brighten your day with a refreshing,tart, hazy and full-mouth feel!""Proost op onze lever!"" "
6,4390587,Szent András Sörfőzde,Bodzás Búza,Wheat Beer - Witbier / Blanche,https://untappd.com/b/szent-andras-sorfozde-bodzas-buza/4390587,4.4,10,3.58,551,07/02/21,"Elsőként a Delta.13 TesztAndrás sörként találkozhattatok ezzel a witbierrel, amit annyira megszerettetek, hogy Bodzás Búza néven bekerült az állandó szortimentbe. Ez a valódi bodzavirág felhasználásával készült witbier egy könnyed és frissítő, közepesen malátás búzasör, amiben jól dolgozik a belga élesztő. A bodzát pedig nem lehet túlzásba vinni, és még a színe is szép halványsárga. "
7,4984350,ŐriBird Sörfőzde,Jégmadár,Wheat Beer - Witbier / Blanche,https://untappd.com/b/oribird-sorfozde-jegmadar/4984350,4.7,15,3.56,170,08/19/22,"Jégmadár is a classic Witbier that's sure to please anyone who enjoys this refreshing and flavorful style of beer. Brewed with a traditional Witbier base of wheat, coriander, and orange peel, Jégmadár is light, crisp, and incredibly refreshing.The wheat gives Jégmadár a slightly creamy mouthfeel, while the coriander and orange peel add a spicy, citrusy kick that's characteristic of the Witbier style. The result is a beer that's both easy-drinking and full of flavor.At around 4,7% ABV, Jégmadár is the perfect beer to enjoy on a warm summer day, whether you're grilling in the backyard or relaxing at the beach. Its light body and refreshing character make it a great choice for anyone looking for a flavorful and easy-drinking beer.Overall, Jégmadár is a delicious and approachable Witbier that's sure to please both beer enthusiasts and casual drinkers alike. Cheers! "
8,5994353,Szent András Sörfőzde,Hegemón,Wheat Beer - Witbier / Blanche,https://untappd.com/b/szent-andras-sorfozde-hegemon/5994353,6.0,10,3.55,642,09/22/24,"Hegemón egy sima belga búzasörhöz képest jóval több beltartalommal, a stílus jellegéből fakadóan sevillai narancshéjjal, frissítő korianderrel, kissé magasabb alkoholfokkal készült, mely még izgalmasabbá teszi a kóstolás élményét. "
9,816477,Bors Serfőzde,Maid Marian,Wheat Beer - Witbier / Blanche,https://untappd.com/b/bors-serfozde-maid-marian/816477,6.0,N/A,3.54,157,09/20/14,"Mézzel készült belga stílusú buzasörA búzasör irányvonalon is akartunk egy kis extrát nyújtani a sörbarátoknak, ezért találtuk ki, hogy normál búzasörünket mézzel forraljuk be. Így lett a sörünk egy sokat látott sörkedvelő számára is különlegességgel szolgáló ital. Belga búzasörökre jellemző fűszeresség és gyümölcsösség jellemzi, egy árnyalatnyi virág gondolattal. "
10,2638974,Félegyházi Sörműhely,Belga Búza,Wheat Beer - Witbier / Blanche,https://untappd.com/b/felegyhazi-sormuhely-felegyhazi-belga-buza/2638974,5.0,N/A,3.52,176,05/07/18, 
11,3679997,Vandal Brewing,Augusta,Wheat Beer - Witbier / Blanche,https://untappd.com/b/vandal-brewing-augusta/3679997,5.0,15,3.52,262,02/18/20, 
12,2279681,Mad Scientist,São Paulo Ice Tea,Wheat Beer - Witbier / Blanche,https://untappd.com/b/mad-scientist-sao-paulo-ice-tea/2279681,5.0,N/A,3.51,303,09/07/17,belgian witbier with pomegranate and toasted mate tea 
13,5964634,HORIZONT Brewing,Selfish Games - Golden Glow,Wheat Beer - Witbier / Blanche,https://untappd.com/b/horizont-brewing-selfish-games-golden-glow/5964634,5.1,N/A,3.5,447,08/30/24,"Klasszikus witbier, egy kis gyümölcsös csavarral. Pont annyi sárgabarackot tettünk bele, amennyi éppen ahhoz kell, hogy egy kellemesen gyümölcsös, de klasszikus, búzasörös ízvilága legyen. Classic witbier with a fruity twist. Just enough apricot was added to make it fruity but keep the classic witbier taste.  "
14,1793184,Zip's Brewhouse,2in1,Wheat Beer - Witbier / Blanche,https://untappd.com/b/zip-s-brewhouse-2in1/1793184,5.5,13,3.49,272,10/26/16,"Kávé és sör, a másnaposság elleni klasszikus megoldások. Most megkaphatod a kettőt egyben! Vitaminokban gazdag könnyű búzasörrel készült ""cold brew"" kávé, közepes pörkölésű, gyümölcsös Pacific Caffe blendből. Vigyázat, minden egyes pohár egy eszpresszónak megfelelő koffeint tartalmaz! "
15,1223187,RothBeer,White Space,Wheat Beer - Witbier / Blanche,https://untappd.com/b/rothbeer-white-space/1223187,5.1,15,3.49,1232,09/04/15,"Perfect refreshment after spacewalks!White Space is a classic witbier, a style of Belgian ale brewed with wheat and spices (coriander, curacao orange peel).A White Space a belga búzasörök mintapéldánya. Tradícionálisan koriandermag és narancshéj hozzáadásával készül. Aromáját főként a witbier élesztő adja, a harapható kortyérzetet pedig a rengeteg búzamaláta és -pehely. Frisseségét jóval tovább tartja dobozban, így már csak ilyen kiszerelésben elérhető.  "
16,1109510,HORIZONT Brewing,Sailor Belle,Wheat Beer - Witbier / Blanche,https://untappd.com/b/horizont-brewing-sailor-belle/1109510,6.0,10,3.48,2529,06/02/15,A wheat beer for all seasons. It's a combination of the refreshing taste of a belgian witbier and the spiciness of a traditional saison.Egy búzasör minden évszakra. Egyesíti a klasszikus belga witbierek frissítő ízét a különleges saison élesztő intenzitásával és fanyarságával. 
17,4190510,HopTop Brewery,Witbier,Wheat Beer - Witbier / Blanche,https://untappd.com/b/hoptop-brewery-witbier/4190510,4.9,N/A,3.48,276,02/21/21, 
18,4533256,Pannonhalmi Főapátság Sörfőzde,Witbier,Wheat Beer - Witbier / Blanche,https://untappd.com/b/pannonhalmi-foapatsag-sorfozde-witbier/4533256,5.0,13,3.48,1432,10/03/21, 
19,3344824,BAZ Beer,Búza,Wheat Beer - Witbier / Blanche,https://untappd.com/b/baz-beer-baz-beer-buza/3344824,5.1,15,3.47,276,07/22/19, 
20,2022987,Gallica Hungary,Asterus,Wheat Beer - Witbier / Blanche,https://untappd.com/b/gallica-hungary-asterus/2022987,4.9,N/A,3.46,274,04/01/17,"Halvány aranysárga színű, az élesztőtől fátyolosan fehér, szűretlen búzasör, az édesebbik stílusban főzve. Már illatában visszaköszönnek a sörfőzés során használt fűszerek, a koriander és a curaçao narancshéj. Visszafogott, mégis izgalmas Ízvilágában a gabona-, és citrusfélék dominálnak. Finoman édes, kellemesen savanykás, és rendkívül frissítő ital! "
21,3471746,Guri Sörfőzde,Füvesember,Wheat Beer - Witbier / Blanche,https://untappd.com/b/guri-sorfozde-fuvesember/3471746,5.0,N/A,3.45,392,10/08/19, 
22,1398606,Etyeki Sörmanufaktúra,Ambrózia Belga Búza,Wheat Beer - Witbier / Blanche,https://untappd.com/b/etyeki-sormanufaktura-ambrozia-belga-buza/1398606,6.2,25,3.43,864,01/22/16,"""A sör bizonyíték rá, hogy Isten szeret minket és azt akarja, hogy boldogok legyünk.""(Benjamin Franklin)Az istenek eledele folyékony formában. Ezt a sűrű aranysárga, kissé mézes illatú, fűszeres sört a belga sörfőző hagyományokhoz híven készítettük el világos búzamaláta felhasználásával. Styrian Golding és Hallertauer Perle komlók ellensúlyozzák a búzamaláta édeskés ízét, amit még tovább bolondítottunk egy-egy csipet édes és keserű narancshéjjal és korianderrel. Végül hagytuk, hogy a belga búzasörélesztő végezze a dolgát szépen, komótosan, kerek harmonikus ízt alakítva ki a kenyeres, földes, mézes és fűszeres ízek vetélkedéséből. Összetevők: Ivóvíz, búza- és árpamaláta, komlók, szárított narancshéj, koriander, búzasörélesztő "
23,4303303,Hedon,Helen,Wheat Beer - Witbier / Blanche,https://untappd.com/b/hedon-helen/4303303,4.5,N/A,3.43,337,05/08/21, 
24,2191064,FIRST Craft Beer,Belgian Witbier,Wheat Beer - Witbier / Blanche,https://untappd.com/b/first-craft-beer-belgian-witbier/2191064,4.5,N/A,3.4,2567,07/13/17,"(HU) Hagyományos belga típusú búzasör szárított narancshéjjal és korianderrel, ahol a búzamaláta gabonás édességét az élesztő fűszeres, trópusi gyümölcsös ízjegyei egészítenek ki.(EN) A traditional Belgian-style wheat beer with dried orange peel and coriander, where the grainy sweetness of the wheat malt is complemented by the spicy, tropical fruity notes of the yeast. "
25,1195974,Zirci Apátsági Manufaktúra,Búza,Wheat Beer - Witbier / Blanche,https://untappd.com/b/zirci-apatsagi-manufaktura-buza/1195974,5.3,N/A,3.4,1251,08/11/15, 
26,4775150,MONYO Brewing Co.,Party Animal Belga Búza,Wheat Beer - Witbier / Blanche,https://untappd.com/b/monyo-brewing-co-party-animal-belga-buza/4775150,4.8,N/A,3.4,666,03/30/22,"Megérkezett a legújabb termékkategóriánk, a Party Animal széria!A Party Animal széria igazi fesztivál söröket kínál, megbízható MONYO minőségben a különleges sörökre nyitott sörkedvelőknek. Könnyen érthető és fogyasztható tételek, amik ideális kiegészítői lehetnek egy laza dumálásnak egy házibuliban, egy pikniknek a fűben heverészve, vagy az új kedvenc bandád koncertjének.A Party Animal Belga Búza egy könnyed búzasör, a citrusfélék intenzív gyümölcsösségével és a koriander fűszerességével. "
27,5448152,Cecei Sörüzem,Witbier,Wheat Beer - Witbier / Blanche,https://untappd.com/b/cecei-soruzem-witbier/5448152,4.5,N/A,3.38,846,07/17/23, 
28,5438302,Hajnali Sörfőzők,FÉYN,Wheat Beer - Witbier / Blanche,https://untappd.com/b/hajnali-sorfozok-feyn/5438302,4.5,20,3.37,1175,07/10/23,Belgian wit brewed with orange peel and coriander. A well balanced brew with the idea of refreshing taste for comforting moments. 
29,6354373,Spar Magyar,AHA! Witbier,Wheat Beer - Witbier / Blanche,https://untappd.com/b/spar-magyar-aha-witbier/6354373,5.0,N/A,3.34,199,07/26/25, 
30,4617192,HopTop Brewery,Belga Búza,Wheat Beer - Witbier / Blanche,https://untappd.com/b/hoptop-brewery-belga-buza/4617192,4.5,N/A,3.33,902,11/30/21,Belgian style witbier from the core range 
31,1593105,hübris,büza,Wheat Beer - Witbier / Blanche,https://untappd.com/b/hubris-buza/1593105,4.1,18,3.33,2238,06/09/16,"Megjelenés: ködös, napsárga szín, fehér habIllat: fűszeres, citrusos, bódítóKorty: kiegyensúlyozott, meglepőKomlók: MarynkaAlkohol: 4% Keserű érték: 18 IBUExtrakt tartalom: 11,5°B "
32,3571598,The Beertailor,Wit Beer,Wheat Beer - Witbier / Blanche,https://untappd.com/b/the-beertailor-wit-beer/3571598,5.0,N/A,3.32,968,12/09/19, 
33,4319543,Szia Uram!,Búza,Wheat Beer - Witbier / Blanche,https://untappd.com/b/szia-uram-szia-uram-buza/4319543,4.8,N/A,3.25,635,05/19/21,"Felső erjesztésű belga búzasör, a Szia Uram! család legújabb tagja. Édeskés ízét az észteres fűszeresség egyensúlyozza, de a narancs ès a koriander aromája teszi teljessé. Tökéletes választás lehet egy hosszú nap utáni chillhez. "
34,1724891,Zirci Apátsági Manufaktúra,Levendulás,Wheat Beer - Witbier / Blanche,https://untappd.com/b/zirci-apatsagi-manufaktura-levendulas/1724891,5.3,N/A,3.19,1621,09/09/16, 
35,4683536,Cecei Sörüzem,Gyömbéres Búza,Wheat Beer - Witbier / Blanche,https://untappd.com/b/cecei-soruzem-gyomberes-buza/4683536,5.0,14,3.16,367,01/19/22,"Könnyű, gyömbér illatú édeskés búzasör "
36,3983130,Soproni Sörgyár (Heineken Hungária),Soproni Óvatos Duhaj Búza,Wheat Beer - Witbier / Blanche,https://untappd.com/b/soproni-sorgyar-heineken-hungaria-soproni-ovatos-duhaj-buza/3983130,5.0,N/A,2.93,2080,09/27/20, 
0,4080207,Brew Your Mind,Generations 2017-20 Blend,Wild Ale - American,https://untappd.com/b/brew-your-mind-generations-2017-20-blend/4080207,6.8,N/A,3.91,199,12/02/20,"Ezt a söritalt 2017 decembere óta érleltük 225 literes Bock (Villány) és 500 literes Takler (Szekszárd) hordóban a korábban már jól bevált élesztő kultúránkkal. 2020 júliusától a belőlük készült blend-et palackokba töltve érleltük tovább.  A hosszú érlelési idő alatt lejátszódó folyamatokat befolyásoló tényezők egyedisége (hőingadozás, hordó adottságai stb.) miatt a végeredmény egyszeri és megismételhetetlen.Ez a sör egy rusztikus (lambic-ra emlékeztető) kellemesen savanyú, komplex, de mégsem nehéz ital.Összesen 400 palack készült. "
1,4828941,MadX,Levente & Funk,Wild Ale - American,https://untappd.com/b/madx-levente-and-funk/4828941,6.9,N/A,3.83,550,05/06/22,"Barrel Aged Golden Sour Ale with Grapes, collab with our friend Levente Major of LEVENTE WINE "
2,5201266,MadX,Sludge & Funk,Wild Ale - American,https://untappd.com/b/madx-sludge-and-funk/5201266,7.1,N/A,3.83,342,01/16/23,"Barrel Aged Golden Sour Ale with Grape Must, our 2nd collab with our friend Levente Major of LEVENTE WINE following LEVENTE & FUNK we released in the May of 2022 "
3,3776774,HORIZONT Brewing,Sour Series 003 - Apricot Brett Sour Ale,Wild Ale - American,https://untappd.com/b/horizont-brewing-sour-series-003-apricot-brett-sour-ale/3776774,5.9,20,3.79,169,05/07/20,"A wild sour ale with Brettanomyces aged in white wine barrels with apricot puree.Funky, wild ale with apricot jam-like flavors and subtle wine-like, oak aftertaste. This 2 year long project involved a Saison base for this beer a long fermentation with brettanomyces and pedicoccus and aged for 6 months in white wine barrels with fruit purees added. The result is a real special beer recommended for special occasions, to share or to enjoy on your own. "
4,6140797,MadX,Ábrahám & Funk,Wild Ale - American,https://untappd.com/b/madx-abraham-and-funk/6140797,5.2,N/A,3.79,317,01/27/25,Barrel Aged Sour Ale with Peach and Rosemary collab with our friend Máté Ábrahám of MA Artisan Ales (HU) 
5,5893202,MadX,Major & Funk,Wild Ale - American,https://untappd.com/b/madx-major-and-funk/5893202,5.5,N/A,3.76,263,07/03/24,"MAJOR & FUNK is the 2024 version of our Barrel Aged Golden Sour Ale with Grape Must, the 3rd collab with our friend Levente Major of LEVENTE WINE following LEVENTE & FUNK we released in the May of 2022 and SLUDGE & FUNK in the January of 2023 "
6,5089024,MONYO Brewing Co.,Hungarian Terroir: Martonvásár - Barrel Aged Wild Peach Ale 2020,Wild Ale - American,https://untappd.com/b/monyo-brewing-co-hungarian-terroir-martonvasar-barrel-aged-wild-peach-ale-2020/5089024,7.2,N/A,3.75,288,10/25/22,"Két évig boros fahordóban őszibarackágyon érlelt spontán sör (wild ale), amit az erjesztőtartályba történő visszafejtéskor refermentáltunk még egy nagy adag magyar őszibarackkal. Brutál savanyú; natúr boros és ""funkys"" jegyek jellemzik.A sör a martonvásári Pillár Biobirtokkal kollaborációban készült, Pillár Anna biztosította számunkra a több száz kg. lédús barackot, amit kézzel magoztunk és préseltünk a sörhöz. "
7,5978095,MadX,Doom & Funk,Wild Ale - American,https://untappd.com/b/madx-doom-and-funk/5978095,5.5,N/A,3.7,453,09/10/24,"BARREL AGED DRY HOPPED GOLDEN SOUR ALE WITH GRAPESDOOM & FUNK is the hoppy 2024 version of our Barrel Aged Golden Sour Ale with Grape Must, the 4th collab with our friend Levente Major of LEVENTE WINE following LEVENTE & FUNK we released in the May of 2022, SLUDGE & FUNK in the January of 2023 and MAJOR & FUNK from July, 2024 "
8,3475515,MadX,Mister Sunshine,Wild Ale - American,https://untappd.com/b/madx-mister-sunshine/3475515,5.6,N/A,3.61,316,10/11/19,Wild Ale with Raspberries 
0,4224077,MadX,Botanical Roots,Wild Ale - Other,https://untappd.com/b/madx-botanical-roots/4224077,6.3,N/A,3.89,205,03/17/21,Wild Ale Blend with Medlars 
1,6004264,Brew Your Mind,GENERATIONS RELOAD SCHIEBER 2024,Wild Ale - Other,https://untappd.com/b/brew-your-mind-generations-reload-schieber-2024/6004264,6.7,N/A,3.86,153,10/01/24,"Generations sorozatunk tagjai vörösboros hordóban érlelt wild ale típusú (savanyú) sörök. Ez a világos sörital 2020 decembere óta ""pihent"" 225 literes vörösboros hordóban, melyet a szekszárdi Schieber Borászattól vásároltunk. 2023 júniusa óta palackban érleljük.A hosszú érlelési idő alatt lejátszódó folyamatokat befolyásoló tényezők egyedisége (hőingadozás, hordó adottságai stb.) miatt a végeredmény egyszeri és megismételhetetlen.Összesen 264 palack készült. Lejárati dátum: 2033. december "
2,4350527,MONYO Brewing Co.,MONYO X Roadster - Willy,Wild Ale - Other,https://untappd.com/b/monyo-brewing-co-monyo-x-roadster-willy/4350527,6.8,N/A,3.79,150,06/07/21,"“Berta a harctéren vagyok, címemet tudod, miért nem írsz? Willy.”Az Est egy apróhirdetése, 1915. január 27-én. Egy sor, két ember, és a vágyakozó szerelem ezer kérdése. Vajon miért nem keresi Berta Willy-t? Ez lenne az első írásos emlék a ghostingról? Túlélte Willy a háborút? Vajon írt neki aztán Berta? Happy end vagy csak simán end? A mi forgatókönyvünkben Berta és Willy rengeteg év és vad viszontagság után végül összejönnek. De nem kell ránk hallgatnod; húzd ki a dugót és fejezd be úgy Berta és Willy történetét, ahogy szeretnéd.Kóstolj bele legújabb, két évig fahordóban érlelt söreinkbe, amit a Roadster magazinnal közösen alkottunk meg. Bertát “natúran” hagytuk és egy klasszikus, funky, brettes, karakteres, de mégis kellemesen savas, boroshordóban érlelt Wild Ale született belőle. Willy, akinek az alap söre megegyezik Bertáéval, a folyamat végén nem kevés fekete szedret kapott, amivel együtt érleltük a kiszerelés pillanatáig. "
3,5829491,Uradalmi Brewery,Wild Thing,Wild Ale - Other,https://untappd.com/b/uradalmi-brewery-wild-thing/5829491,10.0,36,3.69,173,05/16/24,"WILD THING - SOUR/WILD BA BALTIC PORTER - CABERNET SAUVIGNONThe beer was matured for 885 days in a Hungarian barrique oak barrel, in which cabernet sauvignon was aged for years. The nose is dominated by red wine, the flavour notes are determined by the wild yeast (we received as a gift from the barrel). The beer has a pleasant sourness, with the flavours of rhum, coffee, vanilla and red wine. It's unique, unrepeatable!A sört 885 napig áztattuk magyar barrique tölgyfahordóban, melyben évekig cabernet sauvignon érlelődött. A sör illatában a vörösbor dominál, az ízjegyeket a hordóból származó vadélesztő határozza meg. A sör kellemes savanyúsággal rendelkezik, a rum, a kávé, a vanília és a vörösbor ízjegyeivel. Egyedi, megismételhetetlen batch... "
4,6258851,B*BOP FERMENTORY,OUDE NOTE,Wild Ale - Other,https://untappd.com/b/b-bop-fermentory-oude-note/6258851,7.5,N/A,3.64,310,05/09/25,"A mixed fermentation Golden Sour Ale blend brewed with peated malts & local honey, aged in barrels for 2 years. Brewed in a collaboration with my good fellas at MadX.  "
0,2974677,HORIZONT Brewing,Pilot Series #14 - Rosehip & Rooibos Winter Ale,Winter Ale,https://untappd.com/b/horizont-brewing-pilot-series-14-rosehip-and-rooibos-winter-ale/2974677,6.8,70,3.6,424,12/06/18,"A winter alternative for the heavy seasonal beers. Dark ruby red, fresh tartness from the rosehip, spicy sweet tea aromes from the rooibos, warmth from the 6,8% ABV. Get cozy!Szerettünk volna egy olyan téli sört készíteni, ami alternatívája a nehéz stoutoknak és a súlyos hordóérlelt cuccoknak. Az új Pilot Seriesbe egy raklap csipkebogyó/velő és rooibos tea került, mindez egy erős vörös IPA alapon nyugodva. Gyümölcsös, illatos, melengető. "
1,1860930,Gallica Hungary,Adventus,Winter Ale,https://untappd.com/b/gallica-hungary-adventus/1860930,8.0,N/A,3.55,242,12/12/16, 
2,911805,Rizmajer Kézműves Sörfőzde,Karácsonyi,Winter Ale,https://untappd.com/b/rizmajer-kezmuves-sorfozde-karacsonyi/911805,5.5,12,3.48,186,12/16/14, 
