nr,bid,brewery,name,kind,link,abv,ibu,rating,nr_raters,adding_date,text,country
0,5826629,B*BOP FERMENTORY,ÜÜÜÜÜÜÜÜ,Sour - Smoothie / Pastry,https://untappd.com/b/b-bop-fermentory-uuuuuuuu/5826629,4.5,N/A,4.23,944,05/13/24,"Mango Popsicle Tart Smoothie Nu Sour.An ice cream inspired thick and juicy Smoothie Nu Sour Ale conditioned on a ton of Alphonso mangoes, ice cream cones, vanilla and a pinch of pakistani Halite salt.  ",hungary
1,6030210,HORIZONT Brewing,Night Shift Vintage 2024 - Imperial Pastry Stout Aged In Bourbon Barrels With Hazelnut & Caramel,Stout - Imperial / Double Pastry,https://untappd.com/b/horizont-brewing-night-shift-vintage-2024-imperial-pastry-stout-aged-in-bourbon-barrels-with-hazelnut-and-caramel/6030210,11.8,N/A,4.22,1414,10/22/24,"Pető Kristóf sörfőzőnk ötlete. Az alap Imperial Stout, aminek jellegzetes csokis ízjegyei mellé igazából bármilyen csoki-ihletésű dolog illik, most kapott egy jó nagy adag mogyorótöretet és karamellt. A sör maga Bourbon hordókban érlelődött, hogy az alap ízjegyek kapjanak egy kis whiskey-s, hordós tuningot. The base is an Imperial Stout, whose distinctive chocolate notes pair well with any chocolate-inspired addition, and now it’s been given a generous amount of crushed hazelnuts and caramel. The beer itself was aged in Bourbon barrels to give the base flavors a touch of whiskey and barrel-aged finesse. ",hungary
2,3729199,Brew Your Mind,Big Lies,IPA - Triple,https://untappd.com/b/brew-your-mind-big-lies/3729199,9.5,N/A,4.22,2771,03/22/20,"Triple IPA monster, based on our Bright Lies IPA. ",hungary
3,4534884,HORIZONT Brewing,Night Shift Vintage 2021 Russian Imperial Stout Aged In Bourbon Barrels With Chocolate And Coffee,Stout - Imperial / Double Coffee,https://untappd.com/b/horizont-brewing-night-shift-vintage-2021-russian-imperial-stout-aged-in-bourbon-barrels-with-chocolate-and-coffee/4534884,12.5,N/A,4.2,1080,10/05/21,Russian Imperial Stout aged in Bourbon Barrels with Chocolate and Coffee added to the beer to give it a more round and delightful taste. ,hungary
4,6155091,Brew Your Mind,Eternal Dreams,IPA - Triple New England / Hazy,https://untappd.com/b/brew-your-mind-eternal-dreams/6155091,10.0,N/A,4.2,987,02/10/25,Hazy Tripla IPA Citra és Riwaka komlóval. Keep Dreaming sörünk legerősebb változata. ,hungary
5,4534878,HORIZONT Brewing,Night Shift Vintage 2021 Russian Imperial Stout Aged In Tennessee Whiskey & Bourbon Barrels,Stout - Russian Imperial,https://untappd.com/b/horizont-brewing-night-shift-vintage-2021-russian-imperial-stout-aged-in-tennessee-whiskey-and-bourbon-barrels/4534878,13.0,N/A,4.18,1328,10/05/21,Russian Imperial Stout aged in different whiskey barrels for the perfect balance and harmony in the taste. ,hungary
6,4742835,Brew Your Mind,Still Dreaming,IPA - Imperial / Double New England / Hazy,https://untappd.com/b/brew-your-mind-still-dreaming/4742835,8.2,N/A,4.18,1740,03/06/22,Hazy DIPA Citra és Riwaka komlóval. A Keep Dreaming erősebb változata. ,hungary
7,6122703,B*BOP FERMENTORY,MUMIA,Sour - Smoothie / Pastry,https://untappd.com/b/b-bop-fermentory-mumia/6122703,4.3,N/A,4.17,1729,01/09/25,"Pineapple Mango Maracuja Smoothie Nu Sour.A delicate and thick Smoothie Nu Sour infused with Egyptian pineapples, Alphonso mangoes, Ecuadorian passionfruits and a pinch of pakistani Halite salt. No Crumbs Left — All Sauce  ",hungary
8,4068063,HORIZONT Brewing,Night Shift Vintage 2020 Russian Imperial Stout Aged In Bourbon Barrels With Chocolate & Coffee,Stout - Imperial / Double Coffee,https://untappd.com/b/horizont-brewing-night-shift-vintage-2020-russian-imperial-stout-aged-in-bourbon-barrels-with-chocolate-and-coffee/4068063,12.0,N/A,4.16,1282,11/24/20,"This beer is a 12% ABV Russian Imperial Stout, that was brewed with 12 types of malts, 6 hours of boil time, and 3 months of fermenting to prepare it for a long journey in two types of freshly emptied Bourbon barrels. The finished beer was soaked on freshly roasted Ethiopean Coffee beans and cocoa beans from Ghana. The result is a beer rich in notes of coffee, chocolate, vanilla and bourbon which we gladly recommend for every beer lover. ",hungary
9,5056111,HORIZONT Brewing,Night Shift Vintage 2022 Double Baltic Porter Aged In Rhum Barrels,Porter - Imperial / Double Baltic,https://untappd.com/b/horizont-brewing-night-shift-vintage-2022-double-baltic-porter-aged-in-rhum-barrels/5056111,14.4,N/A,4.16,1313,10/07/22,"In 2021, Horizont brewed its first Double Baltic Porter and from the first time we sampled it, we knew it had huge potential and needed to explored more thoroughly as a style. For this 2022 vintage, we chose Rhum Agricole barrels from Saint-Martin Island in the Caribbean so the recipe had to be changed to fit the essence of the barrel. The base beer is a pleasantly chocolatey, nutty, full-bodied, and sweet dark brown/black lager. Yes, it's a lager, as bottom-fermented yeast is traditionally used for this style, and due to the neutral fermentation, this type allows the malty, hoppy, and barrel notes to prevail. Enjoy this spectacular beer!Amikor 2021-ben lefőztük és kóstoltuk az első Double Baltic Porterünket, tudtuk, hogy ebben a stílusban hatalmas potenciál van. A 2022-es vintage tételt már más típusú, Rhum Agricole érlelésére felhasznált hordókba tettük. Ehhez egy kicsit módosítanunk kellett a maláta profilon a 2021-es verzióhoz képest. Az alap egy kellemesen csokis, mogyorós, testes és édeskés sötétbarna/fekete lager. Igen, lager, mivel hagyományosan alsóerjesztésű élesztőt használnak ehhez a stílushoz, illetve az ízsemleges erjedés miatt ez a típus hagyja jobban érvényesülni a malátás, komlós és hordós jegyeket. ",hungary
10,4381221,Brew Your Mind,Moment In Time 2021 Vanilla,Stout - Imperial / Double,https://untappd.com/b/brew-your-mind-moment-in-time-2021-vanilla/4381221,11.0,N/A,4.16,661,06/26/21,"2019. decemberében főztük, majd 2020 január elejétől 2021 május végéig grain whisky hordóban érleltük. Végül palackozás előtt kapott egy kis organikus mexikói vaníliát. Olajosan sűrű, édes, komplex sörital. ",hungary
11,5919340,Mad Scientist,Glorious Mess,Sour - Smoothie / Pastry,https://untappd.com/b/mad-scientist-glorious-mess/5919340,5.7,N/A,4.16,1021,07/24/24,"Ice Cream Smoothie Sour with Mango, Pineapple, Apricot collab with our main crispy boys HOP HOOLIGANS (ROM) following our Bucharest collab BEAUTIFUL MESS ",hungary
12,5626567,HORIZONT Brewing,Night Shift Vintage 2023 - Vanilla & Cinnamon Bundt Cake Pastry Stout Aged In Tennessee Whiskey Barrels,Stout - Imperial / Double Pastry,https://untappd.com/b/horizont-brewing-night-shift-vintage-2023-vanilla-and-cinnamon-bundt-cake-pastry-stout-aged-in-tennessee-whiskey-barrels/5626567,11.0,N/A,4.16,1026,12/01/23,"Fahéjjal és vaníliával fűszerezett Pastry Stout, amelynek alapötlete a kuglóf volt. Az alapsör HBC 472 komlóval készült, amely segített elmélyíteni a hordós érlelés során átvett Tennessee whiskey hordók fás, hihetetlenül vaníliás ízjegyeit. A tökéletes ízvilágát a hozzáadott fahéjjal érte el ez a testes, zamatos sörkülönlegesség. This bottle hides an Imperial Pastry Stout made with cinnamon and vanilla, based on the idea of true love and a bundt cake.The base beer is made with American experimental hops called HBC 472, which helps to deepen the woody, vanilla flavors of the Tennessee whiskey barrels used during barrel maturation. In order to achieve the perfect taste, we added cinnamon to the beer's mouthfeel to achieve this gourmet beer specialty. ",hungary
13,4534892,HORIZONT Brewing,Night Shift Vintage 2021 Barleywine Aged In Rhum Barrels With Tonka Beans,Barleywine - English,https://untappd.com/b/horizont-brewing-night-shift-vintage-2021-barleywine-aged-in-rhum-barrels-with-tonka-beans/4534892,13.0,N/A,4.15,1308,10/05/21,Barleywine aged in rhum barrels with a little twist coming from the tonka beans. ,hungary
14,5056103,HORIZONT Brewing,Night Shift Vintage 2022 Russian Imperial Stout Aged In Bourbon Barrels with Chocolate & Coffee,Stout - Imperial / Double Coffee,https://untappd.com/b/horizont-brewing-night-shift-vintage-2022-russian-imperial-stout-aged-in-bourbon-barrels-with-chocolate-and-coffee/5056103,13.6,N/A,4.15,2201,10/07/22,"In 2020, when we tasted the first version of this beer, we felt a sense of pride like never before. This feeling has persisted every year since then. Our base beer is a midnight black, full-bodied Russian imperial stout, which we then matured on freshly roasted Ethiopian variant of a Budapest specialty coffee roaster and Ghanaian cocoa beans. All this was poured into freshly emptied bourbon barrels and aged for nearly a year to reach its most beautiful form. Enjoy this splendid beer!2020-ban amikor megkóstoltuk ennek a sörnek az első verzióját, akkor olyan büszkeség fogott el bennünket, mint előtte még soha. Ezt az érzést azóta is minden évben érezzük. Az alapsörünk egy éjfekete, testes russian imperial stout, amit egy budapesti specialty kávépörkölő frissen pörkölt etiópiai variánsán és ghánai kakaóbabon érleltünk utána. Mindezt frissen ürített bourbon hordókba fejtettük és érleltük közel egy évig, hogy elérje a legszebb formáját. ",hungary
15,4534894,HORIZONT Brewing,Night Shift Vintage 2021 Double Baltic Porter Aged In Bourbon Barrels,Porter - Imperial / Double Baltic,https://untappd.com/b/horizont-brewing-night-shift-vintage-2021-double-baltic-porter-aged-in-bourbon-barrels/4534894,14.0,N/A,4.15,1491,10/05/21,Double Mashed Baltic Porter aged in Bourbon Barrels. ,hungary
16,5056112,HORIZONT Brewing,Night Shift Vintage 2022 Wheat Wine Aged In Bourbon & Rum Barrels,Wheat Beer - Wheat Wine,https://untappd.com/b/horizont-brewing-night-shift-vintage-2022-wheat-wine-aged-in-bourbon-and-rum-barrels/5056112,15.1,N/A,4.15,1296,10/07/22,"For years we have considered blending our Wheat Wine Whiskey barrel aged beer with the Wheat Wine Rhum version. 2022 is the year it comes to fruition by blending these two great beers with a mixed barrel Wheat Wine. Our brewmaster, along with the team worked diligently to blend the proper proportions of each to create this unique brew. The whiskey barrel comes from a small American distillery while the Rhum Agricole barrel came from Saint Martin Island in the Caribbean. The third barrel started its journey in Tennessee filled with whiskey then traveled to Jamaica to be filled with Rum before making its way to Hungary to be filled with a portion of the beer you have in your hand. Enjoy this astonishing beer! Régóta szerettük volna blendelni a rumos és a bourbon hordókban érlelt búzaborunkat. 2022-ben valóra is váltottuk, méghozzá egy érdekes, tripla blend formájában. Kitartóan dolgoztunk az arányok eltalálásán, hogy létrehozzuk ezt az egyedi tételt. Az egyik, whiskey-s hordóban, amit ehhez a sörhöz választottunk, egy kis amerikai lepárló bourbon-je volt előzőleg. A rumoshordók a karibi-térségi Szent Martin szigetről származnak, ahol előzőleg Rhum Agricole voltak bennük. A harmadik hordóban először Tennessee Whiskey volt, majd áthajózott Jamaicába és ott egy zseniális rumot töltöttek bele, ezután mikor kiürült, nálunk landolt, hogy megtölthessük azzal a sörrel, amit a kezedben tartasz. ",hungary
17,4017430,HORIZONT Brewing,Night Shift Vintage 2020 Russian Imperial Stout Aged in Bourbon Barrels,Stout - Russian Imperial,https://untappd.com/b/horizont-brewing-night-shift-vintage-2020-russian-imperial-stout-aged-in-bourbon-barrels/4017430,12.0,N/A,4.15,1387,10/21/20,"This beer was brewed with 12 types of malts, 6 hours of boil time,and 3 months of fermenting to prepare it for a long journeyin freshly emptied Tennessee Whiskey Barrels. Thesebarrels give this thick, dark, black beer rich notes of vanillaand bourbon, resulting in a complex flavour combinationwhich we gladly recommend for every beer lover. ",hungary
18,3464237,Mad Scientist,Blackcurrant Trifle,Sour - Smoothie / Pastry,https://untappd.com/b/mad-scientist-blackcurrant-trifle/3464237,10.0,N/A,4.15,2759,10/04/19,"Collabfest 2019 Imperial Pastry Gose 8,2% brewed in collaboration with BrewDog Budapest and Mad ScientistThe 2nd batch, brewed by the request of BrewDog UK for Collabfest 2020 has the abv of 10% ",hungary
19,6010349,HORIZONT Brewing,Night Shift Vintage 2024 - Russian Imperial Stout Aged in Bourbon Barrels with Chocolate & Coffee,Stout - Russian Imperial,https://untappd.com/b/horizont-brewing-night-shift-vintage-2024-russian-imperial-stout-aged-in-bourbon-barrels-with-chocolate-and-coffee/6010349,11.2,N/A,4.14,1095,10/05/24,"A büszkeségünk 2020 óta, ez a Russian Imperial Stout etióp kávéval és ghánai kakaóval készül, 2 évig bourbon hordókban érlelve.Our pride since 2020, this Russian Imperial Stout is brewed with Ethiopian coffee and Ghanaian cocoa beans, aged 2 years in bourbon barrels. ",hungary
20,3618027,Brew Your Mind,No Memories,IPA - Imperial / Double,https://untappd.com/b/brew-your-mind-no-memories/3618027,8.7,N/A,4.13,2268,01/08/20,The stronger version of our Only Memories IPA.  ,hungary
21,4895488,Brew Your Mind,Moment In Time 2022 Mexican Vanilla,Stout - Imperial / Double,https://untappd.com/b/brew-your-mind-moment-in-time-2022-mexican-vanilla/4895488,12.6,N/A,4.13,502,06/19/22,"11 hónapig ír grain whisky hordókban érleltük, majd palackozás előtt került bele egy kis organikus mexikói vanília. Olajosan sűrű, csokoládés ízvilágú, komplex sörital. ",hungary
22,5043675,Mad Scientist,Nasty Riff,Stout - Imperial / Double,https://untappd.com/b/mad-scientist-nasty-riff/5043675,14.0,N/A,4.12,1899,09/29/22,Mexican Cake Inspired Imperial Stout collab with Adroit Theory (USA) ,hungary
23,5273537,Brew Your Mind,Green Echo,IPA - Imperial / Double,https://untappd.com/b/brew-your-mind-green-echo/5273537,8.0,N/A,4.12,1500,03/14/23,motueka & citra dipa ,hungary
24,5056101,HORIZONT Brewing,Night Shift Vintage 2022 Russian Imperial Stout Aged In Tennessee Whiskey Barrels,Stout - Russian Imperial,https://untappd.com/b/horizont-brewing-night-shift-vintage-2022-russian-imperial-stout-aged-in-tennessee-whiskey-barrels/5056101,13.0,N/A,4.12,1767,10/07/22,"The Original Night Shift beer has returned to its founding! In 2016 when this beer was first brewed, it started the journey of the Night Shift line of beers. The 2022 version returns to the beginning, when it was matured only, and exclusively, in Tennessee Whiskey barrels. No spices, just the barrel, malt and hops. Every year we polish the recipe to make it more perfect and even silkier. Enjoy this classic beer!Ezzel a tétellel visszatértünk az eredeti Night Shift gyökereihez. Amikor 2016-ban lefőztük ennek a sörnek az első verzióját, nem is sejtettük, hogy hová vezet az útja. 2018-ban elkészült az első hordóérlelt változata, megkezdve a hosszú utazást, aminek most egy állomásához érkeztünk. Azóta is töretlen népszerűségnek örvend, és minden évben csiszolunk rajta egy kicsit, hogy még tökéletesebb és még selymesebb legyen. A 2022-es verzió visszatér a kezdetekhez, amikor csak és kizárólag Tennessee Whiskey hordóban érleltük. Semmi fűszer, csak a hordó, maláta és a komló, egy igazi klasszikus. ",hungary
25,5625799,HORIZONT Brewing,Night Shift Vintage 2023 - Rye Wine Aged In Bourbon Barrels - Aged 2 Years,Rye Wine,https://untappd.com/b/horizont-brewing-night-shift-vintage-2023-rye-wine-aged-in-bourbon-barrels-aged-2-years/5625799,10.2,N/A,4.12,892,11/30/23,"Ez a zamatos és egyedi ízélményt nyújtó, karamellizált rozsmalátával, valamint rozspehellyel készült rozsbor egy hihetetlenül krémes, gyümölcsös ízvilágú sör. Az alap rozsbort két évig érleltük Bourbon hordókban, az ez idő alatt átvett fás-viszkis ízjegyek komplex és kivételes ízvilágot adtak ennek az egészen különleges sörnek. With this Rye wine, we ventured further into the realm of the grain wine. From the point of view of brewing, we made the base beer with rye, an undeservedly underrated brewing grain, which was aged in bourbon barrels for nearly two years. Of course, we didn't just use plain, basic rye malt, since with this excellent beer we aim to show the diversity of this grain, so we also used two types of caramelized rye malt and rye flakes to create this unique beer. ",hungary
26,6082605,Brew Your Mind,Moment In Time 2024: Calvados & Apple Brandy Barrel,Stout - Imperial / Double,https://untappd.com/b/brew-your-mind-moment-in-time-2024-calvados-and-apple-brandy-barrel/6082605,13.5,N/A,4.11,532,12/04/24,"A 50-50 Calvados and Apple Brandy barrel aged imperial stout blended into a single experience. Very moderate carbonation, smooth oily body and rich chocolate aromas, the stout is complemented by a mild, refreshing acidity imparted by the Brandy barrels. ",hungary
27,5687612,Brew Your Mind,Steep Dreaming,IPA - New England / Hazy,https://untappd.com/b/brew-your-mind-steep-dreaming/5687612,7.0,N/A,4.11,1261,01/21/24,Hazy IPA Citra és Riwaka komlóval. A Keep Dreaming sörünk dupla ipa szinten komlózott változata. ,hungary
28,5970051,Brew Your Mind,Everyday Lies,IPA - Imperial / Double New England / Hazy,https://untappd.com/b/brew-your-mind-everyday-lies/5970051,8.0,N/A,4.09,759,09/03/24,"Halfway between Bright Lies and Big Lies, there is Everyday Lies IPA. Hopped with Mosaic and Citra the same amount as Big Lies. ",hungary
29,2074074,Brew Your Mind,Evermind,IPA - Imperial / Double New England / Hazy,https://untappd.com/b/brew-your-mind-evermind/2074074,8.2,N/A,4.09,3950,05/03/17,Our New England inspired double IPA ,hungary
30,2521955,Brew Your Mind,Money Cannon,IPA - Imperial / Double,https://untappd.com/b/brew-your-mind-money-cannon/2521955,8.3,N/A,4.09,1930,02/20/18,"This double New England insired IPA is a collaboration with our good friend armando_otchoa. This one comes with a blast of tropical fruit flavors and a velvety mouthfeel. Made with 30g/L australian and american hops. Amarillo, Galaxy, Citra ",hungary
31,5056107,HORIZONT Brewing,Night Shift Vintage 2022 Imperial Pecan Pie Stout Aged In Tennessee Whiskey Barrels,Stout - Imperial / Double Pastry,https://untappd.com/b/horizont-brewing-night-shift-vintage-2022-imperial-pecan-pie-stout-aged-in-tennessee-whiskey-barrels/5056107,13.6,N/A,4.09,1200,10/07/22,"A Horizont Night Shift tételei között minden évben megtalálható egy pastry stout. A 2022-es év „sütis” Night Shiftjéhez egy klasszikus amerikai süteményt, a pekándiós pitét vettük alapul. A pekándiós pite története az 1880-as évekig tekint vissza, és kimondottan kedvelt az USA deli államaiban, ahol a bourbon whiskey-t készítik, így természetesnek vettük, hogy hordóérleléshez egy Tennessee whiskey-s hordót válasszunk. Mivel a lepárló, ahonnan érkezett, karakteresebb, számottevően vaníliásabb esszenciájú hordókat használ, így ez fantasztikusan áll az alapsörnek, illetve a teljes koncepciónak is. Az alapsör egy sűrű, testes imperial stout, amibe rengeteg házilag pörkölt pekándiót tettünk, így kinyerve belőle az ízeket.ENEach year in the Horizont Night Shift line, we present to you a new pastry stout. The 2022 version is an expression of an American classic dessert, the pecan pie. The Pecan pie dates back to the 1880’s and is very popular in the Southern States where bourbon whiskey is made, so it was a natural fit to age this beer in Tennessee whiskey barrels. The distillery from which the barrels came emphasizes considerably more vanilla essence which is perfect for this brew. The base beer is an Imperial Stout which is a thick, full-bodied beer which was put into the barrels then we added copious amounts of home-roasted pecans, thus extracting the flavors from it. Enjoy this special beer! ",hungary
32,5571019,HORIZONT Brewing,Night Shift Vintage 2023 - Russian Imperial Stout Aged In Bourbon Barrels With Chocolate & Coffee,Stout - Imperial / Double Coffee,https://untappd.com/b/horizont-brewing-night-shift-vintage-2023-russian-imperial-stout-aged-in-bourbon-barrels-with-chocolate-and-coffee/5571019,11.5,N/A,4.08,887,10/19/23,"Minden évben meglep ennek a már kötelezővé vált tételnek a sokszínűsége. Az alapsör pörkölt malátás jegyei és a Bourbon hordók klasszikus, utánozhatatlan ízvilága már alapból egy egészen különleges, minden évben egyre harmonikusabb ízvilágot alkotnak az egy éves érlelés során, de az igazi varázslat a kakaó- és kávébab megszokott ízjegyeinek átvételekor történik. This beer surprises us each year, since the harmony between the base beer and the barrels turns out to be something magical. Add the classical taste of cocoa and coffee beans, and the perfect barrel aged beer is suddenly in front of you.    ",hungary
33,5201288,Brew Your Mind,Human Experiment THIRTY TWO,IPA - Imperial / Double,https://untappd.com/b/brew-your-mind-human-experiment-thirty-two/5201288,8.5,N/A,4.08,323,01/16/23,"Kísérletező sorozatunk legújabb tagja, egy dupla IPA 3 féle komlóval (citra, motueka, nelson sauvin) extrémen komlózva. ",hungary
34,5832490,Mad Scientist,Somlói Galuska 2024,Stout - Imperial / Double,https://untappd.com/b/mad-scientist-somloi-galuska-2024/5832490,11.0,N/A,4.08,640,05/18/24,"Our most ambitious collab ever including our amazing friends:Mixen of Culture Drops from DenmarkMárk of Moersleutel from the NetherlandsBoti of B*Bop Fermentory from HungaryMAD SCIENTIST BARREL PROJECTRum Barrel-Aged Pastry Imperial Stout With Walnut, Pecan, Cocoa Beans, Raisins And VanillaCELLAR MASTER NOTESTake time to do what makes your soul happyThe original Somlói Galuska was a real milestone for the Barrel Project when we made it back in 2019 with our dear friends at Moersleutel. It was the first barrel-aged pastry imperial stout for us as well as the first collab within the series and, you've been our witness, we learned so much from these guys. The second release Somlói Nodler already set the bar higher, but we are pretty sure that this third coming of the Somlói is 'the crème de la crème', a real blast of flavours and memories. Eat it and drink it, you sure deserve this treat! ",hungary
35,5448268,Brew Your Mind,Human Experiment THIRTY SEVEN,IPA - Imperial / Double New England / Hazy,https://untappd.com/b/brew-your-mind-human-experiment-thirty-seven/5448268,7.5,N/A,4.08,436,07/17/23,"Kísérleti sorozatunk legújabb tagja. A sör mindenben megegyezik az előző azaz 36-os Human Experimenttel, csak az élesztő egy általunk még korábban nem használt fajta. Nem is tudjuk eldönteni melyik tetszik jobban. Szerintetek melyik jobb?A Human Experiment sorozat új címkéin számunkra kedves alkotásokat mutatunk be. ",hungary
36,4017501,HORIZONT Brewing,Night Shift Vintage 2020 Wheat Wine Aged in Bourbon Barrels,Wheat Beer - Wheat Wine,https://untappd.com/b/horizont-brewing-night-shift-vintage-2020-wheat-wine-aged-in-bourbon-barrels/4017501,13.0,N/A,4.08,819,10/21/20,"It's a 13% ABV Wheat Wine, that wasbrewed with 4 types of malts, 8 hours of boil time, and3 months of fermenting to prepare it for a long journeyin freshly emptied Tennessee Whiskey Barrels.This wheat malt based, high alcohol beer contains copiousamounts of noble German hops, and was aged for12 months in oak barrels. The result is a silky, creamy wheatwine, with incredible complexity. ",hungary
37,5632011,HORIZONT Brewing,"Night Shift Vintage 2023 - Mexicake-Inspired Imperial Stout Aged In Rum, Rhum & Bourbon Barrels",Stout - Russian Imperial,https://untappd.com/b/horizont-brewing-night-shift-vintage-2023-mexicake-inspired-imperial-stout-aged-in-rum-rhum-and-bourbon-barrels/5632011,10.4,N/A,4.07,756,12/05/23,"Chilis, fahéjas Imperial Stout, triple-blended, azaz három különféle (Rum, Rhum és Bourbon) hordóban érlelt, majd gondosan meghatározott arányban vegyített tétel. A varázslatos alapsör egyéves érlelési időszakának végére kiemelkedő hordós ízjegyeket kapott, melyek mellett kiválóan jön a chili és a fahéj mámorítóan harmonikus, ámde visszafogott kombinációja.This full-bodied beer specialty with cinnamon, chili, and chocolate, is based on a true classic, the Mexicake. The base beer was aged in three different types of barrels (Bourbon, Rhum, Rum). The barrels used were various rum and rhum barrels from the Caribbean Islands, as well as bourbon barrels from the USA. ",hungary
38,6088760,Brew Your Mind,Moment In Time 2024: Maple Syrup,Stout - Imperial / Double,https://untappd.com/b/brew-your-mind-moment-in-time-2024-maple-syrup/6088760,13.5,N/A,4.07,305,12/09/24,"Moment In Time sorozatunk tagjai hordóérlelt, stout típusú komplex fekete söritalok, melyek a maláták összhangjára épülnek.15 éves, 200 literes amerikai – korábban kanadai juharszirupot tartalmazó – tölgyfahordóban 13 hónapig érlelt stout típusú fekete sör.Összesen 320 palack készült. ",hungary
39,5273250,Mad Scientist,Roasters Paradise Kianderi - Kenya,Stout - Imperial / Double Coffee,https://untappd.com/b/mad-scientist-roasters-paradise-kianderi-kenya/5273250,13.0,N/A,4.07,1469,03/14/23,collab with CASINO MOCCA ,hungary
40,3883223,Mad Scientist,Happy Finish Pedro Ximenez,Stout - Imperial / Double,https://untappd.com/b/mad-scientist-happy-finish-pedro-ximenez/3883223,12.5,N/A,4.07,518,07/21/20,"MAD SCIENTIST BARREL PROJECTBlended Barrel Aged Imperial Stout and PorterCELLAR MASTER NOTESPedro Ximenez is one of the noblest grape varieties that sherry is made from. We had the ultimate luck to get one of these barrels this special spirit had been aged in so we didn't waste time and filled it immediately.The Cuban rum strikes back! After Happy Finish Tawny port, which in fact was the first part of this mini-series, we used this type of barrel again to mature the very same peanut imperial stout, but this time we mixed it with Pedro Ximenez BA imperial porter to add the unique characteristics of sherry to the game. Long story short: it's a Black Forest Cake-party in your mouth! Bitter chocolate, molasses, walnut and a huge amount of berries with an acidic aftertaste. Yummy! ",hungary
41,6022750,Unity Bar & Brewery,Raspberry X Mango X Passion Fruit Smoothie Sour,Sour - Smoothie / Pastry,https://untappd.com/b/unity-bar-and-brewery-raspberry-x-mango-x-passion-fruit-smoothie-sour/6022750,5.2,5,4.07,670,10/16/24,"A thick, pulpy smoothie sour with loads of raspberry, mango, and passion fruit purees. Just high quality fruit puree, no bullshit. We DO NOT play the fake gelato powder game!NO LACTOSE ",hungary
42,6604120,Brew Your Mind,Human Experiment SIXTY THREE,IPA - Imperial / Double New England / Hazy,https://untappd.com/b/brew-your-mind-human-experiment-sixty-three/6604120,8.5,N/A,4.07,360,02/16/26,"Kísérleti sorozatunk legújabb tagja egy intenzíven komlózott hazy DDH dupla IPA Rakau, Nelson Sauvin és Citra komlóval.A Human Experiment sorozat új címkéin számunkra kedves alkotásokat mutatunk be. ",hungary
43,5281209,Brew Your Mind,Human Experiment THIRTY THREE,IPA - Imperial / Double,https://untappd.com/b/brew-your-mind-human-experiment-thirty-three/5281209,8.6,N/A,4.06,383,03/19/23,hazy dipa with Nectaron (and citra) hops ,hungary
44,6082610,Brew Your Mind,Rising Fall,IPA - New England / Hazy,https://untappd.com/b/brew-your-mind-rising-fall/6082610,7.0,70,4.06,802,12/04/24,"Crafted with Peacharine hops a standout New Zealand variety that recently made its debut. We believe Peacharine has incredible potential, bringing a unique profile to this IPA. ",hungary
45,5615183,HORIZONT Brewing,Night Shift Vintage 2023 - Wheat Wine Aged In Bourbon Barrels - Aged 2 Years,Wheat Beer - Wheat Wine,https://untappd.com/b/horizont-brewing-night-shift-vintage-2023-wheat-wine-aged-in-bourbon-barrels-aged-2-years/5615183,12.1,N/A,4.06,750,11/22/23,"Ez a tétel KETTŐ ÉVET töltött Bourbon és Tennessee whiskey-s hordókban, majd érlelést követően blendeltük. A két éves érlelési idő alatt olyan mélyen átvette az alap búzabor a hordók jellegzetes, whiskey-s, fás ízjegyeit, hogy csak ámultunk, amikor megkóstoltuk a palackozott terméket. A zamatos ízvilág, az utánozhatatlan gabonás, malátás ízjegyek gyönyörű harmóniát alkotnak a hordós jegyekkel. ENOur basic wheat wine was matured in two types of whiskey barrels for two years, and then blended in the right proportions after maturation, in order to achieve the perfect taste experience.Having aged for two years, the base wheat wine got some super-special taste notes from the barrels, which created a harmonious and amazing taste. ",hungary
46,4331772,Brew Your Mind,Moment In Time 2021,Stout - Imperial / Double,https://untappd.com/b/brew-your-mind-moment-in-time-2021/4331772,11.0,N/A,4.06,478,05/27/21,"Imperial stout with lots of oatmalt and oat flakes aged 16 months in Irish grain whiskey barrels. 2019. decemberében főztük, majd 2020 január elejétől 2021 május végéig grain whisky hordóban érleltük. Olajosan sűrű, édes, komplex sörital ",hungary
47,5273252,Mad Scientist,Roasters Paradise Koke Shalaye - Etiópia,Stout - Imperial / Double Coffee,https://untappd.com/b/mad-scientist-roasters-paradise-koke-shalaye-etiopia/5273252,13.0,N/A,4.05,1612,03/14/23,collab with CASINO MOCCA ,hungary
48,6555907,Brew Your Mind,Double Fall,IPA - Imperial / Double New England / Hazy,https://untappd.com/b/brew-your-mind-double-fall/6555907,8.2,N/A,4.05,358,01/02/26,Rising Fall sörünk nagytestvére rengeteg Peacherine és Citra komlóval hidegkomlózva ,hungary
49,4990782,Brew Your Mind,No Memememories,IPA - Imperial / Double,https://untappd.com/b/brew-your-mind-no-memememories/4990782,8.7,N/A,4.05,374,08/24/22,"No Memories DIPA sörünk új, komlósabb verziója. Igazi nagyágyú! Testes, selymes, itatja magát. ",hungary
0,4529456,Huisstekerij H.ertie,Cuvee Pajottenland (2019),Lambic - Gueuze,https://untappd.com/b/huisstekerij-h-ertie-cuvee-pajottenland-2019/4529456,5.0,N/A,4.37,361,10/01/21, ,germany
1,4756443,FrauGruber Brewing,5th Anniversary Imperial Stout,Stout - Imperial / Double,https://untappd.com/b/fraugruber-brewing-5th-anniversary-imperial-stout/4756443,12.5,N/A,4.28,1306,03/17/22,"The biggest Imperial Stout we’ve brewed to date! Huge amount of roasted malts, protein malts and a production time of almost 18 hours in the brewhouse ? It was then fermented with a blend of our two favorite ESB strains and aged in super rare vanilla bourbon barrels for more than 23 months. Pure decadence! ???⁣ ",germany
2,4082887,ATELIER VRAI,TEST TRACE ISOLATE | 2nd Wave edition | pandemic series 4/6,IPA - Triple New England / Hazy,https://untappd.com/b/atelier-vrai-test-trace-isolate-2nd-wave-edition-pandemic-series-4-6/4082887,9.6,N/A,4.26,2094,12/04/20,"truck fonald dump. We used an insanely large amount of hops again, but switched the hopbill. The 2nd Wave Edition of TEST | TRACE | ISOLATE is packed with tons of Simcoe, Simcoe Cryo, Citra and our favourite 2020 variety Talus aka HBC 692 from Yakima Chief HopsMixed fermentation with 3 different yeast strains plus oats plus wheat in the malt bill and a well hidden Abv of 9.6%... Expect great tropical juice flavours, a pillow-like mouthfeel and a dangerous drinkability. And yes - we have added the Corona quick test to the label, can you smell it? #testtraceisolate #stayathome #stayhoppy ",germany
3,6499182,Sudden Death Brewing Co.,Commotio Cordis,IPA - Imperial / Double New England / Hazy,https://untappd.com/b/sudden-death-brewing-co-commotio-cordis/6499182,8.0,N/A,4.23,2287,11/20/25,"Commotio CordisIPA – Imperial / Double New England / Hazy8,0% - N/A IBUDouble dry hopped Hazy Double IPA with Nelson, Motueka, Rakau, Citra.Collaboration with friends and masters of the haze from Montréal, Canada.Contains barley, wheat, oat ",germany
4,5254591,Sudden Death Brewing Co.,Niche Peach Connoisseur 5000,Sour - Fruited,https://untappd.com/b/sudden-death-brewing-co-niche-peach-connoisseur-5000/5254591,6.0,N/A,4.23,2464,02/28/23,"NICHE PEACH CONNOISSEUR 5000 – Imperial Fruit Sour – 8,0%Niche Peach Connoisseur 5000 continues our series of giant totalitarian robots imposing themselves on us puny humans! We conditioned this colossus on a whopping 500 g. / L of peach, mirabelle plum, and apricot purée and concentrate. We then tamed this stonefruit brute with an an inkling of vanilla and sea salt, smoothing it out. The result is a golden orange treat with a slight yellow head. Pure nectar, limited quantities.  ",germany
5,3840037,ATELIER VRAI,TEST TRACE ISOLATE | pandemic series 4/6,IPA - Triple New England / Hazy,https://untappd.com/b/atelier-vrai-test-trace-isolate-pandemic-series-4-6/3840037,9.5,44,4.23,1149,06/22/20,SHARING IS CARINGhttps://www.youtube.com/watch?v=ncaNlxvTFzg       Hops: Citra T90 | Citra Cryo | Idaho 7 Cryo   Yeast: Special blend with our 3 favourite yeaststrainsP.S. Did you smell the pine needles from the can label? Feel free to left a message in the comment section!  ,germany
6,5301890,Sudden Death Brewing Co.,Lava Blast Cannon,Sour - Fruited,https://untappd.com/b/sudden-death-brewing-co-lava-blast-cannon/5301890,8.0,N/A,4.18,1971,04/04/23,"LAVA BLAST CANNON – Imperial Fruit Sour – 8,0% And many a fire there burns beneath the ground.Lava Blast Cannon is our Imperial Sour base conditioned on a 375 g. / L of strawberry, rhubarb, and lemon purée and concentrate. We then seasoned this jammy delight with a dash of vanilla and sea salt, pie-ing it up like Grandma would.The result is a pinkish red goodie with a light white head. It’s wholesome and comforting. Liquid nostalgia.*CONTAINS LACTOSE* ",germany
7,4309266,ATELIER VRAI,OPEN SESAME. | pommes & disco series 5/5,IPA - Triple New England / Hazy,https://untappd.com/b/atelier-vrai-open-sesame-pommes-and-disco-series-5-5/4309266,9.5,N/A,4.18,1113,05/12/21,"Fill out the chart, stick it on your bathroom mirror, take a photo and tag us on instagram. Then scan the QR Code and dance to the beats of Celestino, one of our  favourite DJs in Frankfurt:soundcloud.com/celestinobr/sets/supportlocal ",germany
8,6220978,Sudden Death Brewing Co.,Doggo´s Delight,Sour - Fruited,https://untappd.com/b/sudden-death-brewing-co-doggo-s-delight/6220978,6.0,N/A,4.17,1681,04/09/25,Follows... ,germany
9,5597236,Sudden Death Brewing Co.,Ghastly Swamp Visions,Sour - Fruited,https://untappd.com/b/sudden-death-brewing-co-ghastly-swamp-visions/5597236,6.0,N/A,4.17,1404,11/08/23,"GHASTLY SWAMP VISIONSFruit Sour – 6% Ridden with the stench of death, harrowing hallucinations blur my eyes, as I take my last breath… Ghastly Swamp Visions is our Fruit Sour base conditioned on 400 g. / L of blueberry, blackberry, blackcurrant, and lemon purée and concentrate. We then deliquesced cinnamon, vanilla, and sea salt into this aqueous murk, giving an otherworldly phantasmal rise to this sweet and sour dark fuchsia concoction from the bog. We hope you enjoy our last Fruit Sour of the year. More to come in 2024… ",germany
10,6458265,FUERST WIACEK Berlin,Skulls and Palms,IPA - Triple New England / Hazy,https://untappd.com/b/fuerst-wiacek-berlin-skulls-and-palms/6458265,10.0,N/A,4.17,656,10/24/25,"TDH TIPA - Dry hopped with Citra, Eggers Nelson and Eggers Riwaka.Thick, juicy, sticky, syrupy, and packed to bursting point with incredible flavour — this is a MASSIVE beer. It’s heavy with intense aromas of honey, pineapple, Sour Patch Kids, nectarine, and passion fruit. The flavours are full: sticky, overripe mango, orange zest, cotton candy, a hint of kush, balancing, salty liquorice and a beautifully stick-to-your-teeth dry finish. It fizzes, pops, and bursts on your tongue like a firework — its flavours exploding across your senses with a finish that lasts longer than a performance of Faust. DO NOT MISS IT! ",germany
11,5142716,FrauGruber Brewing,Phantom Lord,Stout - Imperial / Double,https://untappd.com/b/fraugruber-brewing-phantom-lord/5142716,13.8,N/A,4.17,1472,12/02/22,Barrel Aged Imperial Stout  ,germany
12,4428747,Huisstekerij H.ertie,Chain Reaction,Lambic - Gueuze,https://untappd.com/b/huisstekerij-h-ertie-chain-reaction/4428747,5.5,N/A,4.17,554,07/25/21,Blend of Barrel Aged Alvinne Chain Reaction and Lambic from 2013 & 2014. Bottled on 05/06/2019. ,germany
13,6220981,Sudden Death Brewing Co.,Dread Moon Cove,Stout - Imperial / Double,https://untappd.com/b/sudden-death-brewing-co-dread-moon-cove/6220981,12.0,N/A,4.16,1780,04/09/25,Follows... ,germany
14,4295693,BrewHeart,Talus of Mystery and Imagination (2021),IPA - Triple New England / Hazy,https://untappd.com/b/brewheart-talus-of-mystery-and-imagination-2021/4295693,10.2,N/A,4.16,2935,05/03/21,"Powerful Triple IPA with the who's who of the hop world. Hops: Talus, Strata, Mosaic BBC, Mosaic Lupomax, Citra BBC, Citra IncognitoMalts: Barley, wheat, oat. ",germany
15,4091117,BrewHeart,Snoop Hopp,IPA - Triple New England / Hazy,https://untappd.com/b/brewheart-snoop-hopp/4091117,10.0,N/A,4.16,2600,12/09/20,"Juicy, hazy, and rich Triple IPA.Featuring some of our favorite hops: Nectaron, Strata, Citra, and Simcoe. Malts: barley, wheat, oat. ",germany
16,4534814,FUERST WIACEK Berlin,Time Collapse,IPA - Triple New England / Hazy,https://untappd.com/b/fuerst-wiacek-berlin-time-collapse/4534814,10.0,N/A,4.16,2889,10/05/21,"TIPA – Dry hopped with Strata, Motueka & Citra. ",germany
17,5354671,FUERST WIACEK Berlin,Hopsicle,IPA - Imperial / Double New England / Hazy,https://untappd.com/b/fuerst-wiacek-berlin-hopsicle/5354671,8.0,N/A,4.16,6676,05/12/23,"DDH DIPA – Dry hopped with Citra, Motueka & Galaxy ",germany
18,5218588,Sudden Death Brewing Co.,Space Doom Vacuum,Sour - Fruited,https://untappd.com/b/sudden-death-brewing-co-space-doom-vacuum/5218588,6.0,N/A,4.16,1430,01/31/23,"Space Doom VacuumSmoothie Sour – 6,0% The Primeval One. Our ‘Big Bang’ Sour. Space Doom Vacuum cemented our standing as one of the top fruit sour brewers in Europe. This fruit bomb was conditioned on a whopping 500 g. / L of blackcurrant, sweet cherry, and sour cherry purée and concentrate, and rounded out with vanilla and sea salt. Still fresh, luxurious, and flavourful as ever. Get it while you can! ",germany
19,3208898,Huisstekerij H.ertie,Kweepeer,Lambic - Fruit,https://untappd.com/b/huisstekerij-h-ertie-kweepeer/3208898,5.0,N/A,4.16,682,05/03/19,Lambic with Quinces ,germany
20,6271579,Sudden Death Brewing Co.,Holy Diver,IPA - Imperial / Double New England / Hazy,https://untappd.com/b/sudden-death-brewing-co-holy-diver/6271579,8.5,N/A,4.15,2288,05/19/25,"Holy Diver @somabeer collabTDH Double IPA w/ Citra, Motueka, Simcoe, Sabro – 8,5%We’re proud to present our after-birthday collab 2 / 2 with none other than Humulus Lupulus (hop) evangelists@somabeer.A SOMA-style base with Sudden Death-style hopping, Holy Diver was heavily triple dry hopped with a 2:2:1 ratio of ourselected Citra, right-on-the-plane @freestylehops CY25 Motueka (thanks again Joe!), and our selected Simcoe. It was thenblessed with dab of advanced Sabro hop products to elevate the whole to a higher place, bestowing this hop congregationwith the most marvelous bouquet of sweet citrus and tropical fruit.Dense cream yellow and saturated with hop devotion to the very last milliliter, prayers have been answered – juice for themasses, juice for the believers!hop varieties / products: selected Citra (T-90, Cryo), Motueka (T-90, SubZero Hop Kief), selected Simcoe T-90, Sabro(DynaBoost, HyperBoost ",germany
21,3136093,FrauGruber Brewing,SuperSoul,IPA - Triple New England / Hazy,https://untappd.com/b/fraugruber-brewing-supersoul/3136093,10.0,N/A,4.15,2901,03/20/19,Select and Citra BBC ,germany
22,6606460,Sudden Death Brewing Co.,Space Doom Vacuum (2026),Sour - Smoothie / Pastry,https://untappd.com/b/sudden-death-brewing-co-space-doom-vacuum-2026/6606460,5.0,N/A,4.15,810,02/19/26,"Heavily fruited Smoothie Sour with blackcurrant, sweet cherry, sour cherry.Please keep cold and gently roll can before pouring.Contains barley, wheat, oats, lactose. ",germany
23,5091360,FrauGruber Brewing,Voodoo Priest,Stout - Imperial / Double,https://untappd.com/b/fraugruber-brewing-voodoo-priest/5091360,13.8,N/A,4.14,1318,10/27/22,Imperial stout aged in cherry brandy barrels ,germany
24,3681072,Sudden Death Brewing Co.,Let´s Order A Pizza,IPA - Triple,https://untappd.com/b/sudden-death-brewing-co-let-s-order-a-pizza/3681072,10.0,N/A,4.14,3387,02/19/20,"Let´s order a Pizza - TIPA 10%Hops: Citra BBC, Galaxy, Amarillo BBC, Centenial BBC ",germany
25,678771,Huisstekerij H.ertie,Lambik Ohrwal,Lambic - Traditional,https://untappd.com/b/huisstekerij-h-ertie-lambik-ohrwal/678771,5.5,N/A,4.14,354,05/13/14,botteldatum 15-03-13blend van een Belgisch bier uit een abdij & oude en jonge Lambik ,germany
26,4267104,Sudden Death Brewing Co.,It's Friday My Dudes,IPA - Triple,https://untappd.com/b/sudden-death-brewing-co-it-s-friday-my-dudes/4267104,10.0,N/A,4.14,1682,04/15/21,"Hey you don't be lateTill death do us party right here on Crystal Lake It’s Friday my Dudes - TIPA 10%Whirlpool: Mosaic BBCDry Hop: Vic Secret, Talus, Mosaic BBC and Simcoe Cryo  ",germany
27,5998896,Sudden Death Brewing Co.,The Magic Rites At Midnight,Stout - Imperial / Double,https://untappd.com/b/sudden-death-brewing-co-the-magic-rites-at-midnight/5998896,13.4,N/A,4.14,1005,09/27/24,"Imperial Stout – 13,4%‘Great fires rage outside of this wooded sanctuaryThe embers of the ceremonial fire burn to ashI am alone here no more…’A first for us in many ways.A velvety and decadent Imperial Stout conditioned on a mountain of Italian pistachios, Tahitian vanilla beans, and fine British sea salt.Shout out to our pub kitchen team for helping us roast trays upon trays of nuts!October pre-release available exclusively on tap and in can for takeaway at Brewed Festival only. ",germany
28,4992125,FUERST WIACEK Berlin,Diamonds,Stout - Imperial / Double Pastry,https://untappd.com/b/fuerst-wiacek-berlin-diamonds/4992125,12.0,N/A,4.14,1974,08/25/22,Imperial Stout with Coconut & Hazelnut ,germany
29,6683017,Sudden Death Brewing Co.,Echoes of Collapse,IPA - Imperial / Double New England / Hazy,https://untappd.com/b/sudden-death-brewing-co-echoes-of-collapse/6683017,8.0,10,4.13,760,04/23/26,"Citra-forward Hazy Double IPA with an undisclosed hop bill.contains: barley, wheat, oats ",germany
30,5827038,ATELIER VRAI,TEST TRACE ISOLATE | post pandemic series 4/6,IPA - Triple New England / Hazy,https://untappd.com/b/atelier-vrai-test-trace-isolate-post-pandemic-series-4-6/5827038,9.6,N/A,4.13,1098,05/13/24, ,germany
31,5167702,FUERST WIACEK Berlin,Neon Moon,IPA - Triple New England / Hazy,https://untappd.com/b/fuerst-wiacek-berlin-neon-moon/5167702,10.0,N/A,4.12,2104,12/19/22,"DDH TIPA - Dry hopped with Citra & HBC 586Neon Moon is a 10% Triple IPA collaboration with Wren House Brewing Co from Phoenix, Arizona.Drew from Wren House was with us in Berlin for the brew day and, as is collaboration brew tradition, took care of the first hop addition. We later dry hopped the beer with the ever dependable Citra and the experimental hop HBC 586. ",germany
32,6683030,Sudden Death Brewing Co.,The Thing That Does Everything,IPA - Quadruple,https://untappd.com/b/sudden-death-brewing-co-the-thing-that-does-everything/6683030,12.0,20,4.12,676,04/23/26,"Hazy Quadruple IPA with Nelson, Southern Cross, Eclipse, Citra.hop varieties / products: Nelson T-90, Southern Cross (T-90, Hop Kief), Eclipse T-90, Citra (Incognito, Spectrum, LupoMax)contains: barley, wheat, oats ",germany
33,5352162,Sudden Death Brewing Co.,Show No Mercy,IPA - Triple New England / Hazy,https://untappd.com/b/sudden-death-brewing-co-show-no-mercy/5352162,9.5,N/A,4.12,1198,05/10/23,"SHOW NO MERCY – DDH TIPA – 9,5%“THE ULTIMATE WARRIOR IS OUT OF CONTROL!!!”Citra (T-90 and Cryo), Simcoe (T-90 and Cryo), and Warrior were Gorilla Press Slammed into this ‘80s superstar.We taste mango and citrus with a whiff of sweet flowers.  ",germany
34,2570491,ATELIER VRAI,MACADAMIA NUT PORTER /// NITRO FOAM FESTIVAL EDITION,Porter - Other,https://untappd.com/b/atelier-vrai-macadamia-nut-porter-nitro-foam-festival-edition/2570491,5.6,24,4.12,744,03/25/18,NUR AUF FESTIVALS: Unser SAMT & SEIDE Porter mit super cremigem Stickstoff-Bierschaum von Macadamia Nüssen. Malz: Gerstenmalz | Roggenmalz | Karamellmalz | Röstmalz | RauchmalzHopfen: Perle | Taurus | Bramling XHefe: Irish & London Ale ,germany
35,5351335,Sudden Death Brewing Co.,Let´s Order A Family Pizza,IPA - Quadruple,https://untappd.com/b/sudden-death-brewing-co-let-s-order-a-family-pizza/5351335,11.5,N/A,4.12,2656,05/09/23,"LET’S ORDER A FAMILY PIZZA – TDH QIPA – 11,5%Whoa! What a weekend!Our dear friends from @basquelandbrew, @beretatm, and @finbackbrewery came over for our 1st Brewery and Pub Anniversay, and we brewed a pretty crazy……double-mashed triple dry hopped quadruple IPA with five hop varietals.This monster is jam-packed with Citra (T-90, Cryo, and LupoMAX), HBC 630 (T-90 and Cryo), Pacific Jade, Hallertau Blanc, and Idaho Gem.Humongo big sticky icky sweet juice.  ",germany
36,4204969,Sudden Death Brewing Co.,Three Million Light Years From Home,IPA - Triple,https://untappd.com/b/sudden-death-brewing-co-three-million-light-years-from-home/4204969,10.0,N/A,4.12,1898,03/04/21,"Three Million Light Years from Home - TIPA 10%Hops: Tri2304CR Blends Cryo, Citra BBC, Amarillo BBCPhone Home ...nothing more to say ... on our path trough childhood memories , this one is a no brainer! We just had to do it!Unreal Label by @philip.russell ! This even might be our favorite TIPA so far too  ",germany
37,5510198,Huisstekerij H.ertie,Druiven Kriek,Lambic - Kriek,https://untappd.com/b/huisstekerij-h-ertie-druiven-kriek/5510198,6.0,N/A,4.11,448,09/02/23, ,germany
38,6083317,Sudden Death Brewing Co.,All Highs No Lows,IPA - Triple New England / Hazy,https://untappd.com/b/sudden-death-brewing-co-all-highs-no-lows/6083317,10.0,N/A,4.11,2058,12/05/24,"All Highs No Lows // collab w/ @fuerstwiacekbrewTDH TIPA – 10,0%What happens when the two best hop-forward German breweries make a beer together?A hoppy beer.…surprise!100% hotside (mash, boil, dip) hopped with Citra; heavily triple dry hopped with Krush T-90+HyperBoost, Citra T-90+LupoMax, Mosaic, @freestylehops Peacharine.Waves and waves of pineapple, peach (duh!), kush. ",germany
39,4910384,FrauGruber Brewing,Simcoe Vibes,IPA - Triple New England / Hazy,https://untappd.com/b/fraugruber-brewing-simcoe-vibes/4910384,10.4,N/A,4.11,1173,06/30/22,Hops: YCH 301 Trial Cryo Hops ,germany
40,6636749,FUERST WIACEK Berlin,Stellar!,IPA - Imperial / Double New England / Hazy,https://untappd.com/b/fuerst-wiacek-berlin-stellar/6636749,8.0,N/A,4.11,1602,03/16/26,"STELLAR!8% DDH DIPA - Dry hopped with Citra, Rakau & NelsonPURE JUICE, Mango, Passionfruit, Green Grape Skin Collab with Third Moon Brewing. ",germany
41,6628990,Kreuzbräu,Möbiusschleife,IPA - Imperial / Double New England / Hazy,https://untappd.com/b/kreuzbrau-mobiusschleife/6628990,8.0,59,4.11,406,03/10/26,"For the 8th Anniversary of Biererei Bar & Vintage Cellar we brewed this hop loaded Hazy DIPA packed with Citra, Simcoe, Idaho 7 & Mosaic. Let's drink this beer to uncountable years to come for our favorite watering hole. ",germany
42,5560862,Sudden Death Brewing Co.,Harvester of Sorrow,IPA - Imperial / Double New England / Hazy,https://untappd.com/b/sudden-death-brewing-co-harvester-of-sorrow/5560862,8.4,N/A,4.11,1658,10/11/23,"HARVESTER OF SORROWDDH India Pale Ale – 8,4% Sow, sow, sow your oats, gently down the field… merrily, merrily, merrily, merrily… scythed into a (death) dream! Harvester of Sorrow was dry hopped with Mosaic, Talus, and Simcoe. We taste sweet berry, kumquat, and kush. ",germany
43,6499171,Sudden Death Brewing Co.,Nailed Shut,IPA - Imperial / Double New England / Hazy,https://untappd.com/b/sudden-death-brewing-co-nailed-shut/6499171,8.0,N/A,4.1,2368,11/20/25,"Nailed ShutIPA – Imperial / Double New England / Hazy8,0% - N/A IBUDouble dry hopped Hazy Double IPA with Nelson, El Dorado, Galaxy, Krush.Collaboration with some of our best mates across the North Sea in North England.Contains barley, wheat, oat ",germany
44,4285798,Blech.Brut,Gods & Monsters,IPA - Triple New England / Hazy,https://untappd.com/b/blech-brut-gods-and-monsters/4285798,9.1,N/A,4.1,1538,04/27/21,Citra | Vic Secret | Cashmere ,germany
45,4805135,Sudden Death Brewing Co.,Let´s Order A Pizza ( 2022 ),IPA - Triple New England / Hazy,https://untappd.com/b/sudden-death-brewing-co-let-s-order-a-pizza-2022/4805135,10.0,N/A,4.1,2491,04/20/22, ,germany
46,6308949,Sudden Death Brewing Co.,Beyond Death,IPA - New England / Hazy,https://untappd.com/b/sudden-death-brewing-co-beyond-death/6308949,6.5,N/A,4.1,977,06/19/25,"Beyond Death w/ @beyondbeerDDH India Pale Ale w/ Citra, Mosaic, Nelson, Motueka – 6,5%1, 3, 5… 10!10 years of Beyond Beer! What a milestone!Beyond Death was brewed in collaboration with the team from Hamburg’s favourite bottleshop and is nothing less than an absolute hammer of an IPA.Waves and waves of juicy stonefruit, sweet and sour citrus, and that New Zealand thang our teams simply can’t get enough of.hop varieties / products: Citra T-90, Mosaic (DynaBoost, HyperBoost, Cryo), Nelson T-90, Motueka T-90. ",germany
47,6051524,FUERST WIACEK Berlin,Beer To End All Beers,IPA - Quadruple,https://untappd.com/b/fuerst-wiacek-berlin-beer-to-end-all-beers/6051524,12.0,N/A,4.1,1483,11/08/24,"Quadruple dry hopped Quadruple IPA in collaboration with HopcaveDry hopped with Citra, Mosaic & Nelson.We decided to brew our first ever QIPA to celebrate our good friend Felipe (Hopcave) reaching his 10,000th new beer (his 600th from FW) on Untappd. A feat of this magnitude deserved a beer to match and what a beer this is! Clocking in at a nerve shaking 12% this one isn't for the faint hearted. It's literally bursting with the tongue tinging tastes of the tropics; pineapple, passionfruit, mango and sharp citrus, backed up with a bold, brash booziness. So grab a can and raise a glass in salutation of Felipe and his momentous thirst for new beer. PROST ",germany
48,6349847,Sudden Death Brewing Co.,Dr. Tweak’s Peach Creeps,Sour - Fruited,https://untappd.com/b/sudden-death-brewing-co-dr-tweak-s-peach-creeps/6349847,6.5,N/A,4.1,1444,07/23/25,"Dr. Tweak’s Peach FreaksSmoothie Sour w/ peach, cherry, lemon, lime – 6,5%Deep in his underground laboratory, Doctor Tweak plays Almighty Creator ⚡ Little does he know, experimentation canlead to the most abominable of results… twin tart rings, sentient, with fangs and eyes and all!Peach Freaks is our peach ring candy-inspired sour conditioned on a healthy 350 g. / L of peach  cherry  lemon  andlime purée and juice concentrate.Tangy, sweet, and darn nostalgic fruits / adjuncts: peach, cherry, lemon, lime, sea salt. ",germany
49,3836002,Blech.Brut,Unknown Lacks Fame,IPA - Triple New England / Hazy,https://untappd.com/b/blech-brut-unknown-lacks-fame/3836002,9.5,N/A,4.1,1074,06/20/20, ,germany
0,5447120,Sibeeria Brewery,All You Need is Oak,Stout - Imperial / Double,https://untappd.com/b/sibeeria-all-you-need-is-oak/5447120,14.0,N/A,4.23,1155,07/16/23,"Whisky BA Imperial Stout, 36° Plato, 14% ABV. Tohle je nejmohutnější pivo, co jsme doposud uvařili. Třicetšestka, které trávila 17 měsíců v několika čerstvých barelech po lokální whisky, dokud jsme nebyli přesvědčeni, že chutná přesně podle našich představ. Z téhle krémově husté, černočerné kapaliny přímo leze podmanivé aroma karamelu, mléčné čokolády a vanilky. Zbytkový cukr precizně vyvažuje vyšší obsah alkoholu s jemnou taninovou strukturou z dlouhého zrání ve dřevě. Cíleně jsme se vyhnuli jakýmkoliv obvyklým ochucovadlům, abychom ukázali, jak může chutnat čistý stout, když dostane dostatek času v těch správných podmínkách.This is the biggest beer we’ve brewed thus far. The 36-plato thick stout spent almost 17 months in several super-fresh locally sourced whisky barrels until we felt they are just where we want them to be. Luscious, thick, blackest black kind of liquid presents the overpowering aroma of dark caramel, milk chocolate and vanilla. Residual sugars are tightly balanced with high alcohol content and light tannic structure from the long wood ageing. Strictly avoiding any adjuncts, we wanted this beer to be a pure expression of what a big stout can be when you give it enough time in the right conditions. ",czech-republic
1,4582782,Pivovar ZICHOVEC,Coconut Vanilla Cacao Stout 2021,Stout - Imperial / Double,https://untappd.com/b/pivovar-zichovec-coconut-vanilla-cacao-stout-2021/4582782,14.5,N/A,4.22,825,11/06/21,"Pro naše kakaovo-vanilkové barelové pivo jsme vytvořili blend z 18 měsíců stařených stoutů z bourbonových sudů s jemnějším charakterem, které slouží jako základ pro přídavek kakaa, kakaových bobů a vanilky. Vzniká tak velmi hřejivý zážitek s komplexní chutí, která se skvěle pojí s dřevitým charakterem sudů.For our cocoa-vanilla barrel-aged beer we blended several of our 18 months bourbon barrel aged stouts that developed a softer character, providing a great base for addition of cacao, cocoa nibs and vanilla beans. So came to be a warming sensation with complex flavour, that well compliments the woody properties given by the barrels. ",czech-republic
2,4658602,Pivovar ZICHOVEC,Peanut Cacao Stout 2021,Stout - Imperial / Double Pastry,https://untappd.com/b/pivovar-zichovec-peanut-cacao-stout-2021/4658602,14.5,N/A,4.17,739,12/28/21,"This year’s experiment is the first time we ever used peanut flour in beer. For this creation we choose some of the smoother stouts from this year’s 18 months aged bourbon barrels, so that the peanut flavour really comes forward. As a companion to peanuts we reached after cocoa nibs, that adds to the complexity of the base stout. Illustrations for our barrels series are made by indie artists, so that the quality of the packaging reflects the quality of the beers. Label artist is David Mazanec. ",czech-republic
3,5494951,Pivovar ZICHOVEC,Coconut Stout 2023,Stout - Imperial / Double,https://untappd.com/b/pivovar-zichovec-coconut-stout-2023/5494951,14.5,N/A,4.16,664,08/21/23,"Coconut Stout se vrací každý rok a každý rok ztělesňuje naší posedlost extrakcí kvalitního kokosu. Pro tento blend dvouletých stoutů vybíráme ty hořčí a drsnější barely, ty jsou pak po přidání obrovské množství praženého kokosu zjemněny a výsledek je tak vyvážený. Etiketu pro Coconut Stout už dělá po třetí Mára Čmára.Coconut Stout returns year after year, embodying our obsession with extracting quality coconut. For this blend of two-year-old stouts, we choose the bitterest and harshest barrels, which are then softened after adding a huge amount of roasted coconut, and the result is thus very balanced. This is the third time Mára Čmára is making the label for Coconut Stout. ",czech-republic
4,3878579,Pivovar ZICHOVEC,Stout Coconut – Barrel Project,Stout - Imperial / Double,https://untappd.com/b/pivovar-zichovec-stout-coconut-barrel-project/3878579,14.5,N/A,4.16,376,07/18/20,18 months bourbon barrel aged. Coconut added. ,czech-republic
5,3889152,Pivovar ZICHOVEC,Stout Coffee + Maple Syrup – Barrel Project,Stout - Imperial / Double Coffee,https://untappd.com/b/pivovar-zichovec-stout-coffee-maple-syrup-barrel-project/3889152,13.0,N/A,4.16,465,07/25/20,stout aged 18 months in burbon barrels than conditioned on coffee from Doubleshot and maple syrup from canada ,czech-republic
6,3572075,Métaphore,Here And Now: Apricot,Wild Ale - Other,https://untappd.com/b/metaphore-here-and-now-apricot/3572075,7.2,N/A,4.13,941,12/09/19,"Coolshipped and spontaneously fermented beer in an oak barrel for 16 months and aged further on organic local apricots for 12 months. Again, different and unique barrel with distinct and standalone character. In this one I am trying to capture the unique essence of one day into a beer and imprint of local terroir and layering the hand picked apricots from a local orchard. Multiple old varieties of apricots give a really complex expression of the fruit and prolonged aging make for a deep, rich flavour. The backbone of a beer is again built on local organic barley malt and raw organic spelt from the local Hare Krishna community, where they live and function in a low intervention and organic way for the last 3 decades. ",czech-republic
7,5971829,Pivovar ZICHOVEC,Coconut Tiramisu Barley + Wheat Wine 2024,Barleywine - Other,https://untappd.com/b/pivovar-zichovec-coconut-tiramisu-barley-wheat-wine-2024/5971829,12.0,N/A,4.13,776,09/05/24,"Tento blend dvou sudů ječného a dvou sudů pšeničného vína jsme po 30 měsících ve dřevě nablendovali do jednoho tanku a ochutili kokosem, a amarettem tak abychom přiblížili chuť italského dezertu Tiramisu. Fotografii na etiketu nám poskytl jirkovský fotograf Jakub Soukup.This blend of two barrels of barley wine and two barrels of wheat wine was blended into one tank after 30 months in wood and flavored with coconut and amaretto to bring it close to the flavour of the Italian dessert Tiramisu. The photography for the label was provided by Jakub Soukup, a photographer from our town of Jirkov. ",czech-republic
8,4498071,Pivovar ZICHOVEC,Coffee Maple Syrup Stout 2021,Stout - Imperial / Double Coffee,https://untappd.com/b/pivovar-zichovec-coffee-maple-syrup-stout-2021/4498071,14.5,N/A,4.13,780,09/10/21,"Po osmnácti měsících ležení jsme vybrali bourbon barely pro blend, do kterého přijde javorový sirup a káva z naší spřátelené pražírny Doubleshot. Výsledný stout je jemný, sladší, s lehkým kávovým aroma. Jasná krbová záležitost, která vás zahřeje ve studených měsících.After 18 months of maturing, we chose specific barrels for a blend that will well encapsulate the addition of maple syrup and coffe from our favorit Prague-based roastery Doubleshot. The resulting stout is sweeter with a mild coffe character. A great fireplace drink to accompany you through the cold winter months. ",czech-republic
9,6576611,Pivovar ZICHOVEC,Winter Affair Gossip: Vogelsang,Sour - Smoothie / Pastry,https://untappd.com/b/pivovar-zichovec-winter-affair-gossip-vogelsang/6576611,5.0,N/A,4.11,622,01/22/26,"Otevíráme novou sérii spoluprací Winter Affair Gossip 2026, kterou jsme odstartovali collabem s rakouským pivovarem Vogelsang – jedním z hostů letošního zichoveckého festivalu Winter Affair. A jak chutná naše první společné pivo? Jako ovocný zážitek v podobě ice cream souru – ale tentokrát úplně bez živočišných složek. Místo klasické laktózy jsme použili veganský zmrzlinový prášek, který dodává pivu krémovost a sladkost, a přitom zůstává plně vhodný i pro ty, kdo se laktóze vyhýbají. Základ tvoří kombinace malin, ostružin a černého rybízu, kterou doplňuje jemně zemitý tón červené řepy. Celý chuťový profil pak uzavírá sladká a aromatická tonka, která dodává kulatost a jemně kořeněný závěr. Výsledkem je pivo, které chutná jako dezert – sladké, kyselé, voňavé, s krásnou barvou a hladkou texturou. Není to pastry sour, ale má podobný efekt: potěší smysly a osladí život. A vegani si ho konečně můžou vychutnat naplno.  ",czech-republic
10,4496677,Sibeeria Brewery,Dark Ritual,Stout - Imperial / Double,https://untappd.com/b/sibeeria-dark-ritual/4496677,11.6,N/A,4.11,3163,09/09/21,"Hazelnut, Vanilla & Cocoa Imperial Stout, 30° Plato, 11.6% ABV. Vaření Imperial Stoutu je vždycky svým způsobem rituál – začíná se velmi brzy ráno s nekonečným množstvím sladu, pokračuje se bolestivě pomalým procesem scezování a pak dlouhým varem končícím pozdě v noci. Po pečlivém kvašení ho necháváme měsíce ležet v tanku, a když máme pocit, že je dostatečně hladký, přidáme třešničku na dortu. Tou jsou lískové ořechy podpořené špetkou vanilky a kakaa. Stvořili jsme robustní 11% smetanově černý Stout, která chutná jako jemné pralinky z té nejtmavší čokolády. Hořký závěr, žádná laktóza, žádná ulepená sladkost - jen mnoho různých sladů a okultní umění vaření v dokonalé harmonii.Brewing Imperial Stout is always a kind of ritual here - starting early in the morning with mountains of grain, stretching through painfully slow lautering process and endless boil ending late at night. After careful fermentation we lager it for months and when we feel it’s smooth enough, we add the finishing touch. We thought this one might work nicely with some hazelnuts supported with a dose of vanilla and cocoa. What we got is a robust 11% pitch-black brew tasting like fine pralines from the darkest possible chocolate. Bitter finish, no lactose, no cloying sweetness, just 10+ different malts and the occult art of brewing in perfect harmony. ",czech-republic
11,5670830,Sibeeria Brewery,Zima 2023,Barleywine - English,https://untappd.com/b/sibeeria-zima-2023/5670830,13.8,N/A,4.1,663,01/05/24,"Cognac BA English Barleywine, 36° Plato, 13.8% ABV. Pamatujete si naši loňskou Zimu? Uvedli jsme ji jen v limitovaném množství se špetkou ancho chilli, ale většinu várky jsme ukryli do čerstvých sudů po koňaku, ať tam dozraje. Po dlouhém odpočinku se vrací větší, silnější a intenzivnější. Sušené švestky a karamel původního anglického barleywine teď doplnily v aroma sušené rozinky, fíkový džem, dřevitá vanilka a jemné taniny. Ty ideálně vyvažují vyšší zbytkový cukr a hutnější tělo, které dodávají impozantní plnost a přechází do příjemně hřejivého závěru. Ideální pivo ke krbu. ",czech-republic
12,5409995,Pivovar ZICHOVEC,Stout Willett 2023,Stout - Imperial / Double,https://untappd.com/b/pivovar-zichovec-stout-willett-2023/5409995,14.5,N/A,4.1,510,06/20/23, ,czech-republic
13,4770914,Wild Creatures,Resurrection 2018,Lambic - Fruit,https://untappd.com/b/wild-creatures-resurrection-2018/4770914,12.7,N/A,4.1,648,03/26/22, ,czech-republic
14,4693660,Sibeeria Brewery,"Yummy Pink Guava, Peach, Passion Fruit & Vanilla",Sour - Smoothie / Pastry,https://untappd.com/b/sibeeria-yummy-pink-guava-peach-passion-fruit-and-vanilla/4693660,5.4,N/A,4.1,4560,01/28/22,"Pastry Sour Ale w/ Fruit, 22° Plato, 5.4% ABV. Tohle pivo je naším pokusem přivábit zpátky teplé počasí: zima už nám leze krkem, proto jsme si uvařili zatím nejexotičtější Yummy. Náš multivitamínový džus s trochou hřejivého alkoholu (než se to slunce vrátí) je spojením marakuji s růžovou guavou a trochou broskví, což ještě podtrhuje mexická vanilka. Finální výsledek je přímo definicí léta ve sklenici, která by se neztratila ani na stole se snídaní. Ne že bychom něco naznačovali, jenom informujeme.This Yummy is us trying to lure the warm weather back: sick already of the winter, we brewed our most exotic Yummy so far. The multi-vitamin juice with some warming alcohol content (for before the sun returns) combines passion fruit and pink guava with some peach, all highlighted by our favourite Mexican vanilla. The final blend is the very definition of summer in a glass and would not look inappropriate on a breakfast table. We’re not giving any hints here, just stating. ",czech-republic
15,5202144,Sibeeria Brewery,"Yummy Pineapple, Papaya & Coconut",Sour - Smoothie / Pastry,https://untappd.com/b/sibeeria-brewery-yummy-pineapple-papaya-and-coconut/5202144,5.1,N/A,4.09,2610,01/17/23,"Pastry Sour Ale, 24° Plato, 5.1% ABV. Letní koktejl do studené zimy! Tentokrát jsme náš pivní tank naplnili hromadami ananasu a papáji a přidali trochu kokosu a vanilky. V kombinaci se sladkým tělem má tato mňamka inspirovaná piña coladou tak daleko od piva s chutí piva, jak jen to jde. Tohle je v podstatě léto v plechovce, takže vás naladí a nadchne na letní dovolenou dlouho před příchodem skutečného léta.Temperatures outside recently rose above freezing point, so it’s obviously the right time for a summer cocktail. Long overdue, here is the new Yummy! This time we filled the tank with heaps of pineapple and papaya and added some coconut and vanilla. Combined with its chewy body, this piña colada-inspired Yummy is about as far from a beer-flavoured beer as it gets. Basically an instant summer in a can to provide a beach fix before the actual summer arrives. ",czech-republic
16,6527430,Sibeeria Brewery,Zima 2025,Barleywine - English,https://untappd.com/b/sibeeria-brewery-zima-2025/6527430,11.0,N/A,4.09,375,12/12/25,"Bourbon Barrel Aged Barley Wine w/ Tonka & Cacao, 32° Plato, 11% ABV. Po trpělivém zrání v sudech po bourbonu letošní Zima odhaluje štědrou paletu chutí: sušené ovoce jako švestky a rozinky, jemné vanilkové tóny a bohaté vrstvy karamelizovaného sladu. Charakter sudu dodává pivu hloubku a vyzrálost, k vyváženosti a svátečnímu pocitu přispívá následné doležení s kakaovými a tonka boby. Vytříbené barley wine stvořené pro výjimečné chvíle — nebo pro to, aby proměnilo obyčejný večer v tichou oslavu.After resting patiently in bourbon barrels, this year’s Zima reveals a rich tapestry of flavours: dried fruits like plum and raisin, soft vanilla warmth, and gentle layers of caramelised malt. The barrel character lends depth and maturity, yet the beer remains smooth and surprisingly graceful. A refined barley wine crafted for meaningful moments — or for turning an ordinary evening into something quietly celebratory. ",czech-republic
17,3878654,Pivovar ZICHOVEC,Stout Laphroaig – Barrel project,Stout - Imperial / Double Oatmeal,https://untappd.com/b/pivovar-zichovec-stout-laphroaig-barrel-project/3878654,14.5,N/A,4.08,333,07/18/20,18 months laphroaig barrel aged ,czech-republic
18,4517120,Pivovar ZICHOVEC,Stout Laphroaig 2021,Stout - Imperial / Double,https://untappd.com/b/pivovar-zichovec-stout-laphroaig-2021/4517120,14.5,N/A,4.08,712,09/23/21,"Legendární whisky skotské palírny Laphroaig si získala přízeň mnoha. Její nekompromisní chuť založená na nakuřování sladu rašelinovým kouřem cení i mnozí v našem pivovaru. Proto se stala při výběru sudu pro náš barelový projekt jasnou volbou. Náš stout se po 18 měsících staření může pyšnit opravdu silnou rašelinovou chutí.Legendary Scottish whisky distilery Laphroiag has earned respect of masses. It's uncompromising flavour based on peated malt is loved by many of our brewery colleagues and so it's always an easy choice when we are deciding what barrels to fill fo our aging project. After 18 months the peat really comes forward, rewarding ours and our customer's patience. ",czech-republic
19,4597701,Sibeeria Brewery,"Yummy Blueberry, Raspberry, Chocolate & Maple Syrup",Sour - Smoothie / Pastry,https://untappd.com/b/sibeeria-yummy-blueberry-raspberry-chocolate-and-maple-syrup/4597701,5.4,N/A,4.08,4034,11/17/21,"Pastry Sour Ale w/ Fruit, 20° Plato, 5.4% ABV. Ano, legislativně je to pořád pivo! Naše nové Yummy opět posouvá hranice o něco dál: tohle hustě sametové a agresivně fialové smoothie vzniklo spojením absurdního množství borůvkového a malinového pyré s nejtmavším javorovým sirupem, jaký jsme našli, a navrch trochou čokolády. Na svůj obsah alkoholu se pije až nebezpečně lehce. Vyzkoušeno!It doesn’t look like it, but legally it is still a beer! Our new Yummy is pushing the boundaries again a bit further: this creamy, thick, offensively purple beer-smoothie combines absurd amounts of blueberry and raspberry puree with the darkest maple syrup we could find, topped with some extra chocolate. It drinks way too easy for the ABV, so be careful. We tried that for you. ",czech-republic
20,4296612,Pivovar ZICHOVEC,More Nectar More Happiness 20,IPA - Imperial / Double New England / Hazy,https://untappd.com/b/pivovar-zichovec-more-nectar-more-happiness-20/4296612,9.0,N/A,4.08,1998,05/04/21,20 Platon- with Citra and Citra Cryo ,czech-republic
21,4588410,Pivovar ZICHOVEC,Stout Bourbon 2021,Stout - Imperial / Double,https://untappd.com/b/pivovar-zichovec-stout-bourbon-2021/4588410,14.5,N/A,4.08,743,11/11/21,"Ty nejlepší osmnáctiměsíční sudy z letošní barelové ""sklizně"" jsme použili pro letošní nejryzejší blend. Kombinace bourbonových sudů od palíren Woodford Reserve a Jim Beam vytvořila velmi komplexní, intenzivní, přesto jemnou chuť, která slouží jako deklarace našich schopností, našich preferencí a naší představy o tom, kam sahají možnosti staření v bourbonových sudech.The best 18 months old bourbon barrels of this year's barrel ""harvest"" we joined in our purest blend. We combined barrels from Woodford Reserve and Jim Beam distilleries creating a very complex, intense but still smooth flavour, that stands as a manifest to our barrel aging capabilities. ",czech-republic
22,4067108,Pivovar Raven,Black Label #5: Ice Blueberry Cake Sour Ale,Sour - Other,https://untappd.com/b/pivovar-raven-black-label-5-ice-blueberry-cake-sour-ale/4067108,11.0,7,4.07,557,11/23/20,"Letos jsme pekli babiččin borůvkový koláč. Takový ten úžasný s drobenkou a připečenými růžky. Na ozdobu jsme přidali červený rybíz a celé to vymrazili, aby to mělo grády. Račte se zakousnout. ",czech-republic
23,6432327,Pivovar ZICHOVEC,Coffee Maple Sirup Stout 2025,Stout - Imperial / Double Coffee,https://untappd.com/b/pivovar-zichovec-coffee-maple-sirup-stout-2025/6432327,13.0,N/A,4.07,344,10/02/25, ,czech-republic
24,5971828,Pivovar ZICHOVEC,Choco Orange Jelly Wheat Wine 2024,Wheat Beer - Wheat Wine,https://untappd.com/b/pivovar-zichovec-choco-orange-jelly-wheat-wine-2024/5971828,11.0,N/A,4.07,693,09/05/24,"Cílem tohoto blendu tří pšeničných piv bylo napodobit slavné v čokoládě zalité vánoční gumové bonbóny. Po 30 měsících staření v dřevěných sudech jsme tedy přidali, pomeranče, pomorančovou kůru, kakaové boby a osladili javorovým sirupem. Výsledek je velmi zábavný a překvapivě pitelný. Dizajn etikety nám propůjčila teplická multidisciplinární umělkyně Hannah Saleh.The aim of this blend of three wheat beers was to emulate the famous chocolate-covered Christmas gummies. So after 30 months of aging in wooden barrels, we added, oranges, orange peel, cocoa beans and sweetened with maple syrup. The result is very fun and surprisingly drinkable. The label design was lent to us by the Teplice-based multidisciplinary artist Hannah Saleh. ",czech-republic
25,3901556,Pivovar ZICHOVEC,Stout Bourbon – Barrel Project,Stout - Imperial / Double,https://untappd.com/b/pivovar-zichovec-stout-bourbon-barrel-project/3901556,14.5,N/A,4.06,281,08/02/20,"Stupňovitost 34 / alk. 14,5 %Jedná se o imperiální stout, který ležel ve vybraných sudech po bourbonu po 18 měsíců. Chuťový prodil je velmi komplexní s tóny hořké čokolády, kávy a vanilky.  ",czech-republic
26,3766099,Pivovar ZICHOVEC,Dip Me Into Citra 20,IPA - Imperial / Double New England / Hazy,https://untappd.com/b/pivovar-zichovec-dip-me-into-citra-20/3766099,9.0,N/A,4.06,3863,04/28/20,"Jedna z nejsilnější a rozhodně nejchmelenější neipa našeho pivovaru. Výrazné tóny žlutého melounu a ananasu, plné tělo, sametová struktura.The most hoppy NEIPA of our brewery is here! Strong flavors of yellow melon and pineapple, full body and velvety structure. ",czech-republic
27,5722073,Pivovar ZICHOVEC,Winter Affair Gossip: Brew Your Mind,IPA - Imperial / Double New England / Hazy,https://untappd.com/b/pivovar-zichovec-winter-affair-gossip-brew-your-mind/5722073,9.0,N/A,4.06,1147,02/21/24,"Asi neexistuje moc lepších pocitů pro pivovarníka, jako když si může zavařit várku z některým ze svých největších vzorů. To je pro nás maďarský pivovar Brew Your Mind, jehož nekompromisně nádherně zpracované New England IPA v našich očích stojí na úplném vrcholu evropského pivovarnictví; a nahlédnout do hlavy sládkům za těmito legendárními pivy je prostě zážitek, který lze těžko replikovat.There's probably not much better feeling for a brewer than being able to brew a batch with some of their greatest inspirations. For us, that's Hungarian brewery Brew Your Mind, whose uncompromisingly beautifully crafted New England IPAs stand at the very top of European brewing in our eyes; and getting a glimpse into the minds of the brewers behind these legendary beers is simply an experience that's hard to replicate. ",czech-republic
28,5494952,Pivovar ZICHOVEC,Vanilla Coffee Stout 2023,Stout - Imperial / Double Coffee,https://untappd.com/b/pivovar-zichovec-vanilla-coffee-stout-2023/5494952,13.0,N/A,4.05,655,08/21/23,"Pečlivě vyvážená kombinace kávy a vanilky obohatila tento blend dva roky stařených imperiálních stoutů a přináší vám tak velmi jemný, ale zároveň intenzivní zážitek, který vám možná bude připomínat irskou kávu. Umění na této etiketě pro nás vytvořil David Strauzz.A carefully balanced combination of coffee and vanilla has enriched this blend of two-year-old imperial stouts, bringing you a very delicate yet intense experience that may remind you of Irish coffee. The art on this label was created for us by David Strauzz. ",czech-republic
29,5494953,Pivovar ZICHOVEC,Mexican Hot Chocolate Stout 2023,Stout - Imperial / Double Pastry,https://untappd.com/b/pivovar-zichovec-mexican-hot-chocolate-stout-2023/5494953,14.5,N/A,4.05,580,08/21/23,"Tento blend dva roky stařených stoutů je letos asi ten nejvíce experimentální. Inspirovali jsme se u amerických producentů silných stoutů a vytvořili kombinaci, která v sobě pojí chuť skořice, pálivost chilli papriček a hořkost kakaových bobů. Umění na této etiketě vytvořil Martin Czeller.This blend of two-year-old stouts is probably our most experimental this year. We were inspired by American producers of strong stouts and created a combination that connects the taste of cinnamon, the heat of chili peppers and the bitterness of cocoa beans. The art on this label was created by Martin Czeller. ",czech-republic
30,4605648,Pivovar ZICHOVEC,Coconut Stout 2021,Stout - Imperial / Double,https://untappd.com/b/pivovar-zichovec-coconut-stout-2021/4605648,14.5,N/A,4.05,565,11/22/21,"Pro kokosovou verzi naší barelové série využíváme takové sudy, které si vyvinuly trošku drsnější profil než ostatní. Výraznější dřevité a hořké tóny jsou tak vyhlazeny jemností kokosové chuti. Tento blend 18 měsíců stařených stoutů přinese na stůl velmi vyvážený zážitek s intenzivní chutí bourbonových barelů a kokosu.In our coconut version of our barrel series we utilize such barrels that aged to be a bit rougher in character than the rest. The more pronounced woody and bitter tones are smoothened out with the soft mouthfeel of the coconut. This 18 months barrel-aged stout will therefore bring you an extremely well-balanced experienced with intense taste of bourbon barrels and coconut. ",czech-republic
31,4618600,Sibeeria Brewery,Two-Headed Giant,IPA - Triple New England / Hazy,https://untappd.com/b/sibeeria-two-headed-giant/4618600,9.5,N/A,4.05,1627,12/01/21,"Triple NEIPA, 23° Plato, 9.5% ABV. Když dorazí na návštěvu kluci z Nepomucenu, je jasné, že to neskončí lehkým pivem. Nikdy předtím jsme neuvařili trojitou NEIPU a tahle spolupráce se nabídla jako dokonalá záminka to udělat. Množství pšenice a ovsa, dokonce trochu rýže, vytváří mohutnou, matně jemnou texturu a hustý zákal, zatímco nálož Sabra, Simcoe a Amarilla vás uvrhne přímo do středu ovocné exploze. Two-Headed Giant je vskutku mezinárodním útokem na vaše smysly.When guys from Nepomucen are coming for a visit, you know it won’t end up with subtle beer. We had never brewed a triple NEIPA before and this collab. provided a perfect excuse. Loads of wheat and oats, even some rice, create a big, velvety-smooth mouthfeel and thick haze, while onslaught of Sabro, Simcoe and Amarillo will dip you straight into the middle of a fruit salad. Still being quite dry and bitter, this Two-Headed Giant is a truly international attack on your senses. ",czech-republic
32,4698842,Métaphore,duo des fleurs,Wild Ale - Other,https://untappd.com/b/metaphore-duo-des-fleurs/4698842,7.4,N/A,4.04,382,02/01/22,"A blend of spontaneously fermented beers with Pálava grapes and peaches aged in oak barrels for 18 months. Pálava is aromatic, local grape varietal with a lot of similarities to Gewürztraminer and great acidity on top. There are a plethora of things that inspire me with a vision for the conception of various beers. This particular beer is inspired by the sheer and touching beauty of the namesake opera duet and the environment around us. Have a listen! The interplay of those two delicate and fragrant fruits of the season, local ingredients and fermentation with graceful touch of time helped to create this unique beer. Close your eyes, slow down, calm down and let me know if you get what I meant. Music is such a gift to humanity!  ",czech-republic
33,5494950,Pivovar ZICHOVEC,Tonka Stout 2023,Stout - Imperial / Double Pastry,https://untappd.com/b/pivovar-zichovec-tonka-stout-2023/5494950,14.5,N/A,4.04,589,08/21/23,"Fazole Tonka jsou surovinou jihoamerické a francouzské kuchyně, ve zbytku Evropy ji známe hlavně skrze pivovarnictví. Jde o tvrdé boby, které předávají kořenitou chuť podobnou skořici, hřebíčku, oříškům a vanilce a z našeho dva roky stařeného stoutu tak dělají opravdu příjemný dezertní zážitek. Etiketu má na svědomí Martin Kiman.Tonka beans are an ingredient of South American and French cuisine, in the rest of Europe we know them mainly through brewing. These are almond-like beans that impart a spicy flavor similar to cinnamon, cloves, nuts and vanilla, making our two-year-old stout a truly pleasant dessert experience. Martin Kiman is responsible for the label. ",czech-republic
34,4857014,Sibeeria Brewery,Eternal Winter,Barleywine - Other,https://untappd.com/b/sibeeria-eternal-winter/4857014,10.1,N/A,4.04,696,05/25/22,"Barrel Aged English Barleywine, 30° Plato, 10.1% ABV. Zimu, náš barley wine, každou zimu vaříme s jiným receptem a tu před dvěma lety jsme prokvasili o něco méně, abychom ji připravili na dlouhé zrání ve dřevě. Díky jednoduchému sypání a pomalému, opatrnému kvašení s výraznými anglickými kvasnicemi, byla dost komplexní už předtím, než jsme ji uložili do starých, velkých sudů po Sherry, ve kterých mezitím zrála jedna z našich oblíbených jednosladových skotských whisky. Taky do čerstvého barelu po bourbonu. Nechali jsme je pak působit dlouhých 14 měsíců. Intenzivní tóny Sherry se krásně mísí s ovocnými estery, whisky dodává příjemně hřejivý nádech, bourbon zase vanilkovou sladkost a taniny ze dřeva vyvažují jemné jantarové tělo. Tohle pivo je určeno na dlouhé vychutnávaní z hezké sklenice. Pokud ho správně uložíte, vydrží dlouhá léta, ale vůbec to není potřeba – u nás si poleželo už dost. ",czech-republic
35,6411120,Pivovar ZICHOVEC,Coconut Tonka Stout 2025,Stout - Imperial / Double Pastry,https://untappd.com/b/pivovar-zichovec-coconut-tonka-stout-2025/6411120,13.5,N/A,4.04,306,09/13/25, ,czech-republic
36,5461431,Sibeeria Brewery,"Yummy Blackcurrant, Prunes & Tonka",Sour - Smoothie / Pastry,https://untappd.com/b/sibeeria-yummy-blackcurrant-prunes-and-tonka/5461431,6.1,N/A,4.04,2535,07/27/23,"Pastry Sour Ale w/ Blackcurrant, Prunes & Tonka, 23° Plato, 6.1% ABV. Náš nový tekutý dezert právě přichází! Kromě toho, že je toto Yummy tradičně hustě krémové, je také nádherně fialové a plné černého rybízu. Skvěle se snoubí s lehkou kouřovostí sušených švestek a bohatým aroma bobů tonka. Balancujíc mezi ovocnou sladkostí a kyselostí z mléčného kvašení, je to další pivo, která se vzpírá pivní tradici.Here comes the new liquid dessert! Besides being thick and creamy, this Yummy is gorgeously purple and crammed with blackcurrant. These pair nicely with the slight smokiness of prunes and the rich aroma of tonka beans. Balancing between fruity sweetness and sourness from lactic fermentation, this is yet another beer tradition-defying beast of a beer. ",czech-republic
37,3572069,Métaphore,Here And Now: Cherry,Wild Ale - Other,https://untappd.com/b/metaphore-here-and-now-cherry/3572069,7.5,N/A,4.04,1034,12/09/19,"Coolshipped and spontaneously fermented beer in an oak barrel for 16 months and aged further on organic local sour cherries for 12 months. In this one I am trying to capture the unique essence of one day into a beer and imprint of local terroir and layering the hand picked organic sour cherries from a local orchard. Multiple varieties of organic cherries give a really complex expression of the fruit and prolonged aging make for a deep, rich flavour. The backbone of a beer is built on local organic barley malt and raw organic spelt from the local Hare Krishna community, where they live and function in a low intervention and organic way for the last 3 decades. ",czech-republic
38,4498070,Pivovar ZICHOVEC,Coffee Stout 2021,Stout - Imperial / Double Coffee,https://untappd.com/b/pivovar-zichovec-coffee-stout-2021/4498070,13.0,N/A,4.04,599,09/10/21, ,czech-republic
39,3680070,Pivovar ZICHOVEC,Brewstock Juice 15,Kölsch,https://untappd.com/b/pivovar-zichovec-brewstock-juice-15/3680070,6.5,N/A,4.04,2006,02/18/20,Kooperační várka s pivovarem Zhůřák.  ,czech-republic
40,4847721,Sibeeria Brewery,Three Suns,IPA - Triple New England / Hazy,https://untappd.com/b/sibeeria-three-suns/4847721,9.5,N/A,4.03,693,05/19/22,"Triple NEIPA, 24° Plato, 9.5% ABV. Tentokrát jsme to pojali ve velkém. Vysoký obsah alkoholu, vysoký podíl vloček a, což je nejdůležitější, obrovské množství chmele. Tohle je nejsilnější NEIPA, jakou jsme doposud uvařili, a chtěli jsme, aby tak i chutnala. Sáhli jsme proto po kombinaci chmelů Cryo Pop, Pacific Sunrise, Motueka a Talus pro dosažení pořádného chmelového charakteru plného papáji, marakuji, liči a žlutého melounu. Tohle krémové a expresivní pivo má za cíl zaútočit na vaše smysly svou intenzitou a hezky vás zahřát.This time we went big. Big on alcohol, big on oats and, most importantly, big on hops. This is the strongest NEIPA we’ve ever brewed and we wanted it to taste that way, so we went with combination of Cryo Pop, Pacific Sunrise, Motueka and Talus for a really intense hop character dominated by papaya, lychee, passion fruit and honeydew melon pulp. This smooth and expressive beer is designed to warm you up and overwhelm all your senses with its intensity. ",czech-republic
41,4853572,Sibeeria Brewery,Pentagram,Stout - Imperial / Double,https://untappd.com/b/sibeeria-pentagram/4853572,10.5,N/A,4.03,1022,05/22/22,"Barrel Aged Imperial Stout, 27° Plato, 10.5% ABV. Pět dřevěných barelů (bourbon, sherry, whisky) tvoří tento komplexní, robustně pražený a hořký, ale zároveň jemný a harmonický stout. Pivo zrálo dlouhých 15 měsíců a charakteru dominuje aroma dýmu s nádechem slaného mořského vzduchu z whisky barelu, které vyvažují jemné vanilkové tóny bourbonu a náznak ovocného sherry. Nepospíchejte s ním – pijte ho pomalu a objevujte jeho jednotlivé vrstvy.The name is inspired by a selection of five barrels that went into this blend of wood-aged imperial stouts, where each of them plays its role. A combination of freshly emptied bourbon barrels, a whisky-filled Sherry cask and one intensely peated Islay whisky barrel that held several stouts for 15 months created a complex, oily beer. Roasty and bitter, yet smooth and harmonic, just the way we like them. The salty smokiness of the peat is balanced with light vanilla notes of bourbon and a touch of Sherry fruitiness,  creating the taste most closely resembling liquorice. That leads to a robust, intense finish with a slight warming sensation. Take your time and sip slowly to explore all of its layers. ",czech-republic
42,4082046,Sibeeria Brewery,Yummy Mango w/ Pineapple & Passion Fruit,Sour - Smoothie / Pastry,https://untappd.com/b/sibeeria-yummy-mango-w-pineapple-and-passion-fruit/4082046,7.1,N/A,4.03,343,12/03/20,"Pastry Sour Ale w/ Mango, Pineapple & Passion Fruit,  20° Plato, 7.1% ABV. Barevné spojení piva a ovocného džusu: nerozumně šílené množství manga, ananasu a marakuji je smíchané s kyselým základem, vše je zjemněné vločkami a laktózou, což nám vytváří jasně žluté smoothie pro dospělé. A colourful clash of beer and fruit juice: unreasonable amounts of mango, pineapple and passion fruit mixed with sour base smoothened by oat/wheat flakes and lactose result in brightly yellow adult smoothie. We designed our juicy tropical beer to be less cloying and more drinkable, so you can enjoy this tropical paradise in bigger gulps. ",czech-republic
43,5971830,Pivovar ZICHOVEC,Masala Chai Barley Wine 2024,Barleywine - Other,https://untappd.com/b/pivovar-zichovec-masala-chai-barley-wine-2024/5971830,11.0,N/A,4.03,587,09/05/24,"30 měsíců nám trvalo, než jsme usoudili, že jsou naše bourbonové sudy plné barley wine připravené na vyprázdnění. Toto je blend tří sudů, které jsme ochutili javorovým sirupem a směsí indického koření Masala Chai. Etiketu pro nás vytvořila nadaná výtvarnice a naše lounská sousedka Lenka Kladivová.It took us 30 months to finally decide that our bourbon barrels full of barley wine were ready to be emptied. This is a blend of three barrels that we flavored with maple syrup and a blend of Indian Masala Chai spices. The label was created for us by Lenka Kladivová, a talented artist and our neighbor from Louny. ",czech-republic
44,4100839,Many Worlds,Many Worlds Coming of Age (2019),Wild Ale - Other,https://untappd.com/b/many-worlds-many-worlds-coming-of-age-2019/4100839,7.0,15,4.03,222,12/16/20,"Many cultures golden beer aged in oak barrels with apricots.~The summer of 2019 was peculiar. As a heatwave advanced through the region of Moravia, these organic hand-picked apricots ripened astonishingly quickly, producing a lot of sweetness, yet keeping most of their sourness. This beer is a bottled timestamp of that unusual summer. ",czech-republic
45,6082266,Métaphore,I Love It When You Talk Dirty To Me,Wild Ale - Other,https://untappd.com/b/metaphore-i-love-it-when-you-talk-dirty-to-me/6082266,5.9,N/A,4.03,282,12/04/24, ,czech-republic
46,5335080,Sibeeria Brewery,"Yummy Raspberry, Blackberry & Vanilla",Sour - Smoothie / Pastry,https://untappd.com/b/sibeeria-yummy-raspberry-blackberry-and-vanilla/5335080,6.1,N/A,4.03,2086,04/28/23,"Pastry Sour Ale w/ Raspberry, Blackberry & Vanilla, 20° Plato, 6.1% ABV. Naše poslední Yummy zmizelo dřív, než jsme čekali, proto jsme se promptně pustili do vaření dalšího. Ječný a pšeničný slad, pšeničné vločky a laktóza s obligátní hromadou vanilky opět vytvořili základ pro nápoj, který jen sotva připomíná pivo. Hlavním důvodem by mohlo být to, že maliny a ostružiny tvoří téměř polovinu jeho objemu. Tohle dekadentně husté, příjemně sladké a krémově husté pivo s osvěžujícím kyselým dojezdem je přesně to, co dnes lidi od tekutých dezertů pro dospělé pod jménem Yummy očekávají.Our last Yummy was gone sooner than we expected, so we promptly got to brewing another one. Malted barley and wheat, flaked wheat and lactose with an overdose of vanilla yet again create the base for what doesn’t really feel like a beer. That is mostly due to the fact that raspberries and blackberries make up almost half of the volume. Decadently thick, pleasantly sweet and smoothly thick with a refreshing tart finish, this is exactly what people came to expect from the liquid dessert for adults called Yummy. ",czech-republic
47,3997082,Pivovar ZICHOVEC,Double Stolen Haze 17,IPA - New England / Hazy,https://untappd.com/b/pivovar-zichovec-double-stolen-haze-17/3997082,7.0,N/A,4.02,1375,10/07/20, ,czech-republic
48,5334576,Sibeeria Brewery,Hungover Sniper,IPA - New England / Hazy,https://untappd.com/b/sibeeria-hungover-sniper/5334576,6.6,N/A,4.02,1770,04/28/23,"New England IPA, 17° Plato, 6.6% ABV. Moderní, hustá, krémová, robustní, světlá, zakalená a chmelem saturovaná NEIPA s obrovským množstvím chmelů Idaho 7, Citra, Motueka a Nectaronu v kombinaci s českými Saturn a Juno. Aroma zralých peckovin, manga, čerstvého pomerančového džusu s nádechem konopí.Modern, thick, creamy, robust, pale, murky NEIPA saturated with Idaho 7, Citra, Motueka, Nectaron, Saturn and Juno hops gives you layers upon layers of ripe stone fruit, mango and fresh orange juice with a touch of dankness. ",czech-republic
49,4288742,Sibeeria Brewery,Yummy Mango with Apricot,Sour - Smoothie / Pastry,https://untappd.com/b/sibeeria-brewery-yummy-mango-with-apricot/4288742,6.7,10,4.02,3315,04/29/21,"Pastry Sour Ale, 22° Plato, 6.7% ABV. Mohlo by být pivo ještě ovocnější, než naše dvě předchozí Yummy? Navýšili jsme množství ovoce a ovesných vloček a navíc přidali slušnou dávku mexické vanilky. Teď opravdu obsahuje více šťávy než piva. Zážitek začíná explozí manga, následuje příjemná vlna meruněk a končí osvěžujícím charakterem ovocného koláče. Jakmile se jednou napijete, je těžké přestat - takže buďte opatrní, protože po tomto zdravém začátku dne nebudete moct jít do práce.Could it get more fruity than our previous Yummy? Sure it does. This time we bumped up the amount of fruit, flaked oats and added a decent dose of Mexican vanilla. Now really more juice than beer, it starts with explosion of mango chased by a pleasant wave of apricots with refreshingly tart finish. After you have a sip it is difficult to stop, so be careful because you won’t go to work after this healthy start of the day. ",czech-republic
0,4061662,Dogma Brewery,ROLA-BOLA,IPA - Imperial / Double New England / Hazy,https://untappd.com/b/dogma-brewery-rola-bola/4061662,8.0,25,3.99,2707,11/20/20,"ROLA-BOLA is a guy from a Circus. And not any circus. He's the third one from The Hoppy Circus Carnival which came to our city. Collab with our brother Maskeron is bringing this Double NE IPA with full & silky body and a lots of tropicals in aroma and flavour. Balancing with pineapple, vanilla and coconut notes, this beer is a real circus!   ",serbia
1,4422659,Dogma Brewery,5th Anniversary Beer #5 - Triple NEIPA,IPA - Triple New England / Hazy,https://untappd.com/b/dogma-brewery-5th-anniversary-beer-5-triple-neipa/4422659,9.0,N/A,3.99,628,07/22/21,"5 BEERS FOR 5 YEARS! #5 in our 5th Anniversary Beer edition - all in at the end. One of the most popular NEIPA styles. Yes it's maybe hot for 9% and bunch of hops, but it's our birthday! ",serbia
2,5291872,3bir,Nitrox Triple Neipa,IPA - Triple New England / Hazy,https://untappd.com/b/3bir-nitrox-triple-neipa/5291872,8.7,60,3.96,242,03/27/23, ,serbia
3,5786009,Dogma Brewery,Fantastic Four,Sour - Smoothie / Pastry,https://untappd.com/b/dogma-brewery-fantastic-four/5786009,5.5,N/A,3.95,296,04/12/24,"Birthday celebration special for our friends from Beer Sheep. We don't brew smoothies & pastries and we will never do ordinarly, but for friends you need to create whatever they like. Long Live Beer Sheep, the best beer shop in Belgrade!  ",serbia
4,4566772,Docker Brewery,Brain Blocker,IPA - Imperial / Double New England / Hazy,https://untappd.com/b/docker-brewery-brain-blocker/4566772,8.0,N/A,3.95,1388,10/27/21,"Brain Blocker je potreba da ovo vreme ucinimo laksim. Pitkoca standardne NeIpe uz ne tako naivnih 8% alk. Double NeIpa duplo hmeljena Idaho, Eldorado, Citra i Mozaic hmeljevima. ",serbia
5,5654364,Dogma Brewery,The Worst Beer Geek Ever,IPA - New England / Hazy,https://untappd.com/b/dogma-brewery-the-worst-beer-geek-ever/5654364,6.5,30,3.94,422,12/22/23,He's Rangel. He's our Bulgarian brother and the main and only guy behind Dogma Brewery Bulgaria project. Recently he became a gypsy brewer thru his new project Bad Manners Gypsy Brewing Co. And all of that is cool. But he is still THE WORST BEER GEEK EVER. We brewed this super juicy IPA which was triple dry hopped. We've bringing you orange. Squeeze it & enjoy! ,serbia
6,4918534,Dogma Brewery,Serbian Barrels Series No. 1 - Imperial Stout,Stout - Imperial / Double,https://untappd.com/b/dogma-brewery-serbian-barrels-series-no-1-imperial-stout/4918534,11.5,20,3.93,681,07/05/22,"No. 1 in our, worldwide unique barrel aging series - SERBIAN BARRELS SERIES! We're using only Serbian barrels & here we have an Imperial Stout with cardamom & cocoa nibs, aged over a year in 26 (now 27!) old Serbian Vinjak (Cognac) barrels. Prepare the senses & enjoy!  ",serbia
7,1703270,Kabinet Brewery,02 Kolaboracija Caramel Stout,Stout - Imperial / Double,https://untappd.com/b/kabinet-brewery-02-kolaboracija-caramel-stout/1703270,10.0,N/A,3.93,1405,08/25/16,Caramel stout aged for 6 months in oak barrels of the famous Arkanj brandy (Calvados) made by the Kovilj Monastery. For three years in Top 50 stouts of the world. Best beer in Serbia by Ratebeer. ,serbia
8,5617963,Dogma Brewery,Bon Baisers De Belgrade,IPA - Imperial / Double New England / Hazy,https://untappd.com/b/dogma-brewery-bon-baisers-de-belgrade/5617963,7.4,30,3.93,589,11/24/23,We met our Zythologist friends in Bruge. After that they came to Belgrade and here we are - sending all the love and kisses from Belgrade! Thru this super juice DIPA boosted with Citra & Talus... Enjoy our friend! ,serbia
9,3917223,Dogma Brewery,Juice It Up!,IPA - Imperial / Double New England / Hazy,https://untappd.com/b/dogma-brewery-juice-it-up/3917223,8.0,45,3.92,4550,08/13/20,"Juice it up! Just juice it up! Give me more. Just give me more! This DDH DIPA got a flavour from CItra Incognito and aroma of El Dorado, Citra and Mosaic. It's juicy & and it bringht you more. Of everything!  ",serbia
10,3637232,Crow Brewery,Peacock #5,IPA - Imperial / Double New England / Hazy,https://untappd.com/b/crow-brewery-peacock-5/3637232,8.0,42,3.92,179,01/22/20,"Double NE IPA, sa Sabro cryo, Citra cryo i Mosaic hmeljevima u dry hopu.Ziveli!  ",serbia
11,4980992,Dogma Brewery,Westie of the Tulips,IPA - Imperial / Double New England / Hazy,https://untappd.com/b/dogma-brewery-westie-of-the-tulips/4980992,8.0,30,3.92,1655,08/17/22,Westie Of The Tulips came a long way from Netherlands for our first collaboration with Dutch breweries. This beer is potent & juicy. That's just enough to tell! ,serbia
12,4651818,3bir,Rigor Mortis,Stout - Russian Imperial,https://untappd.com/b/3bir-rigor-mortis/4651818,10.5,N/A,3.9,321,12/23/21,"Rigor Mortis, zver koja je je svoju apsolutnu ličnost oformila u periodu od 12 meseci u Merlot/Probus buradima. Struktura dominantnog karaktera dovela je do sveobuhvatne koegzistencije složenog pivskog ukusa i egzotičnog vinskog karaktera. ",serbia
13,4607959,3bir,Three Hoppy Sisters,IPA - Triple New England / Hazy,https://untappd.com/b/3bir-three-hoppy-sisters/4607959,8.7,N/A,3.9,825,11/24/21,"Strast prema kuvanju piva ne krijemo, a traganje za novim ukusima nas je često odvelo ne samo do novog pivskog recepta već i do sjajnih saradnji sa drugim pivarama. Tako se ideja o Three hoppy sisters pivu rodila. Simbolično, Three hoppy sisters predstavlja sponu između @twohoppysisters i Zbir pivare. Smela i do sad zapravo neviđena kod nas, ova Triple Neipa satkana je od obilja ječma, pšenice i hmelja. Kremasta, balansirane gorčine sa mrvicom kiselkastih nota, Three hoppy sisters biće vam definitivno dobro društvo nakon napornog dana i dnevnih obaveza. ",serbia
14,5305704,Dogma Brewery,Serbian Barrels Series #7 - Imperial Quince Sour,Sour - Fruited,https://untappd.com/b/dogma-brewery-serbian-barrels-series-7-imperial-quince-sour/5305704,9.5,5,3.9,214,04/07/23,Number 7 is here! An Imperial Quince Sour produced with mixed fermentation - imperial kettle sour on one & fermented quince wine on other. Those two mixed went to Serbian wine barrels and aged for six months.  ,serbia
15,3565363,Crow Brewery,Black Widow Kentucky Bourbon,Stout - Russian Imperial,https://untappd.com/b/crow-brewery-black-widow-kentucky-bourbon/3565363,12.5,60,3.9,150,12/06/19,Russian Imperial Stout aged 9 months in Kentucky Bourbon barrels. ,serbia
16,4701926,Dogma Brewery,Muma Paduri Mountain IPA,IPA - American,https://untappd.com/b/dogma-brewery-muma-paduri-mountain-ipa/4701926,7.2,60,3.9,1183,02/04/22,"Muma Paduri is a myth. She's Mother of Nature which protects woods in Eastern Serbia. And it's perfect to descirbe our collaboration brew with friends from Zmajska Pivovara - this new hybrid among IPA's. Super potent, somewhere between West & East Coast, but still American IPA in all atributes! ",serbia
17,4422551,Dogma Brewery,5th Anniversary Beer #4 - KVEIK NEIPA,IPA - New England / Hazy,https://untappd.com/b/dogma-brewery-5th-anniversary-beer-4-kveik-neipa/4422551,6.7,N/A,3.9,780,07/22/21,5 BEERS FOR 5 YEARS! #4 in our 5th Anniversary Beer edition - that nasty  KVEIK yeast is to blame for this juicy brew. There is also our friend Minja with his Dead Water Brewing Co. homebrew alias and his knowledge for this beer style. Cheers brother!  ,serbia
18,3790321,Dogma Brewery,HOPE,IPA - New England / Hazy,https://untappd.com/b/dogma-brewery-hope/3790321,6.4,35,3.89,5940,05/18/20,"Dictionary says that HOPE is a feeling of expectation and desire for a particular thing to happen. As the whole planet went to a lockdown, we decided to brew this juicy hazy IPA with loads of Sabro, El Dorado, Idaho 7 and Citra hops. And we decided with our partners from Ball Packaging to donate 100 dinars from every can and to help socially vulnerable groups in our country!  ",serbia
19,4196728,Dogma Brewery,MANGOA,IPA - Imperial / Double New England / Hazy,https://untappd.com/b/dogma-brewery-mangoa/4196728,8.0,50,3.89,1426,02/26/21,"Story about GOA island is well known all over the world. Story about MANGOA will be written by every sip of yours. Full & rich, well balanced and powerfull, this true milkshake in a beer world will make your day colorfull! Yes you'll start to fantasize about the island of GOA. Party can start with mango & milky tones fully supported by a touch of Sabro hops! ",serbia
20,3565359,Crow Brewery,Peacock #4,IPA - New England / Hazy,https://untappd.com/b/crow-brewery-peacock-4/3565359,6.6,40,3.88,162,12/06/19,"Grejp, mango, breskva - ova paleta ukusa, našeg IV nastavka Paun serijala, nikad nije bila izraženija - novim hmeljevima Simcoe cryo i Citra cryo, citrusni ukusi su podignuti na najviši nivo. ",serbia
21,2190355,Docker Brewery,Crasher,IPA - New England / Hazy,https://untappd.com/b/docker-brewery-crasher/2190355,5.5,69,3.88,1850,07/13/17,"Dupli Dry Hop(DDH) uz 4 vrste američkih hmeljeva i dodatak pšenice,spelta,ovsa i ječma u kombinaciji sa tečnim verdant kvascem donose aromatičnu mutnu i nefiltriranu NEIPU pravo na vaša nepca. ",serbia
22,3739485,Kabinet Brewery,Shake Those Melons,IPA - Milkshake,https://untappd.com/b/kabinet-brewery-shake-those-melons/3739485,7.6,N/A,3.88,166,04/03/20,"DDH Milkshake IPA with melon, a tropical bomb in your mouth. ",serbia
23,5334919,Dogma Brewery,High Grade,IPA - New England / Hazy,https://untappd.com/b/dogma-brewery-high-grade/5334919,7.0,35,3.88,763,04/28/23,"Friendship = Craft Brewing. Yes it is! This beer is a product of first ever brewing at the same time. Night in Belgrade &  morning in Sydney. Same recipe brewed in the same moment. Slovenian, New Zealand & Australian hops. I will just say that this beer is AMAZING! :D ",serbia
24,5911471,Dogma Brewery,8th AB - Lost In A Hop Field,IPA - Imperial / Double New England / Hazy,https://untappd.com/b/dogma-brewery-8th-ab-lost-in-a-hop-field/5911471,8.0,30,3.87,404,07/18/24,One of two brewery collabs for our 8th Anniversary. We've lost in a hop field with our brew brothers from Crow Brewery.  ,serbia
25,4467754,Dogma Brewery,HOP SHOWER,IPA - New England / Hazy,https://untappd.com/b/dogma-brewery-hop-shower/4467754,8.0,30,3.87,719,08/20/21,"Everybody likes good shower. Brewers like it like a hop shower! Super potent NEIPA with El Dorado, Simcoe, Citra & Columbus gives you orange punch on every sip. ",serbia
26,5803031,Dogma Brewery,1019,IPA - New England / Hazy,https://untappd.com/b/dogma-brewery-1019/5803031,6.5,30,3.87,733,04/26/24,1019 is a hop we fell in love with last year at CBC. It's just unique and cause of that we've bring it first to Serbian craft beer fans!  ,serbia
27,4797011,Dogma Brewery,Vinje Draku Pista Garda,IPA - New England / Hazy,https://untappd.com/b/dogma-brewery-vinje-draku-pista-garda/4797011,6.8,40,3.87,730,04/14/22,"Draku is a word for devil in Romanian. This sentence is unique one and Romanians dont have it as its specific for Vlachian minority in Eastern Serbia. It means ""Devil comes over the fence"". This beer is not so evil - its just a Kveik NEIPA brewed with our Romanian brothers from Bereta. Kveik Voss meets Citra, Bru-1 & a bit of Sabro! ",serbia
28,2215044,Docker Brewery,Ludilo,IPA - Milkshake,https://untappd.com/b/kors-ludilo/2215044,6.0,35,3.87,292,07/28/17,Milkshake IPA.Collaboration with Bottle Share (RU). ,serbia
29,5739583,Dogma Brewery,SARCASM,IPA - Imperial / Double New England / Hazy,https://untappd.com/b/dogma-brewery-sarcasm/5739583,7.5,40,3.87,291,03/07/24,"Brewers are pretty sarcastic when they're saying that they like to brew NEIPA! Becayse they're ""enjoying"" in all operations from malt milling thru lautering to heavy double dry hopping :D Because of this we called this juicy collaboration brew SARCASM! Enjoy while you drinking. Not like brewers! :D ",serbia
30,926032,Kabinet Brewery,Vista Mikkeller IPA#2,IPA - American,https://untappd.com/b/kabinet-brewery-vista-mikkeller-ipa-2/926032,7.5,54,3.87,1372,12/28/14,"Vista series dramatically continues, as the label story unfolds so does the new IPA style! Number two represents a powerful blend of fruit flavors,  beside its higher alcohol content. From today, let’s spice up the days, with this spectacular beer that will raise the pulse and atmosphere. ",serbia
31,5626482,Dogma Brewery,Coast To Coast,IPA - New England / Hazy,https://untappd.com/b/dogma-brewery-coast-to-coast/5626482,6.1,30,3.87,276,12/01/23,Collab with our friends from Nice. We are bringing you this Citra & Nelson Sauvin NEIPA from coast of Belgrade river Sava to coast Blue coast of France!  ,serbia
32,3803883,Dogma Brewery,All Together,IPA - New England / Hazy,https://untappd.com/b/dogma-brewery-all-together/3803883,6.5,30,3.87,566,05/29/20,"We're super proud to be part of All Together beer which came from our colleagues from Other Half! This NE IPA brings you smoothness & hop power of Mosaic, Citra, Comet and Enigma. We're in this ALL TOGETHER! #AllTogetherBeer ",serbia
33,4111230,3bir,Alpha Dog,IPA - Triple,https://untappd.com/b/3bir-alpha-dog/4111230,9.6,65,3.87,1070,12/22/20,"Alpha Dog -  A razor-sharp leader of the pack of wild dogs: Centennial, Citra, Galaxy, Mosaic, Sabro, Chinook, Columbus.Made out of six hops and a double dry hop for the impeccable strength, that only the brave can relate to. This Triple IPA is an adventure in a glass, that slides down like heavenly nectar and bangs like the hammer of God. No leash can hold it, and its tail wags for no one.  ",serbia
34,2453362,Zebrew,Pudding IPA,IPA - New England / Hazy,https://untappd.com/b/zebrew-pudding-ipa/2453362,6.0,45,3.86,370,12/30/17,New England IPA sa dodatkom pudinga od vanile i mlečnog šećera.  ,serbia
35,3336573,3bir,Citrozaik,IPA - American,https://untappd.com/b/3bir-citrozaik/3336573,6.5,40,3.86,721,07/18/19,"Prava žurka od piva se zakuvala u 3biru. Citrozaik je plod tropskih vibracija i letnje žege. Citra i Mozaik su dežurni krivci za fantastične arome, a blend 3 kvasca podiže igru na novi nivo. Recept iz budućnosti za pivo koje pravimo danas! ",serbia
36,5176306,Dogma Brewery,Serbian Barrels Series No.5 - Imperial Coffee Stout,Stout - Imperial / Double Coffee,https://untappd.com/b/dogma-brewery-serbian-barrels-series-no-5-imperial-coffee-stout/5176306,11.1,10,3.86,207,12/25/22,"Number 5 in our unique BA series where we're using ONLY Serbian barrels. This time, in 27 years old Serbian Vinjak (Cognac) barrel we've put Imperial Coffee Stout. One 500L barrel & that's it ladies & gents!  ",serbia
37,2962944,3bir,Shake,Stout - Milk / Sweet,https://untappd.com/b/3bir-shake/2962944,5.0,16,3.85,183,11/28/18,"Mlečna senzacija prefinjenih aroma koja će ti promućkati glavu! Stout, lagan i pitak, punog ukusa i bogate arome najfinije mlečne čokolade, karamele, jutarnjeg kapućina, sa slatkom jagodom u završnici. Prava poslastica! ",serbia
38,4948866,Docker Brewery,Hazy Alpaca,IPA - New England / Hazy,https://untappd.com/b/docker-brewery-hazy-alpaca/4948866,6.3,N/A,3.85,1420,07/26/22,"Our new NEIPA is double dry hoped widh Idaho 7, Eldorado, Citra and Mosaic hops in a combination with verdant yeast. ",serbia
39,2010000,Docker Brewery,Black Fire,Stout - Russian Imperial,https://untappd.com/b/docker-brewery-black-fire/2010000,10.0,49,3.85,517,03/24/17,"Skladno spremljena tinktura čokolade, kafe, suvih šljiva, porto vina sa čak 8 vrsta specijalnih sladova. Lekoviti balzam koji miluje dušu. Počastite se ovom poslasticom i spasite svet od kataklizme! ",serbia
40,1967010,Crow Brewery,Black Widow,Stout - Russian Imperial,https://untappd.com/b/crow-brewery-black-widow/1967010,9.1,60,3.84,279,02/25/17,"Black Widow is Russian Imperial Stout brewed with mix of pils, caramel malts, chocolate malt, and roast barley. ",serbia
41,2055934,Zebrew,Lollihop,IPA - New England / Hazy,https://untappd.com/b/zebrew-lollihop/2055934,6.8,60,3.84,1146,04/22/17,"Zaboravite na uzdržavanje od slatkiša, Zebrew Lollihop sa svojih 7% alkohola, ekstremnom mutnoćom i neverovatnom aromom bombona, citrusa i vanile, koje potiču od hmeljeva Citra i Simcoe, čini savršeni izbor za nadolazeće vrele dane. ",serbia
42,4422743,Dogma Brewery,5th Anniversary Beer #1 - Double Hoptopod,IPA - Imperial / Double,https://untappd.com/b/dogma-brewery-5th-anniversary-beer-1-double-hoptopod/4422743,8.0,75,3.84,534,07/22/21,"5 BEERS FOR 5 YEARS! #1 in our 5th Anniversary Beer edition - yes it's Double Hoptopod, an alcohol and hops upgrade of our bestseller! ",serbia
43,5053841,Dogma Brewery,Dogma In Da Streets / ENDO,IPA - New England / Hazy,https://untappd.com/b/dogma-brewery-dogma-in-da-streets-endo/5053841,7.5,45,3.84,419,10/05/22,"ENDO is the first Serbian street artist who came into this Dogma In Da Streets series which will bring you the best Serbian, regional & European street artists who will make ilustrations for our labels and will make our brewery walls a live! Every artist = one beer as his favourite style! ",serbia
44,911068,Kabinet Brewery,Mikkeller Vista Milk Stout,Stout - Milk / Sweet,https://untappd.com/b/kabinet-brewery-mikkeller-vista-milk-stout/911068,5.8,50,3.83,635,12/15/14,"Milk Stout, smooth, full mouth feel. Strong body with distinctive flavours of coffee, cocoa, vanilla and tropical notes in the back, a real treat for the connoisseurs. Not for lactose intolerant. ",serbia
45,6088670,Kabinet Brewery,Dip In the Dark,Stout - Imperial / Double Pastry,https://untappd.com/b/kabinet-brewery-dip-in-the-dark/6088670,9.8,30,3.83,211,12/09/24,"A 2024 version of our Imperial pastry milk stout with sour cherries, vanilla, cinnamon, plazma cookies and lactose.The idea was to mimic the taste of a cherry pie, but with a bit of a twist. ",serbia
46,3487267,3bir,Memento Mori,Stout - Imperial / Double Coffee,https://untappd.com/b/3bir-memento-mori/3487267,7.0,60,3.83,2149,10/18/19,"MEMENTO MORI - Powerful stout with intense taste and wide range of aromas of Arabica coffee, raw cocoa, and dark caramel. A strong body with a silky structure of moderate bitterness will disarm you in a combination with a sweet flammable finish. By the way, did we mention that there's also OUR comic book by the same name? Darkwave Baby! ",serbia
47,5056782,MEHANIKA,PROTOTYPE,IPA - New England / Hazy,https://untappd.com/b/mehanika-prototype/5056782,6.0,60,3.83,366,10/07/22,"PROTOTYPE is a strong beer.. with a strong body and a strong taste, of course and strong bitterness... a mixture of three yeasts, three types of malt and three types of hops will make you feel as if your mouth has been raped...enjoy ",serbia
48,4000616,Hog,Mjölnir,IPA - New England / Hazy,https://untappd.com/b/hog-mjolnir/4000616,6.4,50,3.83,1483,10/09/20,"Mjölnir je New England IPA, mutnija od Dunava, osvežavajuća i s kremom umesto pene.Lagano, a jako, ovo pivo je najmoćnije oružje u borbi protiv divova i unutrašnjih demona. Bez izuzetka pogađa metu i zatim se vraća u vaše ruke. Samo pružite čašu! SKÅL!  ",serbia
49,4786355,Dogma Brewery,Midnight Owl / Nitro Edition,Stout - Imperial / Double Coffee,https://untappd.com/b/dogma-brewery-midnight-owl-nitro-edition/4786355,9.0,30,3.82,487,04/07/22,"Yes, we like to drink this! As our Midnight owl. Super rich and roasty in aroma & flavour with creaminess from the nitro part. Be aware, as this coffee beer is ""lying"" you on every sip! And try it again.  ",serbia
0,5350387,Pulfer Brewery,Murder of Crows: Vanilla & Coffee,Stout - Imperial / Double Pastry,https://untappd.com/b/pulfer-brewery-murder-of-crows-vanilla-and-coffee/5350387,11.7,50,4.32,1066,05/08/23,"Collaboration with Brouwerij Bravoure from Netherland.Aged in Woodford Reserve & Wild Turkey bourbon barrels for over 10 months it's enriched with Guatemalan robusta coffee and Madagascar Vanilla.This blend is characterized by an immense thickness and complemented with flavors of toffee, sweet caramel, molasses, coffee, chocolate, vanilla, oak wood and figs. Aged it gracefully with love and patience. ",croatia
1,6190064,Pulfer Brewery,Hot Cakes #7,Sour - Smoothie / Pastry,https://untappd.com/b/pulfer-brewery-hot-cakes-7/6190064,5.5,5,4.26,1355,03/14/25,"Number 7 of our Hot Cakes series brings you famous Yugoslavian car - Yugo45, filled with enormous amounts of cheesecake, nicely combined with banana, pineapple, mango, lemon,  vanilla and cinnamon. Bombaaaaaastic!One of our favorite pastry series - liquid fruit cheesecake in a glass. Loaded with flavors and fricking fun!Contains real fruit. Don't age. Keep in a refrigerator. Drink fresh. For best experience, gently rotate the can few times.THIS IS WHY WE BREW! ",croatia
2,6195243,Pulfer Brewery,Hot Cakes #8,Sour - Smoothie / Pastry,https://untappd.com/b/pulfer-brewery-hot-cakes-8/6195243,5.5,5,4.24,1322,03/18/25,"Number 8 of our Hot Cakes series brings you once popular Yugoslavian car - Zastava 101, also called 'Stojadin', filled with immense amounts of cheesecake, combined with blueberry, sour cherry, cranberry, lemon and vanilla..Incredible!One of our favorite pastry series - liquid fruit cheesecake in a glass. Loaded with flavors and fricking fun!Contains real fruit. Don't age. Keep in a refrigerator. Drink fresh. For best experience, gently rotate the can few times.THIS IS WHY WE BREW! ",croatia
3,5901588,Pulfer Brewery,Hot Cakes #6,Sour - Smoothie / Pastry,https://untappd.com/b/pulfer-brewery-hot-cakes-6/5901588,5.5,5,4.24,1748,07/10/24,"Number 6 of our Hot Cakes series brings you the Citroen DS filled with incredibly large amounts of cheesecake, super nicely combined with sour cherry and raspberry, lemon and vanilla. Some kind of forrest fruit cake feelin'!One of our favorite pastry series - liquid fruit cheesecake in a glass. Loaded with flavors and fricking fun!Contains real fruit. Don't age. Keep in a refrigerator. Drink fresh. For best experience, gently rotate the can few times. ",croatia
4,6123695,Pulfer Brewery,White,Sour - Smoothie / Pastry,https://untappd.com/b/pulfer-brewery-white/6123695,5.5,5,4.24,1663,01/10/25,"We used bunch of banana pire and pineapples with lots of cocconut cream to make crazy tasty smoothie. Yup, real cocconut cream, thick and fluffy.Piña colada in the can! Contains real fruit. Don't age. Keep in a refrigerator. Drink fresh. For best experience, gently rotate the can few times. ",croatia
5,5729394,Pulfer Brewery,Hot Cakes #4,Sour - Smoothie / Pastry,https://untappd.com/b/pulfer-brewery-hot-cakes-4/5729394,5.5,5,4.24,1170,02/27/24,"Number 4 of our Hot Cakes series brings you the pinky Cadillac cabrio filled with incredibly large amounts of cheesecake, amazingly combined with banana, blueberry, blackberry, lemon, vanilla, and cinammon!One of our favorite pastry series - liquid fruit cheesecake in a glass. Loaded with flavors and fricking fun!Contains real fruit. Don't age. Keep in a refrigerator. Drink fresh. For best experience, gently rotate the can few times.THIS IS WHY WE BREW! ",croatia
6,5350383,Pulfer Brewery,Murder of Crows,Stout - Imperial / Double,https://untappd.com/b/pulfer-brewery-murder-of-crows/5350383,11.7,50,4.24,979,05/08/23,"Collaboration with Brouwerij Bravoure from Netherland.Aged in Woodford Reserve & Wild Turkey bourbon barrels for over 10 months, this blend is characterized by an immense thickness and complemented with flavors of toffee, sweet caramel, molasses, chocolate, vanilla, oak wood and figs.Aged it gracefully with love and patience. ",croatia
7,5590940,Pulfer Brewery,Smoothiesh: Where Do Pirates Buy Their Hooks?,Sour - Smoothie / Pastry,https://untappd.com/b/pulfer-brewery-smoothiesh-where-do-pirates-buy-their-hooks/5590940,5.5,5,4.23,1174,11/03/23,"A Parrot asked a question: Where do pirates buy their hooks?The answer to parrot's question you will find in next smoothiesh sour..Super loaded with passion fruit, pineapple, apricot and lemon zest, than twisted with coconut!Tropical fruit bomb for your mouthgasm! Contains real fruit. Don't age. Keep in a refrigerator. Drink fresh. For best experience, gently rotate the can few times.THIS IS WHY WE BREW! ",croatia
8,6614521,Pulfer Brewery,Hot Cakes #12,Sour - Smoothie / Pastry,https://untappd.com/b/pulfer-brewery-hot-cakes-12/6614521,6.0,6,4.22,865,02/26/26,"Number 12 of our Hot Cakes series brings you post-war-three-wheeler minicar Messerschmitt or Kabinenroller, filled with huge amounts of cheesecake, combined with apple, apricot, carrot, lemon, cinnamon and vanilla..Super tasty!One of our favorite pastry series - liquid fruit cheesecake in a glass. Loaded with flavors and fricking fun!Contains real fruit. Don't age. Keep in a refrigerator. Drink fresh. For best experience, gently rotate the can few times.THIS IS WHY WE BREW! ",croatia
9,6306972,Pulfer Brewery,Hot Cakes #9,Sour - Smoothie / Pastry,https://untappd.com/b/pulfer-brewery-hot-cakes-9/6306972,6.0,5,4.22,1603,06/17/25,"Number 9 of our Hot Cakes series brings you famous Ford GT40, filled with immense amounts of cheesecake, combined with apple, banana, apricot, lemon, coconut and vanilla..Incredible!One of our favorite pastry series - liquid fruit cheesecake in a glass. Loaded with flavors and fricking fun!Contains real fruit. Don't age. Keep in a refrigerator. Drink fresh. For best experience, gently rotate the can few times.THIS IS WHY WE BREW! ",croatia
10,5901587,Pulfer Brewery,Hot Cakes #5,Sour - Smoothie / Pastry,https://untappd.com/b/pulfer-brewery-hot-cakes-5/5901587,5.5,5,4.2,1888,07/10/24,"Number 5 of our Hot Cakes series brings you the legendary Citroen 2CV filled with incredibly large amounts of cheesecake, amazingly combined with apples, apricot, peach, lemon, vanilla, and cinammon!One of our favorite pastry series - liquid fruit cheesecake in a glass. Loaded with flavors and fricking fun!Contains real fruit. Don't age. Keep in a refrigerator. Drink fresh. For best experience, gently rotate the can few times. ",croatia
11,6123696,Pulfer Brewery,Black,Sour - Smoothie / Pastry,https://untappd.com/b/pulfer-brewery-black/6123696,5.5,5,4.2,1715,01/10/25,"Loaded with black fruits! Black currant, blackberry, black carrot, black cherry and black sour cheery... And than we added squid ink to make it more black!Contains real fruit. Don't age. Keep in a refrigerator. Drink fresh. For best experience, gently rotate the can few times. ",croatia
12,6007227,Pulfer Brewery,Smoothiesh: What's A Vampire Bat's Favorite Type of Fruit?,Sour - Smoothie / Pastry,https://untappd.com/b/pulfer-brewery-smoothiesh-what-s-a-vampire-bat-s-favorite-type-of-fruit/6007227,5.5,5,4.2,1173,10/04/24,"//////////// SMOOTHIESH: WHAT'S VAMPIRE BAT'S FAVORITE TYPE OF FRUIT? /////////////Pastry smoothie sour, 5.5% alc.Super loaded with strawberry, pineapple, mango and pink guava, enchanted with frog magic and touch of vanilla, is is real smoothie treat. Gorgeously delicious ???Yummmmmmmy ? ",croatia
13,6506672,Pulfer Brewery,Smoothiesh: Just-Ice !,Sour - Smoothie / Pastry,https://untappd.com/b/pulfer-brewery-smoothiesh-just-ice/6506672,5.5,1,4.19,932,11/26/25,"The answer to Batman Koala's question is here!'What did you bring to the Party?'JUST-ICE!Super loaded with blueberry, sour cherries, blackberry and red curant, it's violet fruit bomb! Yummy!Contains real fruit. Don't age. Keep in a refrigerator. Drink fresh. For best experience, gently rotate the can few times before you open it.THIS IS WHY WE BREW!  ",croatia
14,4746558,Pulfer Brewery,Smoothiesh: What Day Do Chickens Hate the Most?,Sour - Smoothie / Pastry,https://untappd.com/b/pulfer-brewery-smoothiesh-what-day-do-chicken-hate-the-most/4746558,5.5,5,4.19,1281,03/10/22,"Sweet bearded with impeccable lumberjack style Hipster Rhino on Vepspa asked a question: What day do chickens hate the most? Again, dad's joke is here, and you can find answer in new smoothiesh sour. This time we added sweet cherry, peach and twisted with chocolate! Super tasty combo, like a sweet and sour dessert in a can. Fruits with chocolate, true amazing stuff.Contains real fruit. Don't age. Keep in a refrigerator. Drink fresh. For best experience, gently rotate the can few times before you open it. #This is why we brew! ",croatia
15,5334739,Pulfer Brewery,Smoothiesh: How do You Call A Fat Alien?,Sour - Smoothie / Pastry,https://untappd.com/b/pulfer-brewery-smoothiesh-how-do-you-call-a-fat-alien/5334739,5.5,5,4.18,983,04/28/23,"Another dad joke is here!A pug named Pedro is a dog astronaut who's in love with beautiful female dog, known as Lu. Also, he's a great joke teller...He asked: ""How do you call a fat Alien?"" and  you will find out the answer to his question in our new smoothie sour release.Loaded with pineapple, mango, peach and coconuts, this is a tropical tasty bomb.Like a Pina colada, sweet, sour and delicious.Contains real fruit. Don't age. Keep in a refrigerator. Drink fresh. For best experience, gently rotate the can few times.THIS IS WHY WE BREW! ",croatia
16,5246589,Pulfer Brewery,Smoothiesh: Ten-tacos!,Sour - Smoothie / Pastry,https://untappd.com/b/pulfer-brewery-smoothiesh-ten-tacos/5246589,5.5,5,4.17,880,02/22/23,"What is an octopus's favourite food? TEN-TACOS!The answer to pelican's question is here and it's delicious!Super fruity smoothie-like sour, loaded with bluebeeries and banana. Very creamy, just like blueberry yougurt or icecream. Sweet and sour, like blueberry jam, tasty as fuck, we love it! Contains real fruit. Don't age. Keep in a refrigerator. Drink fresh. For best experience, gently rotate the can few times.THIS IS WHY WE BREW! ",croatia
17,6071560,Pulfer Brewery,"Handy Candy: Banana, Cherry And Sour Cherry",Sour - Smoothie / Pastry,https://untappd.com/b/pulfer-brewery-handy-candy-banana-cherry-and-sour-cherry/6071560,5.0,5,4.17,1133,11/25/24,"Oh yeaaah, Handy Candy is back!We have continued with smoothies pastry sour series that emphasis on sweetness and the feeling of chewing candy. Sweeeeet-sour combo!Banana, sweet cherris and sour cherries makes delicious purple-ish fruit combination! Contains unfermented fruit. Drink fresh. Don't age.Gently rotate a can few times before you open it for best experience.THIS IS WHY WE BREW! ",croatia
18,5801733,Pulfer Brewery,Smoothiesh: Wasabee!,Sour - Smoothie / Pastry,https://untappd.com/b/pulfer-brewery-smoothiesh-wasabee/5801733,5.0,5,4.16,1297,04/25/24,"And the answer to cat's question is here!What did the sushi say to the bee?Wasabee!Absurdly loaded with mango, oranges and apricots, than spiced with vanilla, this is delicious fruit monster!Contains real fruit. Don't age. Keep in a refrigerator. Drink fresh. For best experience, gently rotate the can few times.THIS IS WHY WE BREW! ",croatia
19,5402092,Pulfer Brewery,Smoothiesh: 1Forrest1,Sour - Smoothie / Pastry,https://untappd.com/b/pulfer-brewery-smoothiesh-1forrest1/5402092,5.5,5,4.16,979,06/15/23,"Yet, the answer to aligator Dan's question is here!What's Forrest Gump's password? - 1Forrest1!Mega loaded with pineapples and blueberries, then twisted with chocolate to create mega thick monster smoothie sour, yummmmmy Like a real chocolate praline with fruits. Deep purple color with sweet and sour taste. Contains real fruit. Don't age. Keep in a refrigerator. Drink fresh. For best experience, gently rotate the can few times before you open it.THIS IS WHY WE BREW! ",croatia
20,5801730,Pulfer Brewery,Smoothiesh: What Did the Sushi Say To the Bee?,Sour - Smoothie / Pastry,https://untappd.com/b/pulfer-brewery-smoothiesh-what-did-the-sushi-say-to-the-bee/5801730,5.0,5,4.15,1205,04/25/24,"Another hilarious joke means only one thing - the next two smoothie sours have been released!A gracious cat asked a question: What did the sushi say to the bee?An answer to this question you will find in another smoothiesh...Turbo mega loaded with banana and strawberry and spiced with coconut, this is thick and powerful smoothie. Your meal and drink in one!Contains real fruit. Don't age. Keep in a refrigerator. Drink fresh. For best experience, gently rotate the can few times.THIS IS WHY WE BREW! ",croatia
21,5345156,Pulfer Brewery,Smoothiesh: An Extra-cholesterol!,Sour - Smoothie / Pastry,https://untappd.com/b/pulfer-brewery-smoothiesh-an-extra-cholesterol/5345156,5.5,5,4.15,1124,05/05/23,"The answer to astronaut Pedro's question is here... ""An extra-cholesterol!""We loaded this smoothie sour with banana, strawberry and lemon and twisted with vanilla. We wanted to achieve vanilla ice cream feeling with bursting fruity taste!Contains real fruit. Don't age. Keep in a refrigerator. Drink fresh. For best experience, gently rotate the can few times.THIS IS WHY WE BREW! ",croatia
22,6067341,Pulfer Brewery,Smasñata,Sour - Smoothie / Pastry,https://untappd.com/b/pulfer-brewery-smasnata/6067341,5.0,5,4.14,1084,11/22/24,"A new fruity bomb in form of smoothie sour is here!You will feel crazy amounts of mango, apricot, orange and apple with pinch of vanilla. Just like piñata, you will smash this smoothie sour like kids candies! Smash, smash, smash! Like a smasñata!Contains real fruit. Don't age. Keep in a refrigerator. Drink fresh. For best experience, gently rotate a can few times before you open it.THIS IS WHY WE BREW! ",croatia
23,5171733,Pulfer Brewery,Hound Cake: Lemon Pie,Sour - Smoothie / Pastry,https://untappd.com/b/pulfer-brewery-hound-cake-lemon-pie/5171733,6.0,8,4.14,950,12/22/22,"Collaboration with White Dog brewery!In our new fruited pastry sour series 'Hound Cake' we  combined a new crazy pastry stuff - cheesecake.We wanted to create real cake and pie feeling in this smoothie sour.Mega thick smoothie sour with banana, mango, pineapple, vanilla and lemon. Absolute tasty monster!Take a sip, enjoy and thank us later.GENTLY ROTATE A CAN FEW TIME BEFORE OPEN FOR BEST EXPERIENCE.Contains real fruit. Drink fresh. Don't age. Keep in refigerator.This is why we brew! ",croatia
24,5239699,Pulfer Brewery,Smoothiesh: What Is An Octopus's Favourite Food?,Sour - Smoothie / Pastry,https://untappd.com/b/pulfer-brewery-smoothiesh-what-is-an-octopus-s-favourite-food/5239699,5.5,5,4.14,994,02/17/23,"'Pelicans are among the largest flying birds. They are famous for their huge throat pouches. A pelican uses its pouch and its very long bill to scoop up fish. Pelicans do not have teeth, but they have a hook at the beak's tip and their edges are sharp and could give you a small “paper” cut. An adult pelican may eat up to 1,8 kilograms of fish per day!'Fun facts that have absolutely nothing to do with our beer, but are really cool - especially when one of those jokers is the mascot of our 'What is an octopus's favorite food? smoothie sour.Ultra mega loaded with sour and sweet cheeries and twisted with chocolate. You can get a black forrest or Schwarzwald cake feeling! Yammmy!Contains real fruit. Don't age. Keep in a refrigerator. Drink fresh. For best experience, gently rotate the can few times.THIS IS WHY WE BREW! ",croatia
25,6007229,Pulfer Brewery,Smoothiesh: A Neck-tarine!,Sour - Smoothie / Pastry,https://untappd.com/b/pulfer-brewery-smoothiesh-a-neck-tarine/6007229,5.5,5,4.14,1087,10/04/24,"/////////// SMOOTHIESH: NECK-TARINE! ////////////Pastry smoothie sour, 5.5% alc.Ultra loaded with raspberry, sour cherry, sweet cherry and bluerberry, and chocolat, ridiculously flavourful! Incrediberry tasty 'legencherry' combo! ",croatia
26,5977184,Pulfer Brewery,Buccaneer,Stout - Imperial / Double Pastry,https://untappd.com/b/pulfer-brewery-buccaneer/5977184,10.2,50,4.14,456,09/08/24,"Rich, deep, massive and luxurious imperial stout aged for 12 months in a bourbon barrel in which, after bourbon, rum from Martinique was also aged, finished on vanilla beans and coconut. Bet real buccaneers would enjoy that beauty ",croatia
27,5526130,Pulfer Brewery,Hot Cakes #2,Sour - Smoothie / Pastry,https://untappd.com/b/pulfer-brewery-hot-cakes-2/5526130,5.4,5,4.13,1168,09/15/23,"We got a new smoothie sour series! This time we want to implement famous cake recipes with cheesecake essence in a form of a smoothie sour. Crazy stuff indeed!Hot Cakes #2 is mega loaded with blueberry, raspberry, banana and lemon, and twisted with vanilla... Just like a forrest fruit cheesecake!Contains real fruit. Don't age. Keep in a refrigerator. Drink fresh. For best experience, gently rotate the can few times.THIS IS WHY WE BREW!  ",croatia
28,6506669,Pulfer Brewery,Smoothiesh: What Did You Bring To the Party?,Sour - Smoothie / Pastry,https://untappd.com/b/pulfer-brewery-smoothiesh-what-did-you-bring-to-the-party/6506669,5.5,1,4.13,939,11/26/25,"Another 'Smoothiesh' release means another great dad's joke!A Superman Koala asked Batman platypus : ""What did you bring to the Party?""The next 'smoothiesh' will have answer to this question...Mega loaded with banana, pineapple, pink guava, orange and vanilla, it super tasty deliciousness! Contains real fruit. Don't age. Keep in a refrigerator. Drink fresh. For best experience, gently rotate the can few times before you open it.THIS IS WHY WE BREW!  ",croatia
29,6614511,Pulfer Brewery,Hot Cakes #11,Sour - Smoothie / Pastry,https://untappd.com/b/pulfer-brewery-hot-cakes-11/6614511,6.0,6,4.13,806,02/26/26,"Number 11 of our Hot Cakes series brings you three-wheeler ""Trotters' Independent Trading Co"" van, filled with enormous amounts of cheesecake, combined with banana, sour cherry, lemon, coconut and vanilla..Baaaaaaaaaam!One of our favorite pastry series - liquid fruit cheesecake in a glass. Loaded with flavors and fricking fun!Contains real fruit. Don't age. Keep in a refrigerator. Drink fresh. For best experience, gently rotate the can few times.THIS IS WHY WE BREW! ",croatia
30,6306975,Pulfer Brewery,Hot Cakes #10,Sour - Smoothie / Pastry,https://untappd.com/b/pulfer-brewery-hot-cakes-10/6306975,6.0,5,4.12,1480,06/17/25,"Number 10 of our Hot Cakes series brings you notorious Ferrari 330 P3, filled with enormous amounts of cheesecake, combined with strawberry, pineapple, blackberry, lemon, cinnamon and vanilla..Yummmy!One of our favorite pastry series - liquid fruit cheesecake in a glass. Loaded with flavors and fricking fun!Contains real fruit. Don't age. Keep in a refrigerator. Drink fresh. For best experience, gently rotate the can few times.THIS IS WHY WE BREW! ",croatia
31,6375155,Pulfer Brewery,Master Blaster,Sour - Smoothie / Pastry,https://untappd.com/b/pulfer-brewery-master-blaster/6375155,5.5,2,4.12,1230,08/13/25,"Our sour base got the big treatment - huge amounts of fresh mango, delicious passion fruit, beautiful apricots and soft coconut cream, complemented by sweet purple potatoes - ube.You'll drink purple, sweet-and-sour sin. And you won't be sorry. Turn up the volume, and enjoy.Contains real fruit. Don't age. Keep in a refrigerator. Drink fresh. For best experience, gently rotate the can few times.THIS IS WHY WE BREW! ",croatia
32,5729353,Pulfer Brewery,Hot Cakes #3,Sour - Smoothie / Pastry,https://untappd.com/b/pulfer-brewery-hot-cakes-3/5729353,5.5,5,4.11,1123,02/27/24,"Number 3 of our Hot Cakes series brings you the legendary Volkswagen Beetle filled with incredibly large amounts of cheesecake, brilliantly combined with mango, passion fruit, apricot, lemon and vanilla.One of our favorite pastry series - liquid fruit cheesecake in a glass. Loaded with flavors and fricking fun!Contains real fruit. Don't age. Keep in a refrigerator. Drink fresh. For best experience, gently rotate the can few times.THIS IS WHY WE BREW!  ",croatia
33,5526128,Pulfer Brewery,Hot Cakes #1,Sour - Smoothie / Pastry,https://untappd.com/b/pulfer-brewery-hot-cakes-1/5526128,5.4,5,4.11,935,09/15/23,"We got a new smoothie sour series! This time we want to implement famous cake recipes with cheesecake essence in a form of a smoothie sour. Crazy stuff indeed!Hot Cakes #1 is super loaded with mango, carrots, apricot, orange, and lemon and twisted with cinnamon and vanilla.  Just like a real carrot cake.. and yes, with lot of cheesecake!Contains real fruit. Don't age. Keep in a refrigerator. Drink fresh. For best experience, gently rotate the can few times.THIS IS WHY WE BREW! ",croatia
34,5541179,Pulfer Brewery,Blackheart Queen,Stout - Imperial / Double Pastry,https://untappd.com/b/pulfer-brewery-blackheart-queen/5541179,10.2,40,4.1,739,09/26/23,"After the King, here is the Queen!Our BLACKHEART QUEEN is a big imperial pastry stout dipped with chocolate brownie!Extra thick with huge body, yet smooth and tender. Real chocolate brownie in a glass. Enjoy!This Is Why We Brew! ",croatia
35,6573937,Pulfer Brewery,Lusca,Stout - Imperial / Double,https://untappd.com/b/pulfer-brewery-lusca/6573937,11.8,35,4.09,316,01/19/26,"Dark, smooth, oily, massive, full-bodied imperial stout aged 13 months in Irish Whiskey Barrel.The dark depths of the ASW Fiddler Irish Whiskey cask captivated us and layered a subtle malt sweetness, hints of vanilla and a light oak aroma, balanced with notes of caramel, toffee and a delicate spicy character reminiscent of classic Irish whiskey, while retaining the depth of bourbon. Let the cask speak for itself.Lusca is sea monster from Carribean, half shark, half giant octopus with sharped teeth and deadly tentacles.Hand-waxed, brewed with passion and patience, this is liquid dessert in a glass.This is why we brew! ",croatia
36,4545330,The Garden Brewery,Double Imperial Chocolate Cheesecake Stout,Stout - Imperial / Double Pastry,https://untappd.com/b/the-garden-brewery-double-imperial-chocolate-cheesecake-stout/4545330,12.0,30,4.09,2424,10/12/21,"Lervig (Stavanger, Norway) Collab: 12%We love making BIG Imperial Stouts and we love Lervig's too so we came together for one of our five celebratory 5th birthday collabs: Imperial + Imperial = Double Imperial Stout. The first in our new series of Double Imperial Stouts this 12% monster is packed with Cacoa, Cocoa, Vanilla Pods and yes cheesecake mix. It's strong, sweet and indulgent with 8 different malts plus loads of Oats for that great rounded mouthfeel. ",croatia
37,4411162,Pulfer Brewery,Smoothiesh: …I'm Bacon,Sour - Smoothie / Pastry,https://untappd.com/b/pulfer-brewery-smoothiesh-i-m-bacon/4411162,5.0,8,4.09,468,07/15/21,"What did the pig say on the warm summer's day? - I'm bacon!You didn't have to wait long for an answer from a giraffe's question. The Pig has spoken. The Pig knows things. The Pig has sense of humor. The Pig knows the answer. The Pig loves ballet. The Pig is magical. Be like Pig. Eat your smoothie. Ultra super loaded with passion fruit, apricots and pineapple, this is true soursweet healthy bomb!Be like Pig. Eat you smoothie. This is why we brew! ",croatia
38,6673839,Pulfer Brewery,Goddess Freya,Stout - Imperial / Double Milk,https://untappd.com/b/pulfer-brewery-goddess-freya/6673839,9.0,45,4.09,482,04/16/26,"We are massively pleased to announce the long-awaited release of a collab beer with one of the pioneers of European modern craft brewing - the great Lervig.Together we brewed Imperial stout, what would later become 'Goddess Freya' - a smoothie cream stout, packed with milk cream, coffee from craft roastery 'Kavantura' and salted caramel. Absolutely delicious cream stout, like coffee liqueur,  with touch of salt! ",croatia
39,5895497,Pulfer Brewery,Little Green Man,Sour - Fruited,https://untappd.com/b/pulfer-brewery-little-green-man/5895497,5.0,5,4.08,1518,07/05/24,"Damn it's green!Yup, we made fruited sour, almost like smoothie. And it's green.Heavily fruited with passion fruit, pineapple, mango and papaya, conditioned on coconut and than twisted with blue spirulina. This crazy blue algae combined with our yellow mixture of fruits gave this sour green cool looking color with some good health benefits.Tasty tropical bomb!Contains real fruit. Don't age. Keep in a refrigerator. Drink fresh. For best experience, gently rotate the can few times.This is why we brew! ",croatia
40,5093016,The Garden Brewery,"Double Imperial Chocolate, Fruit & Nut Stout",Stout - Imperial / Double,https://untappd.com/b/the-garden-brewery-double-imperial-chocolate-fruit-and-nut-stout/5093016,12.0,22,4.08,1698,10/28/22,"SIXTH BIRTHDAY COLLAB BREWDeep, smooth and indulgent with Cacao Nibs, Raisins, Hazelnuts & AlmondsRested on Rum barrel wood chips & Vanilla pods ",croatia
41,5400094,Pulfer Brewery,Smoothiesh: What's Forrest Gump's Password?,Sour - Smoothie / Pastry,https://untappd.com/b/pulfer-brewery-smoothiesh-what-s-forrest-gump-s-password/5400094,5.5,5,4.07,968,06/13/23,"It is time for another smoothie sour, another dad's joke, just before summer time..An aligator Dan asked a question: 'What's Forrest Gump password?'The answer to this question you will find in next smoothie sour label, coming out in couple of days...We combined tradional apple pie flavours with belgian and Dutch touch ?Imagine apple pie and speculaas coockies.. Now open eyes and have a sip of this tasty smoothie sour. Yummmy!Super loaded with apples, pear and peach, hint od lemons and twisted with cinammon. Contains real fruit. Don't age. Keep in a refrigerator. Drink fresh. For best experience, gently rotate the can few times.THIS IS WHY WE BREW! ",croatia
42,5148714,Pulfer Brewery,Fiddler's Black,Stout - Imperial / Double Pastry,https://untappd.com/b/pulfer-brewery-fiddler-s-black/5148714,11.7,35,4.07,541,12/06/22,"The antipode to our Fiddler's Green, we present you Fiddler's Black!Every sailor has his own hell with his mesmerising mermaid. This is ours.Thick as hell, this luxurious imperial stout is conditioned on coffee and vanilla. Wonderfull nutty espresso taste with delicate layer of vanilla. Along with dark chocolate notes and liqueurish taste, it is a dark beauty!As a dessert beer, it's going well with chocolate cakes, dark cookies, tiramissu and other sweetish stuff.Suitable for aging. ",croatia
43,5171723,Pulfer Brewery,Hound Cake: Cheesecake,Sour - Smoothie / Pastry,https://untappd.com/b/pulfer-brewery-hound-cake-cheesecake/5171723,6.0,8,4.06,901,12/22/22,"Collaboration with White Dog brewery!In our new fruited pastry sour series 'Hound Cake' we  combined a new crazy pastry stuff - cheesecake.We wanted to create real cake and pie feeling in this smoothie sour.Imagine forrest fruits with cheesecake and vanilla icecream taste. Take a sip, enjoy and thank us later.GENTLY ROTATE A CAN FEW TIME BEFORE OPEN FOR BEST EXPERIENCE.Contains real fruit. Drink fresh. Don't age. Keep in refigerator. This is why we brew! ",croatia
44,4648810,Pulfer Brewery,Smoothiesh: Rude-olph!,Sour - Smoothie / Pastry,https://untappd.com/b/pulfer-brewery-smoothiesh-rude-olph/4648810,5.5,5,4.06,808,12/21/21,"Mr. Penguin is rolling and we have to answer his question: ""What do you call Santa's most impolite reindeer?""So here it is - 'Rude-olph!' is our new smoothiesh sour turbo loaded with a crazy combo of pineapple and raspberry. Sweet and sour. We really managed to achieve a candy-like taste. It throws childhood memories when we used to eat soursweet 'shock' candies who were sour inside and sweet outside so you got mouth freezed while chewing...Thick, sour, sweet, delicius and every sip crave for more, awesome!This is why we brew!Contains unfermented fruit. Drink fresh. Don't age.Gently rotate a can few times before you open it for best experience. ",croatia
45,6123697,Pulfer Brewery,El Charro Negro,Stout - Imperial / Double,https://untappd.com/b/pulfer-brewery-el-charro-negro/6123697,10.8,50,4.05,583,01/10/25,"Another thick, oily, massive imperial stout, conditioned on coconut, caccao nibs, freshly roasted coffee and chili.Inspired by a mexican cake, it brings lot of chocolate and caramel flavours combined with coffee, coconut and with tingling feeling from chili at the end.. Awesome!Another collab beer with our friends from Netherlands - Bravoure Brouwerij ",croatia
46,6497901,Pulfer Brewery,Prince of Darkness,Stout - Imperial / Double,https://untappd.com/b/pulfer-brewery-prince-of-darkness/6497901,11.4,50,4.05,402,11/19/25,"We brewed this imperial stout as tribute to our beloved Ozzy. Thank you for all your music, enormous energy and  countless headbangs! Your voice, your lyrics will echo forever! We added bourbon barrel aged maple syrup from Vermont, and La Cabra's Tunsisa, an Ethiopian coffee beans with rich chocolate flavors and notes of brown sugar. Delicious!It's big stout, enriched with maple syrup and coffee flavors, full bodied, silky, smooth with sweetish finish. Black as our dark legend - Prince of Darkness!This is why we brew! ",croatia
47,4638189,Pulfer Brewery,Smoothiesh: What Do You Call Santa's Most Impolite Reindeer?,Sour - Smoothie / Pastry,https://untappd.com/b/pulfer-brewery-smoothiesh-what-do-you-call-santa-s-most-impolite-reindeer/4638189,5.5,4,4.04,675,12/14/21,"At the end of 2021 year we bring you two new smoothiesh pastry sours, both are crazy and must try.Of course we did a new dad's joke with smoothiesh labels, as first label always asks question and second label has an answer.""What do you call Santa's most impolite reindeer?"" is ultra mega loaded with banana, mango and pear. It is super thick, fluffy and just delicious.Contains unfermented fruit. Drink fresh. Don't age.Gently rotate a can few times before you open it for best experience.This is why we brew! ",croatia
48,2292198,Zmajska Pivovara,RIS Barrel Aged,Stout - Russian Imperial,https://untappd.com/b/zmajska-pivovara-ris-barrel-aged/2292198,10.1,85,4.04,311,09/15/17, ,croatia
49,6381871,Pulfer Brewery,I Scream: Freddy,Sour - Smoothie / Pastry,https://untappd.com/b/pulfer-brewery-i-scream-freddy/6381871,5.5,3,4.03,1161,08/18/25,"This crazy smoothie definitely took us the longest time from idea and first tests to realization. It turns out that incorporating ice cream into beer is not at all easy.Thanks to a long brainstorming session by our R&D team - this sounds serious - and finally the ideal ice cream we've been looking for a long time, we've arrived to our new smoothie series - 'I scream'.The first edition is the all-time classic Freddy Krueger from 'A Nightmare on Elm Street' which brings you a generous amount of sour cherry, and banana, with a whopping amount of chocolate/hazelnut ice cream.Contains real fruit. Don't age. Keep in a refrigerator. Drink fresh. For best experience, gently rotate the can few times.THIS IS WHY WE BREW! ",croatia
0,2915525,BIRRIFICIO AGRICOLO BALADIN - Baladin Indipendent Italian Farm Brewery,XYAUYU' KENTUCKY - RISERVA 2015,Barleywine - Other,https://untappd.com/b/birrificio-agricolo-baladin-baladin-indipendente-italian-farm-brewery-xyauyu-kentucky-riserva-2015/2915525,14.0,15,4.44,1776,10/28/18,"ITALIANO - Alla Xyauyù viene abbinato un prodotto dell’eccellenza agricola italiana: il tabacco Kentucky, aggiunto con infusione a freddo in barrique di rovere. Il risultato è una birra dai profumi e dai sapori decisi, ma allo stesso tempo delicati. Color oro rosso carico, priva di schiuma e gasatura, al naso offre sentori di frutta secca, ciliegia sotto spirito e tabacco macerato. In bocca gli aromi di vaniglia contrastano con la sensazione piccante, quasi di cuoio, tipica del Kentucky. ENGLISH - Teo ventures again into the world of macro-oxidation. This new exploration of taste starts from Xyauyù Oro, combined with a product of the best Italian farming: Kentucky tobacco. Using a cold infusion technique, tobacco is added to the oak barrels where the beer is kept. A unique beer is obtained, with strong and at the same time delicate scents and tastes, reminiscent of the atmosphere of past days. It has a clear, dark golden red color with brownish hues. When poured, it has no head and no gas. Scents of dried fruit and cherries in alcohol, while the sweet aroma of macerated tobacco stands out. The taste is a perfect balance between the malty flavors and the taste of tobacco. Hints of vanilla contrast the typical tangy, almost leathery notes of tobacco. A blend of tastes which gives this beer a bitter, dry finish. ",italy
1,3486591,BIRRIFICIO AGRICOLO BALADIN - Baladin Indipendent Italian Farm Brewery,XYAUYÙ KENTUCKY -RISERVA 2016,Barleywine - Other,https://untappd.com/b/birrificio-agricolo-baladin-baladin-indipendente-italian-farm-brewery-xyauyu-kentucky-riserva-2016/3486591,14.0,15,4.44,2074,10/18/19,"ITA - Un Barley Wine dal colore rosso scuro, limpido e senza schiuma. All’olfatto, note immediate di tabacco e caramello con un finale leggero di vaniglia. In bocca, la componente legnosa fa da sostegno ai toni di tabacco ben equilibrati con le note di frutta secca e cioccolato fondente.ENG -A barley wine with a dark red, bright color and no head. The scents of tobacco and caramel immediately emerge, with a final light touch of vanilla. When sipped, the wood component stands out and supports the notes of tobacco, which strike a good balance with the hints of nuts and dark chocolate. ",italy
2,2963304,BIRRIFICIO AGRICOLO BALADIN - Baladin Indipendent Italian Farm Brewery,XYAUYÙ BARREL - RISERVA 2014,Barleywine - Other,https://untappd.com/b/birrificio-agricolo-baladin-baladin-indipendente-italian-farm-brewery-xyauyu-barrel-riserva-2014/2963304,14.0,15,4.41,1612,11/28/18,"ITALIANOUna birra ad alta fermentazione che ha subito un processo di macro ossidazione e dodici mesi di maturazione in botti da rhum, che le donano un aroma ed un gusto del tutto caratteristici. Si presenta al bicchiere priva di schiuma e gasatura.ENGLISHIt represents the complex expression of Teo’s mind in the creation of his couch beers. An high fermented beer after a macro oxidation process and 12 month aging in rhum barrels, which give a natural and turbid aroma. In the glass is without cream and gas.   ",italy
3,573390,BIRRIFICIO AGRICOLO BALADIN - Baladin Indipendent Italian Farm Brewery,XYAUYÙ etichetta oro/golden label - RISERVA 2014,Barleywine - Other,https://untappd.com/b/birrificio-agricolo-baladin-baladin-indipendente-italian-farm-brewery-xyauyu-etichetta-oro-golden-label-riserva-2014/573390,14.0,15,4.41,3340,01/28/14,"ITALIANO - Una birra viva ad alta fermentazione che incontrando l’aria pura delle Langhe e riposando per lungo tempo è divenuta un prodotto nuovo, unico. All’aspetto si presenta limpida, priva di schiuma e gasatura, con un colore intenso, di tono ambrato carico e riflessi ramati. Al primo naso esprime grande intensità, emergono sentori di frutta secca e canditi con importanti e armoniose note che ci riportano al vino Madeira. XYAUYÙ, è ottima con il cioccolato e bevuta con calma a fine pasto. ENGLISH - Xyauyù is a living, top-fermented beer which – after being exposed to the air of the Langhe area and resting for a long period of time – becomes a new and unique product. When poured, it has no head and no gas; it has a clear, full amber, brownish color with copper reflections. When initially inhaled it is very intense, with aromas of dried and candied fruit and strong and harmonious notes which bring Madeira wines to mind. XYAUYÙ, is excellent with chocolate and drink slowly after a meal. ",italy
4,2997367,BIRRIFICIO AGRICOLO BALADIN - Baladin Indipendent Italian Farm Brewery,XYAUYÙ etichetta oro/ golden label- RISERVA 2015,Barleywine - Other,https://untappd.com/b/birrificio-agricolo-baladin-baladin-indipendente-italian-farm-brewery-xyauyu-etichetta-oro-golden-label-riserva-2015/2997367,14.0,15,4.4,1463,12/20/18,"ITALIANO - Prende vita dalla voglia di sperimentare di Teo. Una birra viva ad alta fermentazione che incontrando l’aria pura delle Langhe e riposando per lungo tempo è divenuta un prodotto nuovo, unico. All’aspetto si presenta limpida, priva di schiuma e gasatura con un colore ambrato pieno, di tonalità marroncina e riflessi ramati. Al primo naso esprime grande intensità dove emergono sentori di frutta secca e canditi con importanti ed armoniose note che ci riportano al vino Madeira.ENGLISH - It borns from the experimentation desire of Teo. An high fermentation beer which meet the clean Langhe air and it rests for a long period, becoming a new product. It is clear, without creamy and gas with an deep amber color. The aroma is quite deep with dried and candied fruits scents, with some wine Madeira notes. ",italy
5,3486587,BIRRIFICIO AGRICOLO BALADIN - Baladin Indipendent Italian Farm Brewery,XYAUYÙ BARREL - RISERVA 2015,Barleywine - Other,https://untappd.com/b/birrificio-agricolo-baladin-baladin-indipendente-italian-farm-brewery-xyauyu-barrel-riserva-2015/3486587,15.5,N/A,4.4,1619,10/18/19, ,italy
6,4088379,BIRRIFICIO AGRICOLO BALADIN - Baladin Indipendent Italian Farm Brewery,XYAUYÙ BARREL - RISERVA 2016,Barleywine - Other,https://untappd.com/b/birrificio-agricolo-baladin-baladin-indipendente-italian-farm-brewery-xyauyu-barrel-riserva-2016/4088379,14.0,15,4.39,1559,12/07/20,"ITA_ Limpida e con assenza di schiuma. Al naso colpisce subito il calore come di frutta sotto spirito accompagnato da toni legnosi, note di nocino, frutta matura e dattero. In bocca la sensazione principale è l’inconfondibile aroma dei grandi rum invecchiati, che si armonizza alle note tipicamente maltate di questo barley wine e ai sentori, già ben presenti al naso, di frutta sotto spirito.ENG_ The color is clear and it has no head. The nose is immediately filled with the warmth of fruit preserved in alcohol, accompanied by woody notes, walnut liqueur, ripe fruit and dates. The most distinctive taste is the unmistakable aroma of great aged rums, harmoniously blended with the typically malty notes of this barley wine and the same hints of fruit in alcohol. ",italy
7,4647833,BIRRIFICIO AGRICOLO BALADIN - Baladin Indipendent Italian Farm Brewery,XYAUYÙ BARREL - RISERVA 2017,Barleywine - Other,https://untappd.com/b/birrificio-agricolo-baladin-baladin-indipendente-italian-farm-brewery-xyauyu-barrel-riserva-2017/4647833,13.8,N/A,4.38,1339,12/20/21, ,italy
8,4096722,BIRRIFICIO AGRICOLO BALADIN - Baladin Indipendent Italian Farm Brewery,XYAUYÙ Etichetta Oro/ Golden Label- RISERVA 2016,Barleywine - Other,https://untappd.com/b/birrificio-agricolo-baladin-baladin-indipendente-italian-farm-brewery-xyauyu-etichetta-oro-golden-label-riserva-2016/4096722,14.0,13,4.38,1070,12/12/20,"Xyauyù Oro is the result of Teo's wish to experiment. It is a living, top-fermented beer which - after being exposed to the air of the Langhe area and resting for a long period of time - becomes a new and unique product. When poured, it has no head and no gas; it has a clear, full amber, brownish color with copper reflections. When initially inhaled it is very intense, with aromas of dried and candied fruit and strong and harmonious notes which bring Madeira wines to mind. Enjoy at room temperature, taking very small sips. ",italy
9,529853,BIRRIFICIO AGRICOLO BALADIN - Baladin Indipendent Italian Farm Brewery,XYAUYÙ BARREL - RISERVA 2010,Barleywine - Other,https://untappd.com/b/birrificio-agricolo-baladin-baladin-indipendente-italian-farm-brewery-xyauyu-barrel-riserva-2010/529853,14.0,15,4.38,864,12/13/13,"ITALIANO - Nasce da un “pensiero perverso” di Teo e da anni di ricerca. Una birra ad alta fermentazione che ha subito un processo di macro ossidazione e una maturazione in botti di rovere che hanno ospitato grandi rum, che le donano profumi di datteri, caramello e un delicato ricordo di legno. Al bicchiere si presenta priva di gasatura e schiuma con note di colore bruno con riflessi ramati.ENGLISH - Xyauyù Barrel is the result of a “wicked idea” of Teo’s and years of research. It is a top-fermented beer which has gone through macrooxidation and has been aged in oak rum barrels to give it scents of dates, caramel and a delicate wooden note. When poured, it has no head and no gas; it has a dark color with copper nuances. ",italy
10,829539,BIRRIFICIO AGRICOLO BALADIN - Baladin Indipendent Italian Farm Brewery,XYAUYÙ KENTUCKY -RISERVA 2014,Barleywine - Other,https://untappd.com/b/birrificio-agricolo-baladin-baladin-indipendente-italian-farm-brewery-xyauyu-kentucky-riserva-2014/829539,14.0,15,4.35,1087,10/01/14,"ITALIANO - Alla Xyauyù viene abbinato un prodotto dell’eccellenza agricola italiana: il tabacco Kentucky, aggiunto con infusione a freddo in barrique di rovere. Il risultato è una birra dai profumi e dai sapori decisi, ma allo stesso tempo delicati. Color oro rosso carico, priva di schiuma e gasatura, al naso offre sentori di frutta secca, ciliegia sotto spirito e tabacco macerato. In bocca gli aromi di vaniglia contrastano con la sensazione piccante, quasi di cuoio, tipica del Kentucky. ENGLISH - Teo ventures again into the world of macro-oxidation. This new exploration of taste starts from Xyauyù Oro, combined with a product of the best Italian farming: Kentucky tobacco. Using a cold infusion technique, tobacco is added to the oak barrels where the beer is kept. A unique beer is obtained, with strong and at the same time delicate scents and tastes, reminiscent of the atmosphere of past days. It has a clear, dark golden red color with brownish hues. When poured, it has no head and no gas. Scents of dried fruit and cherries in alcohol, while the sweet aroma of macerated tobacco stands out. The taste is a perfect balance between the malty flavors and the taste of tobacco. Hints of vanilla contrast the typical tangy, almost leathery notes of tobacco. A blend of tastes which gives this beer a bitter, dry finish. ",italy
11,1866921,BIRRIFICIO AGRICOLO BALADIN - Baladin Indipendent Italian Farm Brewery,XYAUYÙ etichetta oro/ golden label- RISERVA 2013,Barleywine - Other,https://untappd.com/b/birrificio-agricolo-baladin-baladin-indipendente-italian-farm-brewery-xyauyu-etichetta-oro-golden-label-riserva-2013/1866921,14.0,15,4.35,1840,12/17/16,"ITALIANO - Una birra viva ad alta fermentazione che incontrando l’aria pura delle Langhe e riposando per lungo tempo è divenuta un prodotto nuovo, unico. All’aspetto si presenta limpida, priva di schiuma e gasatura, con un colore intenso, di tono ambrato carico e riflessi ramati. Al primo naso esprime grande intensità, emergono sentori di frutta secca e canditi con importanti e armoniose note che ci riportano al vino Madeira.ENGLISH - Xyauyù is a living, top-fermented beer which – after being exposed to the air of the Langhe area and resting for a long period of time – becomes a new and unique product. When poured, it has no head and no gas; it has a clear, full amber, brownish color with copper reflections. When initially inhaled it is very intense, with aromas of dried and candied fruit and strong and harmonious notes which bring Madeira wines to mind. ",italy
12,4647831,BIRRIFICIO AGRICOLO BALADIN - Baladin Indipendent Italian Farm Brewery,XYAUYÙ KENTUCKY - RISERVA 2017,Barleywine - Other,https://untappd.com/b/birrificio-agricolo-baladin-baladin-indipendente-italian-farm-brewery-xyauyu-kentucky-riserva-2017/4647831,14.0,15,4.35,1409,12/20/21, ,italy
13,2885241,BIRRIFICIO AGRICOLO BALADIN - Baladin Indipendent Italian Farm Brewery,XYAUYÙ KIOKE,Barleywine - Other,https://untappd.com/b/birrificio-agricolo-baladin-baladin-indipendente-italian-farm-brewery-xyauyu-kioke/2885241,14.0,15,4.34,4254,10/10/18,"ITA-Xyauyù Kioke è una birra che unisce due grandi tradizioni artigiane legate al mondo della fermentazione: l’arte di produrre birra artigianale, incontra l’arte di produrre salsa di soia artigianale. Kioke è una botte priva di chiusura, in legno di Cipresso, prodotta in Giappone, nell’isola di Shodo da Yasuo Yamamoto (Yamaroku Shoyu) in cui fermenta la soia. Xyauyù nasce in Italia, a Piozzo, nel birrificio agricolo Baladin, dal desiderio di Teo Musso di esplorare l’universo delle ossidazioni.La birra, già fermentata e maturata per oltre 18 mesi, viene affinata “a cielo aperto” in una botte di Kioke nuova in cui non è stata fermentata la soia e che le dona note resinose di Cipresso e una leggera sfumatura acida, creando un profilo aromatico unico e originale.ENG-Xyauyù Kioke combines two great craft traditions in the world of fermentation: the art of beer making meets the art of producing craft soy sauce. The Kioke is an open cypress wooden barrel produced by Yasuo Yamamoto (Yamaroku Shoyu) in Japan, on the island of Shodo, and is used for the fermentation of soy sauce. Xyauyù was created in Piozzo, Italy, at the Baladin farm brewery, from Teo Musso’s desire to explore the universe of oxidation.The beer, once fermented and aged for 18 months, is open-air matured inside a new Kioke barrel, i.e. which has never been used for the fermentation of soy. The barrel gives resinous cypress notes and a slightly acidic touch, for a unique aromatic profile. ",italy
14,5619028,BIRRIFICIO AGRICOLO BALADIN - Baladin Indipendent Italian Farm Brewery,XYAUYÚ BARREL - RISERVA 2018,Barleywine - Other,https://untappd.com/b/birrificio-agricolo-baladin-baladin-indipendente-italian-farm-brewery-xyauyu-barrel-2018/5619028,14.0,14,4.34,791,11/24/23, ,italy
15,5608860,BIRRIFICIO AGRICOLO BALADIN - Baladin Indipendent Italian Farm Brewery,XYAUYÙ KENTUCKY - RISERVA 2018,Barleywine - Other,https://untappd.com/b/birrificio-agricolo-baladin-baladin-indipendente-italian-farm-brewery-xyauyu-kentucky-riserva-2018/5608860,14.0,N/A,4.33,726,11/17/23, ,italy
16,5486922,BIRRIFICIO AGRICOLO BALADIN - Baladin Indipendent Italian Farm Brewery,XYAUYÙ 2018 Riserva Teo Musso,Barleywine - English,https://untappd.com/b/birrificio-agricolo-baladin-baladin-indipendente-italian-farm-brewery-xyauyu-2018-riserva-teo-musso/5486922,14.0,13,4.33,1201,08/15/23, ,italy
17,2915524,BIRRIFICIO AGRICOLO BALADIN - Baladin Indipendent Italian Farm Brewery,XYAUYU' FUME - RISERVA 2014,Barleywine - Other,https://untappd.com/b/birrificio-agricolo-baladin-baladin-indipendente-italian-farm-brewery-xyauyu-fume-riserva-2014/2915524,14.0,15,4.32,1423,10/28/18,"ITALIANRappresenta l’espressione più complessa del pensiero di Teo nella creazione delle sue birre da divano. Una birra ad alta fermentazione che ha subito un processo di macro ossidazione e dodici mesi di maturazione in botti da whisky scozzese delle Islay, che le donano un naturale aroma torbato. Di colore bruno intenso con riflessi ramati, si presenta al bicchiere priva di schiuma e gasatura.ENGLISHIt represents the complex expression of Teo’s mind in the creation of his couch beers. An high fermented beer after a macro oxidation process and 12 month aging in Scottish whisky barrels from Islay, which give a natural and turbid aroma.  The color is deep dark brown with copper notes, in the glass is without cream and gas.   ",italy
18,362392,BIRRIFICIO AGRICOLO BALADIN - Baladin Indipendent Italian Farm Brewery,XYAUYÙ BARREL - RISERVA 2013,Barleywine - Other,https://untappd.com/b/birrificio-agricolo-baladin-baladin-indipendente-italian-farm-brewery-xyauyu-barrel-riserva-2013/362392,14.0,15,4.31,1682,05/11/13,"ITALIANO - Nasce da un “pensiero perverso” di Teo e da anni di ricerca. Una birra ad alta fermentazione che ha subito un processo di macro ossidazione e una maturazione in botti di rovere che hanno ospitato grandi rum, che le donano profumi di datteri, caramello e un delicato ricordo di legno. Al bicchiere si presenta priva di gasatura e schiuma con note di colore bruno con riflessi ramati. XYAUYÙ BARREL, è ottima con il cioccolato e bevuta con calma a fine pasto. ENGLISH - Xyauyù Barrel is the result of a “wicked idea” of Teo’s and years of research. It is a top-fermented beer which has gone through macrooxidation and has been aged in oak rum barrels to give it scents of dates, caramel and a delicate wooden note. When poured, it has no head and no gas; it has a dark color with copper nuances. XYAUYÙ BARREL, is excellent with chocolate and drink slowly after a meal. ",italy
19,4644537,BIRRIFICIO AGRICOLO BALADIN - Baladin Indipendent Italian Farm Brewery,XYAUYÙ Etichetta Oro/golden Label - RISERVA 2017,Barleywine - Other,https://untappd.com/b/birrificio-agricolo-baladin-baladin-indipendente-italian-farm-brewery-xyauyu-etichetta-oro-golden-label-riserva-2017/4644537,14.0,N/A,4.28,712,12/18/21, ,italy
20,1157094,BIRRIFICIO AGRICOLO BALADIN - Baladin Indipendent Italian Farm Brewery,XYAUYÙ FUMÈ - RISERVA 2011,Barleywine - Other,https://untappd.com/b/birrificio-agricolo-baladin-baladin-indipendente-italian-farm-brewery-xyauyu-fume-riserva-2011/1157094,14.0,15,4.28,569,07/11/15,"ITALIANO - Rappresenta l’espressione più complessa della ricerca di Teo nella creazione delle sue birre da divano. Una birra ad alta fermentazione che ha subito un processo di macro ossidazione e dodici mesi di maturazione, in botti da whisky scozzese delle Islay, che le donano un naturale aroma torbato. Di colore bruno intenso con riflessi ramati, si presenta al bicchiere priva di schiuma e gasatura.ENGLISH - Xyauyù Fumè is the most complex expression of Teo’s approach to the creation of what he calls “couch beers”, to be enjoyed and savored slowly. It is a top-fermented beer which has undergone macro-oxidation and has been aged for twelve months in Islay Scottish whisky barrels, which give it a natural peaty flavor. It has a deep dark color with copper nuances; when poured, it has no head and no gas. ",italy
21,5609316,CRAK Brewery,Mansueto 2023,Barleywine - English,https://untappd.com/b/crak-brewery-mansueto-2023/5609316,13.0,N/A,4.28,1970,11/17/23,"Invecchiata prevalentemente in botti di Rum, Whisky e Porto, con un tocco di botte di vino, fa vivere un'esperienza straordinaria. Il colore ambrato profondo e gli aromi caramellati si fondono con note fruttate di uva passa e datteri. Il gusto rivela strati complessi di caramello, toffee e vaniglia, arricchiti da accenni di rovere e una piacevole leggera piccantezza persistente che aggiunge energia. Una birra che incanta con la sua armonia.  Dedicata a una persona speciale scomparsa qualche anno fa: il nostro caro falegname Mansueto. Abbiamo realizzato assieme a lui i supporti per le botti che ora sono impiegati nella nostra Cantina. Mansueto ha condiviso con noi la sua passione per il legno e per le cose fatte con le mani.Aged predominantly in barrels of Rum, Whisky, and Port, with a touch of wine barrel, it provides an extraordinary experience. The deep amber color and caramelized aromas blend with fruity notes of raisins and dates. The taste reveals complex layers of caramel, toffee, and vanilla, enriched with hints of oak and a pleasant light persistent spiciness that adds energy. A beer that enchants with its harmony.Dedicated to a special person who passed away a few years ago: our dear carpenter Mansueto. Together with him, we made the supports for the barrels that are now used in our cellar. Mansueto shared with us his passion for wood and things made by hand. ",italy
22,134501,BIRRIFICIO AGRICOLO BALADIN - Baladin Indipendent Italian Farm Brewery,XYAUYÙ FUMÈ - RISERVA 2013,Barleywine - Other,https://untappd.com/b/birrificio-agricolo-baladin-baladin-indipendente-italian-farm-brewery-xyauyu-fume-riserva-2013/134501,14.0,15,4.28,2133,02/19/12,"ITALIANO - Rappresenta l’espressione più complessa della ricerca di Teo nella creazione delle sue birre da divano. Una birra ad alta fermentazione che ha subito un processo di macro ossidazione e dodici mesi di maturazione, in botti da whisky scozzese delle Islay, che le donano un naturale aroma torbato. Di colore bruno intenso con riflessi ramati, si presenta al bicchiere priva di schiuma e gasatura. XYAUYÙ FUMÈ, è ottima con il cioccolato e bevuta con calma a fine pasto. ENGLISH - Xyauyù Fumè is the most complex expression of Teo’s approach to the creation of what he calls “couch beers”, to be enjoyed and savored slowly. It is a top-fermented beer which has undergone macro-oxidation and has been aged for twelve months in Islay Scottish whisky barrels, which give it a natural peaty flavor. It has a deep dark color with copper nuances; when poured, it has no head and no gas. XYAUYÙ FUMÈ, is excellent with chocolate and drink slowly after a meal. ",italy
23,6078200,Brasseria Della Fonte,Notte Di Natale 2024 (Bourbon Barrel Aged),Stout - Imperial / Double,https://untappd.com/b/brasseria-della-fonte-notte-di-natale-2024-bourbon-barrel-aged/6078200,11.5,N/A,4.27,529,11/30/24,"Imperial Christmas Stout brewed with maple syrup. Aged in Heaven & Hill and Wyoming Bourbon barrels for 18 months, then conditioned on organic Ghana toasted and raw cocoa nibs and a soft touch of Cassia cinnamon sticks ",italy
24,5153802,CRAK Brewery,Mansueto 2022,Barleywine - Other,https://untappd.com/b/crak-brewery-mansueto-2022/5153802,13.5,N/A,4.26,1578,12/09/22,"Anche il 2022 ci ha “regalato” una grande annata per la nostra Mansueto.Dopo i periodici assaggi durante l’anno che ci davano ottime speranze per un’annata importante, nelle ultime settimana le degustazioni dalle diverse botti, di Rum, Vino, Bourbon e Whisky, si sono fatte più serrate per poter ricreare quel momento, per noi magico, della creazione della nuova annata di Mansueto 2022 che non vediamo l’ora arrivi nelle vostre mani per poterla finalmente assaggiare.Fra le diverse botti assaggiare due avevano un carattere unico e complesso tanto da meritarsi l’etichetta “Riserva 2022”.The year 2022 also 'gave' us a great vintage for our Mansueto.After periodic tastings during the year that gave us high hopes for an important vintage, in the last few weeks the tastings from the different barrels, of Rum, Wine, Bourbon and Whisky, have become more intense in order to recreate that moment, magical for us, of the creation of the new Mansueto 2022 vintage that we cannot wait for to arrive in your hands so that you can finally taste it.Among the different barrels we tasted, two had such a unique and complex character that they deserved the label 'Riserva 2022'. ",italy
25,4603925,BIRRIFICIO AGRICOLO BALADIN - Baladin Indipendent Italian Farm Brewery,XYAUYÙ FUMÈ - RISERVA 2016,Barleywine - Other,https://untappd.com/b/birrificio-agricolo-baladin-baladin-indipendente-italian-farm-brewery-xyauyu-fume-riserva-2016/4603925,13.8,N/A,4.26,1274,11/20/21, ,italy
26,5871962,Brasseria Della Fonte,VIII Anniversary,Barleywine - English,https://untappd.com/b/brasseria-della-fonte-viii-anniversary/5871962,12.3,N/A,4.26,862,06/16/24,"Blend of barrel aged barleywines and imperial Stout, aged in Bourbon and Tennessee Whiskey oak ",italy
27,5624521,BIRRIFICIO AGRICOLO BALADIN - Baladin Indipendent Italian Farm Brewery,Xyauyu Riserva Teo Musso 2019,Barleywine - Other,https://untappd.com/b/birrificio-agricolo-baladin-baladin-indipendente-italian-farm-brewery-xyauyu-riserva-teo-musso-2019/5624521,14.0,N/A,4.25,719,11/29/23, ,italy
28,3486588,BIRRIFICIO AGRICOLO BALADIN - Baladin Indipendent Italian Farm Brewery,XYAUYÙ FUMÈ - RISERVA 2015,Barleywine - Other,https://untappd.com/b/birrificio-agricolo-baladin-baladin-indipendente-italian-farm-brewery-xyauyu-fume-riserva-2015/3486588,14.0,N/A,4.23,1796,10/18/19,"ITA - Dal colore rubino scuro, piatta, senza schiuma e limpida. Al naso sentori torbati e note maltate tipiche dei whisky sono ben bilanciati su un corpo caldo e sostenuto che si apre nel finale a toni caramellati.In bocca si amalgamano bene il caramello e le note fumè date dalle botti in cui la birra viene affinata e che rimangono nel finale dopo aver concesso un breve accenno all’aroma di frutta matura.ENG - Dark ruby red color, clear, flat and with no head. Its peaty scents and malty notes - typical of whisky - are well balanced on a strong and warm body, which opens to caramel notes in the finish.When you sip it, the caramel and smoky notes coming from the aging barrels blend harmoniously and persist in the final, after a brief appearance of hints of ripe fruit. ",italy
29,1186811,BIRRIFICIO AGRICOLO BALADIN - Baladin Indipendent Italian Farm Brewery,TERRE - ANNATA 2010,Barleywine - Other,https://untappd.com/b/birrificio-agricolo-baladin-baladin-indipendente-italian-farm-brewery-terre-annata-2010/1186811,12.0,35,4.22,1736,08/04/15,"ITALIANO - La birra dedicata da Teo ai grandi vini rossi. Prodotta con riso “nerone” coltivato da “Cascina Belvedere” e orzo dei nostri campi, affinata nelle botti di “Cantina Baladin”. Hanno collaborato al progetto: Arnaldo Caprai, Borgogno, Cantine Del Notaio, Castellare, Ceci, Conti Di Buscareto, Contini, Cottanera, Di Majo, Donnafugata, Fontanafredda, Marchesi Di Barolo, Masseria Liveli, Fratelli Muratori, Palari, San Patrignano, Sassicaia, Tenuta Podernovo, Tenute Silvio Nardi, Terre Di Balbia, Valle Reale, Vigneti Massa. Terre viene messa in botte solamente ogni due anni. TERRE, è ottima bevuta con calma a fine pasto. ENGLISH - This is the beer that Teo has dedicated to great red wines. Made with “Nerone” rice grown by “Cascina Belvedere” in the Vercelli area and barley from our fields, it is aged in the barrels of “Cantina Baladin”. The following producers have cooperated to the project: Arnaldo Caprai, Borgogno, Cantine Del Notaio, Castellare, Ceci, Conti Di Buscareto, Contini, Cottanera, Di Majo, Donnafugata, Fontanafredda, Marchesi Di Barolo, Masseria Liveli, Fratelli Muratori, Palari, San Patrignano, Sassicaia, Tenuta Podernovo, Tenute Silvio Nardi, Terre Di Balbia, Valle Reale and Vigneti Massa. TERRE, is excellent drinking slowly after a meal. ",italy
30,5672528,Brasseria Della Fonte,Triple Vanilla Bean Wondernight,Stout - Imperial / Double,https://untappd.com/b/brasseria-della-fonte-triple-vanilla-bean-wondernight/5672528,12.7,N/A,4.22,370,01/06/24, ,italy
31,5105918,Brasseria Della Fonte,Notte Di Natale 2022 (Rye & Bourbon),Stout - Imperial / Double,https://untappd.com/b/brasseria-della-fonte-notte-di-natale-2022-rye-and-bourbon/5105918,13.2,N/A,4.22,526,11/05/22,"Imperial Christmas Stout Brewed with dark maple syrup (MapleFarm). Aged in Basil Hayden, Knob Creek and High Rye MGPI barrels for 19 to 25 months.Conditioned with house roasted peruvian cocoa nibs and celyon cinnamon.Don't Age this beer, but enjoy fresh during your holiday! ",italy
32,2990111,CRAK Brewery,Mansueto 2017,Barleywine - Other,https://untappd.com/b/crak-brewery-mansueto-2017/2990111,12.0,N/A,4.22,2045,12/15/18,"Blend di Barley Wine invecchiati per un anno in botti di Whisky e tre anni in botti di rum Caroni. Ricca, dalla beva liscia e soddisfacente. / Blend of Barley Wine aged for one year in whiskey barrel+ three years in Caroni rum barrels. Rich, complex and incredibly easy to enjoy. / AWARD: Birra dell’Anno 2020, 2° Cat. Barley WineBirra dell’Anno 2019, 1° Cat. Barrel Aged Barley Wine ",italy
33,4315181,Ritual Lab,Papanero - Bourbon Barrel Aged,Stout - Russian Imperial,https://untappd.com/b/ritual-lab-papanero-bourbon-barrel-aged/4315181,12.5,N/A,4.21,2119,05/15/21, ,italy
34,4846012,Brasseria Della Fonte,VI Anniversary,Barleywine - English,https://untappd.com/b/brasseria-della-fonte-vi-anniversary/4846012,11.0,60,4.2,444,05/17/22,"The blend for our 6° anniversary is:75% English Barleywine aged for 18 months in Apple Brandy Barrels25% Wheated Imperial Stout aged for 18 months in Buffalo Trace Bourbon barrel.Huge flavors of dark chocolate, cocoa, vanilla, toffee and oak, with a Brandy backbone.Full body and good for aging in cellar. ",italy
35,6073427,BIRRIFICIO AGRICOLO BALADIN - Baladin Indipendent Italian Farm Brewery,XYAUYÚ FUMÉ - RISERVA 2019,Barleywine - Other,https://untappd.com/b/birrificio-agricolo-baladin-baladin-indipendente-italian-farm-brewery-xyauyu-fume-riserva-2019/6073427,14.0,15,4.2,351,11/27/24, ,italy
36,6498818,CRAK Brewery,Mansueto 2025,Barleywine - Other,https://untappd.com/b/crak-brewery-mansueto-2025/6498818,13.0,N/A,4.2,559,11/20/25,"Il 2025 è stato un anno straordinario per la nostra Cantina: le botti hanno vissuto un lungo affinamento, con 4 anni nelle barrique di Scotch Whisky, 3 anni in quelle di Rum e 4 anni in quelle di Château Margaux, dando vita a un blend unico e complesso.Il colore ambrato si fa più profondo e intenso, mentre al naso emergono profumi di frutta matura, fichi e prugne, arricchiti da note di miele, spezie dolci e sentori di legno prezioso. Al palato, la struttura si mostra più vigorosa rispetto alla 2024: strati di caramello, vaniglia e cacao si fondono con leggere note tostate, mentre il finale rivela un tocco piccante più deciso, caldo e avvolgente.Quest’annata sorprende per equilibrio, struttura e potenza, offrendo un’esperienza sensoriale intensa e inconfondibile, capace di emozionare sin dal primo assaggio. ",italy
37,4553298,Ritual Lab,Papanero - Bourbon & Maple Syrup Barrel Aged,Stout - Russian Imperial,https://untappd.com/b/ritual-lab-papanero-bourbon-and-maple-syrup-barrel-aged/4553298,12.5,N/A,4.19,2403,10/17/21,Russian Imperial Stout aged in bourbon barrels & maple syrup barrels and then blended to create a unique experience ,italy
38,3031205,CRAK Brewery,Cocoa Take Me Home,Stout - Imperial / Double,https://untappd.com/b/crak-brewery-cocoa-take-me-home/3031205,11.0,N/A,4.19,2704,01/11/19,"Imperial Stout, da 11% vol., una con aggiunta di fave di cacao tostate, caratterizzata da un corpo pieno, denso e mouthfeel cremoso. TAKE ME HOME, è la “traduzione” in inglese di ciò che in Veneto è il cosiddetto “para casa” cioè l’ultima birra, quella birra che, di fatto, ti porta a casa. ",italy
39,5629236,Brasseria Della Fonte,Notte Di Natale 2023 (Bourbon Barrel Aged),Stout - Imperial / Double,https://untappd.com/b/brasseria-della-fonte-notte-di-natale-2023-maple-bourbon-ba/5629236,13.0,N/A,4.18,335,12/02/23,"Imperial Christmas Stout brewed with maple syrup.Aged in a blend of Bourbon barrels for 19 months, then conditioned on organic peruvian toasted and raw cocoa nibs and a soft touch of Cassia cinnamon sticks. ",italy
40,5408046,Brasseria Della Fonte,Caribbean Storm,Stout - Imperial / Double,https://untappd.com/b/brasseria-della-fonte-caribbean-storm/5408046,13.4,N/A,4.18,385,06/18/23,"Double Mash imperial stout brewed with maple syrup then aged 28 months in Bourbon barrels - Basil Hayden & Baker's 7y.Contitioned with roasted cocoa nibs, raw and toasted coconut.This is the sister beer of the imperial stout that we brewed in New Jersey back in february 2020.  ",italy
41,6496068,Brasseria Della Fonte,Notte Di Natale 2025 (Maple & Irish Whiskey Barrel Aged),Stout - Imperial / Double,https://untappd.com/b/brasseria-della-fonte-notte-di-natale-2025-maple-and-irish-whiskey-barrel-aged/6496068,11.2,N/A,4.18,344,11/17/25,"Il blend '25 è di 3 botti (due differenti ricette, con Plato compreso tra 31° e 34°).Una volta trasferito il blend in acciaio, è stato lasciato riposare per alcune settimane affinché ogni componente potesse armonizzarsi con le altre, definendo un profilo gustativo unico.Le fave di cacao provenienti dal Ghana sono tostate e trasformate in granella. La base densa già esaltava tutta la varietà di cioccolato / gianduia ed è stato scelto di procedere alla tostatura prestando attenzione a non esagerare con le temperature. Abbiamo utilizzato anche una parte di fave non tostate. La cannella “Cassia” è stata impiegata sia in stecche sminuzzate sia in polvere. Ne abbiamo usata in quantitativi elevati e tempi di contatto brevi. Ci piace spostare l’impatto aromatico della cannella nel finale della bevuta per accompagnare il ricco e dolce profilo di cacao.Lo sciroppo d’acero è l’insostituibile extra-dark che contribuisce alla dolcezza, conferisce morbidezza e profondità alla “Notte di Natale” e aggiunge ulteriori livelli di complessità ",italy
42,4605676,CRAK Brewery,Mansueto 2021,Barleywine - Other,https://untappd.com/b/crak-brewery-mansueto-2021/4605676,13.0,N/A,4.18,363,11/22/21,"Il momento in cui nasce il nostro Barley Wine è un momento magico. È quel momento nel quale selezioniamo le botti migliori per creare il blend perfetto e dar vita alla nuova annata di Mansueto.Nel 2020 molte botti avevano ancora molto da dare al nostro Barley Wine e abbiamo preso la sofferta decisione di “privarci” della Mansueto 2020 per arrivare al “2021” e creare una delle migliori Mansueto di sempre. Densa e avvolgente, ogni sorso è un viaggio e una scoperta per il gusto.In 2020 many barrels were not yet ready, they still had a lot to give to our Barley Wine so we made the painful decision to not produce the 2020 vintage. That decision allowed us to create one of the best Mansueto ever, Mansueto 2021. Thick and roundend, every sip is a trip. ",italy
43,6305200,Brasseria Della Fonte,IX Anniversary,Barleywine - Other,https://untappd.com/b/brasseria-della-fonte-ix-anniversary/6305200,13.8,N/A,4.18,350,06/15/25, ,italy
44,2154541,BIRRIFICIO AGRICOLO BALADIN - Baladin Indipendent Italian Farm Brewery,TERRE - ANNATA 2012,Barleywine - Other,https://untappd.com/b/birrificio-agricolo-baladin-baladin-indipendente-italian-farm-brewery-terre-annata-2012/2154541,11.0,27,4.18,1194,06/20/17,"ITALIANO - La birra dedicata da Teo ai grandi vini rossi. Prodotta con riso “nerone” coltivato da “Cascina Belvedere” e orzo dei nostri campi, affinata nelle botti di “Cantina Baladin”. Hanno collaborato al progetto: Arnaldo Caprai, Borgogno, Cantine Del Notaio, Castellare, Ceci, Conti Di Buscareto, Contini, Cottanera, Di Majo, Donnafugata, Fontanafredda, Marchesi Di Barolo, Masseria Liveli, Fratelli Muratori, Palari, San Patrignano, Sassicaia, Tenuta Podernovo, Tenute Silvio Nardi, Terre Di Balbia, Valle Reale, Vigneti Massa. Terre viene messa in botte solamente ogni due anni. TERRE, è ottima bevuta con calma a fine pasto. ENGLISH - This is the beer that Teo has dedicated to great red wines. Made with “Nerone” rice grown by “Cascina Belvedere” in the Vercelli area and barley from our fields, it is aged in the barrels of “Cantina Baladin”. The following producers have cooperated to the project: Arnaldo Caprai, Borgogno, Cantine Del Notaio, Castellare, Ceci, Conti Di Buscareto, Contini, Cottanera, Di Majo, Donnafugata, Fontanafredda, Marchesi Di Barolo, Masseria Liveli, Fratelli Muratori, Palari, San Patrignano, Sassicaia, Tenuta Podernovo, Tenute Silvio Nardi, Terre Di Balbia, Valle Reale and Vigneti Massa. TERRE, is excellent drinking slowly after a meal. ",italy
45,5022563,Brasseria Della Fonte,Inno All'Autunno,Belgian Quadrupel,https://untappd.com/b/brasseria-della-fonte-inno-all-autunno/5022563,13.2,N/A,4.17,725,09/16/22,"E’ la rappresentazione in forma liquida della nostra stagione preferita.Brassata a gennaio 2021 con il nostro malto Pils, malto cara50 italiano e un tocco di chocolate, la ricetta prevede aggiunta di zucchero muscovado in più momenti della produzione.Maturata per 17 mesi in botti di American Rye e Irish Whiskey.La scelta è ricaduta su questa tipologia di botti per enfatizzare le speziature ed i particolari aromi di frutta matura del lievito Westmalle. La parte aromatica si distingue per il potente equilibrio tra tutte le componenti. Legno, distillato, charred, vaniglia proveniente dalle botti; cioccolato al latte, frutta secca, caramello caldo, tostature dolci provenienti dai malti;prugne sciroppate, esteri e fenoli contenuti, secchezza proveniente dal lievito.Questa Quadrupel si rivela profonda, introversa e piena di sfumature, come l’autunno appena cominciato. ",italy
46,6441254,Ritual Lab,Barrelborn,Stout - Imperial / Double,https://untappd.com/b/ritual-lab-barrelborn/6441254,15.0,N/A,4.17,930,10/09/25,"Imperial stout aged for 24 months in cognac and Bourbon barrels, produced in collaboration with Moksa Brewing. ",italy
47,4625904,CRAK Brewery,Giotto 2021,Stout - Imperial / Double Pastry,https://untappd.com/b/crak-brewery-giotto-2021/4625904,13.0,N/A,4.15,810,12/05/21,"La prima collaborazione con Pasticceria Giotto è stata il panettone con Magma Bianco.Poi abbiamo preso lo stesso panettone e abbiamo creato Giotto.Giotto è una Pastry Stout piatta, senza bollicine, maturata per 24 mesi in botti di Chardonnay con una grande quantità di Panettone.Densa, oleosa e ovviamente sa di panettone… Giotto.The first collaboration with Pasticceria Giotto was the panettone with Magma Bianco.Then we took the same panettone and created Giotto.Giotto is a flat Pastry Stout, without bubbles, matured for 24 months in Chardonnay barrels with a large amount of Panettone.Dense, oily and obviously tastes like panettone... Giotto. ",italy
48,694995,BIRRIFICIO AGRICOLO BALADIN - Baladin Indipendent Italian Farm Brewery,XYAUYÙ FUMÈ- RISERVA 2010,Barleywine - English,https://untappd.com/b/birrificio-agricolo-baladin-baladin-indipendente-italian-farm-brewery-xyauyu-fume-riserva-2010/694995,14.0,15,4.15,535,05/27/14,"ITALIANO - Rappresenta l’espressione più complessa della ricerca di Teo nella creazione delle sue birre da divano. Una birra ad alta fermentazione che ha subito un processo di macro ossidazione e dodici mesi di maturazione, in botti da whisky scozzese delle Islay, che le donano un naturale aroma torbato. Di colore bruno intenso con riflessi ramati, si presenta al bicchiere priva di schiuma e gasatura.ENGLISH - Xyauyù Fumè is the most complex expression of Teo’s approach to the creation of what he calls “couch beers”, to be enjoyed and savored slowly. It is a top-fermented beer which has undergone macro-oxidation and has been aged for twelve months in Islay Scottish whisky barrels, which give it a natural peaty flavor. It has a deep dark color with copper nuances; when poured, it has no head and no gas. ",italy
49,3896325,Ritual Lab,Papanero - Laphroaig Barrel Aged,Stout - Smoked,https://untappd.com/b/ritual-lab-papanero-laphroaig-barrel-aged/3896325,13.5,N/A,4.15,1251,07/30/20,Russian imperial stout aged in Laphroaig cask.DARK / THICK / PEATED ,italy
