beer_text,brewery,beer
"beer kind: Stout - Imperial / Double Pastry |description: Pető Kristóf sörfőzőnk ötlete. Az alap Imperial Stout, aminek jellegzetes csokis ízjegyei mellé igazából bármilyen csoki-ihletésű dolog illik, most kapott egy jó nagy adag mogyorótöretet és karamellt. A sör maga Bourbon hordókban érlelődött, hogy az alap ízjegyek kapjanak egy kis whiskey-s, hordós tuningot. The base is an Imperial Stout, whose distinctive chocolate notes pair well with any chocolate-inspired addition, and now it’s been given a generous amount of crushed hazelnuts and caramel. The beer itself was aged in Bourbon barrels to give the base flavors a touch of whiskey and barrel-aged finesse. |ABV: 11.8 |IBU: N/A |rating: 4.22",HORIZONT Brewing,Night Shift Vintage 2024 - Imperial Pastry Stout Aged In Bourbon Barrels With Hazelnut & Caramel
"beer kind: IPA - Triple |description: Triple IPA monster, based on our Bright Lies IPA. |ABV: 9.5 |IBU: N/A |rating: 4.22",Brew Your Mind,Big Lies
beer kind: Stout - Imperial / Double Coffee |description: Russian Imperial Stout aged in Bourbon Barrels with Chocolate and Coffee added to the beer to give it a more round and delightful taste. |ABV: 12.5 |IBU: N/A |rating: 4.2,HORIZONT Brewing,Night Shift Vintage 2021 Russian Imperial Stout Aged In Bourbon Barrels With Chocolate And Coffee
beer kind: IPA - Triple New England / Hazy |description: Hazy Tripla IPA Citra és Riwaka komlóval. Keep Dreaming sörünk legerősebb változata. |ABV: 10.0 |IBU: N/A |rating: 4.2,Brew Your Mind,Eternal Dreams
beer kind: Stout - Russian Imperial |description: Russian Imperial Stout aged in different whiskey barrels for the perfect balance and harmony in the taste. |ABV: 13.0 |IBU: N/A |rating: 4.18,HORIZONT Brewing,Night Shift Vintage 2021 Russian Imperial Stout Aged In Tennessee Whiskey & Bourbon Barrels
beer kind: IPA - Imperial / Double New England / Hazy |description: Hazy DIPA Citra és Riwaka komlóval. A Keep Dreaming erősebb változata. |ABV: 8.2 |IBU: N/A |rating: 4.18,Brew Your Mind,Still Dreaming
"beer kind: Sour - Smoothie / Pastry |description: Pineapple Mango Maracuja Smoothie Nu Sour.A delicate and thick Smoothie Nu Sour infused with Egyptian pineapples, Alphonso mangoes, Ecuadorian passionfruits and a pinch of pakistani Halite salt. No Crumbs Left — All Sauce  |ABV: 4.3 |IBU: N/A |rating: 4.17",B*BOP FERMENTORY,MUMIA
"beer kind: Stout - Imperial / Double Coffee |description: This beer is a 12% ABV Russian Imperial Stout, that was brewed with 12 types of malts, 6 hours of boil time, and 3 months of fermenting to prepare it for a long journey in two types of freshly emptied Bourbon barrels. The finished beer was soaked on freshly roasted Ethiopean Coffee beans and cocoa beans from Ghana. The result is a beer rich in notes of coffee, chocolate, vanilla and bourbon which we gladly recommend for every beer lover. |ABV: 12.0 |IBU: N/A |rating: 4.16",HORIZONT Brewing,Night Shift Vintage 2020 Russian Imperial Stout Aged In Bourbon Barrels With Chocolate & Coffee
"beer kind: Stout - Imperial / Double |description: 2019. decemberében főztük, majd 2020 január elejétől 2021 május végéig grain whisky hordóban érleltük. Végül palackozás előtt kapott egy kis organikus mexikói vaníliát. Olajosan sűrű, édes, komplex sörital. |ABV: 11.0 |IBU: N/A |rating: 4.16",Brew Your Mind,Moment In Time 2021 Vanilla
"beer kind: Porter - Imperial / Double Baltic |description: In 2021, Horizont brewed its first Double Baltic Porter and from the first time we sampled it, we knew it had huge potential and needed to explored more thoroughly as a style. For this 2022 vintage, we chose Rhum Agricole barrels from Saint-Martin Island in the Caribbean so the recipe had to be changed to fit the essence of the barrel. The base beer is a pleasantly chocolatey, nutty, full-bodied, and sweet dark brown/black lager. Yes, it's a lager, as bottom-fermented yeast is traditionally used for this style, and due to the neutral fermentation, this type allows the malty, hoppy, and barrel notes to prevail. Enjoy this spectacular beer!Amikor 2021-ben lefőztük és kóstoltuk az első Double Baltic Porterünket, tudtuk, hogy ebben a stílusban hatalmas potenciál van. A 2022-es vintage tételt már más típusú, Rhum Agricole érlelésére felhasznált hordókba tettük. Ehhez egy kicsit módosítanunk kellett a maláta profilon a 2021-es verzióhoz képest. Az alap egy kellemesen csokis, mogyorós, testes és édeskés sötétbarna/fekete lager. Igen, lager, mivel hagyományosan alsóerjesztésű élesztőt használnak ehhez a stílushoz, illetve az ízsemleges erjedés miatt ez a típus hagyja jobban érvényesülni a malátás, komlós és hordós jegyeket. |ABV: 14.4 |IBU: N/A |rating: 4.16",HORIZONT Brewing,Night Shift Vintage 2022 Double Baltic Porter Aged In Rhum Barrels
"beer kind: Sour - Smoothie / Pastry |description: Ice Cream Smoothie Sour with Mango, Pineapple, Apricot collab with our main crispy boys HOP HOOLIGANS (ROM) following our Bucharest collab BEAUTIFUL MESS |ABV: 5.7 |IBU: N/A |rating: 4.16",Mad Scientist,Glorious Mess
"beer kind: Stout - Imperial / Double Pastry |description: Fahéjjal és vaníliával fűszerezett Pastry Stout, amelynek alapötlete a kuglóf volt. Az alapsör HBC 472 komlóval készült, amely segített elmélyíteni a hordós érlelés során átvett Tennessee whiskey hordók fás, hihetetlenül vaníliás ízjegyeit. A tökéletes ízvilágát a hozzáadott fahéjjal érte el ez a testes, zamatos sörkülönlegesség. This bottle hides an Imperial Pastry Stout made with cinnamon and vanilla, based on the idea of true love and a bundt cake.The base beer is made with American experimental hops called HBC 472, which helps to deepen the woody, vanilla flavors of the Tennessee whiskey barrels used during barrel maturation. In order to achieve the perfect taste, we added cinnamon to the beer's mouthfeel to achieve this gourmet beer specialty. |ABV: 11.0 |IBU: N/A |rating: 4.16",HORIZONT Brewing,Night Shift Vintage 2023 - Vanilla & Cinnamon Bundt Cake Pastry Stout Aged In Tennessee Whiskey Barrels
beer kind: Barleywine - English |description: Barleywine aged in rhum barrels with a little twist coming from the tonka beans. |ABV: 13.0 |IBU: N/A |rating: 4.15,HORIZONT Brewing,Night Shift Vintage 2021 Barleywine Aged In Rhum Barrels With Tonka Beans
"beer kind: Stout - Imperial / Double Coffee |description: In 2020, when we tasted the first version of this beer, we felt a sense of pride like never before. This feeling has persisted every year since then. Our base beer is a midnight black, full-bodied Russian imperial stout, which we then matured on freshly roasted Ethiopian variant of a Budapest specialty coffee roaster and Ghanaian cocoa beans. All this was poured into freshly emptied bourbon barrels and aged for nearly a year to reach its most beautiful form. Enjoy this splendid beer!2020-ban amikor megkóstoltuk ennek a sörnek az első verzióját, akkor olyan büszkeség fogott el bennünket, mint előtte még soha. Ezt az érzést azóta is minden évben érezzük. Az alapsörünk egy éjfekete, testes russian imperial stout, amit egy budapesti specialty kávépörkölő frissen pörkölt etiópiai variánsán és ghánai kakaóbabon érleltünk utána. Mindezt frissen ürített bourbon hordókba fejtettük és érleltük közel egy évig, hogy elérje a legszebb formáját. |ABV: 13.6 |IBU: N/A |rating: 4.15",HORIZONT Brewing,Night Shift Vintage 2022 Russian Imperial Stout Aged In Bourbon Barrels with Chocolate & Coffee
beer kind: Porter - Imperial / Double Baltic |description: Double Mashed Baltic Porter aged in Bourbon Barrels. |ABV: 14.0 |IBU: N/A |rating: 4.15,HORIZONT Brewing,Night Shift Vintage 2021 Double Baltic Porter Aged In Bourbon Barrels
"beer kind: Wheat Beer - Wheat Wine |description: For years we have considered blending our Wheat Wine Whiskey barrel aged beer with the Wheat Wine Rhum version. 2022 is the year it comes to fruition by blending these two great beers with a mixed barrel Wheat Wine. Our brewmaster, along with the team worked diligently to blend the proper proportions of each to create this unique brew. The whiskey barrel comes from a small American distillery while the Rhum Agricole barrel came from Saint Martin Island in the Caribbean. The third barrel started its journey in Tennessee filled with whiskey then traveled to Jamaica to be filled with Rum before making its way to Hungary to be filled with a portion of the beer you have in your hand. Enjoy this astonishing beer! Régóta szerettük volna blendelni a rumos és a bourbon hordókban érlelt búzaborunkat. 2022-ben valóra is váltottuk, méghozzá egy érdekes, tripla blend formájában. Kitartóan dolgoztunk az arányok eltalálásán, hogy létrehozzuk ezt az egyedi tételt. Az egyik, whiskey-s hordóban, amit ehhez a sörhöz választottunk, egy kis amerikai lepárló bourbon-je volt előzőleg. A rumoshordók a karibi-térségi Szent Martin szigetről származnak, ahol előzőleg Rhum Agricole voltak bennük. A harmadik hordóban először Tennessee Whiskey volt, majd áthajózott Jamaicába és ott egy zseniális rumot töltöttek bele, ezután mikor kiürült, nálunk landolt, hogy megtölthessük azzal a sörrel, amit a kezedben tartasz. |ABV: 15.1 |IBU: N/A |rating: 4.15",HORIZONT Brewing,Night Shift Vintage 2022 Wheat Wine Aged In Bourbon & Rum Barrels
"beer kind: Stout - Russian Imperial |description: This beer was brewed with 12 types of malts, 6 hours of boil time,and 3 months of fermenting to prepare it for a long journeyin freshly emptied Tennessee Whiskey Barrels. Thesebarrels give this thick, dark, black beer rich notes of vanillaand bourbon, resulting in a complex flavour combinationwhich we gladly recommend for every beer lover. |ABV: 12.0 |IBU: N/A |rating: 4.15",HORIZONT Brewing,Night Shift Vintage 2020 Russian Imperial Stout Aged in Bourbon Barrels
"beer kind: Sour - Smoothie / Pastry |description: Collabfest 2019 Imperial Pastry Gose 8,2% brewed in collaboration with BrewDog Budapest and Mad ScientistThe 2nd batch, brewed by the request of BrewDog UK for Collabfest 2020 has the abv of 10% |ABV: 10.0 |IBU: N/A |rating: 4.15",Mad Scientist,Blackcurrant Trifle
"beer kind: Stout - Russian Imperial |description: A büszkeségünk 2020 óta, ez a Russian Imperial Stout etióp kávéval és ghánai kakaóval készül, 2 évig bourbon hordókban érlelve.Our pride since 2020, this Russian Imperial Stout is brewed with Ethiopian coffee and Ghanaian cocoa beans, aged 2 years in bourbon barrels. |ABV: 11.2 |IBU: N/A |rating: 4.14",HORIZONT Brewing,Night Shift Vintage 2024 - Russian Imperial Stout Aged in Bourbon Barrels with Chocolate & Coffee
beer kind: IPA - Imperial / Double |description: The stronger version of our Only Memories IPA.  |ABV: 8.7 |IBU: N/A |rating: 4.13,Brew Your Mind,No Memories
"beer kind: Stout - Imperial / Double |description: 11 hónapig ír grain whisky hordókban érleltük, majd palackozás előtt került bele egy kis organikus mexikói vanília. Olajosan sűrű, csokoládés ízvilágú, komplex sörital. |ABV: 12.6 |IBU: N/A |rating: 4.13",Brew Your Mind,Moment In Time 2022 Mexican Vanilla
beer kind: Stout - Imperial / Double |description: Mexican Cake Inspired Imperial Stout collab with Adroit Theory (USA) |ABV: 14.0 |IBU: N/A |rating: 4.12,Mad Scientist,Nasty Riff
beer kind: IPA - Imperial / Double |description: motueka & citra dipa |ABV: 8.0 |IBU: N/A |rating: 4.12,Brew Your Mind,Green Echo
"beer kind: Stout - Russian Imperial |description: The Original Night Shift beer has returned to its founding! In 2016 when this beer was first brewed, it started the journey of the Night Shift line of beers. The 2022 version returns to the beginning, when it was matured only, and exclusively, in Tennessee Whiskey barrels. No spices, just the barrel, malt and hops. Every year we polish the recipe to make it more perfect and even silkier. Enjoy this classic beer!Ezzel a tétellel visszatértünk az eredeti Night Shift gyökereihez. Amikor 2016-ban lefőztük ennek a sörnek az első verzióját, nem is sejtettük, hogy hová vezet az útja. 2018-ban elkészült az első hordóérlelt változata, megkezdve a hosszú utazást, aminek most egy állomásához érkeztünk. Azóta is töretlen népszerűségnek örvend, és minden évben csiszolunk rajta egy kicsit, hogy még tökéletesebb és még selymesebb legyen. A 2022-es verzió visszatér a kezdetekhez, amikor csak és kizárólag Tennessee Whiskey hordóban érleltük. Semmi fűszer, csak a hordó, maláta és a komló, egy igazi klasszikus. |ABV: 13.0 |IBU: N/A |rating: 4.12",HORIZONT Brewing,Night Shift Vintage 2022 Russian Imperial Stout Aged In Tennessee Whiskey Barrels
"beer kind: Rye Wine |description: Ez a zamatos és egyedi ízélményt nyújtó, karamellizált rozsmalátával, valamint rozspehellyel készült rozsbor egy hihetetlenül krémes, gyümölcsös ízvilágú sör. Az alap rozsbort két évig érleltük Bourbon hordókban, az ez idő alatt átvett fás-viszkis ízjegyek komplex és kivételes ízvilágot adtak ennek az egészen különleges sörnek. With this Rye wine, we ventured further into the realm of the grain wine. From the point of view of brewing, we made the base beer with rye, an undeservedly underrated brewing grain, which was aged in bourbon barrels for nearly two years. Of course, we didn't just use plain, basic rye malt, since with this excellent beer we aim to show the diversity of this grain, so we also used two types of caramelized rye malt and rye flakes to create this unique beer. |ABV: 10.2 |IBU: N/A |rating: 4.12",HORIZONT Brewing,Night Shift Vintage 2023 - Rye Wine Aged In Bourbon Barrels - Aged 2 Years
beer kind: IPA - New England / Hazy |description: Hazy IPA Citra és Riwaka komlóval. A Keep Dreaming sörünk dupla ipa szinten komlózott változata. |ABV: 7.0 |IBU: N/A |rating: 4.11,Brew Your Mind,Steep Dreaming
"beer kind: Stout - Imperial / Double |description: A 50-50 Calvados and Apple Brandy barrel aged imperial stout blended into a single experience. Very moderate carbonation, smooth oily body and rich chocolate aromas, the stout is complemented by a mild, refreshing acidity imparted by the Brandy barrels. |ABV: 13.5 |IBU: N/A |rating: 4.11",Brew Your Mind,Moment In Time 2024: Calvados & Apple Brandy Barrel
"beer kind: IPA - Imperial / Double New England / Hazy |description: Halfway between Bright Lies and Big Lies, there is Everyday Lies IPA. Hopped with Mosaic and Citra the same amount as Big Lies. |ABV: 8.0 |IBU: N/A |rating: 4.09",Brew Your Mind,Everyday Lies
beer kind: IPA - Imperial / Double New England / Hazy |description: Our New England inspired double IPA |ABV: 8.2 |IBU: N/A |rating: 4.09,Brew Your Mind,Evermind
"beer kind: IPA - Imperial / Double |description: This double New England insired IPA is a collaboration with our good friend armando_otchoa. This one comes with a blast of tropical fruit flavors and a velvety mouthfeel. Made with 30g/L australian and american hops. Amarillo, Galaxy, Citra |ABV: 8.3 |IBU: N/A |rating: 4.09",Brew Your Mind,Money Cannon
"beer kind: Stout - Imperial / Double Pastry |description: A Horizont Night Shift tételei között minden évben megtalálható egy pastry stout. A 2022-es év „sütis” Night Shiftjéhez egy klasszikus amerikai süteményt, a pekándiós pitét vettük alapul. A pekándiós pite története az 1880-as évekig tekint vissza, és kimondottan kedvelt az USA deli államaiban, ahol a bourbon whiskey-t készítik, így természetesnek vettük, hogy hordóérleléshez egy Tennessee whiskey-s hordót válasszunk. Mivel a lepárló, ahonnan érkezett, karakteresebb, számottevően vaníliásabb esszenciájú hordókat használ, így ez fantasztikusan áll az alapsörnek, illetve a teljes koncepciónak is. Az alapsör egy sűrű, testes imperial stout, amibe rengeteg házilag pörkölt pekándiót tettünk, így kinyerve belőle az ízeket.ENEach year in the Horizont Night Shift line, we present to you a new pastry stout. The 2022 version is an expression of an American classic dessert, the pecan pie. The Pecan pie dates back to the 1880’s and is very popular in the Southern States where bourbon whiskey is made, so it was a natural fit to age this beer in Tennessee whiskey barrels. The distillery from which the barrels came emphasizes considerably more vanilla essence which is perfect for this brew. The base beer is an Imperial Stout which is a thick, full-bodied beer which was put into the barrels then we added copious amounts of home-roasted pecans, thus extracting the flavors from it. Enjoy this special beer! |ABV: 13.6 |IBU: N/A |rating: 4.08",HORIZONT Brewing,Night Shift Vintage 2022 Imperial Pecan Pie Stout Aged In Tennessee Whiskey Barrels
"beer kind: Stout - Imperial / Double Coffee |description: Minden évben meglep ennek a már kötelezővé vált tételnek a sokszínűsége. Az alapsör pörkölt malátás jegyei és a Bourbon hordók klasszikus, utánozhatatlan ízvilága már alapból egy egészen különleges, minden évben egyre harmonikusabb ízvilágot alkotnak az egy éves érlelés során, de az igazi varázslat a kakaó- és kávébab megszokott ízjegyeinek átvételekor történik. This beer surprises us each year, since the harmony between the base beer and the barrels turns out to be something magical. Add the classical taste of cocoa and coffee beans, and the perfect barrel aged beer is suddenly in front of you.    |ABV: 11.5 |IBU: N/A |rating: 4.08",HORIZONT Brewing,Night Shift Vintage 2023 - Russian Imperial Stout Aged In Bourbon Barrels With Chocolate & Coffee
"beer kind: IPA - Imperial / Double |description: Kísérletező sorozatunk legújabb tagja, egy dupla IPA 3 féle komlóval (citra, motueka, nelson sauvin) extrémen komlózva. |ABV: 8.5 |IBU: N/A |rating: 4.08",Brew Your Mind,Human Experiment THIRTY TWO
"beer kind: Stout - Imperial / Double |description: Our most ambitious collab ever including our amazing friends:Mixen of Culture Drops from DenmarkMárk of Moersleutel from the NetherlandsBoti of B*Bop Fermentory from HungaryMAD SCIENTIST BARREL PROJECTRum Barrel-Aged Pastry Imperial Stout With Walnut, Pecan, Cocoa Beans, Raisins And VanillaCELLAR MASTER NOTESTake time to do what makes your soul happyThe original Somlói Galuska was a real milestone for the Barrel Project when we made it back in 2019 with our dear friends at Moersleutel. It was the first barrel-aged pastry imperial stout for us as well as the first collab within the series and, you've been our witness, we learned so much from these guys. The second release Somlói Nodler already set the bar higher, but we are pretty sure that this third coming of the Somlói is 'the crème de la crème', a real blast of flavours and memories. Eat it and drink it, you sure deserve this treat! |ABV: 11.0 |IBU: N/A |rating: 4.08",Mad Scientist,Somlói Galuska 2024
"beer kind: IPA - Imperial / Double New England / Hazy |description: Kísérleti sorozatunk legújabb tagja. A sör mindenben megegyezik az előző azaz 36-os Human Experimenttel, csak az élesztő egy általunk még korábban nem használt fajta. Nem is tudjuk eldönteni melyik tetszik jobban. Szerintetek melyik jobb?A Human Experiment sorozat új címkéin számunkra kedves alkotásokat mutatunk be. |ABV: 7.5 |IBU: N/A |rating: 4.08",Brew Your Mind,Human Experiment THIRTY SEVEN
"beer kind: Wheat Beer - Wheat Wine |description: It's a 13% ABV Wheat Wine, that wasbrewed with 4 types of malts, 8 hours of boil time, and3 months of fermenting to prepare it for a long journeyin freshly emptied Tennessee Whiskey Barrels.This wheat malt based, high alcohol beer contains copiousamounts of noble German hops, and was aged for12 months in oak barrels. The result is a silky, creamy wheatwine, with incredible complexity. |ABV: 13.0 |IBU: N/A |rating: 4.08",HORIZONT Brewing,Night Shift Vintage 2020 Wheat Wine Aged in Bourbon Barrels
"beer kind: Stout - Russian Imperial |description: Chilis, fahéjas Imperial Stout, triple-blended, azaz három különféle (Rum, Rhum és Bourbon) hordóban érlelt, majd gondosan meghatározott arányban vegyített tétel. A varázslatos alapsör egyéves érlelési időszakának végére kiemelkedő hordós ízjegyeket kapott, melyek mellett kiválóan jön a chili és a fahéj mámorítóan harmonikus, ámde visszafogott kombinációja.This full-bodied beer specialty with cinnamon, chili, and chocolate, is based on a true classic, the Mexicake. The base beer was aged in three different types of barrels (Bourbon, Rhum, Rum). The barrels used were various rum and rhum barrels from the Caribbean Islands, as well as bourbon barrels from the USA. |ABV: 10.4 |IBU: N/A |rating: 4.07",HORIZONT Brewing,"Night Shift Vintage 2023 - Mexicake-Inspired Imperial Stout Aged In Rum, Rhum & Bourbon Barrels"
"beer kind: Stout - Imperial / Double |description: Moment In Time sorozatunk tagjai hordóérlelt, stout típusú komplex fekete söritalok, melyek a maláták összhangjára épülnek.15 éves, 200 literes amerikai – korábban kanadai juharszirupot tartalmazó – tölgyfahordóban 13 hónapig érlelt stout típusú fekete sör.Összesen 320 palack készült. |ABV: 13.5 |IBU: N/A |rating: 4.07",Brew Your Mind,Moment In Time 2024: Maple Syrup
beer kind: Stout - Imperial / Double Coffee |description: collab with CASINO MOCCA |ABV: 13.0 |IBU: N/A |rating: 4.07,Mad Scientist,Roasters Paradise Kianderi - Kenya
"beer kind: Stout - Imperial / Double |description: MAD SCIENTIST BARREL PROJECTBlended Barrel Aged Imperial Stout and PorterCELLAR MASTER NOTESPedro Ximenez is one of the noblest grape varieties that sherry is made from. We had the ultimate luck to get one of these barrels this special spirit had been aged in so we didn't waste time and filled it immediately.The Cuban rum strikes back! After Happy Finish Tawny port, which in fact was the first part of this mini-series, we used this type of barrel again to mature the very same peanut imperial stout, but this time we mixed it with Pedro Ximenez BA imperial porter to add the unique characteristics of sherry to the game. Long story short: it's a Black Forest Cake-party in your mouth! Bitter chocolate, molasses, walnut and a huge amount of berries with an acidic aftertaste. Yummy! |ABV: 12.5 |IBU: N/A |rating: 4.07",Mad Scientist,Happy Finish Pedro Ximenez
"beer kind: Sour - Smoothie / Pastry |description: A thick, pulpy smoothie sour with loads of raspberry, mango, and passion fruit purees. Just high quality fruit puree, no bullshit. We DO NOT play the fake gelato powder game!NO LACTOSE |ABV: 5.2 |IBU: 5 |rating: 4.07",Unity Bar & Brewery,Raspberry X Mango X Passion Fruit Smoothie Sour
"beer kind: IPA - Imperial / Double New England / Hazy |description: Kísérleti sorozatunk legújabb tagja egy intenzíven komlózott hazy DDH dupla IPA Rakau, Nelson Sauvin és Citra komlóval.A Human Experiment sorozat új címkéin számunkra kedves alkotásokat mutatunk be. |ABV: 8.5 |IBU: N/A |rating: 4.07",Brew Your Mind,Human Experiment SIXTY THREE
beer kind: IPA - Imperial / Double |description: hazy dipa with Nectaron (and citra) hops |ABV: 8.6 |IBU: N/A |rating: 4.06,Brew Your Mind,Human Experiment THIRTY THREE
"beer kind: Wheat Beer - Wheat Wine |description: Ez a tétel KETTŐ ÉVET töltött Bourbon és Tennessee whiskey-s hordókban, majd érlelést követően blendeltük. A két éves érlelési idő alatt olyan mélyen átvette az alap búzabor a hordók jellegzetes, whiskey-s, fás ízjegyeit, hogy csak ámultunk, amikor megkóstoltuk a palackozott terméket. A zamatos ízvilág, az utánozhatatlan gabonás, malátás ízjegyek gyönyörű harmóniát alkotnak a hordós jegyekkel. ENOur basic wheat wine was matured in two types of whiskey barrels for two years, and then blended in the right proportions after maturation, in order to achieve the perfect taste experience.Having aged for two years, the base wheat wine got some super-special taste notes from the barrels, which created a harmonious and amazing taste. |ABV: 12.1 |IBU: N/A |rating: 4.06",HORIZONT Brewing,Night Shift Vintage 2023 - Wheat Wine Aged In Bourbon Barrels - Aged 2 Years
"beer kind: IPA - New England / Hazy |description: Crafted with Peacharine hops a standout New Zealand variety that recently made its debut. We believe Peacharine has incredible potential, bringing a unique profile to this IPA. |ABV: 7.0 |IBU: 70 |rating: 4.06",Brew Your Mind,Rising Fall
"beer kind: Stout - Imperial / Double |description: Imperial stout with lots of oatmalt and oat flakes aged 16 months in Irish grain whiskey barrels. 2019. decemberében főztük, majd 2020 január elejétől 2021 május végéig grain whisky hordóban érleltük. Olajosan sűrű, édes, komplex sörital |ABV: 11.0 |IBU: N/A |rating: 4.06",Brew Your Mind,Moment In Time 2021
beer kind: Stout - Imperial / Double Coffee |description: collab with CASINO MOCCA |ABV: 13.0 |IBU: N/A |rating: 4.05,Mad Scientist,Roasters Paradise Koke Shalaye - Etiópia
"beer kind: IPA - Imperial / Double |description: No Memories DIPA sörünk új, komlósabb verziója. Igazi nagyágyú! Testes, selymes, itatja magát. |ABV: 8.7 |IBU: N/A |rating: 4.05",Brew Your Mind,No Memememories
beer kind: IPA - Imperial / Double New England / Hazy |description: Rising Fall sörünk nagytestvére rengeteg Peacherine és Citra komlóval hidegkomlózva |ABV: 8.2 |IBU: N/A |rating: 4.05,Brew Your Mind,Double Fall
"beer kind: Barleywine - American |description: MAD SCIENTIST BARREL PROJECT Martinique Rum Barrel Aged Barley Wine With Caramel, Pumpkin And Pumpkin Spice Blend CELLAR MASTER NOTES“Build a man a fire, and he'll be warm for a day. Set a man on fire, and he'll be warm for the rest of his life.”Oh, dang, here we go again with a special blend that started out as a one-time-keg-only drop. But since we're going down this way, we got a decent amount of superb quality pumpkin and spiced up the season with this sweet, caramelly, woody, bit vegetal craziness in bottles as well. The Martinique rum barrel itself gave much spiciness, but the kind of misfits we are, we totally embrace the “a little more can't hurt” philosophy. So just treat yourself and taste our non-typical festive release before the lights go out. |ABV: 9.0 |IBU: N/A |rating: 4.02",Mad Scientist,Bonfires Burning Bright
"beer kind: Barleywine - American |description: MAD SCIENTIST BARREL PROJECTRye Bourbon Barrel-Aged Caramel Barleywine With Pistachios, Orange And Lemon Zests, VanillaCELLAR MASTER NOTES""Why you think I'm out here actin' crazy?""Our brand new creation is rising high with the flavors of the baklava, the galaxy’s most beloved dessert. A massively caramelly sweetness as a backbone shows the mild spiciness of rye and oak, while the dominating tasting note comes from the roasted pistachios, nicely balanced out by the citrus zests, so the final product won't be too sticky. Already thinking about another version focusing more on the chocolaty notes... Who knows? Life is crazy. |ABV: 10.2 |IBU: N/A |rating: 4.01",Mad Scientist,Mr. Wonderful
"beer kind: Barleywine - American |description: MAD SCIENTIST BARREL PROJECTBarley Wine aged in Bourbon Barrel with hand-roasted Almond, Orange, Cocoa Beans, Orange Zest and SaltCELLAR MASTER NOTESMirror mirror on the wall, give Florentine to all!This time it seems like we managed to create the universal cookie beer because, despite Florentine being the main inspiration, every single one of us in the brewery was reminded of a different sweet treat after tasting: fruit bread, orange sponge cake, Sacher-cake, Túró Rudi (just Google this curd snack), you know the drill. What's for sure is that we've added a copious amount of hand-roasted almond as a backbone, hit on the taste and created acidity with orange, used the bitter greatness of cocoa and rounded it up with a hint of salt. The result can hardly be described in a written form, but if you are into pastry-inspired but not overwhelmingly sweet beers, this one will eat you alive. |ABV: 12.0 |IBU: N/A |rating: 3.94",Mad Scientist,Liquid Florentine
"beer kind: Barleywine - American |description: MAD SCIENTIST BARREL PROJECT Bourbon Whiskey barrel aged barleywine with Bourbon barrel aged coffee and maple syrup CELLAR MASTER NOTES This beer is special due to the addition of Bourbon Barrel aged coffee. This is the first release, where the inspiration didn't come from the base beer, nor the barrel, but the extra addition. Beer and barrel were selected after choosing the Bourbon BA coffee. The nose and taste are dominated by the fruity notes of lightly roasted coffee complemented by cinnamon and caramel notes of the maple syrup barlywine and Bourbon barrel. |ABV: 13.5 |IBU: N/A |rating: 3.9",Mad Scientist,Bourbon & Bourbon
"beer kind: Barleywine - English |description: Barley wine-unk, a Franky 2019-es évjárata. A stílusra jellemző komplex és intenzív malátás jegyek jellemzik, valamint nagy test és viszkózus kortyérzet. Ízében és illatában a dió, a melasz és az aszalt gyümölcsök dominálnak, de melegítés hatására előbújnak a juharszirupos-karamellás aromák is. Kiváló téli sör, magas érlelési potenciállal.-----The vintage 2019 version of our barley wine, Franky. Full-bodied with a viscous mouthfeel. Complex maltiness, with notes of dried fruits, walnut, maple syrup and molasses. Perfect for the winter season. Cellarable. |ABV: 11.5 |IBU: N/A |rating: 3.88",MONYO Brewing Co.,Franky (2019)
"beer kind: Barleywine - Other |description: MAD SCIENTIST BARREL PROJECTA blend of Four Roses and Knob Creek Rye bourbon barrel-aged barley wines with in house-roasted walnut and vanillaCELLAR MASTER NOTESThe Walrus is back in town and this time he totally GOES NUTSWhen we experimented with 'I am The Walnut' a decision was made that besides the beast we have to create his evil twin: a darker, older, but still gentle brother. So we put tons and tons of hand-roasted walnuts into two different barrels of barley wine and rounded it up with vanilla. A sequel from an alternative universe! As a result, this bad boy has the chocolaty-nutty notes of walnut, that go just perfectly with the woody-spicy bourbon feel. And yes, you can say it's boring to say this (again), but in our opinion, this is our best one so far: revenge has never tasted this good! Like a good-old VHS blockbuster, you want to check it again, again and again. |ABV: 13.0 |IBU: N/A |rating: 4.04",Mad Scientist,Walrus 2: The Revenge Of The 'Nuss
"beer kind: Barleywine - Other |description: MAD SCIENTIST BARREL PROJECTJamaican rum barrel-aged barleywine with walnut, mahlep and tonka beansCELLAR MASTER NOTESIf you search carefully you may find traces of beer in this liquid walnut syrup.We experimented a lot with spice additions while working on this release to find the perfect combination. Finally, the interplay of walnut, tonka and mahlep came out as the winner combo.Yes, I know your question and the answer is: mahlep is an aromatic spice made from the seeds of a species of cherry providing the characteristics of bitter almond, cherry and marzipan. These notes perfectly match with the deep-woody walnut savors and the vibrating spiciness of tonka that strengthens up the presence of barrel-inflicted flavors. |ABV: 12.5 |IBU: N/A |rating: 3.97",Mad Scientist,I Am the Walnut
"beer kind: Barleywine - Other |description: From OLD KING CLANCY 2017 Maple Syrup Barleywine to OLD KING CLANCY 2022 Maple Syrup Barleywine, here's TINY BARREL PROJECT OLD KING CLANCY BOURBON Clermont Springs Bourbon Barrel Aged Barleywine with our friends TEYFÖL (Szentendre, Hungary) Bistro Here's our 7th TINY BARREL PROJECT release (and the 2nd in 2024) within our recently introduced category between the Specials series and Barrel Project in 330ml cans, dropping on the 10th of May, 2024 celebrating TEYFÖL's 1st Birthday! |ABV: 10.2 |IBU: N/A |rating: 3.97",Mad Scientist,Tiny Barrel Project Old King Clancy Bourbon
"beer kind: Barleywine - Other |description: MAD SCIENTIST BARREL PROJECT collab with our old friend Mario from Bådin Bryggeri (NO)A Blend Of Bourbon Barrel-aged Caramel Barleywine And Tokaji Aszú Sweet Wine Barrel-aged RyewineCELLAR MASTER NOTESMadness? We eat mayhem for breakfast!Although we are big fans of blending barrels and beer styles, this one is a first, even for us. It’s also our debut collab with our friends at Bådin, and we went all in. We started with a highly aromatic, slightly dry ryewine aged in Hungarian Tokaji Aszú barrels as our thesis. Then we brought in the antithesis, a bold, sweet, toffee-laced barleywine straight out of a bourbon barrel. The result? A synthesis that’s not overwhelmingly sweet, but rich, spicy, and biscuit-like, with layers to get lost in. Oh, and it contains a nice mixture of grains as barley, rye, and oat, so don't worry about the 12%, technically, it still qualifies as breakfast granola. |ABV: 12.0 |IBU: N/A |rating: 3.96",Mad Scientist,Mayhem Of Mash
beer kind: Barleywine - Other |description: Maple Syrup Barleywine |ABV: 10.5 |IBU: N/A |rating: 3.92,Mad Scientist,Old King Clancy 2022
"beer kind: Barleywine - Other |description: MAD SCIENTIST BARREL PROJECTPort Wine Barrel-aged Barley Wine With Cinnamon And HoneyCELLAR MASTER NOTESOh, you cinnamonical phantasmagoria, rise now and come to life!Adding cinnamon to your beer is almost always a good idea, but this time we really wanted to create something crazy (to be honest, we do this on a daily basis). We used tons of cinnamon sticks and roasted them well, so we ended up with a more intense and sharp flavor that pairs well with the red fruity-caramelly-nutty base embracing perfectly the sweetness of the unfermented honey. Not gonna lie, it's not that hard to figure out the source of inspiration here, as we tried to get the same intense, hot, cinnamon flavors as the infamous whiskey liquor goes. If you ask us, we nailed it. |ABV: 11.0 |IBU: N/A |rating: 3.92",Mad Scientist,Great Fireballs of Fire
"beer kind: Barleywine - Other |description: MAD SCIENTIST BARREL PROJECTEx-Reposado Mezcal Barrel Aged Barleywine  CELLAR MASTER NOTESThe exciting and pleasant combination of walnut, raisin, smoke and spiciness will make you wish you opened a brewery in Mexico.This surprisingly strong barleywine has sat more than a year in a reposado mezcal barrel, so enough time was given for the light smoky character and fruity spiciness, just like the oakiness of the barrel, to be soaked up. The base beer didn't come with empty hands either: the nutty, grapy and date-like tastes will get you at first sip, no matter if there's a lockdown or not. |ABV: 14.5 |IBU: N/A |rating: 3.92",Mad Scientist,Lady Lockdown
"beer kind: Barleywine - Other |description: Grain Whisky Barrel Aged BarleywinePontosan két éven keresztül pihent whiskyhordóban érlelődve első árpaborunk - és nem hiába. A barley wine természetes gyümölcsössége, mazsolás-karamellás ízvilága és a whisky gabonás, halvány édessége tökéletesen passzolnak össze egy testes, de masszívan egyedi ízekkel és illatokkal sűrűn telerakott különlegességhez. |ABV: 13.0 |IBU: N/A |rating: 3.88",FIRST Craft Beer,Bran
"beer kind: Belgian Quadrupel |description: MAD SCIENTIST BARREL PROJECT Team Series BalázsRye Bourbon Barrel-Aged Quadruple With Roasted Nuts And Dried ApricotCELLAR MASTER NOTESYou are now holding a precious, secret potion in your hand, the kind that humanity pursues to find for thousands of years, the ultimate key to eternal life, spiced up with the sweetest nut blend ever createdIf you think we're done with all the nut additions in our beers, you are definitely wrong. Moreover, we just started to feel how berserk we can go with these energy bombs! On a decadent rye bourbon barrel-aged quadrupel base, all of these dried fruity notes are amplified with additional dried apricots as a final twist. Ideal as a snack for those daylong hikes, you know, the ones that you wish would last forever. |ABV: 11.5 |IBU: N/A |rating: 4.0",Mad Scientist,Never Ending Trails
beer kind: Belgian Strong Dark Ale |description: Night Shift Vintage 2021 Belgian Dark Strong Ale aged in Bock red wine barrels. |ABV: 11.0 |IBU: N/A |rating: 3.94,HORIZONT Brewing,Night Shift Vintage 2021 Strong Dark Red Wine
beer kind: Brown Ale - Imperial / Double |description:  |ABV: 9.0 |IBU: N/A |rating: 3.86,InVitro Brewing,OBEY (Agenda 30)
beer kind: Farmhouse Ale - Other |description: Funky Farmhouse Ale with Apricots |ABV: 6.0 |IBU: N/A |rating: 3.92,MadX,Apricot & Funk
beer kind: Farmhouse Ale - Other |description: Funky Farmhouse Ale with Peaches |ABV: 4.8 |IBU: N/A |rating: 3.91,MadX,Peach & Funk
beer kind: Farmhouse Ale - Other |description: Barrel Aged Golden Sour Ale with Pinot Noir Grapes |ABV: 7.0 |IBU: N/A |rating: 3.89,MadX,Pinot Sauvage
beer kind: Farmhouse Ale - Other |description: Fermented with kveik yeast and  aged in a 5 year old Hungarian oak barrel from Miklós Csabi winery for 9 months. |ABV: 6.5 |IBU: N/A |rating: 3.87,InVitro Brewing,Terra Incognita
beer kind: Farmhouse Ale - Other |description: Funky Farmhouse Ale With Raspberries |ABV: 5.7 |IBU: N/A |rating: 3.86,MadX,Raspberry & Funk
"beer kind: Farmhouse Ale - Other |description: Funky Farmhouse Ale with Apricot, Peach and Vanilla |ABV: 5.4 |IBU: N/A |rating: 3.86",MadX,Stone & Funk
"beer kind: Farmhouse Ale - Sahti |description: Sahti with apricot, juniper and spices. |ABV: 9.4 |IBU: N/A |rating: 3.87",UGAR Brewery,Liquid Fruit Bread
beer kind: IPA - American |description: Hazy IPA  Citra és Riwaka komlóval.Hazy IPA with Citra and Riwaka hops. |ABV: 7.0 |IBU: N/A |rating: 4.05,Brew Your Mind,Keep Dreaming
"beer kind: IPA - American |description: Only Memories alapsörünk duplán hidegkomlózott verziója, melyben a recept szerinti Citra és Nelson Sauvin komlók mennyiségének másfélszeresét használjuk, két adagban hozzáadva. |ABV: 7.1 |IBU: N/A |rating: 4.03",Brew Your Mind,Only Memories DDH
"beer kind: IPA - American |description: Ez a sorozat a kísérletezésről szól. Egyszeri főzetek, melyek jelentősen különböznek egymástól, nem ugyanannak a sörnek az újabb főzetei. Ebben a sörben amerikai és ausztrál komlókat használtunk dupla ipa mennyiségben. |ABV: 7.2 |IBU: N/A |rating: 4.02",Brew Your Mind,Human Experiment TWENTY THREE
beer kind: IPA - American |description:  |ABV: 7.1 |IBU: N/A |rating: 3.99,Brew Your Mind,Only Memories 2020 - 2023
beer kind: IPA - American |description: It is a collaboration with our good friend armando_otchoa. This one is sharply bitter and comes with a blast of citrusy tropical fruit flavors. Made with more than 17g/L australian and american hops.  |ABV: 7.5 |IBU: N/A |rating: 3.98,Brew Your Mind,Money Gun
"beer kind: IPA - American |description: Keep Dreaming IPA sörünk könnyedebb verziója, mely komlózási mennyiségben abszolút IPA kategóriába esik, alacsony alkoholfoka ellenére is. |ABV: 5.5 |IBU: N/A |rating: 3.96",Brew Your Mind,Small Dreams
beer kind: IPA - American |description: Hazy IPA amerikai komlókkal és Bányai Geisha zöld kávébabbal (nincs megpörkölve). |ABV: 6.5 |IBU: N/A |rating: 3.92,Brew Your Mind,K.a.f.é. 2024 Edition
beer kind: IPA - American |description:  |ABV: 7.2 |IBU: N/A |rating: 3.9,Brew Your Mind,All Together
"beer kind: IPA - American |description: Trópusi gyümölcsös aromájú kevésbé ""ködös"" kinézetű frissítő, könnyedebb ital. |ABV: 6.0 |IBU: N/A |rating: 3.89",Brew Your Mind,Clear Vision
"beer kind: IPA - American |description: A Human Experiment egy sorozat, melynek tagjai jelentősen különböznek egymástól, nem ugyanannak a sörnek az újabb főzetei. Ez a sorozat a kísérletezésről szól.Az aktuális ÖTÖS számú tulajdonságai: egyszerű maláta profil, kedvenc komlóinkkal (Citra és Nelson). |ABV: 7.0 |IBU: N/A |rating: 3.88",Brew Your Mind,Human Experiment Five
"beer kind: IPA - American |description: Pouring a deep murky yellow color and tastes both dank and bright citrus, berry, peach, grassy earth, and touch of sweet that’s balanced by a rounded bitterness. The aroma mirrors the taste allowing the interplay of mosaic and a well-balanced beer to be enjoyed. |ABV: 6.5 |IBU: N/A |rating: 3.86",InVitro Brewing,Mahakali
"beer kind: IPA - American |description: Trópusi gyümölcsös aromájú kevésbé ""ködös"" kinézetű sörital. |ABV: 6.6 |IBU: N/A |rating: 3.86",Brew Your Mind,Clear Vision DDH
beer kind: IPA - American |description:  |ABV: 6.5 |IBU: N/A |rating: 3.86,Brew Your Mind,K.a.f.é. 2025 Edition
"beer kind: IPA - American |description: After a very educational trip to Vermont US, we made a batch of our ""Peach Please..."" IPA with Vermot Ale Yeast = Conan.  |ABV: 6.5 |IBU: N/A |rating: 3.86",Brew Your Mind,Peach Please... - Vermont Edition
"beer kind: IPA - American |description: Duplán hidegkomlózott West Coast IPA hangulatú sörital.Keserű, de nem bántón és nem tudod miért, de nagyon itatja magát.A Human Experiment sorozat új címkéin számunkra kedves alkotásokat mutatunk be. |ABV: 7.3 |IBU: N/A |rating: 3.86",Brew Your Mind,Human Experiment FIFTY ONE
beer kind: IPA - Black / Cascadian Dark Ale |description: Selymes kortyú modern black (fekete) IPA Citra és Nelson Sauvin komlóval és pörkölt malátás ízjegyekkel. |ABV: 6.5 |IBU: N/A |rating: 3.86,Brew Your Mind,Silent Shadow
"beer kind: IPA - Imperial / Double |description: Kísérleti sorozatunk legújabb tagja, melyben Nelson Sauvin és Kohia Nelson komlót használtunk. |ABV: 8.0 |IBU: N/A |rating: 4.04",Brew Your Mind,Human Experiment FORTY THREE
"beer kind: IPA - Imperial / Double |description: Sűrű, krémes, ízbomba. Citrusos, ananászos, trópusi gyümölcsös ízvilágú Imperial IPA söritalunk. Duplán hidegkomlózva és ezúttal Nelson Sauvin komló is került a második adagba. |ABV: 8.2 |IBU: N/A |rating: 4.03",Brew Your Mind,Evermind w/ Nelson Sauvin
"beer kind: IPA - Imperial / Double |description: Ebbe a söritalban a német Hallertau Amarillo komlót teszteltük. Ez a sorozat a kísérletezésről szól.Egyszeri főzetek, melyek jelentősen különböznek egymástól, nem ugyanannak a sörnek az újabb főzetei. |ABV: 8.7 |IBU: N/A |rating: 4.03",Brew Your Mind,Human Experiment NINETEEN
beer kind: IPA - Imperial / Double |description: A stronger version of our flagship IPA Peach please... |ABV: 7.7 |IBU: N/A |rating: 4.01,Brew Your Mind,Double Peach Please...
"beer kind: IPA - Imperial / Double |description: Kísérletező sorozatunk legújabb tagja, melyben nelson és citra mellett ZAPPA komlót használtunk.  |ABV: 9.0 |IBU: N/A |rating: 4.0",Brew Your Mind,Human Experiment TWENTY EIGHT
"beer kind: IPA - Imperial / Double |description: Ez a sorozat a kísérletezésről szól. Egyszeri főzetek, melyek jelentősen különböznek egymástól, nem ugyanannak a sörnek az újabb főzetei. Ebben a sörben nem a szokásos élesztőnket használtuk Mosaic és Citra komlókkal.7,7% alk. 0,44l |ABV: 7.7 |IBU: N/A |rating: 4.0",Brew Your Mind,Human Experiment FIFTEEN
beer kind: IPA - Imperial / Double |description:  It is a collaboration with our good friend armando_otchoa. This one is sharply bitter and comes with a blast of citrusy tropical fruit flavors. Made with more than 20g/L australian and american hops. Double version of our first collaboration beer Money Gun. |ABV: 8.5 |IBU: N/A |rating: 4.0,Brew Your Mind,Money Gun Supreme
"beer kind: IPA - Imperial / Double |description: Kísérleti sorozatunk legújabb tagja, melyben Citra és Motueka komlót használtunk.  |ABV: 8.3 |IBU: N/A |rating: 3.99",Brew Your Mind,Human Experiment TWENTY FOUR
"beer kind: IPA - Imperial / Double |description: Ezt a söritalt duplán hidegkomlóztuk amerikai komlókkal.Ez a sorozat a kísérletezésről szól. Egyszeri főzetek melyek jelentősen különböznek egymástól, nem ugyanannak a sörnek az újabb főzetei. |ABV: 8.8 |IBU: N/A |rating: 3.99",Brew Your Mind,Human Experiment ELEVEN
"beer kind: IPA - Imperial / Double |description: Ez a sorozat a kísérletezésről szól. Egyszeri főzetek, melyek jelentősen különböznek egymástól, nem ugyanannak a sörnek az újabb főzetei.Ebben a sörben 4 féle amerikai komlót és a maláta mellett tönkölybúza pelyhet is használtunk. |ABV: 8.1 |IBU: N/A |rating: 3.99",Brew Your Mind,Human Experiment TWENTY
"beer kind: IPA - Imperial / Double |description: Elegáns, extra krémes kortyérzetű nedű. Ezt a söritalt duplán hidegkomlóztuk egy olyan új-zélandi komlóval amit már nagyon rég óta ki szerettünk volna próbálni, de nem tudtuk beszerezni.Ez a sorozat a kísérletezésről szól. Egyszeri főzetek melyek jelentősen különböznek egymástól, nem ugyanannak a sörnek az újabb főzetei. |ABV: 8.8 |IBU: N/A |rating: 3.98",Brew Your Mind,Human Experiment SIXTEEN
"beer kind: IPA - Imperial / Double |description: Kísérletező sorozatunk legújabb tagja, melyben egy új élesztőt próbáltunk ki.  A komlózásban nem fukarkodtunk kedvenc amerikai komlóinkkal. |ABV: 7.7 |IBU: N/A |rating: 3.96",Brew Your Mind,Human Experiment TWENTY NINE
beer kind: IPA - Imperial / Double |description:  |ABV: 8.3 |IBU: N/A |rating: 3.95,Brew Your Mind,Human Experiment THIRTEEN
"beer kind: IPA - Imperial / Double |description: A Human Experiment egy sorozat, melynek tagjai jelentősen különböznek egymástól, nem ugyanannak a sörnek az újabb főzetei. Ez a sorozat a kísérletezésről szól. Az sorozat KILENCES számú tagját kókuszos, trópusi gyümölcsös ízvilág jellemzi. Komlók: Citra, Sabro, Vic Secret. |ABV: 7.8 |IBU: N/A |rating: 3.95",Brew Your Mind,Human Experiment NINE
"beer kind: IPA - Imperial / Double |description: Ez a sorozat a kísérletezésről szól. Egyszeri főzetek, melyek jelentősen különböznek egymástól, nem ugyanannak a sörnek az újabb főzetei.Alapja Extra Pale Ale és zabmaláta, komlózásában az eddigi egyik legextrémebb mennyiségű 3 féle komlóval (amerikai, ausztrál és új-zélandi). |ABV: 7.9 |IBU: N/A |rating: 3.95",Brew Your Mind,Human Experiment SEVENTEEN
beer kind: IPA - Imperial / Double |description: New England inspired imperial IPA with Australian hops. |ABV: 7.7 |IBU: N/A |rating: 3.95,Brew Your Mind,Endless Waves 2018-2021
beer kind: IPA - Imperial / Double |description: 24g/l american hops and our house yeast blend makes this IPA thick and creamy and taste almost like pineapple juice. |ABV: 7.8 |IBU: N/A |rating: 3.94,Brew Your Mind,Parallel Dimension - 2019
"beer kind: IPA - Imperial / Double |description: Kísérletező sorozatunk legújabb tagja, egy dupla IPA német Amarillo komlóval. |ABV: 8.0 |IBU: N/A |rating: 3.93",Brew Your Mind,Human Experiment THIRTY ONE
"beer kind: IPA - Imperial / Double |description: Ez a sorozat a kísérletezésről szól. Egyszeri főzetek, melyek jelentősen különböznek egymástól, nem ugyanannak a sörnek az újabb főzetei.Ebben a sörben egy ausztrál komlót próbáltunk ki: az ECLIPSE-t. |ABV: 8.0 |IBU: N/A |rating: 3.93",Brew Your Mind,Human Experiment TWENTY TWO
beer kind: IPA - Imperial / Double |description: Double IPA with Mosaic |ABV: 8.0 |IBU: N/A |rating: 3.93,Brew Your Mind,Stereo Vision
"beer kind: IPA - Imperial / Double |description: Kísérleti sorozatunk legújabb tagja egy intenzíven komlózott dupla IPA (Mosaic Riwaka és Citra), melyben egy új élesztőt próbáltunk ki.A Human Experiment sorozat új címkéin számunkra kedves alkotásokat mutatunk be. |ABV: 8.0 |IBU: N/A |rating: 3.92",Brew Your Mind,Human Experiment SIXTY ONE
beer kind: IPA - Imperial / Double |description:  |ABV: 8.0 |IBU: N/A |rating: 3.91,Brew Your Mind,Human Experiment Seven
"beer kind: IPA - Imperial / Double |description: Hops: Simcoe, Simcoe Cryo, Mosaic, Mosaic Cryo |ABV: 8.0 |IBU: N/A |rating: 3.9",Brewing Vibes Brewery,All the Best And Fuck the Rest
"beer kind: IPA - Imperial / Double |description: Ez a sorozat a kísérletezésről szól. Egyszeri főzetek, melyek jelentősen különböznek egymástól, nem ugyanannak a sörnek az újabb főzetei.Ebben a sörben egy olyan amerikai komlót használtunk amit eddig még soha: a LOTUS-t. Az eredmény egy nagyon egyedi és különleges aromájú ital lett. |ABV: 8.4 |IBU: N/A |rating: 3.89",Brew Your Mind,Human Experiment TWENTYONE
beer kind: IPA - Imperial / Double |description: DDH DIPA with Sabro & Galaxy hops as a pair of ASTRAL PROJECTION NZL 32-2 DDH DIPA released just 1 day apart. |ABV: 7.9 |IBU: N/A |rating: 3.89,Mad Scientist,Astral Projection Sabro
"beer kind: IPA - Imperial / Double |description: Major Levente abasári borász barátunk bio Muscat szőlőmustjával együtt erjesztett dupla IPA amerikai, ausztrál és új-zélandi komlókkal. |ABV: 7.9 |IBU: N/A |rating: 3.89",Brew Your Mind,Mátra Muscat Grape 2022
"beer kind: IPA - Imperial / Double |description: DDH DIPA 8 %When Egomaniac came out in 2018, we introduced a hop addition of 30g/liter which was by that time the most anyone has ever done in Hungary. By now, we are pretty sure, that this is not the case anymore, but we still consider this one a really nice recipe for a beer.Egomaniac is single-hop, trying to showcase the very characteristic of a single variety of hops. Originally this was Citra, but with this one, it is one of our other inhouse favorite: Simcoe. Today, these hops are considered veteran classics of the industry but we can't help it. We still love to use them. When we tried to characterize Simcoe, we came up with the words pomelo and passion fruit. It really depends on your crop and the brew itself too, but this is what we have.When we rebrewed Egomaniac now in 2020, we were so curious about what we can achieve with it using our knowledge in brewing by that time. We are curious again, especially because we can finally package this one in its perfect form: a 0,44 can. |ABV: 8.0 |IBU: N/A |rating: 3.88",Mad Scientist,Egomaniac Simcoe
beer kind: IPA - Imperial / Double |description:  |ABV: 8.5 |IBU: N/A |rating: 3.88,Reketye Brewing Co.,Ambrosia
"beer kind: IPA - Imperial / Double |description: Ez a sörital Citra és Vic Secret komlóval és egy speciális komlókivonattal készült krémes kortyérzetű trópusi gyümölcsös ízvilágú Double IPA.Ez a sorozat a kísérletezésről szól. Egyszeri főzetek melyek jelentősen különböznek egymástól, nem ugyanannak a sörnek az újabb főzetei. |ABV: 8.1 |IBU: N/A |rating: 3.87",Brew Your Mind,Human Experiment TEN
"beer kind: IPA - Imperial / Double |description: DDH DIPA with Talus & Galaxy hops, the 5th release of our Astral Projection series |ABV: 7.9 |IBU: N/A |rating: 3.86",Mad Scientist,Astral Projection Talus
"beer kind: IPA - Imperial / Double |description: Kísérletező sorozatunk legújabb tagja, egy dupla IPA a megszokottól eltérően egy neutrálisabb élesztővel és szinte kizárólag Mosaic komlóval. |ABV: 8.6 |IBU: N/A |rating: 3.86",Brew Your Mind,Human Experiment TWENTY SIX
"beer kind: IPA - Imperial / Double |description: A Human Experiment egy sorozat, melynek tagjai jelentősen különböznek egymástól, nem ugyanannak a sörnek az újabb főzetei. Ez a sorozat a kísérletezésről szól.Az aktuális NÉGYES számúban például nem a szokásos élesztő kultúránkat használtuk és a felhasznált igen nagy mennyiségű komló (több, mint 20g/l) hozzáadásának módján is változtattunk. |ABV: 8.3 |IBU: N/A |rating: 3.86",Brew Your Mind,Human Experiment Four
beer kind: IPA - Imperial / Double |description: Kísérletező sorozatunk legújabb tagja 4 féle amerikai komlóval és egy teljesen új élesztővel. |ABV: 7.8 |IBU: N/A |rating: 3.86,Brew Your Mind,Human Experiment THIRTY
"beer kind: IPA - Imperial / Double |description: Fogtuk mindazt, amit a Hazy Queenben szerettek - a krémes testet, a puha kortyérzetet, a trópusi gyümölcsbombát és feltoltuk a potmétert. Nem kicsit. Duplán.8% alkohol.Citra. Nelson Sauvin. Mosaic.Szuperködös, zamatos, lédús és pimaszul gyümölcsös.-We took everything you loved about Hazy Queen — the creamy body, the soft mouthfeel, the tropical fruit bomb — and turned the dial all the way up. Not just a little. Double.8% ABV.Citra. Nelson Sauvin. Mosaic.Super hazy, rich, juicy, and unapologetically fruity. |ABV: 8.0 |IBU: N/A |rating: 3.86",HORIZONT Brewing,Double Hazy Queen (2026 Edition)
"beer kind: IPA - Imperial / Double Milkshake |description: A collaboration with a talented brewer and a very good friend of ours: Máté Ábrahám. We are trying to be progressive and bring you the best possible beers. This is a Milkshake Double IPA made with Golden Promise, Golden Naked Oats, Caralight, Lactose, Citra, Mosaic, Strawberry and our house yeast.A secret ingredient’s been added during the boil.:) |ABV: 7.6 |IBU: N/A |rating: 3.94",Brew Your Mind,Candy Flip - Strawberry
"beer kind: IPA - Imperial / Double Milkshake |description: Ábrahám Máté barátunkkal közös projektünk legújabb tagja ez az 100%-os ANANÁSSZAL, egy kis ananász sűrítménnyel és LAKTÓZzal készült milkshake DIPA. |ABV: 8.3 |IBU: N/A |rating: 3.87",Brew Your Mind,Candy Flip - Pineapple
"beer kind: IPA - Imperial / Double New England / Hazy |description: Ez az igazán ízgazdag hazy dupla IPA sörital zabmalátára épülő malátaprofillal készült. Talus + Citra  komlót tettünk az örvénykádba, első adag hidegkomlónak a tamásiban termett ""amerikai komlómixet"" + Citra-t, második adag hidegkomlónak pedig Nectaron-t + Citra-t használtunk. A Human Experiment sorozat új címkéin számunkra kedves alkotásokat mutatunk be. |ABV: 8.3 |IBU: N/A |rating: 4.05",Brew Your Mind,Human Experiment FORTY NINE
"beer kind: IPA - Imperial / Double New England / Hazy |description: Our experimental series is about stepping outside our comfort zone and trying something new. In this case it's Riwaka Amplifire hop oil product from Clayton Hops. The beer is extremely aromatic and flavourful, mostly on the tropical fruity side. |ABV: 9.0 |IBU: N/A |rating: 4.04",Brew Your Mind,Human Experiment FIFTY
beer kind: IPA - Imperial / Double New England / Hazy |description: Ebben a hazy DIPA sörben 5 féle komlót használtunk és triplán hidegkomlóztuk. A Human Experiment sorozat új címkéin számunkra kedves alkotásokat mutatunk be. |ABV: 8.3 |IBU: N/A |rating: 4.03,Brew Your Mind,Human Experiment FORTY SEVEN
"beer kind: IPA - Imperial / Double New England / Hazy |description: Kísérleti sorozatunk legújabb tagja, melyben Citra és Kohia MOTUEKA komlót használtunk.A Human Experiment sorozat új címkéin számunkra kedves alkotásokat mutatunk be. |ABV: 8.5 |IBU: N/A |rating: 4.03",Brew Your Mind,Human Experiment FORTY FOUR
"beer kind: IPA - Imperial / Double New England / Hazy |description: Kísérleti sorozatunk legújabb tagja, melyben a saját élesztőkultúránkat és simcoe,citra és mosaic komlókat használtunk. (a sör egyébként mindenben megegyezik az előző azaz 35-ös Human Experimenttel, csak az élesztő más)A Human Experiment sorozat új címkéin számunkra kedves alkotásokat mutatunk be. |ABV: 9.0 |IBU: N/A |rating: 4.03",Brew Your Mind,Human Experiment THIRTY SIX
"beer kind: IPA - Imperial / Double New England / Hazy |description: Ausztrál és új-zélandi komlókkal készült trópusi ""hangulatú"" imperial IPA. |ABV: 7.7 |IBU: N/A |rating: 4.02",Brew Your Mind,Endless Waves
"beer kind: IPA - Imperial / Double New England / Hazy |description: Kísérleti sorozatunk legújabb tagja, egyszeri főzet, mely a HBC 1019 nevű kísérleti amerikai komlóra épülő kétszer hidegkomlózott (DDH) dupla IPA.A Human Experiment sorozat új címkéin számunkra kedves alkotásokat mutatunk be. |ABV: 9.0 |IBU: N/A |rating: 4.01",Brew Your Mind,Human Experiment FIFTY THREE
"beer kind: IPA - Imperial / Double New England / Hazy |description: Kísérleti sorozatunk tagja egyszeri főzet, mely a Tolna VÁRmegyében Tamásiban termett Cashmere nevű komlóra épülő kétszer hidegkomlózott (DDH) dupla IPA.A Human Experiment sorozat új címkéin számunkra kedves alkotásokat mutatunk be. |ABV: 9.0 |IBU: N/A |rating: 4.01",Brew Your Mind,Human Experiment FIFTY TWO
"beer kind: IPA - Imperial / Double New England / Hazy |description: Kísérleti sorozatunk legújabb tagja egy intenzíven komlózott hazy dupla IPA, mely a maláták mellett egy titkos összetevővel készült, amitől a sör testessége és kortyérzete nagyon kellemesen sűrű, selymes. Komlózás: Citra és Nelson-Sauvin.A Human Experiment sorozat új címkéin számunkra kedves alkotásokat mutatunk be. |ABV: 8.4 |IBU: N/A |rating: 4.01",Brew Your Mind,Human Experiment SIXTY
beer kind: IPA - Imperial / Double New England / Hazy |description: lupomax hops only  |ABV: 8.0 |IBU: N/A |rating: 4.01,Brew Your Mind,Human Experiment THIRTY EIGHT
beer kind: IPA - Imperial / Double New England / Hazy |description: Summer Nectar sörünk erősebb verziója. Nectaron és Citra komlóval duplán hidegkomlózott hazy dupla IPA. |ABV: 8.0 |IBU: N/A |rating: 4.0,Brew Your Mind,Some More Nectar
"beer kind: IPA - Imperial / Double New England / Hazy |description: Ez a sorozat a kísérletezésről szól. Egyszeri főzetek, melyek jelentősen különböznek egymástól, nem ugyanannak a sörnek az újabb főzetei.Ebben a sörben a sorozat FIFTEEN tagjának maláta profilját és élesztőjét a SIXTEEN komlózásával kombináltuk.  |ABV: 8.2 |IBU: N/A |rating: 4.0",Brew Your Mind,Human Experiment EIGHTEEN
"beer kind: IPA - Imperial / Double New England / Hazy |description: Kísérleti sorozatunk legújabb tagja, melyben egy új-zélandi komlót a Peacharine-t használtuk 2 másik amerikai komlóval együtt. |ABV: 8.6 |IBU: N/A |rating: 4.0",Brew Your Mind,Human Experiment FORTY ONE
"beer kind: IPA - Imperial / Double New England / Hazy |description: Kísérleti sorozatunk legújabb tagja, melyben egy új élesztőt és simcoe, citra és mosaic komlókat használtunk. Kellemesen testes, csonthéjasgyümölcsökre emlékeztető aromájú ital. |ABV: 8.2 |IBU: N/A |rating: 4.0",Brew Your Mind,Human Experiment THIRTY FIVE
"beer kind: IPA - Imperial / Double New England / Hazy |description: Kísérleti sorozatunkban ezúttal az amerikai Cashmere nevű komlót helyezzük előtérbe, melyet egy ""kis"" új-zélandi Nelson Sauvin és Riwaka egészít ki.A Human Experiment sorozat új címkéin számunkra kedves alkotásokat mutatunk be. |ABV: 8.0 |IBU: N/A |rating: 4.0",Brew Your Mind,Human Experiment FIFTY NINE
"beer kind: IPA - Imperial / Double New England / Hazy |description: Ez a sörital az amerikai BC Hop Ranch családi komlófarmról származó Simcoe komlóra épül, melynek karakteres, egyedi aromája azonnal elnyerte tetszésünket az új komlóminták kóstolása során.A címkén ezúttal Huminilowicz Vanda @huminilowiczvanda 'A postás halála dombormű parafrázisa' című alkotását láthatjátok. |ABV: 8.5 |IBU: N/A |rating: 3.99",Brew Your Mind,Human Experiment FIFTY SEVEN
"beer kind: IPA - Imperial / Double New England / Hazy |description: Ebben a söritalban a ""komlósság"" - még élvezhető - felső határát keressük. Egyszerű pilseni maláta mellett majdnem ugyanannyi zabpehely, búzapehely és zabmaláta adják a masszív alapot a grandiózus komlózásnak, mely Riwaka, Citra, Nelson Sauvin és Mosaic fajtákból áll. Az eredmény egy sűrű, intenzív, ízgazdag, markánsan , de nem bántóan keserű folyadék :) |ABV: 7.8 |IBU: N/A |rating: 3.99",Brew Your Mind,Human Experiment FIFTY EIGHT
"beer kind: IPA - Imperial / Double New England / Hazy |description: Kísérleti sorozatunk legújabb tagja egy duplán hidegkomlózott hazy dupla IPA, melynek a malátaalapja illetve a benne használt élesztő az előző Sixty Four sörrel azonos, komlózása viszont a Sabro és Motueka komlók harmóniájára épül.A Human Experiment sorozat új címkéin számunkra kedves alkotásokat mutatunk be. |ABV: 8.0 |IBU: N/A |rating: 3.99",Brew Your Mind,Human Experiment SIXTY FIVE
beer kind: IPA - Imperial / Double New England / Hazy |description: Kísérleti sorozatunk legújabb tagja egy duplán hidegkomlózott hazy dupla IPA melyben Citra és Simcoe komlók mellett Mosaic CRYO-t próbáltunk ki.A Human Experiment sorozat új címkéin számunkra kedves alkotásokat mutatunk be. |ABV: 8.0 |IBU: N/A |rating: 3.99,Brew Your Mind,Human Experiment SIXTY FOUR
beer kind: IPA - Imperial / Double New England / Hazy |description: Strata and citra version |ABV: 7.7 |IBU: N/A |rating: 3.98,Brew Your Mind,Human Experiment TWENTY SEVEN
"beer kind: IPA - Imperial / Double New England / Hazy |description: Brewed for the 10th Birthday of BEERSELECTION Craft Beer Store.Double dry hopped exclusively with New Zealand hops: Manilita, Riwaka and Nelson Sauvin. |ABV: 8.2 |IBU: N/A |rating: 3.97",Brew Your Mind,Decade of Buzz
"beer kind: IPA - Imperial / Double New England / Hazy |description: Kísérleti sorozatunk legújabb tagja egy intenzíven komlózott hazy DDH dupla IPA Elani, Rakau, Krush és Citra komlókkal.A Human Experiment sorozat új címkéin számunkra kedves alkotásokat mutatunk be. |ABV: 8.0 |IBU: N/A |rating: 3.97",Brew Your Mind,Human Experiment SIXTY TWO
"beer kind: IPA - Imperial / Double New England / Hazy |description: Megszavaztátok, megfőztük: szülinapi sörünk a Double Hazy Queen. Testes, krémes dupla New England IPA, rengeteg (egészen pontosan 20g/L) Nelson Sauvin, Citra és Mosaic komlóval. // You wanted it, you've got it: our 3rd anniversary beer is the Double Hazy Queen. A creamy, thick double New England IPA, with huuuuge amounts (20g/L) of Nelson Sauvin, Citra and Mosaic hops.  |ABV: 8.2 |IBU: 57 |rating: 3.97",HORIZONT Brewing,Selfish Games - Double Hazy Queen
beer kind: IPA - Imperial / Double New England / Hazy |description: Hazy DIPA Citra és Motueka komlóval. |ABV: 9.5 |IBU: N/A |rating: 3.96,Brew Your Mind,Deep Echo
"beer kind: IPA - Imperial / Double New England / Hazy |description: 2019 óta nem főztük, de 2024-ben visszatér. Amerikai és ausztrál komlókkal intenzíven komlózva. |ABV: 7.8 |IBU: N/A |rating: 3.94",Brew Your Mind,Parallel Dimension
"beer kind: IPA - Imperial / Double New England / Hazy |description: Kísérleti sorozatunk legújabb tagja. Ebben a sörben egy teljesen új élesztőt próbáltunk ki 3 féle amerikai komlóval. Ízvilága: csonthéjas és trópusi gyümölcsös, kortyérzete krémes de nem túl sűrű.  |ABV: 8.0 |IBU: N/A |rating: 3.94",Brew Your Mind,Human Experiment THIRTY NINE
"beer kind: IPA - Imperial / Double New England / Hazy |description: Persze, hogy idén is kiadjuk a Double Hazy Queen 2024-es változatát! És persze, hogy most mertünk egy jó nagyot csavarni a recepten, hiszen az eddigi felerősített Hazy Queen alapkomlókon kívül most dobtunk bele egy szép nagy rakás Nectaront is, hogy sokkal zamatosabb és gyümisebb ízvilága legyen ennek az amúgy is zseniális dupla NEIPA-nak. Szóval a dupla királynő visszatért! Nem is akárhogy! |ABV: 8.0 |IBU: N/A |rating: 3.94",HORIZONT Brewing,Selfish Games - Double Hazy Queen 2024 - Nectaron Edition
beer kind: IPA - Imperial / Double New England / Hazy |description:  |ABV: 8.0 |IBU: N/A |rating: 3.93,UGAR Brewery,Trailer #015 - Go Big Or Go Home
beer kind: IPA - Imperial / Double New England / Hazy |description: Dupla IPA részben Magyarországon termelt komlóval hidegkomlózva.A Human Experiment sorozat új címkéin számunkra kedves alkotásokat mutatunk be. |ABV: 7.9 |IBU: N/A |rating: 3.93,Brew Your Mind,Human Experiment FORTY FIVE
"beer kind: IPA - Imperial / Double New England / Hazy |description: Kísérleti sorozatunk legújabb tagja egy duplán hidegkomlózott hazy IPA, melynek intenzív aromavilága extra pale ale és zab malátával főzött alapra épül és a Manilita és Citra komlók tulajdonságait hangsúlyozza.A Human Experiment sorozat új címkéin számunkra kedves alkotásokat mutatunk be. |ABV: 7.0 |IBU: N/A |rating: 3.91",Brew Your Mind,Human Experiment SIXTY SIX
"beer kind: IPA - Imperial / Double New England / Hazy |description: Brewed together with Cam of Willibald during BPBW Budapest Beer Week 2024 brings together all the know-how from  Ayr, Ontario, Canada and Budapest, Hungary in the form of a NEIPA brewed with Citra and Rakau. |ABV: 7.8 |IBU: N/A |rating: 3.91",Mad Scientist,Where the Party At
"beer kind: IPA - Imperial / Double New England / Hazy |description: Cryo komlókkal és egy superdelic nevű új-zélandi komlóval készült, ami bogyós és trópusi gyömölcsös ízvilágot robbant a szádban. |ABV: 8.0 |IBU: N/A |rating: 3.9",UGAR Brewery,Trailer #022 - Utopia
beer kind: IPA - Imperial / Double New England / Hazy |description: Collab with Finback in Budapest. Citra Riwaka Mosaic. Juicy ❤️ |ABV: 7.5 |IBU: 45 |rating: 3.9,Reketye Brewing Co.,Parallel Parking
"beer kind: IPA - Imperial / Double New England / Hazy |description: DDH Kveik DIPA, following the footsteps of Smooth Hoperator and Double Hoperator |ABV: 8.1 |IBU: N/A |rating: 3.89",Mad Scientist,Smooth Hoperator Supreme
"beer kind: IPA - Imperial / Double New England / Hazy |description: In the realm of beers, at TRAILER #20 throne,Stands the ""GOAT,"" where legends are known.With pineapple's sweetness and citrus bright,Its dank allure ignites the night.Brewed in New England's proud embrace,A masterpiece crafted with finesse and grace.In each sip, a tale of flavor unfolds,The GOAT, the pinnacle, where greatness molds. |ABV: 9.2 |IBU: N/A |rating: 3.88",UGAR Brewery,Trailer #020 - G. O. A. T.
"beer kind: IPA - Imperial / Double New England / Hazy |description: Thicc. A double NEIPA with 20g/L fresh Mosaic, Centennial and Nelson hops. // Egy kellemesen krémes, vastag dupla NEIPA, jó nagy adag friss komlóval. Mosaic, Centennial, Nelson Sauvin, 20g/l! |ABV: 8.0 |IBU: 60 |rating: 3.87",HORIZONT Brewing,Playground - DDH Double New England IPA
beer kind: IPA - Imperial / Double New England / Hazy |description: Double new england style IPA |ABV: 8.6 |IBU: N/A |rating: 3.86,Mad Scientist,Egomaniac
"beer kind: IPA - Imperial / Double New England / Hazy |description: Víz nélkül nincs élet. Ez az évezredes tudás hívta elő Afrika mélyéről Yemaya-t, a víz teremtő erejének úrnőjét. Mi pedig ezzel az őserejű Dupla New England IPA-val támogatjuk a Brewgooder kampányát, melynek célja, hogy tiszta vizet biztosítsanak a legkiszolgáltatottabbaknak. A társadalmi felelősségvállalás és Sörkéntesség mindig is kiemelt helyen szerepelt nálunk - ezúttal minden sör árából 50 forintot biztosítasz a malawi-i rászorulóknak építendő kutak, vízgyűjtők és vízhálózat létrehozásához. Segítsünk együtt azoknak, akiknek már a tiszta víz is ajándék. |ABV: 8.2 |IBU: 58 |rating: 3.86",FIRST Craft Beer,Yemaya
"beer kind: IPA - New England / Hazy |description: Kísérleti sorozatunk tagja, melyben egy új-zélandi komlót a Peacharine-t használtuk. |ABV: 7.0 |IBU: N/A |rating: 4.04",Brew Your Mind,Human Experiment FORTY
beer kind: IPA - New England / Hazy |description: Hazy IPA Citra és Motueka komlóval. A Green Echo könnyedebb változata. |ABV: 6.7 |IBU: N/A |rating: 4.03,Brew Your Mind,Blue Echo
"beer kind: IPA - New England / Hazy |description: A nagysikerű LE TITS NOW folytatása, Med Scientist re-kollab.Sokak kedvenc The Bruce komlós neipája most LE TITS FOREVER néven újra lázba hozza a várost, (a Bolygót!) Teste sűrű és mégis játszi könnyedséggel csúszik le, miközben a komlók orgiája miatt elpirulsz, és egy kicsit szégyeneld magad, mert túl hevesen reagált a tested. |ABV: 8.3 |IBU: N/A |rating: 4.0",Reketye Brewing Co.,Le Tits Forever
"beer kind: IPA - New England / Hazy |description: Mckenzie, Simcoe, Cascade és Citra komlókkal készült hazy IPA, melyet az egyik jól bevált élesztő kombinációnkkal készítettünk el szekszárdi főzdénkben. |ABV: 7.0 |IBU: N/A |rating: 3.99",Brew Your Mind,Nexion
"beer kind: IPA - New England / Hazy |description: New England inspired IPA with lots of oat malt, extra pale malt, citra and mosaic hops. |ABV: 6.5 |IBU: N/A |rating: 3.99",Brew Your Mind,Bright Lies
"beer kind: IPA - New England / Hazy |description: Kísérleti sorozatunk legújabb tagja, melyben 4 féle komlót használtunk (Citra, Mosaic, Simcoe, Nelson Sauvin). A sör alapja ugyanaz, mint a Human Experiment FORTY-nak. |ABV: 7.0 |IBU: N/A |rating: 3.97",Brew Your Mind,Human Experiment FORTY TWO
beer kind: IPA - New England / Hazy |description: Nectaron és Citra komlóval komlózott DDH IPA. |ABV: 6.0 |IBU: N/A |rating: 3.96,Brew Your Mind,Summer Nectar
"beer kind: IPA - New England / Hazy |description: Szalmasárga színű szűretlen IPA sörünk citra és mosaic komlóval, melybe ezúttal Riwaka Amplifire komlókivonat is került hidegkomlózáskor. |ABV: 6.5 |IBU: N/A |rating: 3.95",Brew Your Mind,Bright Lies - Riwaka
beer kind: IPA - New England / Hazy |description: Hazy IPA Citra és Strata komlóval. |ABV: 7.0 |IBU: N/A |rating: 3.94,Brew Your Mind,Trusted Friend
"beer kind: IPA - New England / Hazy |description: Hazy IPA melyben Citra-t és Magyarországon termelt (Nugget, Comet és Cascade) komlót használtunk. A Human Experiment sorozat új címkéin számunkra kedves alkotásokat mutatunk be. |ABV: 6.0 |IBU: N/A |rating: 3.94",Brew Your Mind,Human Experiment FORTY SIX
"beer kind: IPA - New England / Hazy |description: A collab with our friend Zoli of Reketye Brewing, brewed with ""The Bruce"" by Freestyle Hops |ABV: 8.3 |IBU: N/A |rating: 3.93",Mad Scientist,Le Tits Now
beer kind: IPA - New England / Hazy |description: Ebben a söritalban kedvenc komlóinkat (Citra és Nelson) helyezzük előtérbe egyszerű maláta profil mellett. Only Memories IPA sörünk könnyedebb verziója. |ABV: 6.0 |IBU: N/A |rating: 3.93,Brew Your Mind,Simple Memories
"beer kind: IPA - New England / Hazy |description: Major Levente abasári borász barátunk 2024-as bio Olaszrizling szőlőmustjával együtt erjesztett hazy IPA amerikai és új-zélandi komlókkal.7% 0,44l |ABV: 7.0 |IBU: N/A |rating: 3.92",Brew Your Mind,Mátra Riesling Grape - 2024
"beer kind: IPA - New England / Hazy |description: A szegedi Cirmi Gastropub 10. szülinapjára készült sörital. Simcoe, Mosaic és Motueka komlókkal. Közös recept Ábrahám Máté barátunkkal. |ABV: 6.7 |IBU: N/A |rating: 3.92",Brew Your Mind,Original Kitty
"beer kind: IPA - New England / Hazy |description: Legújabb hazy IPA sörünk gazdag, zabmalátás alapra épül, amely telt kortyérzetet biztosít. Hidegkomlózásához a Citra mellett Magyarországon, Tamásiban termesztett Cashmere komlót használtunk. |ABV: 6.5 |IBU: N/A |rating: 3.91",Brew Your Mind,Cashmore
"beer kind: IPA - New England / Hazy |description: Kísérleti sorozatunk ezen tagjában Vista, Mosaic és Nelson komlóthasználtunk egyszerű malátaprofil mellett (lager maláta + búzapehely),és egy semleges ízprofilú élesztővel erjesztettük.A címkén ezúttal Drabik Tamás @drabiktamas  ""Árnyék-Alak"" című alkotása szerepel. |ABV: 6.8 |IBU: N/A |rating: 3.91",Brew Your Mind,Human Experiment FIFTY FOUR
"beer kind: IPA - New England / Hazy |description: Közös projektünk a cseh Falkon-nal egy zab- és rozsmalátával főzött nem túl erős, de tartalmas IPA, melyet izgalmas cseh komlókkal is hidegkomlóztunk (duplán). 8 évvel ezelőtt főztünk Csehországban egy Univerzum nevű IPA-t velük, a névválasztás innen adta magát. :) |ABV: 5.8 |IBU: N/A |rating: 3.91",Brew Your Mind,HUNiverzum
beer kind: IPA - New England / Hazy |description:  |ABV: 5.5 |IBU: N/A |rating: 3.9,Brew Your Mind,Bright Lies Summer Edition
"beer kind: IPA - New England / Hazy |description: After Nebula and Cosmic Dust, we're launching a brand new hazy series: Perihelion is a bolder, higher-ABV lineup where each release puts the spotlight on a single standout hop.The first in the series features Rakau, which brings huge aromas of red plum and ripe apricot. This rich orchard fruit base is reinforced with the classic notes of Citra and Simcoe, adding juicy mango and zesty yuzu to the mix. |ABV: 7.0 |IBU: 41 |rating: 3.89",Gravity Brewing,Perihelion: Rakau - DDH Hazy IPA
"beer kind: IPA - New England / Hazy |description: Hazánk első forralás nélkül készült kisüzemi hazy raw IPÁ-ja kirívó fehérjetartalommal és koncentrált komlózással olyannyira népszerű lett, hogy elkészítettük ennek valódi mangóval és habanero paprikával felturbózott változatát. Az eredmény magáért beszél. A Beta.36 egy szemtelenül testes, igazán krémes ízorgia, ami a mangó és a komlók trópusi gyümölcsös jegyeivel kápráztat el. A habanero pedig segít a korty lecsengésében, ezzel maradandóvá téve az amúgy is különleges sörélményt. |ABV: 7.0 |IBU: 55 |rating: 3.89",Szent András Sörfőzde,TesztAndrás Beta.36
beer kind: IPA - New England / Hazy |description:  |ABV: 6.8 |IBU: N/A |rating: 3.88,UGAR Brewery,Trailer #014 - Summer Juice
beer kind: IPA - New England / Hazy |description:  |ABV: 6.0 |IBU: 9 |rating: 3.87,Hajnali Sörfőzők,Dreaming of Clouds
"beer kind: IPA - New England / Hazy |description: Too Many PLAYERS On The Ice    TDH NEIPA - Zentus x KEG SörmüvhàzHeadbrewer: Dàniel KissRecipe: KEG Crew (Àron Donàth, Dàniel Incze)                     Triple Dry-Hopped New England motivated IPA------------------------------------------------------Összetevők: ivóvíz, árpamaláta, búzapehely,zabpehely, komló, sörélesztőIngredients: water, barley malt, flaked wheat,flaked oats, hops, yeast.Hops: Callista, El Dorado, Azacca,Mosaic LupuLN2, Warrior, Amarillo |ABV: 6.5 |IBU: 70 |rating: 3.87",Zentus Craft Beer,Too Many PLAYERS On The Ice
beer kind: IPA - New England / Hazy |description: Major Levente abasári borász barátunk 2025-ös bio Olaszrizling szőlőmustjával együtt erjesztett hazy IPA amerikai és új-zélandi komlókkal. |ABV: 7.0 |IBU: N/A |rating: 3.86,Brew Your Mind,Mátra Riesling Grape - 2025
"beer kind: IPA - New England / Hazy |description: Trópusi gyümölcsök ízei jelennek meg ebben a kifejezetten selymes NEIPA-ban, amiért a Cryo Simcoe - Citra – Amarillo triumvirátusa a felelős. Tropical fruits’ flavors appear in this especially silky NEIPA, for which the triumvirate of Cryo Simcoe – Citra – Amarillo is responsible.Címke szöveg: Mi a harmónia?Eme doboz polgárainak, a citrusos és gyümölcsös komlók aromantikus együttélése. Ez az élet nem keserű! |ABV: 5.6 |IBU: N/A |rating: 3.86",Fehér Nyúl,CityZen
beer kind: IPA - New England / Hazy |description:  |ABV: 6.5 |IBU: N/A |rating: 3.86,Brew Your Mind,Where Is My Galaxy?
"beer kind: IPA - Triple |description: Triple Dryhopped Triple IPA with our favorite neighbour  Mad Scientist. Brewed with Nelson Sauvin, Mosaic and Centennial. |ABV: 10.5 |IBU: 74 |rating: 3.97",HORIZONT Brewing,Playground TDH Triple IPA
"beer kind: IPA - Triple |description: Triple IPA with Citra, Comet & Calista hops to have this pech, papaya flavoured, smooth, hazy easy drinking monster. |ABV: 10.2 |IBU: N/A |rating: 3.9",HORIZONT Brewing,"Selfish Games Triple IPA W. Citra, Comet & Callista"
"beer kind: IPA - Triple |description: Simcoe, Citra, Strata, Citra Cryo |ABV: 9.0 |IBU: N/A |rating: 3.88",Brewing Vibes Brewery,Beer Lovers Only
beer kind: IPA - Triple |description:  |ABV: 9.2 |IBU: N/A |rating: 3.88,Reketye Brewing Co.,Total Peace
"beer kind: IPA - Triple |description: Mindenkinek, akinek tetszett a legutóbbi TRIPLA IPA-nk annak nyugodt szívvel tudjuk ajánlani, mert, ami tetszett benne, az ebben is megtalálható. Egy kicsit csavartunk a recepten és egy mostanában népszerű komlófajtát csempésztünk a sörbe, a Strata variánst. Ez a komló egy picit epres illetve krémesebb kortyérzetet kölcsönöz a sörnek, amire szükség is van, hiszen ez a sör egy masszív 10,1%-os alkohol tartalommal rendelkezik. Kortyérzetében a citrusosság, édesség és gyümölcsösség váltakozik egy minimális testtel, ami elengedhetetlen egy ilyen szintű sörnél. |ABV: 10.1 |IBU: 54 |rating: 3.86",HORIZONT Brewing,"Selfish Games Triple IPA W. Citra, Strata, Calista"
"beer kind: IPA - Triple |description: Triplán hidegkomlózott tripla IPA Citra, Simcoe, CryoSimcoe, Falconer's Flight és Idaho7 komlókkal, NEIPA élesztővel.Triple dry-hopped triple IPA brewed with Citra, Simcoe, CryoSimcoe, Falconer's Flight and Idaho7 hops, fermented with NEIPA yeast. |ABV: 9.2 |IBU: 33 |rating: 3.86",Fehér Nyúl,Trip
"beer kind: IPA - Triple New England / Hazy |description: A marosvásárhelyi Bere Noah főzdével közös recept alapján készítettük ezt a főzetet, mely egy igazán komoly tétel lett, Citra, Simcoe, Riwaka és Peacharine komlóval.  |ABV: 9.1 |IBU: N/A |rating: 4.03",Brew Your Mind,Great Expectations
"beer kind: IPA - Triple New England / Hazy |description: Kísérletező sorozatunk legújabb tagja, melyben a HBC-586 jelű amerikai kísérleti komlót használtuk.  |ABV: 9.5 |IBU: N/A |rating: 3.97",Brew Your Mind,Human Experiment TWENTY FIVE
"beer kind: IPA - Triple New England / Hazy |description: Kővári Gergő (armando_otchoa) barátunkkal közös projektünk legújabb tagja. Folyamatosan törekszünk a jól ihatóságra söreink megalkotásakor, ezért eddig sosem készítettünk ennyire erős IPA-t. A ""Money szériának"" viszont mindig is része volt a komfort zónánkból való kilépés, jelen esetben kiugrás, melynek eredménye nem egy könnyű frissítő ivósör, de nem is ez volt a cél. A tetemnyi :) mennyiségű komló (citra, galaxy, amarillo, vic secret) nem harsányan, hanem sokkal inkább egy érett lekvárhoz hasonlóan simul bele a sűrű malátalébe, különös harmóniát alkotva. |ABV: 11.0 |IBU: N/A |rating: 3.93",Brew Your Mind,Money Warship
beer kind: IPA - Triple New England / Hazy |description:  |ABV: 9.6 |IBU: N/A |rating: 3.91,UGAR Brewery,Trailer #010 - Piéce De Résistance
"beer kind: Mead - Braggot |description: Following the footsteps of APPLE O Green Apple Sour Candy Braggot, CHERRY O Sour Cherry Candy Braggot and COLA O Sour Cola Candy Braggot here is PEACH O Peach Sour Candy Braggot |ABV: 7.0 |IBU: N/A |rating: 4.03",Mead Scientist,Peach O
"beer kind: Mead - Braggot |description: Following APPLE O Green Apple Sour Candy Braggot, here's CHERRY O Sour Cherry Candy BraggotFirst batch in the May of 2021 had 7,5% abv, the second batch in 2022 October has the abv of 7,8% |ABV: 7.8 |IBU: N/A |rating: 3.97",Mead Scientist,Cherry O
"beer kind: Mead - Braggot |description: Following the footsteps of APPLE O Green Apple Sour Candy Braggot, CHERRY O Sour Cherry Candy Braggot, COLA O Sour Cola Candy Braggot and PEACH O Peach Sour Candy Braggot, we're now combining the best of both worlds to bring you CHERRY COLA O Sour Candy Cherry Cola Braggot |ABV: 7.0 |IBU: N/A |rating: 3.92",Mead Scientist,Cherry Cola O
"beer kind: Mead - Braggot |description: Following the footsteps of APPLE O Green Apple Sour Candy Braggot, CHERRY O Sour Cherry Candy Braggot, COLA O Sour Candy Cola Braggot and so, we're proud to present the latest edition of the infamous sour patch series:DRACUL O Blue Grape-Blackcurrant Sour Candy Sour Braggot |ABV: 7.0 |IBU: N/A |rating: 3.87",Mead Scientist,Dracul O
"beer kind: Mead - Braggot |description: Following the footsteps of APPLE O Green Apple Sour Candy Braggot, CHERRY O Sour Cherry Candy Braggot and so, we're proud to present maybe the smoothest and crazies release ever Mead Scientist's infamous O series has ever seen: STRAWBERRY O Strawberry Puffs Sour Candy Braggot. Made with locally sourced honey and real strawberry puree this 8,2% braggot is fulfilling all expectations and beyond. It's creamy and rich, light and easy to drink, heavily fruited and sour patch twisted but most importantly it is bringing back fun and danger into craft beer. No matter where you're at right now with your journey in beer, STRAWBERRY O will sure put a smile on your face! |ABV: 8.2 |IBU: N/A |rating: 3.87",Mead Scientist,Strawberry O
"beer kind: Mead - Braggot |description: Sour Braggot With Strawberry, Pomegranate And Lemon with our friends from THE GARDEN BREWERY |ABV: 7.0 |IBU: N/A |rating: 3.86",Mead Scientist,Waking Up To Pomme Grenades
beer kind: Mead - Melomel |description: Sweet Mead With Strawberries Aged In Red Wine Barrel And Tokaji Barrel |ABV: 13.0 |IBU: N/A |rating: 3.89,MadX,Frigga
"beer kind: Mead - Melomel |description: Mixed Fermentation Barrel Aged Sweet Mead with Forest Fruits (Blackcurrant, Blackberry & Blueberry) from a Kvaszinger Aszú barrel |ABV: 12.6 |IBU: N/A |rating: 3.89",MadX,Myrkviðr
"beer kind: Mead - Melomel |description: Double fruited Melomel with Blackcurrant as an amplified version of our 2019 July's melomel, Svart |ABV: 8.0 |IBU: N/A |rating: 3.88",Mead Scientist,Double Svart
beer kind: Mead - Other |description: Barrel Aged Blackcurrant Melomel |ABV: 13.0 |IBU: N/A |rating: 3.88,MadX,Tanngrisnir
beer kind: Mead - Other |description: Bourbon Barrel Aged Mead With Blackcurrant And Peanut |ABV: 11.0 |IBU: N/A |rating: 3.88,Mead Scientist,Blackcurrant PBJ Time
"beer kind: Mead - Traditional |description: Zero carbonation, sweet mead aged in a Tokaji barrel, the very first mead release by MadX as the result of almost a year of work |ABV: 13.0 |IBU: N/A |rating: 3.89",MadX,Valhöll
"beer kind: Pale Ale - American |description: Human Experiment kísérleti szériánk Fourteen tagja annyira elnyerte tetszésünket, hogy bevesszük az ""állandó"" söreink közé. |ABV: 5.8 |IBU: N/A |rating: 3.97",Brew Your Mind,Better Before
beer kind: Pale Ale - American |description:  |ABV: 5.6 |IBU: N/A |rating: 3.92,Brew Your Mind,Human Experiment FOURTEEN
"beer kind: Pale Ale - American |description: Our flagship NE inspired APA with Simcoe, Centennial and this time with Amarillo hops. |ABV: 5.5 |IBU: N/A |rating: 3.87",Brew Your Mind,Yellow Haze - Amarillo
beer kind: Pale Ale - New England / Hazy |description: This beer represents a new beginning for us. Clean Hands is our first recipe that has been brewed for the first time at our new facility in Szekszárd. We have chosen hops from 3 different continents and married them with a singular yeast strain with whom we experiment lately.Enjoy! |ABV: 5.8 |IBU: N/A |rating: 3.88,Brew Your Mind,Clean Hands
"beer kind: Pale Ale - Other |description: Az almák nem csalódtak, hogy sör lett belőlük. Ez a testes Pale Ale sok karamellmalátával cefrézve olyan, mint a tökéletes nagyiféle fahéjas - almás sütemény - a 14,5-ös eredeti extrakttartalmat leszámítva. Természetes összetevőkből, édes és valódi almasűrítménnyel és fahéjjal. |ABV: 5.5 |IBU: N/A |rating: 3.9",Viharsarok Sörfőzde,Almás Pite
beer kind: Pale Ale - XPA (Extra Pale) |description: Double version of our flagship APA Yellow Haze. |ABV: 6.7 |IBU: N/A |rating: 3.95,Brew Your Mind,Double Yellow Haze
beer kind: Porter - Baltic |description: Glen Moray whisky hordóban érlelt balti porter.Baltic porter aged in Glen Moray whisky barrel. |ABV: 9.8 |IBU: 44 |rating: 3.9,Fehér Nyúl,Glen Floral
"beer kind: Porter - Baltic |description: Bagoly balti porter, Gemenc Whiskey hordókban érlelve. |ABV: 8.8 |IBU: 50 |rating: 3.89",Balkezes,Bagoly BA - Gemenc Whiskey
"beer kind: Porter - Baltic |description: the first barrel aged Bagoly. this is what our bird tastes like if we put it to rest for 300+ days in Gemenc Red Whiskey barrel. Gemenc Red Whiskey is special projekt of the Hungarian Gemenc Distillery, where a bourbon-like whiskey was aged in ""szekszárdi kadarka"" wine barrel.premier on BPBW 2019, one-off beer, some KEG available and 216 bottles only by the end of 2019//a Bagoly első hordóérlelt verziója. ilyen a madarunk, ha 300+ napot pihen Gemenc Red Whiskey hordóban. a Gemenc Red Whiskey a magyar Gemenc Distillery szekszárdi kadarkás hordóban érlelt különleges bourbon projektje.BPBW 2019-en debütál, egyszeri kiadás, pár hordó és 216 palack készül amit 2019 végén tervezünk kiadni. |ABV: 8.8 |IBU: N/A |rating: 3.86",Balkezes,Bagoly BA - Gemenc Red Whiskey
"beer kind: Porter - Imperial / Double |description: Krémes, édes, dupla csokis porter, amit Bourbon hordókban érleltünk, hogy még mélyebb, vaníliás és pörkölt jegyekkel gazdagodjon. Az alapot rengeteg kakaóbab törettel főztük, majd extra adag csokoládéval tettük igazán dekadenssé. A laktóz selymes textúrát és desszertszerű kortyérzetet ad – ez egy igazi folyékony csokoládé-élmény!-A creamy, sweet, double chocolate porter aged in Bourbon barrels for a rich blend of vanilla and roasted notes. Brewed with loads of cocoa nibs and extra chocolate for full decadence. Lactose adds silky texture and a dessert-like finish – pure liquid chocolate bliss! |ABV: 11.2 |IBU: N/A |rating: 4.03",HORIZONT Brewing,Night Shift Vintage 2025 / Double Chocolate Imperial Milk Porter Aged In Bourbon Barrels
beer kind: Porter - Imperial / Double |description:  |ABV: 11.0 |IBU: N/A |rating: 4.0,Reketye Brewing Co.,Dr Banghard
"beer kind: Porter - Imperial / Double |description: Az első Imperial Milk Porter tervezésekor tudtuk, hogy egy nagyon különleges tételt szeretnénk készíteni, amit ráadásul egyben gyümölcsös Night Shift tételnek is terveztünk. A leerjedt alapsör, frissen ürített Pedro Ximénez Sherry és rumos hordókban pihent 6 hónapot, hogy a hordó fás ízjegyei kiemeljék az alapsör meggyes, mákos, enyhén tejcsokis ízvilágát, megalkotva ezt az igazán sütis jellegű, testes tételt. When designing the first Imperial Milk Porter, we knew we wanted to create something very special, which we also envisioned as a fruity Night Shift batch. The condensed base beer was transferred to freshly emptied Pedro Ximénez Sherry and rum barrels for 6 months, allowing the woody notes of the barrel to enhance the base beer's cherry, poppyseed, and subtly milky chocolate flavor profile, creating this truly pastry-like, full-bodied batch. |ABV: 11.0 |IBU: N/A |rating: 3.97",HORIZONT Brewing,Night Shift 2024 - Imperial Milk Porter Aged In Pedro Ximénez Sherry & Rum Barrels W. Sour Cherry & Poppy Seed
beer kind: Porter - Imperial / Double |description: Cocoa milk porter.  |ABV: 9.0 |IBU: N/A |rating: 3.9,Reketye Brewing Co.,Kwanzaa
"beer kind: Porter - Imperial / Double |description: Selymes, pörköltmalátás, testes imperial porter a fundamentuma Viriatonak. Az elegáns cognacos, brandys jegyek szép összhangba kerülnek a porter erejével, amit a kakaóbab és málna jellegzetes, édes-fanyar ízei egészítenek ki. Egyedi különlegesség, a kakaós-gyümölcsös-kávés desszertek kedvelőinek kötelező darab. |ABV: 11.0 |IBU: 20 |rating: 3.89",FIRST Craft Beer,Viriato
beer kind: Porter - Imperial / Double |description: Salty Buiscit Imperial Milk Porter with Coconut |ABV: 11.0 |IBU: N/A |rating: 3.88,HopTails Brewery,Darker Than Black
"beer kind: Porter - Imperial / Double Baltic |description: imperial baltic porter a Bagoly hagyományait továbbörökítve, Kentucky Straight Bourbon Whisky hordóban élelve. |ABV: 12.0 |IBU: N/A |rating: 4.04",Balkezes,Birodalmi Bagoly - Kentucky Straight Bourbon Whisky BA
"beer kind: Porter - Imperial / Double Baltic |description: imperial baltic porter a Bagoly hagyományait továbbörökítve, rhum agricole hordóban élelve. |ABV: 12.0 |IBU: N/A |rating: 4.04",Balkezes,Birodalmi Bagoly - Rhum Agricole BA
beer kind: Porter - Imperial / Double Baltic |description: Kentucky Straight Bourbon Whisky hordókban érlelt Birodalmi Bagoly 2023-as verziója. ez most 22 hónapot kapott.//2023 version of the Kentucky Straight Bourbon Whisky barrel aged Birodalmi Bagoly. this one was sentenced for 22 months. |ABV: 12.0 |IBU: N/A |rating: 3.9,Balkezes,Birodalmi Bagoly - Kentucky Straight Bourbon Whisky BA 2023
beer kind: Porter - Imperial / Double Coffee |description: new wave baltic porter & specialty coffee |ABV: 8.8 |IBU: 50 |rating: 3.89,Balkezes,Bagoly - Coffee & Porter
"beer kind: Red Ale - Imperial / Double |description: A kongresszus fő témája a munkaverseny lesz, fő előadóink a Saccharomyces Stahanovoae család tagjai.12% alkohol, vörös folyam, tripla erősség - Chinook, Centennial, Cascade, Polaris - vesszenek az imperialista árulók! |ABV: 12.0 |IBU: N/A |rating: 3.88",Csupor Craft Beer,CCCP
"beer kind: Rye Wine |description: Jamaican Rum and Martinique Rum Barrel Aged Black Ryewine With Cocoa, Coffee And VanillaThe barrel aged version of our 2024 hit THE ALL KNOWING Black Ryewine and Stout hybrid With Cocoa, Coffee & Vanilla spicing up the darkest nights chasing right and wrong, feels like home away from home.Together with our friend Rob Borbás, celebrating 10 years of 'Rooklet Ink custom tattoo shop established by Grindesign in the heart of Budapest' & officially dropping at the book release party INCUBUS - the art of Grindesign.After TINY BARREL PROJECT SPIRITLORD RUM and TINY BARREL PROJECT CANDY MAN SCOTCH and so, here is our 16th TINY BARREL PROJECT release in our new category between the Specials series and Barrel Project in 330ml cans. |ABV: 13.5 |IBU: N/A |rating: 3.91",Mad Scientist,Tiny Barrel Project The All Knowing Rum
"beer kind: Rye Wine |description: Black Ryewine and Stout hybrid With Cocoa, Coffee & Vanilla spicing up the darkest nights chasing right and wrong, feels like home away from home |ABV: 13.6 |IBU: N/A |rating: 3.86",Mad Scientist,The All Knowing
"beer kind: Sour - Flanders Red Ale |description: Ahogy tavaly lefőztük az ország legerősebb sörét (Watery Spirit 6th Anniversary Barley Wine, 22% vol.), úgy idén is valami igazán különlegeset szeretnénk nektek adni. A hetedik évfordulós sörünk egy aszú hordóban, aszú szemeken két évig érlelt flamand vörös ale lett, de mit is jelent ez a gyakorlatban?A flamand vörös egy tradicionális sörtípus Belgiumból, annak is a nyugati területéről származik, általában a ""hagyományos"" sörélesztőn kívül, Lactobacillust és alkalomadtán Brettanomyces-t is használnak az erjesztéshez, amitől savanyú és gyümölcsös karaktert egyaránt kap a sör. Jellemző rá a hosszú, fahordós érlelés, ami még jobban felerősíti a savas hatást. A sötétebb malátás -, aszalt gyümölcsös -, és fahordós jegyek miatt ""Belgium burgundijaként"" is hivatkoznak rá a műértők. Legismertebb tételeit a stílusnak a Rodenbach főzde készíti az 1800-as évektől.A mi esetünkben is egy speciális élesztőkultúrát és egy klasszikus flamand vörös receptet használtunk az alapsörhöz, majd a sört a HOLDVÖLGY-től kapott tokaji aszús hordókban érleltük két évig, ráadásul kézzel válogatott aszúszemeken pihentettük a sört a hordóban.A végeredmény pedig egy igazi kuriózum lett, valahol a sör és egy jó tokaji aszú határmezsgyéjén. Színre vöröses-barnás, az aszús, édes, brandys (aszalt sárgabarack) jegyek szépen kiegészítik a sör savanyú, funky-s, ""lambicos"" jegyeit. A hordós érlelés ad egy diós, mandulás plusz réteget a sörnek, a 13.7%-os alkoholtartalom ellenére nem lóg ki belőle az alkohol. |ABV: 13.7 |IBU: N/A |rating: 3.91",MONYO Brewing Co.,Kings & Queens - 7th Anniversary Aszú Barrel Aged Imperial Flanders Red Ale
"beer kind: Sour - Flanders Red Ale |description: Wine Barrel Aged Flanders Red Ale with Sour Cherries, the 2021 edition of Ticket To Anywhere that was released in the May of 2020 |ABV: 6.5 |IBU: N/A |rating: 3.89",MadX,Ticket To Anywhere 2021
beer kind: Sour - Fruited |description: Apricot Maracuja Parfait Créme Oat Sour.A crispy and refreshing Sour Ale fermented with insanely amounts of magical juicy Ecuadorian maracuja and smooth Hungarian apricot.Brewed to celebrate the legendary Miles Davis.  |ABV: 4.5 |IBU: N/A |rating: 4.03,B*BOP FERMENTORY,AMANDLA
"beer kind: Sour - Fruited |description: Maracuja Basil Agua Fresca Nu Sour.A refreshing, tart and fizzy Nu-Sour Ale fermented with huge amounts of magical Ecuadorian passionfruit, fresh Genovese basil and a pinch of Inca sun salt.This is the third beer of my Nu- series, which means a modern, “new age” take on the traditional beer styles- this time brewed with fresh Genoese basil instead of hops, a pinch of Inca sun salt for the mouthfeel and fermented on huge amounts of Ecuadorian passion fruit to make thirst even more yummy.Brewed to celebrate the CEO of rhymes, the artist who have shaped and moulded the hip-hop culture, MF DOOM. Rest in Peace.  |ABV: 5.0 |IBU: N/A |rating: 3.96",B*BOP FERMENTORY,GHIDORAH
"beer kind: Sour - Fruited |description: rengeteg gyümölcs (mango, passion fruit és eper), egy csipetnyi vanília és laktóz határozott savanyúsággal. |ABV: 6.0 |IBU: N/A |rating: 3.95",Brew Your Mind,Fruit Works - Mango + Passion Fruit + Strawberry
"beer kind: Sour - Fruited |description: rengeteg gyümölcs (málna, feketeszeder, áfonya), egy csipetnyi vanília és laktóz határozott savanyúsággal. |ABV: 5.5 |IBU: N/A |rating: 3.93",Brew Your Mind,Fruit Works - Raspberry + Blackberry + Blueberry
"beer kind: Sour - Fruited |description: Rengeteg eper és lime, egy csipetnyi gyömbér, vanília és laktóz - határozott savanyúsággal. |ABV: 5.5 |IBU: N/A |rating: 3.92",Brew Your Mind,Fruit Works - Strawberry + Lime
"beer kind: Sour - Fruited |description: green apple, vanilla, tonka bean |ABV: 4.0 |IBU: N/A |rating: 3.91",HopTails Brewery,ApplePoint
"beer kind: Sour - Fruited |description: Forest Fruit Bowl Parfait Nu Sour.A fresh forest fruit bowl inspired smooth and refreshing Nu-Sour Ale fermented with fine selections of Willamette raspberries, Camarosa and Senga Senga strawberries, Morello cherries, Burgundy blackcurrants, Hungarian thyme and a hint of Hawaiian black lava salt.This is the second beer of my Nu- series, which means a modern, “new age” take on the traditional beer styles. This beer is brewed just with fresh hungarian thyme instead of hops, then fermented on a fine selections of fresh, rich and juicy candy-a-like fruits of the forest and a pinch of black lava salt. Brewed to celebrate the queen of neo soul,Erykah Badu. |ABV: 7.0 |IBU: N/A |rating: 3.91",B*BOP FERMENTORY,MAIYSHA
"beer kind: Sour - Fruited |description: Túlhűtés esetén érdemes melengetni egy kicsit, hogy megmutassa igazi barackos arcát. :)A letaglózó 2018-as siker, és a közönség nyomása miatt muszáj volt újrafőznünk a frissítően krémes sour aleünket. Egy picit módosítottunk a recepten, és mivel jóból nem árt a sok, idén még több frissen szedett, lédús gönci kajszibarackot passzíroztunk a sörbe. Hogy mit is jelent ez pontosan? Lényegében a sör harmada friss barack.Easy. Peasy. Apricot. Squeezy. |ABV: 6.0 |IBU: 27 |rating: 3.9",Reczer Ser,Easy Peasy Apricot Squeezy - 2019 Edition
"beer kind: Sour - Fruited |description: Apricot Maracuja Parfait Sour.A juicy and creamy Sour Ale fermented with insanely amounts of magical juicy Ecuadorian maracuja, smooth Hungarian apricot and a pinch of Himalayan salt.This time it’s more bigger and viscous with a 7,5% ABV and a salty kick. Brewed to celebrate the legendary Miles Davis.  |ABV: 7.5 |IBU: N/A |rating: 3.89",B*BOP FERMENTORY,AMANDLA (2022)
"beer kind: Sour - Fruited |description: Raw Nordic Sour Ale with Cherries, Blueberries and Tonka Beans |ABV: 7.0 |IBU: N/A |rating: 3.89",MadX,Flavour Police
"beer kind: Sour - Fruited |description: Rengeteg eper, egy csipetnyi vanília és laktóz egy határozottan savanyú sörben. |ABV: 6.0 |IBU: N/A |rating: 3.89",Brew Your Mind,Fruit Works - Strawberry
beer kind: Sour - Fruited |description:  |ABV: 5.7 |IBU: N/A |rating: 3.88,Brew Your Mind,Fruit Works - Blueberry + Strawberry + Lime
"beer kind: Sour - Fruited |description: Savanykás, szomjoltó sour sör rengeteg sárgabarackkal!  |ABV: 5.7 |IBU: N/A |rating: 3.87",Brew Your Mind,Fruit Works - Apricot
beer kind: Sour - Fruited |description: Nordic Sour Ale with Peach and Apricot |ABV: 7.9 |IBU: N/A |rating: 3.87,MadX,Charming Propaganda
"beer kind: Sour - Fruited |description: More fruit, more tartness, more colour! Second coming of our superpopular #15, this version has more of everything, still retaining the best qualities of it's first batch. Get more!Még több gyümölcs, több fanyarság és több szín! A #15 második változata emeli a lécet minden fronton. Figyeld a címkét és keresd az új változatot! |ABV: 5.5 |IBU: 30 |rating: 3.87",HORIZONT Brewing,Pilot Series #15 A NÉGYZETEN - Red & Blackcurrant Sour Ale
beer kind: Sour - Fruited |description:  |ABV: 7.7 |IBU: N/A |rating: 3.87,Brew Your Mind,DDH FRUIT WORKS - Pineapple & Mango & Lactose
beer kind: Sour - Fruited |description: Barrel Aged Golden Sour Ale with Blueberries |ABV: 5.5 |IBU: N/A |rating: 3.86,MadX,Gold & Blue
"beer kind: Sour - Fruited |description: Rengeteg málna, egy csipetnyi vanília és laktóz egy határozottan savanyú sörben. |ABV: 6.0 |IBU: N/A |rating: 3.86",Brew Your Mind,Fruit Works - Raspberry
"beer kind: Sour - Fruited Berliner Weisse |description: Red Williams Pear Rosemary Créme Berliner.A smooth, creamy and refreshing Nu-Berliner Weisse (aka Budapest Weisse) fermented with bushels of red williams pear (from Haute Provence, France), a dash of fresh rosemary and a pinch of Guérande fleur de sel. This is the first beer of my Nu- series, which means a modern, “new age” take on the traditional beer styles. This beer is brewed just with fresh hungarian rosemary instead of hops, then fermented on fresh, rich and juicy red Williams pears and a hint of Guérande fleur de sel. Brewed to celebrate the legends of bossa nova,Stan Getz & João Gilberto. |ABV: 6.5 |IBU: N/A |rating: 3.86",B*BOP FERMENTORY,DESAFINADO
"beer kind: Sour - Fruited Berliner Weisse |description: Ms. WorldWild is a Berliner Weisse femented with Maracuja (Passion Fruit). This beer is our flagship fruit sour, available from mid spring to mid fall. Sour how we like. It's an easy to drink beer. Cheers! |ABV: 3.6 |IBU: 5 |rating: 3.86",TuffBuzz,Ms. WorldWild - Maracuja (Passion Fruit) Edition
"beer kind: Sour - Fruited Gose |description: Apricot Mango Black Pepper Sorbet Gose.A salty, smooth and tart Gose fermented with huge amounts of Hungarian apricot, fresh mango purée, ashanti pepper and pink himalayan rock salt.Brewed to celebrate the legendary Miles Davis. |ABV: 5.3 |IBU: N/A |rating: 3.93",B*BOP FERMENTORY,SOLEA
"beer kind: Sour - Fruited Gose |description: Framboise Saffron Cumeo Pepper Nu Gose.A smooth, refreshing and delicate Nu Gose fermented with Willamette raspberries, Spanish saffron, Vietnamese Cumeo pepper and Pakistani Halite diamond salt. This is the sixth beer of my Nu- series, which means a modern, “new age” take on the traditional beer styles- this time brewed with Vietnamese Cumeo pepper and Spanish saffron instead of hops, a pinch of Pakistani diamond salt for the mouthfeel and fermented on huge amounts of Willamette raspberries to make thirst even more yummy.Brewed to celebrate the O.G. saxophonist Kamasi Washington and taking a honour to my lovely sweet grandma who are survived a stroke a few months ago. |ABV: 8.0 |IBU: N/A |rating: 3.89",B*BOP FERMENTORY,MUKHALLAT
beer kind: Sour - Fruited Gose |description:  |ABV: 4.5 |IBU: N/A |rating: 3.88,One Beer,Sugar Lips Green Apple Edition
"beer kind: Sour - Fruited Gose |description: The saltiness that hides in the background balances out the acidity of the generous amount of raspberries we added to this beer, creating a harmonic drinking experience. |ABV: 5.7 |IBU: N/A |rating: 3.87",Brew Your Mind,Fruit Works - Raspberry Gose
"beer kind: Sour - Fruited Gose |description: Jungle Bramble Toucan Sorbet Gose.A gin-based tropical Bramble cocktail inspired refreshing, tart, fizzy and juicy Nu-Gose fermented with Vietnamese calamansi, Ecuadorian passionfruits, Sicilian lemons, fresh juniper berries, ginger, rosemary and Pakistani halite diamond salt. This beer is brewed with a blend of well selected fresh gin botanicals instead of hops, then fermented on rich and juicy Calamansi, vibrant citrus and a matching rock salt.This is the first beer of the RARE series, which are keg only small batches. This beer is inspired and officially approved by Christian Scott aTunde Adjuah’s and my friend Alex Han’s amazing take on the cultic song called “Guinnevere”, on Christian Scott’s latest live album called “Axiom”. |ABV: 4.6 |IBU: N/A |rating: 3.87",B*BOP FERMENTORY,GUINNEVERE
"beer kind: Sour - Fruited Gose |description: A honey-sweet base of red malts and toasted oats forms the backdrop for a huge dose of juicy, floral guava. Calamansi accentuates Solstice's clean citrus acidity with notes of tropical spice, while a touch of pure halite salt draws out the finish. |ABV: 6.0 |IBU: 13 |rating: 3.87",Gravity Brewing,Solstice - Winter Sour
beer kind: Sour - Other |description: Scotch Barrel Aged Golden Sour Ale with Lemon and Tarocco Blood Orange collab w/ B*BOP Fermentory (HUN) |ABV: 5.7 |IBU: N/A |rating: 3.9,MadX,Rimshot
beer kind: Sour - Other |description: Barrel Aged Golden Sour Ale with Purple Basil |ABV: 6.4 |IBU: N/A |rating: 3.89,MadX,Fantastic Yeasts And Where To Find Them Purple Basil
"beer kind: Sour - Other |description: Miután Boti megszerezte az országban fellelhető összes kajszibarackot - nehéz dolga volt az idei fagykárok után - felhívott, hogy figyelj haver, van itt közel 200 kiló friss, lédús, napérlelte kajszibarack Göncről, itt az ideje egy közös főzésnek. Mielőtt a pálinka- és lekvárfőző brigádok ellátták volna a bajunkat a terményért, villámgyorsan, vállat vonva, sejtelmes mosollyal az arcunkon belelapátoltuk az összeset egy ínyenc Sour Ale-be. Épp a szemed előtt pompázik a végeredmény, zavarba ejtően zamatos nektár lett belőle. Apricot talks! |ABV: 5.8 |IBU: 27 |rating: 3.88",Reczer Ser,Collabrew Series #8 - Easy Peasy Apricot Squeezy
beer kind: Sour - Other |description: Dry Hopped Barrel Aged Golden Ale Blend |ABV: 6.0 |IBU: N/A |rating: 3.88,MadX,Ascension
beer kind: Sour - Other |description: Barrel Aged Golden Sour Ale with Elderflower |ABV: 6.4 |IBU: N/A |rating: 3.87,MadX,Fantastic Yeasts And Where To Find Them Elderflower
"beer kind: Sour - Smoothie / Pastry |description: Guava Papaya Passionfruit Smoothie Nu Sour.A delicate and thick Smoothie Nu Sour infused with Mexican guavas, Indian papayas, Ecuadorian passionfruits and a pinch of pakistani Halite salt. No Crumbs Left — All Sauce |ABV: 4.3 |IBU: N/A |rating: 4.02",B*BOP FERMENTORY,MUFASA
"beer kind: Sour - Smoothie / Pastry |description: Ice Cream Smoothie Sour with Strawberry, Bananas, Mango and Lychee |ABV: 6.0 |IBU: N/A |rating: 4.0",Mad Scientist,I'm Selling Bananas
beer kind: Sour - Smoothie / Pastry |description: Ice Cream Smoothie Sour with Cherry Puree and Blackcurrant Concentrate |ABV: 5.1 |IBU: N/A |rating: 3.99,Mad Scientist,Cherry Red Risalamande
"beer kind: Sour - Smoothie / Pastry |description: A Tropical Identity Crisis a legújabb smoothie sörünk, amelyet a rengeteg gyümölcs és a fagyipor tesz igazán sűrűvé. A mangó, banán, maracuja és ananász trópusi karaktert ad az italnak, amelyet a kókusz aromája lágyít. A végeredmény egy doboz Pina Colada, amihez igazán dukálna a szikrázó napsütés, a negyvenfok és a tengerpart, kár, hogy március van. De ha már így alakult, az ital legalább megvan hozzá.///Tropical Identity Crisis is our latest smoothie sour, made thick with lots of fruit and ice cream powder. Mango, banana, passion fruit, and pineapple give the drink its tropical character, which is softened by the aroma of coconut. The end result is a can of Pina Colada, which would be perfect for sparkling sunshine, 40-degree weather, and the beach - too bad it's March. But since that's how it turned out, at least we have the drink to go with it. |ABV: 5.0 |IBU: N/A |rating: 3.99",MONYO Brewing Co.,MOJO WORKIN'26: Tropical Identity Crisis - Ice Cream Smoothie Sour Ale
"beer kind: Sour - Smoothie / Pastry |description: BERRY & CHERRY TRIFLE Imperial Pastry Sour Ale with cherry, blackcurrant, strawberry, blueberry and raspberry Brewed by the kind request of BREWDOG following the footsteps of Collabfest 2019's BLACKCURRANT TRIFLE:Strawberry on the nose, cherry in the taste. While BLACKCURRANT TRIFLE had a really strong and dry red wine finish, CHERRY & BERRY TRIFLE has a strong red wine mouthfeel in the middle of the sip with a mouthwatering feeling in the end... Sour, creamy, but not overwhelming, rather refreshing was. It's not a simple copy of BLACKCURRANT TRIFLE, the aftertaste is more twisted and fruity, between sour and tart. But it's full of fun as well!Cheers from Budapest! |ABV: 10.0 |IBU: N/A |rating: 3.98",Mad Scientist,Berry & Cherry Trifle
"beer kind: Sour - Smoothie / Pastry |description: A thick, pulpy smoothie sour with loads of mango puree, and vanilla extract. Just high quality fruit puree, no bullshit. We DO NOT play the fake gelato powder game!NO LACTOSE |ABV: 5.2 |IBU: 10 |rating: 3.96",Unity Bar & Brewery,Mango X Vanilla Smoothie Sour
beer kind: Sour - Smoothie / Pastry |description: Strawberry-Raspberry-Pistachio Ice Cream Sour collab with our friends Baxbier (NL) from GroeningenSpin it before you sip it! |ABV: 5.5 |IBU: N/A |rating: 3.96,Mad Scientist,We Got the Moves
"beer kind: Sour - Smoothie / Pastry |description: Megnyitjuk az idei nyarat egy brutál MONYO-fagyival: ez a legújabb MOJO-őrület!Nem bírtunk magunkkal és felültünk az Ice Cream vonatra mi is és főztünk egy brutál cuccos, sűrű és krémes ice cream smoothie sourt összesen több, mint 40% mangó- és őszibarackpürével. A kész sört aztán fagyiporral sűrítettük be, végül pedig vaníliával és mandulával fejeltük meg. A végeredmény egy igazi nyári sör lett, ami tökéletesen hozza a fagyivibe-okat: gyümölcsös, édes és sűrű mint az olvadt fagylalt.Fontos, hogy tartsd hűtve és fogyaszd frissen, mert csak úgy lesz az igazi!Fogyasztás előtt pedig forgasd meg a cant!We’re kicking off summer with a MONYO ice cream bomb — the latest MOJO madness is here!We couldn’t resist jumping on the ice cream train ourselves, so we brewed a rich, thick, and creamy ice cream smoothie sour loaded with over 40% mango and peach purée. Then we thickened it up even more with ice cream powder and finished it off with a touch of vanilla and almond.The result? A true summer brew that brings all the ice cream vibes: fruity, sweet, and as thick as melted gelato.Keep it cold and drink it fresh — that’s how it’s best!And don’t forget to gently swirl the can before opening! |ABV: 5.0 |IBU: N/A |rating: 3.95",MONYO Brewing Co.,MOJO WORKIN'25: Mango X Almond X Peach X Vanilla Ice Cream Smoothie Sour Ale
"beer kind: Sour - Smoothie / Pastry |description: A thick, pulpy smoothie sour with loads of blackcurrant, and strawberry, and a touch of vanilla. Just high quality fruit puree, no bullshit. We DO NOT play the fake gelato powder game! NO LACTOSE |ABV: 5.3 |IBU: 5 |rating: 3.94",Unity Bar & Brewery,Blackcurrant X Strawberry Smoothie Sour
"beer kind: Sour - Smoothie / Pastry |description: MAD SCIENTIST BARREL PROJECT Barbados Rum Barrel Aged Imperial Blackcurrant Trifle Pastry Sour AleCELLAR MASTER NOTESThis is a very special release. We paired our highest rated beer so far, Blackcurrant trifle, with a second fill barbados rum barrel. The tangent acidity from the hue amount of blackcurrant in the base beer is balanced by the sweetness of the Madagascar vanilla. This idea is further developed by the notes of ripe pineapple and molasses from the rum barrel. |ABV: 8.2 |IBU: N/A |rating: 3.93",Mad Scientist,Blackcurrant Barbados Trifle
"beer kind: Sour - Smoothie / Pastry |description: Ice Cream Smoothie Sour With Raspberry, Sour Cherry, Blackcurrant And Ice Cream  |ABV: 5.3 |IBU: N/A |rating: 3.93",Mad Scientist,Hindbærsnitte Sherbet
beer kind: Sour - Smoothie / Pastry |description: Imperial Pastry Sour Ale with raspberries and bananas together with our friends Browar Stu Mostów (PL) |ABV: 9.5 |IBU: N/A |rating: 3.93,Mad Scientist,Wake Me Up When Pandemic Ends
"beer kind: Sour - Smoothie / Pastry |description: A thick, pulpy smoothie sour with loads of apricot, and passion fruit purees, and a touch of vanilla. Just high quality fruit puree, no bullshit. We DO NOT play the fake gelato powder game! NO LACTOSE |ABV: 5.3 |IBU: 5 |rating: 3.91",Unity Bar & Brewery,Apricot X Passion Fruit Smoothie Sour
"beer kind: Sour - Smoothie / Pastry |description: We’re super excited to announce our second take of Ma Chérie with a double culinary twist.Meet the refreshing, tart and deep Ma Chérie Essence. Gipsy Sour Cherry Sicilian Lemon Meringue Cheesecake Oat Imperial Berliner Weisse. |ABV: 5.3 |IBU: N/A |rating: 3.9",MONYO Brewing Co.,Ma Chérie Essence
beer kind: Sour - Smoothie / Pastry |description: Kettle soured beer aged in whiskey and rum barrel for almost a year and than refermented with sour cherries and some vanilla and cinnamon |ABV: 10.0 |IBU: 15 |rating: 3.9,HORIZONT Brewing,Sour Series - Blended Barrel Aged Imperial Pastry Sour With Sour Cherries
"beer kind: Sour - Smoothie / Pastry |description: Maracuja, Vanília, TonkababPassionfruit, Vanilla, Tonka bean |ABV: 5.0 |IBU: N/A |rating: 3.89",HopTails Brewery,PassionPoint
"beer kind: Sour - Smoothie / Pastry |description: A thick, pulpy smoothie sour with loads of sour cherry puree, lime juice, and vanilla extract. Just high quality fruit puree, no bullshit. We DO NOT play the fake gelato powder game!NO LACTOSE |ABV: 3.8 |IBU: 10 |rating: 3.88",Unity Bar & Brewery,Sour Cherry X Lime x Vanilla Smoothie Sour
"beer kind: Sour - Smoothie / Pastry |description: A thick, pulpy smoothie sour with loads of lychee and strawberry purees.Just high quality fruit puree, no bullshit. We DO NOT play the fake gelato powder game!NO LACTOSE |ABV: 5.0 |IBU: 5 |rating: 3.86",Unity Bar & Brewery,Lychee X Strawberry Smoothie Sour
"beer kind: Specialty Grain |description: Till Áron sörfőzőnk ötlete. A tritikálé, ami a búza és a rozs keresztezéséből született hibrid, mindkét alapgabona íz- és illatjegyeit magában hordozza, és ezt maga a sör, illetve a hordós érlelés csak jobban kihozta. A sör egyik felét a Gemenc Whiskey-től kapott, tritikálé alapú whiskey-t érlelt hordóiban érleltük, a másik fele Tennessee hordókba került, majd ennek a blendjéből született meg a végleges forma. Triticale, a hybrid of wheat and rye, carries the flavor and aroma characteristics of both base grains, and the beer itself, along with barrel aging, brings these out even more. We aged half of the beer in barrels from Gemenc Whiskey, which had been used to age triticale-based whiskey, the other half went into Tennessee barrels. |ABV: 10.6 |IBU: N/A |rating: 4.0",HORIZONT Brewing,Night Shift Vintage 2024 - Triticale Wine Aged In Gemenc Whiskey & Tennessee Whiskey Barrels
"beer kind: Specialty Grain |description: Tennessee Whiskey hordóban érlelt hajdinabor2025-ben is folytatjuk a gabonabor-sorozatunkat - de most valami egészen szokatlan jön.Ezúttal a hajdina kapta a főszerepet: egy Ázsiából származó növény, amit ugyan nem gabonafélének, mégis annak használunk, hiszen magjából liszt készül, mint a búzából.Mi a hajdinát malátázott formában tettük az alapsörbe, majd Tennessee Whiskey hordókban érleltük, amíg ki nem bontakozott teljes, gazdag, gabonaboros karaktere.Ne tévesszen meg a név — ez nem a „hajdinabor”, amit desztillálnak vagy fermentálnak, hanem egy különleges, sörként főzött gabonabor, tele a hajdina földes, diós mélységeivel és a whiskey hordók meleg, vaníliás aromáival.-Buckwheat Grain Wine - Aged in Tennessee Whiskey BarrelsIn 2025, we’re continuing our experimental grain wine series — but this time, we’re doing something truly unconventional.Meet the buckwheat edition: a plant native to Asia, not technically a grain, yet often used as one thanks to its wheat-like seeds.We used malted buckwheat in the base beer, then aged it in Tennessee Whiskey barrels until it reached its perfect, rich, grain wine character.Don’t confuse this with traditional “buckwheat wine” — this isn’t distilled or fermented like wine. It’s a beer-based grain wine, showcasing the earthy, nutty depth of buckwheat, beautifully rounded by warm vanilla and oak notes from the whiskey barrels. |ABV: 10.1 |IBU: N/A |rating: 3.93",HORIZONT Brewing,Night Shift Vintage 2025 / Buckwheat Wine Aged In Tennessee Whiskey Barrels
"beer kind: Stout - Coffee |description: Singularity is an ode to boozy, creamy coffee.A big coffee and chocolate malt body, full of toffee and raw sugar notes, serves as the foundation, balanced with a touch of lactose. We then cold-infuse a specially-selected blend of single-origin beans from Budapest's own Bagira Coffee: two Brazilian roasts for creamy, nougaty espresso character, and an El Salvadorian dark roast for tobacco and red fruit notes. |ABV: 8.3 |IBU: 33 |rating: 3.91",Gravity Brewing,Singularity - Irish Coffee Stout
beer kind: Stout - Foreign / Export |description: If you like coffee and dark chocolate then this beer is for you. It's easy to drink but also serious just like the label which was designed by Robert Borbas aka Grindesign. Recommended music: Blackened Death Metal. |ABV: 7.5 |IBU: N/A |rating: 3.87,InVitro Brewing,The Healer
"beer kind: Stout - Imperial / Double |description: MAD SCIENTIST BARREL PROJECTPort Wine And Plum Liquor Double Barrel Aged Imperial StoutCELLAR MASTER NOTESIn this bottle, you can find the beautiful harmony of port wine and dried plum brandyWe came back fifth time with this series in series concept, the Happy Finish, where we double barrel age nasty imperial stouts, finishing them in particularly interesting barrels, in this case, french dried plum brandy, which spoke for itself immediately at the first sniff. Rich fruitiness, deep dried flavours, backboning chocolate and some berries from the port barrel. Altogether 2 and a half years of wood maturing had a deep impact indeed. Not only on the beer but also on us! |ABV: 10.6 |IBU: N/A |rating: 4.04",Mad Scientist,Happy Finish 2024 - Eaux De Vie Prune
"beer kind: Stout - Imperial / Double |description: MAD SCIENTIST BARREL PROJECTBourbon Barrel Aged Imperial Milk Stout With Mexican Vanilla BeansCELLAR MASTER NOTESJust a kind invitation to our very own simulation if you are willing to open your mindAfter 3 releases in two years, we return with one of our most popular series, Simulation Theory. This year we decided to get one of the most famous varieties of this precious spice, the Mexican, and put it in an even more sticky and creamy base beer which is enriched with lactose and candid sugar. The result is sweet and aromatic with pleasant notes of wood and chocolate. If you are lucky enough you may have one or two bottles left from the previous releases so you can tag along. No worries if not, the year 2024 marks the arrival of another new variety. Crazy times! |ABV: 12.4 |IBU: N/A |rating: 4.03",Mad Scientist,Simulation Theory - Mexico
"beer kind: Stout - Imperial / Double |description: Scotch & Bourbon Barrel Aged Imperial Stout with Almond & Vanilla together with our friends at Brætspilscaféen in Horsens being released first during the ROLLING WITH THE PUNCHES TOUR 2024 in DenmarkFollowing TINY BARREL PROJECT SPIRITLORD RUM and TINY BARREL PROJECT CANDY MAN SCOTCH and so, here is our 11th TINY BARREL PROJECT release in our new category between the Specials series and Barrel Project in 330ml cans |ABV: 11.3 |IBU: N/A |rating: 4.03",Mad Scientist,Tiny Barrel Project Tennessee Dice Roller Scotch & Bourbon
"beer kind: Stout - Imperial / Double |description: MAD SCIENTIST BARREL PROJECTScotch And Bourbon Barrel Aged Imperial Stout With Smoked Cocoa, Rosemary And Smoked SaltCELLAR MASTER NOTESWe are simple brewersIf we find emptiness in the sip, we fill it with weird plants and strange salts. From time to time we take big risks and move away from the comfort zone of nuts-vanilla-sweet spices to try some nonsense. In this case, the motivation came from culinary experiences where the rosemary, the cocoa, and the salt are long-time friends, so why not to try them in beer, maybe alongside with some smoke? The base itself is a blend of scotch and bourbon barrel-aged imperial stout that brings chocolate, vanilla, and strong oak notes to the party. The result is an unusual banger (according to our humble opinion, of course). |ABV: 11.3 |IBU: N/A |rating: 4.03",Mad Scientist,Horror Vacui
"beer kind: Stout - Imperial / Double |description: MAD SCIENTIST BARREL PROJECTBlended Barrel Aged Imperial Stout and PorterCELLAR MASTER NOTESIn this bottle you can find the wonderful unity between our very first - but definitely not the last - Tawny Port Barrel aged imperial porter and a Cuban rum Barrel aged imperial peanut stout.We have filled one of our first casks in the brewery back in 2018 with the porter. It wasn't a quick finish as the taste needed almost 2 years to mature, but the vibrating duo of raisin and sour cherry will convince you, just like the tannic tones at the end of the sip, that patience is a virtue. It takes two to make a quarrel though; Cuban rum rounds the composition with notes of bitter chocolate and walnut. The results? Close your eyes and succumb to the temptation of our Cognac sour cherry bonbon... |ABV: 12.5 |IBU: N/A |rating: 4.02",Mad Scientist,Happy Finish Tawny Port
"beer kind: Stout - Imperial / Double |description: Hungarian Wine Barrel Aged Imperial Stout With Walnuts, Cacao Beans And Vanilla made together with our friends and partners The Nitrox Pub & Eatery in KotorAfter NASTY RIFF Mexicake Inspired Imperial Stout we presented you MEAN RIFF Hungarian Walnut Cake Infused Imperial Stout in the June of 2023:""Big sounds, weird guitars, big flavours, no artificial add-ons, just the precious ingredients our grandmothers use for our favorite cakes""We waited until the September of 2024 to release this special blend where we used two different barrels of the most famous Hungarian dessert wine! |ABV: 10.6 |IBU: N/A |rating: 4.02",Mad Scientist,Tiny Barrel Project Mean Riff Tokaji
"beer kind: Stout - Imperial / Double |description: The TINY BARREL PROJECT version of one of our most famous Specials: CANDY MAN  Marshmallows and Tonka Beans Imperial Stout from the January of 2018:Scotch Whiskey Barrel Aged Imperial Stout with Marshmallows and Tonka Beans with our friends at Beeráló - Craft Beer Pub in Székesfehérvár Following TINY BARREL PROJECT SPIRITLORD RUM and TINY BARREL PROJECT SPIRITLORD BOURBON and so, here is our 10th TINY BARREL PROJECT release in our new category between the Specials series and Barrel Project in 330ml cans |ABV: 11.5 |IBU: N/A |rating: 4.01",Mad Scientist,Tiny Barrel Project Candy Man Scotch
"beer kind: Stout - Imperial / Double |description: MAD SCIENTIST BARREL PROJECTTokaji Aszú Barrel-Aged Imperial StoutCELLAR MASTER NOTESIn this bottle, you can find the beautiful symphony by the king of winesAs the sixth release of the Happy Finish series, we’ve now reached full authenticity using the most iconic and oldest Hungarian finishing barrel, cherished by spirit makers all over the continent, the Tokaji Aszú cask. This one was filled with sweet and flavorful wine, full of walnut and raisin character, traditionally enjoyed on special occasions. However, don’t be confused… You always deserve the finest, and we strive to provide it. Open a bottle, fill your glass, fill your soul, and drink like the royalty you are. |ABV: 10.4 |IBU: N/A |rating: 4.01",Mad Scientist,Happy Finish 2025 - Tokaji Barrel
beer kind: Stout - Imperial / Double |description: MAD SCIENTIST BARREL PROJECTBourbon Barrel Aged Imperial Stout with roasted coconut and cocoa beansCELLAR MASTER NOTESWe know. Talking about Bounty in a coconut-chocolate stout is such a cliché but we cannot afford not to do so. From the first sniff until the last sip coconut is everywhere complemented by a more bitter than sweet chocolate tone. A little vanilla and lots of chocolate come from the bourbon barrel but this time we resisted the temptation and didn't add more vanilla to the composition as the true character of chocolate seemed to be more fascinating. Our second BA coconut imperial stout (after Monster Monday) flashes a completely different side of this nut (that isn't actually a nut). |ABV: 11.0 |IBU: N/A |rating: 4.01,Mad Scientist,Coco-Choco Armageddon
"beer kind: Stout - Imperial / Double |description: MAD SCIENTIST BARREL PROJECTMezcal And Hot Sauce Barrel Aged Imperial Stout With Cocoa, Chillies And SpicesThe Barrel Aged Version of our previous collab with Adroit Theory (USA) NASTY RIFFCELLAR MASTER NOTESHushed and GrimmedThe Nasty Riff came back. You believed Nasty Riff was a one-hit-wonder… But you were all deceived. Damn right son, another version was made. In the dark depths of the barrel room, in a mezcal and a hot sauce barrel, this few hundred liters of this bitingly intense imperial stout was put aside to wait for its time to strike again. Very light hint of spicy smokiness and an even deeper form of chili and hotness. This release will be our second form of collaboration with the mighty Adroit Theory but if we can tell you a secret, a third will emerge soon! |ABV: 14.0 |IBU: N/A |rating: 4.0",Mad Scientist,When They Bring The Nasty Riff Back But Slower
"beer kind: Stout - Imperial / Double |description: MAD SCIENTIST BARREL PROJECTBourbon Barrel Aged Imperial Stout With Tahitian VanillaCELLAR MASTER NOTESJust a kind invitation to our very own simulation if you are willing to open your mindThis beer is not just the revival of the infamous Simulation Theory originally released back in 2019, but also part of a miniseries, where we created an upgraded imperial stout base, divided it into 2 parts, and then filled them into similar Kentucky bourbon barrels, to finish them with 2 different kinds of vanilla to see what happens, focusing on the contrasts. Hereby we cordially invite you on this journey to discover all these amazing nuances. Spoiler alert: both of them are incredibly walnutty-chocolaty from the barrel itself and the Tahiti and Madagascar vanillas are in perfect symbiosis with these flavors. We're not here to judge though. Only you are! |ABV: 10.2 |IBU: N/A |rating: 4.0",Mad Scientist,Simulation Theory 2023 Tahiti
"beer kind: Stout - Imperial / Double |description: 11 hónapig ír grain whisky hordókban érlelt olajosan sűrű, csokoládés ízvilágú, komplex sörital. |ABV: 12.6 |IBU: N/A |rating: 4.0",Brew Your Mind,Moment In Time 2022
"beer kind: Stout - Imperial / Double |description: 4 bean imperial stout with Tonka Beans, Cocoa, Coffee and Vanilla |ABV: 11.5 |IBU: N/A |rating: 4.0",Mad Scientist,Phat Boi
"beer kind: Stout - Imperial / Double |description: MAD SCIENTIST BARREL PROJECTBourbon Barrel-Aged Imperial Stout With Madagascar Bourbon VanillaCELLAR MASTER NOTESJust a kind invitation to our very own simulation if you are willing to open your mindThis beer is not just the revival of the infamous Simulation Theory originally released back in 2019, but also part of a miniseries, where we created an upgraded imperial stout base, divided it into 2 parts, and then filled them into similar Kentucky bourbon barrels, to finish them with 2 different kinds of vanilla to see what happens, focusing on the contrasts. Hereby we cordially invite you on this journey to discover all these amazing nuances. Spoiler alert: both of them are incredibly walnutty-chocolaty from the barrel itself and the Tahiti and Madagascar vanillas are in perfect symbiosis with these flavors. We're not here to judge though. Only you are! |ABV: 10.2 |IBU: N/A |rating: 4.0",Mad Scientist,Simulation Theory 2023 Madagascar
"beer kind: Stout - Imperial / Double |description: Brewed in november 2020, this rye imperial stout is extremely oily and complex. Infused with Venezuelan and Nicaraguan Cocoa nibs. |ABV: 10.5 |IBU: N/A |rating: 4.0",Brew Your Mind,EVOLUTION 2021 COCOA
"beer kind: Stout - Imperial / Double |description: MAD SCIENTIST BARREL PROJECTCuban Rum Barrel Aged Imperial Stout With Dried Plum And CinnamonCELLAR MASTER NOTESIn disorder you can always find harmony.As the seventh son of this batch of imperial stout (with brothers like Ghost of a Rose, Mr. Peanutbutter, Choco-Coco Armageddon), this bastard delivers a seventh totally different variety for a stout: fruits and spices. It was the first time we used dried fruits to a BA release and it has turned out very lovely with the raisiny sweet notes of plum and got perfectly completed by the woody-spicy cinnamon and the moderately strong but quite deep flavors of the Cuban rum barrel. Maybe it's time to bring fruits to Barrel Project and unleash chaos? Hell yeah. |ABV: 11.5 |IBU: N/A |rating: 3.99",Mad Scientist,Extreme Plum Terror
beer kind: Stout - Imperial / Double |description: Port ruby BA double imperial stout on raspberry |ABV: 18.0 |IBU: N/A |rating: 3.99,Reketye Brewing Co.,Never Before #1
"beer kind: Stout - Imperial / Double |description: 2020. január 3-án főztük. Olajosan sűrű, édes, komplex sörital a hidegebb napokra.Összesen 350 palack készült. |ABV: 11.0 |IBU: N/A |rating: 3.99",Brew Your Mind,EVOLUTION 2020
"beer kind: Stout - Imperial / Double |description: MAD SCIENTIST BARREL PROJECT team series Norbert Piszkor [Madhouse Budapest executive chef]Jamaican Rum Barrel Aged Imperial StoutCELLAR MASTER NOTESDo not eat. Taste. Savor. Relish.In general, our brewery doesn't embrace the mindset of ""Simple is better"" but sometimes it comes in that beautiful form we are just unable to ignore it. For this release, we used a freshly emptied Jamaican rum barrel and filled it up with our base imperial stout we've been improving for years now to provide the perfect backbone for our barrel project. The result is a chocolaty-spicy-somewhat fruity, full-bodied, yet not sweet, thick, black stout which never ceases to amaze the crew, anytime we pop a bottle. |ABV: 10.6 |IBU: N/A |rating: 3.99",Mad Scientist,Chef's Bottle
beer kind: Stout - Imperial / Double |description: Imperial Stout with Almond and VanillaTry it - pair it - blend it with QUEEN OF GRACELAND Imperial Milk Shake Pale Ale with Sour Cherry and Coconut |ABV: 12.5 |IBU: N/A |rating: 3.98,Mad Scientist,Tennessee Dice Roller
"beer kind: Stout - Imperial / Double |description: MAD SCIENTIST BARREL PROJECT Double Barrel Aged Imperial StoutCELLAR MASTER NOTESImagine a spoon of peanut butter that is so thick you can't even swallow it. Now imagine it in a beer.The substance you can find in this bottle had a more exciting past than most of us. We started with brewing an amazingly strong and rich imperial stout with tons of peanuts and aged it in a Four Roses barrel. When the taste of bourbon got vibrant after a year, we poured it into a Pedro Ximenez sherry barrel for a finish and as a final act, a crazy amount of peanut has been added again. All of these efforts turned into a wonderful unity between wood, vanilla, chocolate, cherry, plum, and at last but not least: P-E-A-N-U-T! |ABV: 13.0 |IBU: N/A |rating: 3.98",Mad Scientist,Mr. Peanutbutter
"beer kind: Stout - Imperial / Double |description: MAD SCIENTIST BARREL PROJECT Bourbon Barrel Aged Vanilla Bean Pistachio Cake Imperial Pastry StoutCELLAR MASTER NOTESPistachio is the king of the nut family so we didn't hesitate to put a golden crown on this bottle. But wax is far from being the only thing that makes it noble: it sat for more than a year in a bourbon barrel and we added vanilla to round up the tastes and balance the light saltiness. To be honest, we had nothing to do here: the enormous amount of nuts did most of the job. The chocolaty stout mixed with the oriental vibes of pistachios got twisted by a bit of vanilla, it is soft with moderated carbonation, and the feeling it delivers is royal. We recommend it to everybody who's ready to admire a sticky-toffee-nutty-chocolaty-vanilla boi. |ABV: 11.0 |IBU: N/A |rating: 3.97",Mad Scientist,Stachio Bois
"beer kind: Stout - Imperial / Double |description: Supernova builds on our core range almond stout's incredible reception, pushing Nova's recipe deep into imperial territory to create a luxuriously rich, complex version for our stout fans.This is an enormous beer: rich aromas of roasted almonds lead into a silky smooth, oat-heavy base full of dark chocolate notes tempered with a touch of lactose sweetness.Long conditioning on toasted cherry wood adds further depth to turn Supernova into a truly indulgent treat, perfect for any winter evening. |ABV: 12.5 |IBU: 60 |rating: 3.97",Gravity Brewing,Supernova - Imperial Almond Stout
"beer kind: Stout - Imperial / Double |description: Our rye imporial stout with 8 types of malts. Oily body, komplex taste. |ABV: 10.2 |IBU: N/A |rating: 3.96",Brew Your Mind,Evolution 2023
beer kind: Stout - Imperial / Double |description: Tawny portwood whiskey BA double imperial stout |ABV: 18.0 |IBU: N/A |rating: 3.96,Reketye Brewing Co.,Never Before #3
"beer kind: Stout - Imperial / Double |description: Brewed in january 2020, this rye imperial stout is extremely oily and complex. Infused with Venezuelan and Nicaraguan Cocoa nibs. 225 bottles where made. |ABV: 11.0 |IBU: N/A |rating: 3.95",Brew Your Mind,Evolution 2020 Cocoa
"beer kind: Stout - Imperial / Double |description: Ezt az Imperial Stoutot a tartályérlelés után három részre osztottuk. Egy Martinique mellett két jamaicai (egy szűz és egy használt tölgy) rumoshordóban érleltük 8 hónapig, mielőtt blendeléssel újra egyesítettük.This Imperial Stout was split into three parts after fermentation. These were then filled into 3 barrels: a Martinique and two Jamaican rum (one virgin, on used). After 8 months these parts were once again reunited trough blending. |ABV: 13.3 |IBU: N/A |rating: 3.95",Fehér Nyúl,Uenuku
"beer kind: Stout - Imperial / Double |description: Thanks to a double dose of Gravity-roasted Peruvian cacao nibs, this luxuriously boozy milk chocolate stout evokes memories of steaming cups of hot cocoa and delicious Christmas desserts.Cold nitrogenation rounds out the mouthfeel by delivering an incredibly smooth body and creamy head, while a delicate orange marmalade finish gently brings you back to your senses for another sip. |ABV: 10.5 |IBU: 54 |rating: 3.95",Gravity Brewing,Zenith - Imperial Chocolate Orange Stout
"beer kind: Stout - Imperial / Double |description: A Blend Of Maple Syrup Barrel-Aged Imperial Stout, Martinique Rum Barrel-Aged Ryewine And Smoky Whisky Barrel-Aged Sweet Mead collab with our friend Erwin from Van Moll (NL) 4 kegs ever made for Van Moll Fest Winter Edition 2025  |ABV: 12.7 |IBU: N/A |rating: 3.94",Mad Scientist,Only The Mad Are Sane
beer kind: Stout - Imperial / Double |description:  |ABV: 13.8 |IBU: N/A |rating: 3.94,Brew Your Mind,Moment In Time 2025: Heaven Hill Bourbon
beer kind: Stout - Imperial / Double |description: Tawny port BA double impreial stout |ABV: 18.0 |IBU: N/A |rating: 3.94,Reketye Brewing Co.,Never Before #2
"beer kind: Stout - Imperial / Double |description: Az Uenuku alapját is képező Imperial Stoutot ehhez a sörhöz Kentucky Bourbon hordókban érleltük, majd blendeltük. A krémes test mellé kiválóan párosulnak a bourbon jegyei!The same Imperial Stout that formed the basis to Uenuku was also aged in different Kentucky Bourbon barrels, then blended together. The creamy body pairs great with the bourbon's notes! |ABV: 13.3 |IBU: N/A |rating: 3.94",Fehér Nyúl,Tagaloa
"beer kind: Stout - Imperial / Double |description: A duó  második tagja is rendkívül komplex ízvilággal rendelkezik. Nem émelyítően édes, hanem gyönyörűen lekerekített, sárgabarack befőtt ízeket villant, miközben a tonkabab és a vanília felváltva mutatkozik meg, valódi szépséggé alakítva ezt az alkoholtartalma miatt veszélyes szörnyeteget. |ABV: 18.0 |IBU: N/A |rating: 3.94",Reketye Brewing Co.,Lords of the Barrel - Vanilla & Tonka Beans
"beer kind: Stout - Imperial / Double |description: MAD SCIENTIST BARREL PROJECTMaple Syrup Barrel-Aged Imperial Stout With Pecan NutsCELLAR MASTER NOTES""It's a soul sense of prideGood lord, the South is blind""As a new thing, we started to use bourbon barrels for aging that were previously filled with maple syrup. Well, it turned out pretty awesome, it gave us much more taste than we would ever thought. As the cherry on top, we added a decent amount of handroasted pecan nuts to enhance the pleasure even more so we invite you to dive under with us to the depths of this woody, thick and nutty swamp. |ABV: 10.5 |IBU: N/A |rating: 3.93",Mad Scientist,Nolala Land
beer kind: Stout - Imperial / Double |description:  |ABV: 11.0 |IBU: N/A |rating: 3.93,Urban Bastards,RHDKZ!
"beer kind: Stout - Imperial / Double |description: MAD SCIENTIST BARREL PROJECTRum and Bourbon Double Barrel Aged Imperial StoutCELLAR MASTER NOTESThe giant slept for a year in Barbados rum barrels, then rested half more year in a second fill Woodford bourbon barrel. The double barrel aging made it an outstandingly complex beer. It smells like the childhood memory of roasting marshmallows on the campfire. This memory is complemented by coconut and burnt sugar. The beer bids farewell with a night long mouthfeel. |ABV: 12.0 |IBU: N/A |rating: 3.92",Mad Scientist,Sleeping Giant
"beer kind: Stout - Imperial / Double |description: Alapja ugyanaz az Imperial Stout, amire Uenuku és Tagaloa is épül. Ezúttal a blendeléshez bourbon és brandy hordókban érlelt hányadokat használtunk fel, egy izgalmas, karakteres ízprofilért.The same base Imperial Stout that is shared with Uenuku and Tagaloa, aged in a blend of Bourbon and Brandy barrels. |ABV: 13.3 |IBU: N/A |rating: 3.92",Fehér Nyúl,Mahuika
"beer kind: Stout - Imperial / Double |description: MAD SCIENTIST BARREL PROJECTJamaican Rum Barrel-Aged Imperial Stout With Dried MangoCELLAR MASTER NOTES “Real smart begins when you quit quoting other people.”Sometimes it’s not that hard to tell if the sequel is better or worse than the original one. But with this one, things are getting really messy. As the second part of our 'aging imperial stouts in rum barrels and finishing them with dried fruits' miniseries (if you remember Pineapple Popup), we now used sundried mango that gave a similar vibe like pineapple: a tropical blast and the kiss of the summer built into a robust, spicy imperial stout. Who knows, maybe we'll end up as a trilogy with Papaya in the lead role! |ABV: 10.4 |IBU: N/A |rating: 3.92",Mad Scientist,Mango Cvlt
"beer kind: Stout - Imperial / Double |description: MAD SCIENTIST BARREL PROJECT Gin Barrel Aged Imperial Stout with Pine Nuts, Pine Buds and Juniper BerriesCELLAR MASTER NOTESIt's the night of the witch, our coven sets your heart on fire‌It would be hard to deny that we have some special feelings towards the pines, the pines, where the sun never shines, so it was just a matter of time after Lumbersexual, Timbersexual or Needles and Pins that we released a Barrel Project within this theme. Celebrating Dopelord's new record, Night of the Witch attacks with a serious amount of pine nuts, freshly picked spruce tips and juniper berries. The result is an odd, somewhat Sahti-themed imperial stout with piney freshness and nutty deepness, absolutely not for everyone, but definitely for you. |ABV: 10.2 |IBU: N/A |rating: 3.92",Mad Scientist,Night of the Witch
"beer kind: Stout - Imperial / Double |description: A Wilderness Trail bourbon hordó és a pekándió elegáns párosa egy végtelenül komplex, rétegzett imperial stoutban vegyül el. Erőteljes, kifinomult, és olyan gazdag, hogy szinte harapni lehet.The elegant pairing of a Wilderness Trail bourbon barrel and pecan melds into an endlessly complex, layered imperial stout. Powerful, refined, and so rich you can practically bite into it. |ABV: 14.3 |IBU: N/A |rating: 3.91",Fehér Nyúl,From the Barrel Bourbon Barrel Aged Pecan Imperial Stout (2025)
"beer kind: Stout - Imperial / Double |description: Even prettier, even hotter, even thicker! Our instant classic '4 bean' imperial stout needs no introduction to dark beer lovers, PHAT BOI is a dynamic blend of natural flavours and real ingredients! The tonka, cocoa, coffee and vanilla infused base has spent over a year in Oloroso Sherrys barrels, which has brought the creamy-cocoa palate to the forefront, while also adding raisins, red berries and woody notes to the mix.The first TINY BARREL PROJECT release in 2024 in collaboration with our friends Jégkert craft beer bar. |ABV: 11.5 |IBU: N/A |rating: 3.91",Mad Scientist,Tiny Barrel Project Phat Boi Sherry
"beer kind: Stout - Imperial / Double |description: Collision Course is an adult chocolate experience: a full-bodied bittersweet sipping cocoa packed with the richest ingredients and boldest flavors.A double dose of dark-roasted Peruvian cacao nibs soak in a luxurious caramel and chocolate malt base, while a touch of umami-packed red miso lends salinity to the finish and savory depth to the palate. This explosive dark chocolate body is tempered with soft vanilla notes from toasted oak, patiently developed on our own proprietary infusion system. |ABV: 10.8 |IBU: 46 |rating: 3.9",Gravity Brewing,Collision Course - Imperial Salted Chocolate Stout
beer kind: Stout - Imperial / Double Coffee |description: collab with CASINO MOCCA |ABV: 11.3 |IBU: N/A |rating: 4.03,Mad Scientist,Roasters Paradise San Rafael - Honduras
beer kind: Stout - Imperial / Double Coffee |description: collab with CASINO MOCCA |ABV: 13.0 |IBU: N/A |rating: 4.01,Mad Scientist,Roasters Paradise Jaguara - Brazília
"beer kind: Stout - Imperial / Double Coffee |description: Our Roasters Paradise collab series with CASINO MOCCA including the trio of ROASTERS PARADISE KIANDERI - KENYA, ROASTERS PARADISE KOKE SHALAYE - ETIÓPIA and ROASTERS PARADISE JAGUARA - BRAZÍLIA has been our favorite coffee releases forever. As an elevation for this project, we wanted to transfer this experience into our other smash-hit series, TINY BARREL PROJECT:Following TINY BARREL PROJECT SPIRITLORD RUM and TINY BARREL PROJECT CANDY MAN SCOTCH and so, here is our 13th TINY BARREL PROJECT release in our new category between the Specials series and Barrel Project in 330ml cans.Love project meets love project - who else could have been our collab partners for this one-of-a-kind experience, than MADHOUSE BUDAPEST. Get this release if you can, only 1 keg ever made for our downtown bistro & bar together with a really limited number of cans! |ABV: 10.8 |IBU: N/A |rating: 3.94",Mad Scientist,Tiny Barrel Project Roasters Paradise Costa Rica Las Lomas
"beer kind: Stout - Imperial / Double Coffee |description: A Mad Scientist és a Reketye sörfőzde többéves tapasztalata a hordóérlelésű sörök területén, a sok szakmai beszélgetés, az izzó sörszerelem eredménye ez a remekmű.Ízében a hordó vaníliás jegyei vannak előtérben, mellette menetel a Casino Mocca kávé, remekül egyensúlyozva a magas alkoholtartalmat. |ABV: 18.0 |IBU: N/A |rating: 3.92",Reketye Brewing Co.,Lords of the Barrel - Coffee
"beer kind: Stout - Imperial / Double Coffee |description: For those of you who drink 8% coffee stouts for breakfast, we've developed Antimatter: a double ristretto among Starbucks lattes.This espresso-roast heavyweight rests on a foundation of coffee and chocolate malts blended with silky oats, brown sugar, and a delicate touch of lactose.We pile a trio of very special beans onto that base, all from Budapest's own Bagira Coffee. Two dark roasts are core to the Gravity blend: a milk chocolate, nougat-laden Brazilian, and an El Salvadorian bean full of tobacco and strawberry notes. The third is a very special guest, a medium-roast Yellow Catuai bean from Brazil, naturally-fermented for 120 hours for distinctive aromas of sweet coconut and sour cherry. |ABV: 11.2 |IBU: 57 |rating: 3.9",Gravity Brewing,Antimatter - Imperial Coffee Stout
beer kind: Stout - Imperial / Double Coffee |description: collab with CASINO MOCCA |ABV: 12.4 |IBU: N/A |rating: 3.87,Mad Scientist,Roasters Paradise Pampojilá - Guatemala
"beer kind: Stout - Imperial / Double Milk |description: MAD SCIENTIST BARREL PROJECT TEAM SERIES BENCEAntilles Rum Barrel Aged Imperial Milk Stout With Hazelnut, Cocoa And VanillaCELLAR MASTER NOTESSo the time has finally come when we release a beer that is even thicker than the last one we said was thicker than the previous, again. BUT this time it really is. Tons of lactose, chocolate and NUTs. ELAborating a beer is always full of fun with nuts because the selection is huge and (almost) every one of them is delicious. For the beer, we had a chance to take a chance on a new barrel type and Antilles rum turned out quite good. The results can be circumscribed as a hazelnut-chocolate spread rounded up with vanilla and aged in a rum barrel, for, you know... Reasons. And science. |ABV: 12.9 |IBU: N/A |rating: 4.05",Mad Scientist,Asleep In The Deep
"beer kind: Stout - Imperial / Double Milk |description: Hot Sauce And Mezcal Barrel Aged Imperial StoutA TINY BARREL PROJECT that is unique in every respect, as it is the only one without a previous original release within the SPECIALS series. The launch was scheduled for the time of Tallinn Craft Beer Weekend 2025, after the first day, during the traditional MAD SCIENTIST TTO + MEET THE BREWER event at KOHT.We felt it was important to commemorate a very dear friend, supporter and our Estonian mother, thanks to whom KOHT has always been our home away from home... We always had tap takeovers together during every TCBW, she often came to Budapest to pick up goods in person with her truck, it was always a pleasure to meet her, we event talked about a collab beer last year and this year we fixed it already to do one of the upcoming TINY BARREL PROJECT releases together, as a collab with KOHT. Well, this collab has happened in a different way unfortunately... But it has happened.After TINY BARREL PROJECT SPIRITLORD RUM and TINY BARREL PROJECT CANDY MAN SCOTCH and so, here is our 14th TINY BARREL PROJECT release in our new category between the Specials series and Barrel Project in 330ml cans  |ABV: 12.4 |IBU: N/A |rating: 4.04",Mad Scientist,Tiny Barrel Project Madame Kairi
"beer kind: Stout - Imperial / Double Milk |description: MAD SCIENTIST BARREL PROJECTA Blend Of Imperial Milk Stout And Imperial Porter Aged In Bourbon Barrel With Vanilla And CinnamonCELLAR MASTER NOTESThe king of crowdpleasers, dear Ladies and Gentlemen and other earthlings! Black Horchata launches a smooth attack against your taste buds with the power of vanilla and cinnamon, blackboned (sic!) by a stout full with lactose that has been aged for more than 1 year in a Kentucky bourbon barrel. The name comes from its undeniable similarity with the well-known Mexican soft drink but beyond this, we can't really recommend it for breakfast. You know. It's 11% ABV. Maybe for lunch. |ABV: 11.0 |IBU: N/A |rating: 3.97",Mad Scientist,Black Horchata
beer kind: Stout - Imperial / Double Milk |description: Kentucky bourbon barrel aged milk imperial stout  |ABV: 11.8 |IBU: N/A |rating: 3.91,HopTop Brewery,Mental Trainer
beer kind: Stout - Imperial / Double Milk |description: Heavy weight milk imperial stout aged in kentucky bourbon maple syrup oak barrel for a year  |ABV: 11.5 |IBU: N/A |rating: 3.91,HopTop Brewery,Fear of the Dark I.
"beer kind: Stout - Imperial / Double Milk |description: Még selymesebb, még krémesebb a kortyérzet mint az első két kiadásnál! A cél Szilárd anyukájának a Madárteje volt! A Milk Stoutban alapból van kakaó, vanília és laktóz ami megadja a desszertes alaphangot. Ehhez jött még hozzá további rengeteg laktóz és brutális mennyiségű vanília. |ABV: 9.0 |IBU: N/A |rating: 3.88",Reketye Brewing Co.,MMS³ - Madártejes Milk Stout
"beer kind: Stout - Imperial / Double Milk |description: Double barrel aged milk imperial stout, aged for months in JD Kentucky Bourbon barrel, and more than half year at kentucky bourbon maple syrup barrel. |ABV: 12.2 |IBU: N/A |rating: 3.87",HopTop Brewery,Fear of the Dark II.
"beer kind: Stout - Imperial / Double Oatmeal |description: Supermassive is the culmination of our high-ABV prototyping program, a project that has been in the works since 2023. Experience from prototypes like the Imperial Oatmeal Stout and the C/M/T have helped us to refine our maximum-gravity process, which now transitions into an ongoing high-ABV series with new releases arriving annually.Prepare yourself for an extreme brew that pushes the limits of our brewhouse, with a 14% ABV and the same rich, velvety foundation that defines Gravity’s Imperial range. Packed with roasted malts and silky oats, the Supermassive base showcases tons of chocolate, coffee, and dark caramel character. This huge base demands an extra long infusion on two different toasted oaks, specifically chosen to further deepen the rum and vanilla character.For this first edition of Supermassive, coconut sugar, coconut water, and toasted coconut flakes provide the backbone of the flavour: complex, fragrant, roasted coconut notes with a hint of salinity. Stacked onto that base are cinnamon buds which dominate the nose with a captivating aroma of soft, fruity winter spice, while toasted pecans finish the sip with a lingering nutty richness. |ABV: 14.3 |IBU: 110 |rating: 3.96",Gravity Brewing,"Supermassive - Imperial Stout with Coconut, Cinnamon, and Pecans (2025)"
"beer kind: Stout - Imperial / Double Oatmeal |description: Our newest Prototype is an Imperial Oatmeal Stout, and the start of something big here at Gravity!This dark, rich, and roasty brew is an all-new in-house imperial base inspired by San Diego’s legendary Modern Times, and their Devil’s Teeth series of more than 100 different imperial stouts. Think huge doses of malted oats, backed up by tones of chocolate, coffee, and complex caramel. A light touch of lactose balances the body, while organic coconut sugar helps the finish linger on the palate.This project will serve as the foundation for a new series of limited-release high-ABV beers, which we'll build on with new ingredients and infusion techniques to unleash bold new flavors and aromas. |ABV: 12.6 |IBU: 86 |rating: 3.95",Gravity Brewing,Prototype: Imperial Oatmeal Stout
"beer kind: Stout - Imperial / Double Pastry |description: MAD SCIENTIST BARREL PROJECTA Blend Of Double Barrel (Bourbon & Sherry) Aged Imperial Stout And Tequila Barrel Aged MeadCELLAR MASTER NOTESIn the perpetual seek for an optimum point or combination of factors or qualitiesWe are about to release our first Barre Project stout-mead hybrid and we couldn't be more excited. To grab life by the throat we picked a medium-dry imperial stout that was aged for almost 2 years in 2 barrels (first Bourbon, then Oloroso sherry) and we mixed it with a sweet mead that sat in a tequila barrel for more than a year. The result is a brand new category, at least from our point of view, where chocolate, berries, and the spicy-sweet honey characters are the main pillars, but beyond that oakiness, vanilla and a whole bunch of other paper-thin notes collide, you know, just to make sure you can find your sweet spot! |ABV: 13.0 |IBU: N/A |rating: 4.05",Mad Scientist,Sweet Spot
"beer kind: Stout - Imperial / Double Pastry |description: MAD SCIENTIST BARREL PROJECTA Blend Of Bourbon Barrel Aged Imperial Stout And Also Bourbon Barrel-aged Mead With Hand Roasted Pistachios And WalnutCELLAR MASTER NOTESI Hustle EverydayAs a direct successor of Sweet Spot, this following release brings the sweet-honeylike-chocolaty notes of the 'Spot, but adds the bourbonish vanilla together with generously added and carefully roasted walnuts and pistachios. We don't need to sell the story of this mead-imperial stout crossover line, because it's not a story, it's the real deal and we hope you'll enjoy it as much as we do. ""Money cannot buy happiness, it's true what they say, but a mad scientist still got bills to pay, so I hustle every day!"" |ABV: 13.0 |IBU: N/A |rating: 4.05",Mad Scientist,Beeznuts
"beer kind: Stout - Imperial / Double Pastry |description: MAD SCIENTIST BARREL PROJECTJamaican And Cuban Rum Barrel Aged Imperial Pastry Stout With Plum, Apple, Walnut And Poppy SeedsCELLAR MASTER NOTESAs we roll further down the road to total madness we bumped into something, again, that is totally worth stopping by: Flódni, a Jewish pastry, one of the best cakes you could ever try. It's a heavily layered treat filled with apple, plum, poppyseed, walnut, citrus zests and cinnamon. We managed to translate this creation into a thick, fully packed, sweet dessert beer that was aged in Cuban and Jamaican rum barrels for more than a year to get extra spicy. It's a perfect union of (not so) contrary things! |ABV: 10.7 |IBU: N/A |rating: 4.03",Mad Scientist,Flódni
"beer kind: Stout - Imperial / Double Pastry |description: From 2018 COOKIE MONSTER chocolate chip imperial stout to 2023's first half's BISCUIT BEHEMOTH cookies & cream imperial stout ending up with 2023's second half's TINY BARREL PROJECT BISCUIT BEHEMOTH COGNAC barrel-aged chocolate cookies & vanilla cream imperial stout w/ Beer Brothers Budapest.Following TINY BARREL PROJECT SPIRITLORD RUM and TINY BARREL PROJECT SPIRITLORD BOURBON, here is our third TINY BARREL PROJECT release in our new category between the Specials series and Barrel Project in 330ml cans. |ABV: 11.0 |IBU: N/A |rating: 3.98",Mad Scientist,Tiny Barrel Project Biscuit Behemoth
"beer kind: Stout - Imperial / Double Pastry |description: This Imperial Pastry Stout is aged in Rhum barrels, to give a nice layer for the additional spices we used during the brewing and aging process. The used adjuncts are coca nibs, ethipoean coffee, cinnamon and vanilla. |ABV: 12.0 |IBU: N/A |rating: 3.98",HORIZONT Brewing,Night Shift Vintage 2021 Imperial Pastry Stout Aged In Rhum Barrels
"beer kind: Stout - Imperial / Double Pastry |description: Gyerekkor legjobb szendvicse - csak felnőtteknek. Egy gazdag, testes imperial stout mogyoróvajjal, amit Pedro Ximénez sherry hordókban érleltünk. A végeredmény selymes, desszertszerű, tele pörkölt mogyorós, karamelles, mazsolás és lekváros jegyekkel, az érlelés pedig édeskés, boros-fügés mélységet ad.-The best childhood sandwich – for grown-ups. A rich, full-bodied imperial stout infused with peanut butter and aged in Pedro Ximénez sherry barrels. Silky and dessert-like, with roasted peanut, caramel, raisin and jam notes, rounded out by sweet, winey, fig-like barrel depth. |ABV: 11.1 |IBU: N/A |rating: 3.98",HORIZONT Brewing,Night Shift Vintage 2025 / Peanut Butter Jelly Imperial Pastry Stout Aged In Pedro Ximénez Sherry Barrels
"beer kind: Stout - Imperial / Double Pastry |description: Folytatjuk az Imperial Pastry Stout sorozatunkat, most pedig egy különleges tétellel! Inspirációnk a közkedvelt kókuszkocka volt, és elkészült a sör verziója – tényleg olyan, mintha kókuszkockát kortyolnál. Rumoshordókban érleltük, kókuszpehellyel és kakaóbabbal, hogy minden korty a klasszikus rumos-kókuszos-csokis ízeket hozza el neked. Egészségedre! -We’re continuing our Imperial Pastry Stout series with a very special release. Inspired by the beloved coconut cube, we’ve created a beer that tastes just like it. Aged in rum barrels from Barbados, with coconut flakes and cocoa nibs, this stout captures the classic rum, coconut, and chocolate flavors in every sip. Cheers! |ABV: 10.8 |IBU: N/A |rating: 3.97",HORIZONT Brewing,Night Shift Vintage 2025 / Imperial Pastry Stout Aged In Rum Barrels With Coconut & Chocolate
"beer kind: Stout - Imperial / Double Pastry |description: Imperial Stout With Almonds, Mahlep, Marshmallows And Tonka BeansOur infamous imperial stout, our bestseller special CANDY MAN is finally getting a can-only, limited, special edition! |ABV: 12.7 |IBU: N/A |rating: 3.96",Mad Scientist,Candy Man Gold EDT
beer kind: Stout - Imperial / Double Pastry |description:  |ABV: 13.8 |IBU: N/A |rating: 3.95,Brew Your Mind,Moment In Time 2025: Heaven Hill Bourbon /w Mexican Vanilla
"beer kind: Stout - Imperial / Double Pastry |description: 2024 and ultimate final version of 2022's MEMPHIS MAFIA Imperial Risalamande Pastry Stout with Sour Cherry, Almond & Vanilla ""Elvis has left the building"" |ABV: 12.5 |IBU: N/A |rating: 3.93",Mad Scientist,Memphis Mafia 2024 Gold EDT
beer kind: Stout - Imperial / Double Pastry |description: Maple Barrel Aged Coconut Scoop Stout.A Maple syrup barrel aged Imperial Stout infused with Thai coconut purée and vanilla ice cream.In a collaboration with MS Barrel Project.  |ABV: 10.5 |IBU: N/A |rating: 3.93,B*BOP FERMENTORY,MMMMM
beer kind: Stout - Imperial / Double Pastry |description: MAD SCIENTIST BARREL PROJECT collab with our friends at De Moersleutel (NL) 2nd barrel (you can find the 1st one as SOMLÓI GALUSKA)Hungarian dessert inspired Imperial Stout with Walnuts and Pecan Nuts aged in a Jamaican Rum BarrelCELLAR MASTER NOTESThis is a relaunch of the Somlói Galuska barrel project. Inspired by the hungarian dessert? Check. Jamaican rum barrel aged? Check. Creamy stout with notes of raisins and rum? Check. The only difference is what is more accented. Same content with a little bit different presentation. |ABV: 12.1 |IBU: N/A |rating: 3.92,Mad Scientist,Somlói Nodler
beer kind: Stout - Imperial / Double Pastry |description: 2018's COOKIE MONSTER chocolate chip imperial stout is now 2023's BISCUIT BEHEMOTH cookies & cream imperial stout |ABV: 11.0 |IBU: N/A |rating: 3.91,Mad Scientist,Biscuit Behemoth
"beer kind: Stout - Imperial / Double Pastry |description: Our celebratory imperial pastry stout for every holiday occasion, you want to make blurry a bit. A bangin' thick 11% bursting with flavours of Ethiopean coffee, vanilla, cocoa beans, cinammon and almonds, this will sure to relax you and let you enjoy the holidays. Cheers! // Ünnepi stoutunk egy folyékony sütemény, ami kikapcsol és hagyja, hogy nyugodtan és lelazultan élvezd az ünnepeket. Etióp kávé, vanília, kakaóbab, fahéj és mandula sütibeillő összejátéka.  |ABV: 11.0 |IBU: N/A |rating: 3.89",HORIZONT Brewing,Blurry Holiday
"beer kind: Stout - Imperial / Double Pastry |description: After NASTY RIFF and MEAN RIFF, let us present you STONE COLD RIFF Imperial Stout With Peanuts, Coconut & Vanilla collab with our friends from THIRD MOON, Canada |ABV: 13.8 |IBU: N/A |rating: 3.89",Mad Scientist,Stone Cold Riff
beer kind: Stout - Imperial / Double Pastry |description: hübris pastry stüt// top fermented raspberry brownie pastry stout |ABV: 8.0 |IBU: N/A |rating: 3.88,hübris,pastry stüt
"beer kind: Stout - Imperial / Double Pastry |description: ENA massive, dense Imperial Stout made with our friends at Vogelsang. One of the densest in terms of taste and texture, it is especially for fans of full-bodied stouts and those who escape the trap of General Winter with a warming, stout beer.Candy sugar and maple syrup both leave their recognizable mark on our caramelly, brownie-like batch, which is complemented by the flavors of nuts and cookies and makes it totally pastry-like.DEEin massives, dichtes Imperial Stout, das wir mit unseren Freunden von Vogelsangos gebraut haben. Es ist eines der dichtesten in Bezug auf Geschmack und Textur und eignet sich besonders für Fans vollmundiger Stouts und für alle, die der Falle des General Winter mit einem wärmenden, kräftigen Bier entfliehen möchten.Sowohl Kandiszucker als auch Ahornsirup hinterlassen ihre unverwechselbare Note auf unserer Karamell-Brownie-Charge, die durch die Aromen von Nüssen und Keksen ergänzt wird und sie absolut gebäckartig macht.HUVogelsangos barátainkkal közösen készített masszív, sűrű Imperial Stout. Kortyérzetre, textúrára az eddigi egyik legsűrűbb darab, kifejezetten a testes stoutok rajongóinak és azoknak, akik Tél Tábornok csapdájából egy melengető, vaskos sörrel menekülnek.A kandiscukor és juharszirup mind rányomják felismerhető bélyegüket karamelles, brownies tételünkre, melyet a dió és a keksz ízei egészítenek ki és tesznek totálisan péksüteményszerűvé. |ABV: 12.5 |IBU: 28 |rating: 3.88",FIRST Craft Beer,Corvus Corax
"beer kind: Stout - Imperial / Double Pastry |description: IMPERIAL PASTRY STOUT WITH PEANUTS, COCOABEANS, TONKABEANS AND VANILLAMALÁTÁK:pale ale, oat flake, vienna, melanoidin,special w, crystal 400, biscuit, ruby,cara blond, chocolate, carafa special III,chocolate wheat maltKOMLÓK:styrian golding celeia |ABV: 13.0 |IBU: N/A |rating: 3.87",UGAR Brewery,Christmas With Kids
"beer kind: Stout - Imperial / Double Pastry |description: Amikor nem is számítasz rá... amikor békésen hallgatod a tűz ropogását... eljön érted a Marshmallow Fellow! A sűrű, ragacsos sötétségből veti rád magát, hogy elsőre kókuszos kekszre, másodikra már forrón olvadó pillecukorra emlékeztető ízkavalkádjával fektessen két vállra!When you least expect it... when there's only the peaceful crackling of the fire... the Marshmallow Fellow comes for you! He lurches at you from the deep, sticky darkness, to knock you out with a cacophony of flavours - coconut biscuit first, melted marshmallow second! |ABV: 10.5 |IBU: 20 |rating: 3.86",FIRST Craft Beer,The Marshmallow Fellow
"beer kind: Stout - Oatmeal |description: Thick, oily bodied oatmeal stout with El Salvador Pacamara coffee beans from our friends at the Lucky Cap Roastery and some Madagascar vanilla beans. The name Luckies refers to the lucky experiment during the brewing process that resulted the extremely oily mouthfeel and the Lucky cap coffee.  |ABV: 6.2 |IBU: N/A |rating: 3.89",Brew Your Mind,Luckies
"beer kind: Stout - Other |description: Olivér, üzemvezetőnk mély, és zsigeri vágyat érzett arra, hogy az eredeti Banghard receptet durván megdolgozza. Mivel imádja a kókuszt, nem sajnálta belőle. Furfangos ember, és azt gondolta, legyen ez a sör sour, és az emberek örülni fognak. Reméljük mindenki örül! |ABV: 11.0 |IBU: N/A |rating: 3.89",Reketye Brewing Co.,Sir Banghard
beer kind: Stout - Pastry |description: Salted Caramel Pastry Stout |ABV: 8.0 |IBU: N/A |rating: 3.96,Mad Scientist,Salted Caramel Chocolate Roller
"beer kind: Stout - Russian Imperial |description: Ezzel a tétellel visszatérünk a 2016-os gyökereinkhez, ami ismét Tennessee whiskey hordókban érlelődött. Fűszerek nélkül, csak a hordók, a maláta és a komló. 2 évig érlelve. Back to our 2016 roots, this 2024 batch is aged in Tennessee Whiskey barrels. No spices, just the barrels, malt, and hops. Aged for 2 years. |ABV: 11.3 |IBU: N/A |rating: 4.04",HORIZONT Brewing,Night Shift Vintage 2024 - Russian Imperial Stout Aged In Tennessee Whiskey Barrels
"beer kind: Stout - Russian Imperial |description: A kezdetektől tudtuk, hogy ez a sör végig fog kísérni minket a Night Shift sztorin, és így is lett. Semmi cifrázás, csak az alapsör puszta ereje és a Tennessee Whiskey hordók utánozhatatlan ízjegyei kellettek ahhoz a csodához, amit ebbe a palackba zártunk. We knew it from the start that this beer would follow us through the Night Shift story. And we were right. Nothing special, only the base beer and the incredible taste from the barrels, that's all this extraordinary beer needed for the harmonious taste you're about to meet.  |ABV: 11.5 |IBU: N/A |rating: 4.02",HORIZONT Brewing,Night Shift Vintage 2023 - Russian Imperial Stout Aged In Tennessee Whiskey Barrels
"beer kind: Stout - Russian Imperial |description: This beer is a 12% ABV Russian Imperial Stout, brewed with 12 types of malts, 6 hours of boil time, and 3 months of fermenting to prepare it for a long journey in freshly emptied Rum Barrels. These casks give this thick, dark, black beer rich notes of raisin and rum,which we spiced up with some extra cocoa beans from Ghana and some roasted coconut flakes. We strongly recommend it for every beer specialty lover. |ABV: 12.0 |IBU: N/A |rating: 4.01",HORIZONT Brewing,Night Shift Vintage 2020 Russian Imperial Stout Aged In Rum Barrels With Chocolate & Coconut
"beer kind: Stout - Russian Imperial |description: Éjfekete, testes Russian Imperial Stout, amit frissen pörkölt Costa Rica-i és Etióp kávéval, valamint ghánai kakaóbabbal készítettünk. Ezután Bourbon és juharszirupos ex-Bourbon hordókban érleltük, hogy mély, édes-füstös, kávés-csokis komplexitást kapjon. Egy sör, ami egyszerre erős, kifinomult és elképesztően kényeztető.-Jet-black, full-bodied Russian Imperial Stout brewed with freshly roasted Costa Rican and Ethiopian coffee and Ghanaian cocoa. Aged in Bourbon and maple syrup ex-Bourbon barrels for deep, sweet-smoky chocolate and coffee complexity - bold, refined, and utterly indulgent. |ABV: 11.1 |IBU: N/A |rating: 3.99",HORIZONT Brewing,Night Shift Vintage 2025 / Russian Imperial Stout Aged In Bourbon Maple Syrup Barrels With Chocolate & Coffee
"beer kind: Stout - Russian Imperial |description: Imperial Stout With Marshmallows And Tonka Beans The previous batches were between 11,5-12,0% 2025's new batch has the abv of 12,7% |ABV: 12.7 |IBU: 70 |rating: 3.96",Mad Scientist,Candy Man
"beer kind: Stout - Russian Imperial |description: Our 2019 Vintage imperial stout,  aged in used Jack Daniels barrels for 6 months. Vanilla, toasted coconut, dark chocolate, coffe and a hint of smoke. Perfect for winter night shifts. |ABV: 11.0 |IBU: N/A |rating: 3.96",HORIZONT Brewing,Night Shift (Vintage 2019 Tennessee Whiskey Barrel Aged)
"beer kind: Stout - Russian Imperial |description: Ezzel a tétellel egy klasszikusnak mondható, narancsos-csokis koncepciót szerettünk volna összehozni az alap Russian Imperial Stout édeskés, csokis ízjegyeivel. Az alapsör csak nekünk, teljesen frissen ürített Pedro Ximénez Sherry, illetve rumos hordókban pihent 6 hónapig, majd, amikor elnyerte tökéletes formáját, adtunk hozzá ghánai kakaóbabot és narancsot, hogy citrusos ízjegyeivel valóban visszaadja a trópusi hangulatot. A végeredmény egy hihetetlenül csokis, kellemesen citrusos, narancsos tétel lett, amelynek minden kortyában visszaköszön a megszokott édesség ízvilága.	Ezzel a tétellel egy klasszikusnak mondható, narancsos-csokis koncepciót szerettünk volna összehozni az alap Russian Imperial Stout édeskés, csokis ízjegyeivel. Az alapsör csak nekünk, teljesen frissen ürített Pedro Ximénez Sherry, illetve rumos hordókban pihent 6 hónapig, majd, amikor elnyerte tökéletes formáját, adtunk hozzá ghánai kakaóbabot és narancsot, hogy citrusos ízjegyeivel valóban visszaadja a trópusi hangulatot. A végeredmény egy hihetetlenül csokis, kellemesen citrusos, narancsos tétel lett, amelynek minden kortyában visszaköszön a megszokott édesség ízvilága.	With this batch, we aimed to create a classic, orange-chocolate concept by combining the base Russian Imperial Stout's sweet, chocolatey notes. The base beer aged exclusively in freshly emptied Pedro Ximénez Sherry and rum barrels for 6 months. When it reached its perfect form, we added Ghanaian cocoa beans and oranges to truly evoke a |ABV: 12.7 |IBU: N/A |rating: 3.94",HORIZONT Brewing,Night Shift Vintage 2024 - Russian Imperial Stout Aged In Pedro Ximénez Sherry & Rum Barrels W. Orange & Chocolate
"beer kind: Stout - Russian Imperial |description: This is Gravity turned up to 11.Our longest-running imperial, Event Horizon is an ultra-rich stout that takes its styling from high-proof Caribbean rums. Its deep molasses nose gives way to a chocolate & toffee body absolutely stacked with malt & grain complexity. Undertones of raisins and plums taper slowly into a finish of tart red fruit. |ABV: 11.1 |IBU: 46 |rating: 3.93",Gravity Brewing,Event Horizon - Overproof Stout
"beer kind: Stout - Russian Imperial |description: Our 2019 Vintage imperial stout, aged in used Plantation rum barrels for 6 months. Vanilla, toasted coconut, dark chocolate, booze and warming spices. Perfect for winter night shifts. |ABV: 11.0 |IBU: N/A |rating: 3.92",HORIZONT Brewing,Night Shift (Vintage 2019 Caribbean Rum Barrel Aged)
"beer kind: Stout - Russian Imperial |description: Klasszikus Russian Imperial Stout, kétféle hordóban újragondolva: az egyik rész frissen ürített Rhum hordóban, a másik Rumos hordóban érlelődött, melyekben korábban makadámdió és vanília pihent. A végeredmény egy selymes, mély, diós-vaníliás karakterű sör, finom rumos édességgel és krémes lecsengéssel.-A reimagined Russian Imperial Stout aged in both fresh Rhum barrels and Rum barrels previously holding macadamia nuts and vanilla. The result is silky and rich, with nutty-vanilla layers, subtle rum sweetness, and a smooth, creamy finish. |ABV: 11.9 |IBU: N/A |rating: 3.89",HORIZONT Brewing,Night Shift Vintage 2025 / Russian Imperial Stout Aged In Rhum And Vanilla Macadamia Rum Barrels
"beer kind: Stout - Russian Imperial |description: Limited version of our 2018 Vintage imperial stout. Aged in used Jack Daniels barrels for 5 months. Vanilla, toasted coconut, dark chocolate, coffe and a hint of smoke. Perfect for winter night shifts.  |ABV: 10.0 |IBU: N/A |rating: 3.89",HORIZONT Brewing,Night Shift (Vintage 2018 Tennessee Whiskey Barrel Aged)
"beer kind: Stout - Russian Imperial |description: Traditional Russian Imperial Stout made with 7 different malts, it has rich taste and rich smell. The full-bodied, dark and thick drink is aged for a year for the perfect ratio of the hop and the malt. High alcohol percentage, berries and dried fruits with a light caramel-truffle finish. It is a beer to remember. |ABV: 11.8 |IBU: 23 |rating: 3.89",MONYO Brewing Co.,Boris the Blade (2018)
"beer kind: Stout - Russian Imperial |description: A Boris 2019-es változata. Sűrű és robosztus Russian Imperial Stout, amelyet szintén egy évig érleltünk mielőtt a piacra került.  Étcsokoládés, karamelles és kávés jegyek dominálnak illatban és ízben egyaránt. Nagy test, hosszú lecsengés és enyhe keserűség a korty végén. Sorszámozott és évjáratos palackok, exkluzív pezsgős palack, parafadugós zárás.---Boris vintage 2019! Creamy and robust RIS aged in bottle for a year before release. Dark chocolate, caramel and coffee aromas in the nose and in the taste. Full body, long aftertaste, light bitterness in the end. Enumerated, exclusive vintage champagne bottle closed with cork. |ABV: 9.8 |IBU: N/A |rating: 3.86",MONYO Brewing Co.,Boris (2019)
"beer kind: Stout - Russian Imperial |description: 2020. decemberéig 4 hónapot tartályban, 11-et rumos fahordóban érleltük ezt a sűrű, tartalmas Russian Imperial Stoutot.Lekerekedett alkohol, összesimult ízjegyek jellemzik, harsányan rumos és hordós jegyekkel. A palackokat egyesével, a legnagyobb gondossággal töltöttük. |ABV: 11.0 |IBU: 35 |rating: 3.86",FIRST Craft Beer,Dagon
beer kind: Stout - Russian Imperial |description: Gemenci whiskys hordóban érlelt Russian Imperial Stout |ABV: 9.5 |IBU: 65 |rating: 3.86,Fehér Nyúl,Gemenc Illusion
"beer kind: Stout - Smoked |description: Eclipse is an imperial that focuses on a lighter element: smoke.Cherry- and oak-smoked grains form a delicate balance between bright red fruit and dry tannin, while Lapsang Souchong from the mountain tea plantations of Fujian lends soft pine forest aromas to the nose.These delicate wisps settle onto a stout base that exercises restraint above all: a refined balance of black malt, toasted grains, and dark caramel, smoothed out by silky oats and a touch of lactose. The finish offers a subtle linger of cocoa powder, and warms the throat to embrace the next sip. |ABV: 10.7 |IBU: 66 |rating: 3.87",Gravity Brewing,Eclipse - Imperial Smoked Stout
"beer kind: Wheat Beer - Wheat Wine |description: It's a 13% ABV Wheat Wine, that was brewed with 4 types of malts, 8 hours of boil time, and 3 months of fermenting to prepare it for a long journey in freshly emptied Barbados Rum Barrels. This wheat malt based, high alcohol beer contains copious amounts of noble German hops, and was aged for 12 months in oak barrels. The result is a silky, creamy wheat wine, with incredible complexity. |ABV: 13.0 |IBU: N/A |rating: 3.99",HORIZONT Brewing,Night Shift Vintage 2020 Wheat Wine Aged in Rum Barrels
"beer kind: Wild Ale - American |description: Ezt a söritalt 2017 decembere óta érleltük 225 literes Bock (Villány) és 500 literes Takler (Szekszárd) hordóban a korábban már jól bevált élesztő kultúránkkal. 2020 júliusától a belőlük készült blend-et palackokba töltve érleltük tovább.  A hosszú érlelési idő alatt lejátszódó folyamatokat befolyásoló tényezők egyedisége (hőingadozás, hordó adottságai stb.) miatt a végeredmény egyszeri és megismételhetetlen.Ez a sör egy rusztikus (lambic-ra emlékeztető) kellemesen savanyú, komplex, de mégsem nehéz ital.Összesen 400 palack készült. |ABV: 6.8 |IBU: N/A |rating: 3.91",Brew Your Mind,Generations 2017-20 Blend
beer kind: Wild Ale - Other |description: Wild Ale Blend with Medlars |ABV: 6.3 |IBU: N/A |rating: 3.89,MadX,Botanical Roots
"beer kind: Wild Ale - Other |description: Generations sorozatunk tagjai vörösboros hordóban érlelt wild ale típusú (savanyú) sörök. Ez a világos sörital 2020 decembere óta ""pihent"" 225 literes vörösboros hordóban, melyet a szekszárdi Schieber Borászattól vásároltunk. 2023 júniusa óta palackban érleljük.A hosszú érlelési idő alatt lejátszódó folyamatokat befolyásoló tényezők egyedisége (hőingadozás, hordó adottságai stb.) miatt a végeredmény egyszeri és megismételhetetlen.Összesen 264 palack készült. Lejárati dátum: 2033. december |ABV: 6.7 |IBU: N/A |rating: 3.86",Brew Your Mind,GENERATIONS RELOAD SCHIEBER 2024
beer kind: Altbier - Sticke / Latzenbier |description:  |ABV: 6.2 |IBU: N/A |rating: 3.59,Thomas Menner 1701,"Félbarna, Altbier"
beer kind: Altbier - Sticke / Latzenbier |description:  |ABV: 6.0 |IBU: N/A |rating: 3.53,Guri Sörfőzde,Mélange
beer kind: Altbier - Traditional |description:  |ABV: 5.2 |IBU: N/A |rating: 3.57,Tacet Brewery,Die Walküre
beer kind: Altbier - Traditional |description:  |ABV: 5.5 |IBU: 39 |rating: 3.52,KESER (Kecskeméti Sörmesterek),Vörösbegy
"beer kind: Altbier - Traditional |description: Respect the classics! Copper color, malty-biscuity taste with hints of rosehip and fruity freshness in the end. Ridiculosly easy drinking.Egy igazi klasszikus! Felsőerjesztésű düsseldorfi sörstílus amit hosszú ideig lagereltünk. Sötét réz szín, kellemes malátás test, finoman gyümölcsös lecsengés. Könnyen iható téli sör.  |ABV: 5.5 |IBU: 35 |rating: 3.51",HORIZONT Brewing,Günther Von Düsseldorf
"beer kind: Barleywine - American |description: Sörfőzdénk legkomplexebb söre, amelynek magas alkoholtartalmát mindenféle hozzáadott cukor nélkül értük el. Tradicionális angol alapanyagokból készült, amelyben a fő szerepet a Maris Otter kapta. A komlózáshoz azonban egy új német komlót, a Mandarina Bavaria-t használtuk. Hogy nemesedjen és elérje mostani karakterisztikáját, egy évig érleltük palackban. Ennek az eredménye ez a nagyon sűrű, bronzvörös színű, gazdag malátás ital. Összetett ízvilágában a hordós, sherry-s jegyek keverednek a Mandarina komló citrusos fanyarságával. |ABV: 13.0 |IBU: 55 |rating: 3.84",MONYO Brewing Co.,Franky Four Fingers (2015)
"beer kind: Barleywine - American |description: Here comes Freaky Freaky, a pumpkin barleywine brewed with tons of roasted butternut squash, basil, lemongrass and homemade citrus extract. This is a collaboration brew of Budapest breweries TuffBuzz and Mad Scientist.Trick or treat amigos! |ABV: 13.0 |IBU: 60 |rating: 3.81",TuffBuzz,Freaky Freaky
"beer kind: Barleywine - American |description: One of our most complex beers, the high alcohol percentage has nothing to do with any additional sugar. Made from traditional English ingredients, Maris Otter malt and Fuggle hop. It was aged in the bottle for a whole year to get its perfect characteristics. The result is a thick, red, rich malt drink. It tastes like sherry mixed with the aromas of the Fuggle hop. |ABV: 12.3 |IBU: N/A |rating: 3.81",MONYO Brewing Co.,Franky Four Fingers (2018)
"beer kind: Barleywine - American |description: Franky Four Fingers of the year 2017Sörfőzdénk legkomplexebb söre, amelynek magas alkoholtartalmát mindenféle hozzáadott cukor nélkül értük el. Tradicionális angol alapanyagokból készült, amelyben a fő szerepet a Maris Otter kapta. A komlózáshoz azonban egy új német komlót, a Mandarina Bavaria-t használtuk. Hogy nemesedjen és elérje mostani karakterisztikáját, egy évig érleltük palackban. Ennek az eredménye ez a nagyon sűrű, bronzvörös színű, gazdag malátás ital. Összetett ízvilágában a hordós, sherry-s jegyek keverednek a Mandarina komló citrusos fanyarságával |ABV: 13.0 |IBU: N/A |rating: 3.79",MONYO Brewing Co.,Franky Four Fingers (2017)
"beer kind: Barleywine - American |description: Te most egy magas alkoholtartalmú, erősen malátás, aszalt gyümölcsös ízkaraktereket hozó, hosszú érlelésű árpaborral (American Barleywine) nézel farkasszemet. Ez a palack már az első kóstoláskor is furfangokkal, meglepetéssel vár rád, de idővel megbűvöl, ámulatba ejt, akárcsak legendás névadója, a világ leghíresebb bűvésze és szabadulóművésze, Houdini. Ez nem csupán illúzió, sokkal inkább szakértelem és egy csipetnyi varázslat.You’re now facing a high-alcohol, heavily malted, long-matured barley wine (American Barleywine) that brings dried fruity flavor characteristics. This beer awaits you with a surprise from the very first tasting, but over time it enchants and amazes you, as did the world’s most famous magician and escape artist, Houdini, who this beer is named after. It’s not just an illusion, it’s more of an expertise and a hint of magic. |ABV: 11.0 |IBU: 68 |rating: 3.77",Szent András Sörfőzde,Houdini (2020)
beer kind: Barleywine - American |description:  |ABV: 11.0 |IBU: 68 |rating: 3.77,Szent András Sörfőzde,Houdini (2021)
beer kind: Barleywine - American |description:  |ABV: 13.0 |IBU: 34 |rating: 3.77,MONYO Brewing Co.,Franky Four Fingers (2016)
"beer kind: Barleywine - American |description: Van, amit nem szabad elkapkodni. Ez nem csak a sör érlelési idejére, de a fogyasztására is igaz. Szánj időt erre a desszert jellegű smash-re, amit egyféle komlóból és egyféle malátásból készítünk. Élvezd ki minden cseppjét, és lásd be, hogy nincs értelme rohanni. 14-16°C-on a legjobb. |ABV: 11.0 |IBU: 90 |rating: 3.76",Fehér Nyúl,Barleywine 2017
beer kind: Barleywine - American |description: Évjárat: 2022. Szabadítsd ki a palackból!EBC 71. Extrakt: 25°B. |ABV: 11.0 |IBU: 68 |rating: 3.76,Szent András Sörfőzde,Houdini (2022)
"beer kind: Barleywine - American |description: Ne csak piszkáld, fiam, azt a drága ételt! Annak jár a desszert, aki megette az összes főzeléket. Nem fér, nem fér, dehogynem fér. Tunkold ki a szaftot is rendesen. Na? Jó. Tessék. Oszd be, mert ma már nincs több édesség!  |ABV: 10.5 |IBU: 90 |rating: 3.67",Fehér Nyúl,Barleywine 2019
"beer kind: Barleywine - American |description: Ne csak piszkáld, fiam, azt a drága ételt! Annak jár a desszert, aki megette az összes főzeléket. Nem fér, nem fér, dehogynem fér. Tunkold ki a szaftot is rendesen. Na? Jó. Tessék. Oszd be, mert ma már nincs több édesség! |ABV: 10.5 |IBU: 90 |rating: 3.66",Fehér Nyúl,Barleywine 2018
"beer kind: Barleywine - English |description: A One-Handed Stuntman az eddigi legsűrűbb árpaborunk, amit több órás forralással értünk el a főzés során. Rendkívül komplex ital, amelyben a malátásság kapja a főszerepet. Karamell, dió, aszaltgyümölcsök jellemzik illatban és ízben egyaránt.Egyszeri és limitált főzet.---One-Handed Stuntman is our thickest barley wine, what we achieved by boiling for several hours. It is an extremely complex drink in which maltiness plays a major role, characterized by caramel, walnuts and dried fruits in both aroma and taste. |ABV: 13.0 |IBU: N/A |rating: 3.84",MONYO Brewing Co.,One-Handed Stuntman
"beer kind: Barleywine - English |description: Nincs vita, hogy a Laphroaig scotch-os, vagy a Maker's Mark bourbon-ös ízvilága passzol jobban sörünkhöz, hiszen a megoldás a kettő együtt. A blendelt whiskey jegyek legerősebbjei jelennek meg tömény, sötétborostyán barley wine sörünk gyümölcsös és harsány karakterén, egy intenzív, tüzes, de mégsem alkoholos, különleges ízélményben kulminálódva. |ABV: 13.0 |IBU: 50 |rating: 3.77",FIRST Craft Beer,Yvaga
"beer kind: Barleywine - English |description: A classic barley wine with a BA twist. Boiled for 3 hours for a massive caramelly texture and flavour...and then we put it into Plantation rum barrels from Barbados. Loads of vanilla, coconut and oak with a hint of spicy boozyness. Egy igazi klassziks barley wine egy kis csavarral. Három órás forralással egészen karamelles, ragacsos textúrát és ízvilágot értünk el, ami mégis könnyen csúszik. A végeredmény egyik felét barbadosi Plantation rumos hordókba raktuk. Vanília, kókusz, finom hordósság és egy kis fűszeres alkohol.  |ABV: 9.5 |IBU: 40 |rating: 3.77",HORIZONT Brewing,Caribbean Spirit
"beer kind: Barleywine - English |description: A classic barley wine with a BA twist. Boiled for 3 hours for a massive caramelly texture and flavour...and then we put it into Jack Daniels barrels. Loads of vanilla, coconut and oak with a little bit of smoky whiskey boozyness. Egy igazi klassziks barley wine egy kis csavarral. Három órás forralással egészen karamelles, ragacsos textúrát és ízvilágot értünk el, ami mégis könnyen csúszik. A végeredmény egyik felét Jack Daniels-es whiskey-s hordókba raktuk. Vanília, kókusz, finom hordósság és egy kis füstös alkohol. |ABV: 9.5 |IBU: 40 |rating: 3.76",HORIZONT Brewing,Tennessee Spirit
"beer kind: Barleywine - English |description: A barley wine, vagyis árpabor a tapasztalt kraftsör-fogyasztók körében is különlegességnek számít. A Midnight Beast sem kivétel: igazi harapós sör, 13% alkoholfoka és borostyánszíne csak aláhúzza a sűrű, karakteresen malátás, enyhén gyümölcsös, de harsányan észteres ízvilágot. Egy ilyen sör nem csak itatja magát: zsákmányt ejt! |ABV: 13.0 |IBU: 50 |rating: 3.66",FIRST Craft Beer,Midnight Beast
"beer kind: Barleywine - Other |description: MAD SCIENTIST BARREL PROJECTJamaican Rum Barrel aged Barleywine blendCELLAR MASTER NOTESThis high abv barleywine has rounded well in an old Jamaican rum barrel for the last year. To underline the spicey notes of the barrel, we've added cloves, vanilla and cinnamon. To enhance the deep, spicy tones of the rum, we have blended it with fresh barleywine. The outcome is outstandingly complex yet bursting with flavor. |ABV: 14.5 |IBU: N/A |rating: 3.85",Mad Scientist,Bad Santa
"beer kind: Barleywine - Other |description: Az alap árpabort közel két évig érleltük Rhum Agricole hordókban, és természetesen kapott egy jó adag aszalt kajszibarackot, ghánai kakaóbabot és diót, hogy tényleg visszaadja az egyik kedvenc sütink autentikus ízjegyeit.Alkoholtartalma és a hordók jellegzetes ízjegyei szépen belesimulnak a sör gyümölcsös, malátás jegyeibe, melyeket csak felerősít és kimondottan egzotikussá tesznek az addíciók ízjegyei.ENThe underlying barley wine was fermented in freshly emptied rhum barrels for nearly two years. We added dried apricots during the aging process to release the delicious, fruity aromas inside, and then added walnuts and Ghanaian cocoa beans to our beer to achieve the expected flavor notes. |ABV: 10.3 |IBU: N/A |rating: 3.82",HORIZONT Brewing,Night Shift Vintage 2023 - Gerbeaud-Inspired Pastry Barley Wine Aged In Rhum Barrels
beer kind: Barleywine - Other |description: Part of our new Side Of Legends series whixh start 2020. This an american style Barley wine and Aged in Rum Barrels. Strong  taste help to fight with Mouse King.:)  |ABV: 11.5 |IBU: N/A |rating: 3.79,Superside Brewery,Nutcracker Rum Barrel Aged Barley Wine
"beer kind: Barleywine - Other |description: Kentucky bourbon - maple syrup barrel aged multigrain barley wine with rye, oat, wheat and barley. |ABV: 12.5 |IBU: N/A |rating: 3.78",HopTop Brewery,Canadian Lover
"beer kind: Barleywine - Other |description: MAD SCIENTIST BARREL PROJECTA blend of maple syrup barley wine and blackcurrant imperial pastry sour aged in a bourbon barrelCELLAR MASTER NOTESAround a year ago we have filled a Widow Jane bourbon barrel with barleywine and after some time we added the last keg of Blackcurrant Trifle as a topup. You can recognize the woody-nutty character of maple syrup at first sniff with a somewhat fruity-acidic overtone. The next step will surely be a sip, right? What you find will be a rich bodied yet acidic barley wine with the taste of caramel and walnut, enhanced by the sweetness of vanilla but soured by blackcurrant, even when the beer reaches your throat. Cheers! |ABV: 10.5 |IBU: N/A |rating: 3.78",Mad Scientist,Pancake Party
beer kind: Barleywine - Other |description: English Barleywine infused with a lot of brewery roasted italian pistachio.  |ABV: 11.0 |IBU: N/A |rating: 3.77,HORIZONT Brewing,Selfish Games Pistachio Barleywine
"beer kind: Barleywine - Other |description: Perseid is a strong, old-school Scotch ale pushed into imperial territory.Developed from our classic wee heavy, Meteor, this is a powerful yet well-balanced beer, rich brown in hue, with a medium-heavy body full of dark malt and biscuit tones.A light touch of oak smoke leads on the nose, while the palate explores the full range of caramel character, from subtle honey to rich toffee. Long conditioning on toasted oak adds further depth to the caramel complexity, and nudges Perseid into the deep space between beer and whisky. |ABV: 12.3 |IBU: 56 |rating: 3.77",Gravity Brewing,Perseid - Scotch Barleywine
beer kind: Barleywine - Other |description:  |ABV: 11.5 |IBU: N/A |rating: 3.74,FIRST Craft Beer,Notorious F.I.G.
beer kind: Barleywine - Other |description: offspring of a (very) strong ale and a barley wine. reserved  for the best festivals. |ABV: 13.8 |IBU: 96 |rating: 3.74,Balkezes,Young God
beer kind: Barleywine - Other |description: Oak Aged Chestnut Barley Wine. |ABV: 10.1 |IBU: 40 |rating: 3.73,MONYO Brewing Co.,Nutty Moose
"beer kind: Barleywine - Other |description: Three worlds collide: rice barley wine, saké yeast, tokaj aszú wine barrels. Complex, fruity and oak notes. Drink it next to the fireplace!Három világ találkozozása: rizses árpabor, szaké élesztő, tokaji aszús hordó. Komplex, gyümölcsösen illatos, hordós ízjegyek.  |ABV: 9.0 |IBU: 40 |rating: 3.65",HORIZONT Brewing,Rice Rice Baby
"beer kind: Barleywine - Other |description: Ez a barley wine (árpabor) egy igazi különlegesség, amely a sörfőzés és a gasztronómia találkozásából született. Szándékosan szárazra erjesztettük, hogy az ízvilágát a komplexitás és elegancia határozza meg, nem pedig az édesség. Enyhe fahéjjal fűszereztük, amely egy klasszikus sütemény finom, fűszeres aromáira emlékeztet, ugyanakkor a száraz karakter megakadályozza, hogy túl nehézzé váljon.A kóstolás előtt érdemes egy kicsit szellőztetni, hogy az aromák teljes gazdagsága kibontakozzon.Csapra és üvegre hangolva:üvegben: lágyabb szénsavval kínáljuk, a sima, elegáns ízélményért,csapról: pezsgősebb hatás, amely egy száraz pezsgő frissességére emlékeztet.Prémium mini champagne-stílusú üvegben kerül forgalomba, amelyet parafadugó zár. Ez a dizájn az exkluzivitást és a kifinomultságot hangsúlyozza – olyan, akár egy ékszer a poharadban. Ez a kísérleti barley wine a tökéletes választás különleges alkalmakra, ahol az élményeké a főszerep. |ABV: 15.6 |IBU: N/A |rating: 3.49",MONYO Brewing Co.,Barley Wine - Cinnamon Edition
"beer kind: Belgian Blonde |description: MONYO Radical series #06: Tokaji Barrel Aged Belgian Style Ale with vanilla, coriander and fresh orange peel. |ABV: 5.2 |IBU: 10 |rating: 3.73",MONYO Brewing Co.,Zeus Likes And Weds It.
"beer kind: Belgian Blonde |description: A Muifelbrouwerij-vel össze kellet borulnunk, hogy feltörjük a modern belga sör kódját. Nyilván ehhez Enigma komló kellett, amit az ő elhíresült belga Blonde sörükbe dobtunk bele. Tavaly jártunk náluk, és az agyunkat eldobtuk a belga főzeteiktől, így egyértelművé vált, hogy milyen közös sört alkotunk. Természetesen a Nyulas csavart megkapta a hidegkomlózással.We had to team up with Muifelbrouwerij to crack the code of modern Belgian beer. Naturally, this called for Enigma hops, which we added to their renowned Belgian Blonde. We visited them last year and were blown away by their Belgian brews, so it became clear what kind of beer we’d create together. Of course, the signature Rabbit twist came through with the dry hopping. |ABV: 6.5 |IBU: N/A |rating: 3.68",Fehér Nyúl,Crack the Code
"beer kind: Belgian Blonde |description: Lépj be a Parabolic Lazarus Brewery világába a Blonde Paradox-al, egy kivételes Belgian Blonde stílusú sörrel, amely hat hónapos erjesztés után érte el tökéletes ízét. Ez a 7,6%-os aranyszínű sör gazdag, komplex karakterével és gyönyörűen kiegyensúlyozott, finoman édes karamellás ízjegyeivel hódít. A belga sörkészítési hagyományoknak megfelelően készült, amely mélységet és édességet kölcsönöz az italnak, míg a finom, pezsgő szénsavasság felfrissíti az ízlelőbimbókat minden egyes kortynál. Engedd, hogy a Blonde Paradox elvarázsoljon és újraértelmezze a klasszikus blonde élményt!Step into the world of Parabolic Lazarus Brewery with Blonde Paradox- Belgian Blonde, an exceptional Belgian Blonde-style beer perfected after six months of fermentation. This 7.6% ABV golden brew captivates with its rich, complex character and beautifully balanced notes of subtle caramel sweetness.Crafted in the tradition of Belgian brewing, providing depth and a delightful sweetness, while the fine carbonation brings a refreshing sparkle with every sip.Let the Blonde Paradox enchant you and redefine the classic blonde experience! |ABV: 5.3 |IBU: 24 |rating: 3.57",Parabolic Lazarus Brewery,Blonde Paradox
beer kind: Belgian Blonde |description:  |ABV: 5.0 |IBU: 25 |rating: 3.46,Pannonhalmi Főapátság Sörfőzde,Blonde
"beer kind: Belgian Dubbel |description: dubbel, belga apátsági hagyományok, tokaji terroir.CSAPON! Podcast és a Balkezes ezer éve tervezett első közös söre és pont olyan lett mint amilyenre számítani lehet: klasszikus alap, agyament csavarral, sok-sok házi főzettel csiszolva mielőtt belevágtunk volna.konkrétabban: főztünk egy belga apátsági hagyományokra és alapanyagokra építő sört, bátran nevezhetjük dubbelnek. ám a klasszikus belga védjegyeket biztosító élesztő helyett Tokaj egyik pincéjének egyedi mikroflórájából izolált élesztővel dolgoztunk. ez eredmény gazdag, karamellás malátatest, a kandiscukor adta mélység és finom fűszeresség, meg ezer érdekes apróság amivel el lehet szöszölni a korty végén - biztos lesz aki a terroirt is kiveszi. |ABV: 6.5 |IBU: N/A |rating: 3.63",CSAPON! Podcast,Fisher Dübbel
"beer kind: Belgian Dubbel |description: Az Omega.02 az apátsági sörgyártás szentandrási víziója, ami a belgák egyik legkomolyabb élesztőjével, a Lallemand Abbaye-al készült. Ebben a visszafogott komlózottságú barna dubbelben sem maradhat el a tradicionális belga párjára jellemző karakteres fűszeresség, a selymes korty és az intenzív mazsolás, datolyás illatok. Komoly beltartalmú, impozáns őszi sör, ahogy azt Belgiumban megálmodták. |ABV: 7.0 |IBU: 25 |rating: 3.62",Szent András Sörfőzde,TesztAndrás Omega.02
beer kind: Belgian Dubbel |description: Coconut Infused Breakfast Dubbel |ABV: 6.3 |IBU: N/A |rating: 3.62,Mad Scientist,I'm In Love With the Coco
"beer kind: Belgian Dubbel |description: Visszafogottan komlózott keserűsége teret enged a belga kandiscukor karamellás édességének és a malátás ízjegyeknek. Az élesztőnek köszönhetően jellegzetes banános, mazsolás illatok társulnak a krémes habhoz, melynek egy egyhén alkoholos, kerek kortyérzeteteredményeznek. Fogyasztása 10-14 °C-on javasolt! |ABV: 6.5 |IBU: 20 |rating: 3.53",Pannonhalmi Főapátság Sörfőzde,Dubbel
"beer kind: Belgian Dubbel |description: Minden belga kolostornak megvan a maga hagyományos, egyedi, kiváló söre. A Charlatan megalkotásakor a belga sörök ízvilágára törekedtünk. Jellemzője a visszafogott gyümölcsösség mellett megjelenő komplex, malátás íz, amit kandiscukros lecsengés egészít ki. Erős, félbarna sör csodálatos fűszeres ízekkel. |ABV: 6.5 |IBU: 21 |rating: 3.51",Vaskakas Brewing,Charlatan
beer kind: Belgian Dubbel |description:  |ABV: 6.5 |IBU: N/A |rating: 3.49,Bors Serfőzde,Tuck Barát
beer kind: Belgian Dubbel |description:  |ABV: 6.6 |IBU: N/A |rating: 3.48,Kőszegi Sör,Brown
beer kind: Belgian Dubbel |description:  |ABV: 6.5 |IBU: N/A |rating: 3.43,Zirci Apátsági Manufaktúra,Zirci Dubbel
"beer kind: Belgian Dubbel |description: Cherrific is a refreshing Belgian-based beer made of real fruits, in which you can witness the encounter of the sour cherry and the sweet malt. Hops used: Hallertauer Hersbrücker |ABV: 4.5 |IBU: 16 |rating: 3.41",HopTop Brewery,Cherrific
"beer kind: Belgian Quadrupel |description: A MONYO 11. szülinapjára készült ünnepi főzet egy különleges quadruppel, amely a stílus hagyományos erejét és mélységét egy váratlan, játékos réteggel egészíti ki: a sárgadinnyével. Gazdag, mély, meleg tónusú sör, amelyben a sárgadinnye puha édessége finoman beleolvad a malátás háttérbe — a lecsengés hosszú, sima, enyhén gyümölcsös. Egy igazi szülinapi desszert, csak épp folyékony formában. Limitált, ünnepi kiadás.///The festive brew created for MONYO's 11th birthday is a special quadrupel that complements the traditional strength and depth of the style with an unexpected, playful layer: melon. A rich, deep, warm-toned beer in which the soft sweetness of melon blends delicately into the malty background — the finish is long, smooth, and slightly fruity. A real birthday dessert, only in liquid form. Limited, festive edition. |ABV: 11.0 |IBU: N/A |rating: 3.75",MONYO Brewing Co.,Eleven O’Clock Lady Likes Cantaloupes - 11th Anniversary Quadrupel With Cantaloupe
"beer kind: Belgian Quadrupel |description: MAD SCIENTIST BARREL PROJECT Double BA Quadruple Aged In Bourbon And Tokaji Aszú Sweet Wine BarrelsCELLAR MASTER NOTESQueen of beers, king of wines, divine vibesThe clash of two very different barrels always ends up in fun. Hints of chocolate and vanilla from bourbon and raisiny-fruity acidity from Tokaji Sweet wine barrel are just simply beautiful. As for the base, we picked a quadruple so there is a spicy breeze in the taste but overall the notes of the barrels dominate here. Tokaji is a quite special Hungarian wine type, it uses naturally dehydrated grapes to get the deep, walnutty-raisiny taste and golden color. Some say mixing beer and wine is a mistake. Well... Hold our beer! |ABV: 11.5 |IBU: N/A |rating: 3.74",Mad Scientist,Gods of Joy
beer kind: Belgian Quadrupel |description:  |ABV: 11.0 |IBU: 38 |rating: 3.69,Mad Scientist,NZQ-1100 (2016)
"beer kind: Belgian Quadrupel |description: Majomügyességgel akartuk megmászni az elénk gördített kihívást: mégis, milyen egy király, belga eredetű quadrupel?Szerintünk ilyen: borostyán, megbabonázó színekbe rejtve bújnak elő a buja, észteres, gyümölcsös ízjegyek, ahogy azt kell – a sörtípus ugyan belga szerzetesektől indult, de a világot bejárva most nálunk is erőre kapott, úgyhogy ragadd magadhoz sörkülönlegességünket! With a monkey’s dexterity we wanted to climb the challenge hurled in front of us: what’s our take on a Belgian quadrupel fit for a king? Well, this is it: an amber, mesmerizing colour, in which the lush, esterified, fruitful notes are hiding – although the type come from Belgian monks, but after the world tour it gained strength at our place – so don’t hesitate and grab our specialty beer! |ABV: 10.0 |IBU: 35 |rating: 3.65",FIRST Craft Beer,Monk-y King
beer kind: Belgian Quadrupel |description:  |ABV: 10.0 |IBU: 23 |rating: 3.63,Pannonhalmi Főapátság Sörfőzde,Quadrupel
beer kind: Belgian Strong Dark Ale |description:  |ABV: 7.5 |IBU: N/A |rating: 3.57,Bors Serfőzde,Mauritius
"beer kind: Belgian Strong Golden Ale |description: A ""Muse"" a Four Seasons Hotel Gresham Palota szecessziós koktélbárjának, a Múzsának a hivatalos kraft söre.Közösen alkottuk meg ezt az elegáns Belgian Strong Ale-t, amit a tokaji Gizella Pince szamorodnis boroshordóiban érleltünk hosszabb ideig.Illatában a Belgian Strong Ale sörökre jellemző észteres, édeskés és kandisos jegyek jönnek egy kis hordós és fehérboros kiegészítéssel. A pohár fölé hajolva továbbá egy szolid ""funkys"", brettes vonal is megjelenik.Belekortyolva szintén a hordós, észteres, élesztős jegyek jellemzik melengető alkoholossággal, amit a szamorodni mézes, körtés, érett sárgabarackos lecsengése egészít ki.Komoly és komplex tétel, amit különleges eseményekhez, ünnepekhez ajánlunk.--- |ABV: 11.8 |IBU: N/A |rating: 3.76",MONYO Brewing Co.,MONYO x MÚZSA Muse
"beer kind: Belgian Strong Golden Ale |description: Babilonban felépült volna a torony, ha ilyet rendelnek a munkásoknak, mivel 6 üveg elfogyasztása után a világ minden nyelvét megértették volna. |ABV: 7.3 |IBU: 22 |rating: 3.66",Fehér Nyúl,Babel Fish
"beer kind: Belgian Strong Golden Ale |description: A „leg”-mozdony, a „leg”-sör. A legerősebb, legnagyobb – 18 hengeres -, selejtezéséig az M63-002 a leggyorsabb mozdony címet is viselhette. A Belgian Golden Strong méltó névadójához, extrakt tartalma 19,2 – alkohol tartalma 8,5%. Ütős kombináció, tényleg mosolyt csalhat az arcokra. Arany színű és erős – könnyűnek tűnik, pedig nem az. Mi szóltunk!... |ABV: 8.5 |IBU: 18 |rating: 3.65",Fűtőház Sörfőzde,M63 Bulldog
"beer kind: Belgian Strong Golden Ale |description: BELGIAN STRONG ALE WITH ORANGE PEELA sokak számára ismert klasszikusnak számító erős belga típusú sört ezúttal keserű narancs héjjal tettük még komplexebbé.Maláták/Malts: Pilsner, Corapils, BiscuitKomlók/Hops: Hallertau Blanc, Mandarina Bavaria |ABV: 11.0 |IBU: N/A |rating: 3.63",UGAR Brewery,Belgian Strong Ale
"beer kind: Belgian Strong Golden Ale |description: A látványa elcsábít, az íze rabul ejt. A limitált kiadású Esthajnal'22 a konyhát belengő süti illattal indít, majd egy nem túl édes, erősen fűszeres korty után a karácsony meghittségével ajándékoz meg. Kóstolj rá azokkal, akik a legfontosabbak neked. |ABV: 6.5 |IBU: 48 |rating: 3.44",Szent András Sörfőzde,Esthajnal '22
"beer kind: Belgian Tripel |description: Agatha Christie legendás belga detektívje, Hercule Poirot szabadon és képmutatás nélkül állította magáról, hogy remek ember. Ugyanezzel a határozottsággal indultunk neki ennek a belga tripelnek és végeredmény szerintünk példaértékű lett. Megvizsgáltuk, kinyomoztuk, elemeztük a részleteket és a szerzetesek évszázados tudását felhasználva hazánk - talán legizgalmasabb - sörét zártuk a palackba. Az Inspektor a belga sörökre jellemző karakteres fűszerességgel, gyümölcsös észteres és fenolos jegyekkel indít, mégis a kortyot száraz, kellemes keserűség zárja.Maláták: pilseni, melanoidinKomlók: Saaz, MagnumExtrakt (szárazanyagtartalom): 19,5 BallingEBC: 130,33 LAjánlott hőmérséklet: 7-12°CSörfőző: Mátyus TamásÖsszetevők: víz, árpamaláták (EU), komlók, sörélesztő. |ABV: 8.5 |IBU: 33 |rating: 3.7",Szent András Sörfőzde,Inspektor
"beer kind: Belgian Tripel |description: Újra elérhető a klasszikus belga Tripel stílusú sörünk, a Belgian Trip.Aromában és ízben is a florális, enyhén gyümölcsös jegyek dominálnak, ami a speciális élesztő által termelt észtereknek köszönhető.A hosszú érlelés miatt szépen lekerekedett, egy kis melengető alkoholosság és kandiscukros édesség jellemzi. Testes, de mégsem nehéz, a magas alkoholtartalom ellenére könnyen iható sör a hűvösebb napokra.---Our classic Belgian triple-style beer Belgian Trip is available again!Both its aroma and taste are led by floral and slightly fruity esters that come from the special yeast culture we used.As a result of long maturation in the steel tank it's nice and smooth, characterized by a slight, warming alcohol and candi-sugar sweetness.Full bodied yet not heavy despite its high abv content, it’s the perfect warmer for cold winter days. |ABV: 9.1 |IBU: 28 |rating: 3.63",MONYO Brewing Co.,Belgian Trip
beer kind: Belgian Tripel |description:  |ABV: 10.0 |IBU: 29 |rating: 3.6,Guri Sörfőzde,Delírium
beer kind: Belgian Tripel |description:  |ABV: 8.0 |IBU: 27 |rating: 3.57,Pannonhalmi Főapátság Sörfőzde,Tripel
beer kind: Belgian Tripel |description:  |ABV: 12.0 |IBU: N/A |rating: 3.55,Legenda Sörfőzde,TriplaX
beer kind: Belgian Tripel |description:  |ABV: 7.8 |IBU: 20 |rating: 3.51,Zirci Apátsági Manufaktúra,Tripel
beer kind: Belgian Tripel |description: Hibiscus blossom infused belgian style tripel with a hint of rye malt.  |ABV: 10.4 |IBU: 23 |rating: 3.51,HopTop Brewery,Hibiscus Trip
"beer kind: Belgian Tripel |description: Kellemes illatából a gyümölcsös alaphang mellett finom komlóillat és fűszerek kandikálnak ki. Ízében a gyümölcsös-fűszeres ízek dominálnak, melyek a korty végén jelentkező intenzív komlókeserűséggel kiegészülve hosszú, markáns utóízzel búcsúznak. Hatalmas teste ellenére nem érezzük nehézkesnek, súlyosnak. Mesterien megkomponált alkotás! |ABV: 9.5 |IBU: N/A |rating: 3.46",Gallica Hungary,Opus
"beer kind: Bitter - Best |description: *Immáron az Honest Brews sörfőzdében készül, az állandó szortiment részeként!: https://untappd.com/b/honest-brews-budabest-bitter/6475917*Ez nem egy egyszerű szomjoltó: prémium összetevők, angol hagyományok és egy mindig pörgő, multikulti világváros életérzésének metszetében foglal helyet a BudaBest Bitter!Az angol pubkultúrát a frissen csapolt, könnyen csúszó sörök határozzák meg már több száz éve. A helyben készült, mindig friss ale a legjobb szociális kenőanyagok egyike, megannyi beszélgetés, barátság megalapozója és fenntartója. Ezt adja a BudaBest Bitter nekünk. Angol ízvilágú sör, ami itt készül Budapesten, s ami itt is fogy el: csak csapról, csak frissen! |ABV: 4.4 |IBU: N/A |rating: 3.64",Humulus Lupus Brewing Project,BudaBest Bitter
"beer kind: Bitter - Best |description: A Keleti Waiting Room első saját főzetésű söre egy klasszikus angol bitter. A Humulus Lupus Brewing Project közreműködésével készített szűretlen sörkülönlegességünk kellemes keserűséggel, és könnyű kortyérzettel várja a szomjas garatokat! |ABV: 4.1 |IBU: N/A |rating: 3.63",Keleti Waiting Room,Bitter Blood
"beer kind: Bitter - Best |description: Our take on the classic Best Bitter style. Malt-forward with bready, toffe, and nutty notes. Clean, refreshing bitterness on the finish to make you come back for more.  |ABV: 4.5 |IBU: 33 |rating: 3.59",Unity Bar & Brewery,Best Bitter
beer kind: Bitter - Extra Special / Strong (ESB) |description: Oak Aged ESB |ABV: 6.2 |IBU: N/A |rating: 3.63,Mad Scientist,Colonial Bitter - Oak Aged
"beer kind: Bitter - Extra Special / Strong (ESB) |description: FIG STRONG BITTER!!Colonial Bitter is mixing two things we really love, figs and a proper english strong bitter. Dont expect a dessert beer. We used figs to highlight the fruitiness of the yeast and the english hops. |ABV: 6.2 |IBU: N/A |rating: 3.59",Mad Scientist,Colonial Bitter
"beer kind: Bitter - Extra Special / Strong (ESB) |description: Az Extra Special Bitter egy kiváló minőségű angol sör, amit mi a saját ízlésünk szerint főzünk. A Comedias egy nagyon ízletes és ugyanakkor kiegyensúlyozott sör, melyet karamellás lecsengés tesz teljessé. A hozzáadott komlók gyümölcsös aromát és frissítő ízt adnak ennek a sörnek. Érdemes vigyázni, veszélyesen itatja magát. |ABV: 5.3 |IBU: 35 |rating: 3.56",Vaskakas Brewing,Comedias
"beer kind: Bitter - Extra Special / Strong (ESB) |description: PRANCING PONY Extra Special Bitter 5% - A pint of peace before the storm.You can drink your fancy ales, but the only brew for the brave and true comes from The Prancing Pony!The Pony in Bree is more than an inn, it’s the pub of Middle-earth, where every road crosses and every story begins. Let your story begin here, among fellow travellers, hobbits, dwarves, secrets, songs and pints of course, that never seem to empty too fast.This ESB is a true fireside companion: golden, caramel and crystal malts provide subtle sweetness and gentle bitterness. Warm, honest, and a little rustic. A classic English character, like a night in Bree before adventure finds you. |ABV: 5.0 |IBU: N/A |rating: 3.52",Mad Scientist,LOTR - Prancing Pony
"beer kind: Bitter - Session / Ordinary |description: ""A sör élvezetet jelent számunkra, a könyvekkel csak a bosszúságunk van.""(Goethe)Egy hosszú nap végén, amikor már annyit bámultad a képernyőt, hogy összefolynak a számok a szemed elött, a Bitter Ale megtalálja a módját, hogy ellazítson. Könnyen csúszó, merészen komlózott felsőerjesztésű világos sör. A Bitter Ale átmenetet képez az enyhén komlózott, általában fiatalon csapra vert pale alek és a hosszan érlelt, gyakran magasabb alkoholtartalmú, erőteljesen komlózott, magas keserűértékű IPA-k között. A sör testét a müncheni malátával kiegészített Maris Otter Ale maláta teszi robosztussá, amit egy csipetnyi búzamalátával finomítottunk. A “bitterséget” pedig a gazdagon adagolt hallertaui Magnumnak és az amerikai Centennialnak köszönheti. Az “i”-re a pontot a hidegkomlózás során hozzáadott Centennial teszi fel.Összetevők: Ivóvíz, Maris Otter pale ale maláta, müncheni- és búzamaláta, Magnum és Centennial komlók, sörélesztő |ABV: 5.2 |IBU: 40 |rating: 3.51",Etyeki Sörmanufaktúra,Bookkeepers' Bitter Ale
"beer kind: Bitter - Session / Ordinary |description: With this English beer we express our adoration for Monthy Python. It has bitter taste but not intrusive, the aroma of malt keeps it in balance. The slight caramel flavor makes it even more exciting. |ABV: 5.5 |IBU: 30 |rating: 3.38",HopTop Brewery,Black Knight
"beer kind: Blonde / Golden Ale - Other |description: Kívántad már, hogy a nyár soha ne érjen véget? Az első korty Blonde Ale után épp így fogsz érezni. A felhasznált amerikai komlók és a kiváló minőségű maláták egyensúlya adja meg egyedi, frissítő ízét, mely így tökéletes nyári sört alkot.Have you ever wanted to experience a summer that would never end? From the first sip to the last, this Blonde Ale will bring you that experience. High quality malts are balanced by American hop varieties that bring a unique, refreshing taste along with a taste of summer year round. |ABV: 5.6 |IBU: 21 |rating: 3.65",Mighty Millers Brewing Co.,Endless Summer
"beer kind: Blonde / Golden Ale - Other |description: A legjobb nyarad palackba zárva. A Summer Syndrome egy nagyon könnyű, frissítő blonde ale rengeteg aromakomlóval a forró napokra. Strandoláshoz, koncertekhez, vagy esti lazuláshoz a fűben heverészve.  |ABV: 4.9 |IBU: 9 |rating: 3.57",MONYO Brewing Co.,Summer Syndrome
"beer kind: Blonde / Golden Ale - Other |description: Hazai összetevőkből elkészítettük a Hungarian Pale Ale-t! A sör egyik fontos alkotóeleme a Bácskai komló, amit nem szerettünk volna végtelen mennyiségben használni, elvégre az összes alapanyagot szerettük volna megmutatni. Nem billen el a mérleg a maláták irányába sem, így egy visszafogott, aranyszínű, könnyen iható sör készült, mely az ivó lagerek remek alternatívája. |ABV: 5.5 |IBU: 25 |rating: 3.57",Hara’Punk Brewing,HUPA
beer kind: Blonde Ale |description:  |ABV: 5.4 |IBU: N/A |rating: 3.53,Thomas Menner 1701,"Világos, Abbey Ale"
"beer kind: Blonde / Golden Ale - Other |description: (HU)2025-ös utunk óta óriási rajongói vagyunk a portói Baobab Craft Beer Bar-nak, amikor pedig szóba került, hogy saját sörrel ünnepelnék negyedik szülinapjukat, már ugrottunk is a lehetőségre.A cél egyértelmű volt: a manapság trendi IPA/Pilsner vonal helyett keresni egy olyan nyári lőrét, ami a citromos verbéna ízével feldobva egy utánozhatatlanul frissítő, könnyű sört tud csempészni minden sörrajongó kezébe.Megszületett hát a Verbybody: egy laza blonde ale trópusias ízekkel, alacsony alkoholfokkal és az ígérettel, hogy a legforróbb nyári napokon is jól essen.(P)Somos grandes fãs do Baobab Craft Beer Bar no Porto desde nossa viagem em 2025, e quando eles mencionaram a possibilidade de comemorar seu quarto aniversário com uma cerveja própria, não hesitamos.O objetivo era claro: em vez da linha IPA/Pilsner, que está na moda atualmente, encontrar uma cerveja de verão que, com o sabor da erva-cidreira, pudesse oferecer uma cerveja leve e refrescante inigualável a todos os apreciadores de cerveja.E assim nasceu a Verbybody: uma blonde ale descontraída com sabores tropicais, baixo teor alcoólico e a promessa de ser boa mesmo nos dias mais quentes de verão. |ABV: 4.7 |IBU: N/A |rating: 3.51",FIRST Craft Beer,Verbybody
beer kind: Blonde Ale |description:  |ABV: 5.0 |IBU: N/A |rating: 3.48,Pandulabeer,Long Day
beer kind: Blonde / Golden Ale - Other |description:  |ABV: 6.4 |IBU: N/A |rating: 3.44,Kőszegi Sör,Blonde
beer kind: Blonde / Golden Ale - Other |description:  |ABV: 4.8 |IBU: 23 |rating: 3.44,Hedon,Johnny Firpo
beer kind: Blonde / Golden Ale - Other |description: Mexican-style house beer at Iguana restaurant in Budapest |ABV: 5.0 |IBU: N/A |rating: 3.43,Iguana Bar & Grill,Iguana
"beer kind: Blonde / Golden Ale - Other |description: ""Maga házában mindenki hercegasszony lehet.""(Don Quijote)Aranysárga sör az angol sörfőző hagyományok nyomán. A Rocinante Blonde hófehér habja alól egy könnyű és harmonikus sör bukkan elő. Ízében az édeskés malátás jegyek dominálnak, amit szépen kiegészít a Cascade komló keserűsége.Két fő összetevője a Maris Otter és a pilseni maláta, melyeket pici „megfűszereztünk” két különlegesebb malátával.Összetevők: Ivóvíz, Maris Otter pale ale maláta, pilseni maláta, CaraPils, Premium pilseni maláta, Magnum és Cascade komló, sörélesztő |ABV: 4.5 |IBU: 25 |rating: 3.41",Etyeki Sörmanufaktúra,Rocinante Blonde
beer kind: Blonde / Golden Ale - Other |description:  |ABV: 4.6 |IBU: 24 |rating: 3.12,Dreher Sörgyárak,Dreher Blonde Ale
beer kind: Bock - Doppelbock |description: A collaboration brew with armando_otchoa without a twist. |ABV: 10.0 |IBU: 27 |rating: 3.67,Mad Scientist,Duplicator
"beer kind: Bock - Doppelbock |description: Ez a 22 Balling-fokos sör, főzdénk egyik büszkesége. Szűretlen duplabak, testes és gazdagon malátás, mégis lágy és bársonyos ízvilággal, kávés és karamelljegyekkel, néhol aszaltgyümölcsre emlékeztető illatokkal. Ha valami folyékony kenyér, akkor ez vitathatatlanul az.The Black Rose is definitely a source of pride in Békésszentandrás. This unfiltered doppelbock is slightly sparkling and measures at 22˚ Plato, which makes it a real delicacy for gourmets. It is a full-body beer, rich in malts, but still smooth and silky with a velvety taste, coffee and caramel flavours, sometimes with aromas reminiscent of dried fruit. |ABV: 9.0 |IBU: 23 |rating: 3.6",Szent András Sörfőzde,Black Rose
"beer kind: Bock - Doppelbock |description: Folyékony kenyeret sütöttünk! A tradicionális duplabakok receptjét követve megalkottuk a sajátunkat, ami bajorságában letagadhatatlan és ízében pedig magasztos. Van itt karamellesség, kenyeresség, csokisság és testesség, úgy ahogy a Bencés szerzetesek szerették. De azért legyen világi ez a szerzetestrend!We baked liquid bread! Following the recipe of the traditional Doppelbock, we created our own, undeniable in its flavour and sublime in its taste. There's caramel, toastiness, chocolate and fullness, just the way the Benedictine monks liked it. But let this monkery be secular! |ABV: 7.1 |IBU: N/A |rating: 3.59",Fehér Nyúl,Monks' Bread
beer kind: Bock - Doppelbock |description:  |ABV: 8.0 |IBU: N/A |rating: 3.59,Fóti Kézműves Sörfőzde,Hammurapi +21
"beer kind: Bock - Doppelbock |description: A Szent András Könnye egy fekete áfonyás duplabak, amely már a palackból kiszabadulva félelmetesen intenzív áfonyaillattal indít. A testes és gazdagon malátás duplabakot finoman lengi körbe a valódi áfonya harmonikus ízvilága, így a kortyérzet egyszerre lesz gyümölcsös és bársonyosan krémes.Szent András Könnye ((Saint Andrew' Tears) is a blueberry infused double bock with intensive fruity taste and full malt flavours. The luscious characteristic blueberry flavours gently absorb the low hop bitterness and the highly fruity character balances the sweetness and creamy texture. Great choice for desserts.  |ABV: 9.0 |IBU: 23 |rating: 3.58",Szent András Sörfőzde,Szent András Könnye
beer kind: Bock - Doppelbock |description: Füstös rozsos duplabak. |ABV: 8.0 |IBU: N/A |rating: 3.52,Zirci Apátsági Manufaktúra,Fumus
"beer kind: Bock - Doppelbock |description: Válogatott maláták és göböljárási napraforgóméz, diszkréten fűszerezve Hallertauer Perle komlóval és lassan, hosszan ászokolva. Ez a Honeymator, legújabb kollaborációnk, amit Szakács Milán méhésszel együtt készítettünk. Nem hiányozhat a téli hangulathoz. Kellemes mézes-malátás teltségével és masszívabb alkoholtartalmával béleli ki az ember szervezetét a hideg időben. |ABV: 7.0 |IBU: 28 |rating: 3.51",Etyeki Sörmanufaktúra,Honeymator
beer kind: Bock - Eisbock |description: Eisbock 14% ABV 2020 edition. Bottom fermented eisbock style specialty beer. The beer base was a traditional decocted bock. After the fermentation we freeze the bigger part of the water to archieve higher alcohol volume and increase taste intensity.  |ABV: 14.0 |IBU: N/A |rating: 3.85,HopTop Brewery,Eisbock 14%
beer kind: Bock - Eisbock |description: Eisbock 13% ABV 2020 edition. Bottom fermented eisbock style specialty beer. The beer base was a traditional decocted bock. After the fermentation we freeze the bigger part of the water to archieve higher alcohol volume and increase taste intensity. BBE 11.03.2026 |ABV: 13.0 |IBU: N/A |rating: 3.76,HopTop Brewery,Eisbock 13%
"beer kind: Bock - Hell / Maibock / Lentebock |description: Oké, hogy van ez a steaksütő és BBQ verseny, mondta András, de akkor már főzzünk rá egy sört is. Legyen füstös, mint minden versenyző a grill felett állva a májusi napon, és legyen könnyű, mint a szívünk egy több napos együttlét után. Igaz, Sanyi? |ABV: 6.6 |IBU: 25 |rating: 3.61",Fehér Nyúl,Smoky Rabbit
"beer kind: Bock - Hell / Maibock / Lentebock |description: Our second collaboration with Nova Runda resulted in a long-sought-for style, the maibock.Full bodied, malty and strong, it is the perfect way to cherish every day. To hold this beer was what thumbs were made for. |ABV: 6.3 |IBU: 28 |rating: 3.57",FIRST Craft Beer,Second Round: Dance!
beer kind: Bock - Hell / Maibock / Lentebock |description:  |ABV: 6.5 |IBU: 30 |rating: 3.52,Rizmajer Kézműves Sörfőzde,Maibock
beer kind: Bock - Single / Traditional |description:  |ABV: 6.0 |IBU: 35 |rating: 3.72,Bölcső Brew Crew,Busó
"beer kind: Bock - Single / Traditional |description: Klasszikus stílusú barna bock. Malátás, minimális komlóssággal, tiszta erjedési profillal. A téli esték kiváló kísérője.Classic style brown bock. Malty with minimal hoppines and a clean fermentation profile. Perfect companion on winter nights. |ABV: 7.0 |IBU: 22 |rating: 3.56",Fehér Nyúl,Buddenbock
"beer kind: Bock - Single / Traditional |description: A tradicionális baksör ízét a malátajegyek határozzák meg: a pörkölt müncheni maláta mellett kidomborodik a karamell-maláta édes karaktere. A magas extrakt tartalom egy erős, testes sört eredményez, melyet megfelelően fűszerez a hallertau perle komló. A fajtát először Einbeck kereskedővárosában főzték, majd később a bajor sörfőzők élesztették újra a stílust a városról elnevezve, ein bock néven. A baksöröknek különféle verziói elterjedtek, a Fekete egy tradícionális baksör.This traditional bock beer named Fekete (The Black) is defined by the taste of malts: besides the roasted Münich malt, caramel and adjunct malts add a sweet, roasted flavour. To make the picture a whole, Hallertau hop assures appropriate spiciness, resulting in a strong, full-body beer. The this type first brewed in the mercantile city of Einbeck and later revived by Bavarian brewers named after the city as ein bock. Different versions of bocks are common, Fekete is a traditional dunkelbock. |ABV: 7.0 |IBU: 20 |rating: 3.55",Szent András Sörfőzde,Fekete
"beer kind: Bock - Single / Traditional |description: Walnut, honey, pistachio |ABV: 4.8 |IBU: N/A |rating: 3.49",HopTop Brewery,Baklava
"beer kind: Bock - Single / Traditional |description: Egy klasszikus stílust elevenítettünk fel ezzel a Selfish Games tétellel. A Bock alapból egy ünnepekhez fűződő német stílus, amit mi most egy másik tradicionális gasztronómiai elemmel ötvöztünk, ez a Sugar Plum, vagyis a cukros/mézes, aszalt szilva. Ez egy klasszikus brit édesség, amit egy az egyben a karácsonyi ünnepekkel kötnek össze az angolszász kultúrában. Mi most ezt Till Áron sörfőzőnk ötlete és receptje alapján készítettük el, és egy varázslatos ízvilágú sört kaptunk végeredményként. A sör, ahogy kell, egy sötétborostyán színű, megjelenésében tiszta tétel lett. A bock tipikus malátás ízjegyei mellett feltűnik a szilva kellemesen édeskés ízvilága, melyet mesésen egészítenek ki a fahéj és a szegfűszeg jellemző ízjegyei.  |ABV: 5.7 |IBU: N/A |rating: 3.37",HORIZONT Brewing,Selfish Games - Sugar Plum Bock
"beer kind: Bock - Single / Traditional |description: Tartalmas élményekre vágysz? Fedezd fel ezt az intenzív ízű sört, melyet karamell malátávalfőztünk Neked! A Dreher Bak a Dreher Sörgyárak saját recept alapján készülő, 7,3% alkoholtartalmúbarna söre, melynek testességét a malátára és karamellre emlékeztető íze adja. Karaktereskeserűje harmonizál édes ízével, melyet a komlóillat tesz egésszé. Színe mélybarna,habja krémszerű.Looking for a meaningful experience? Discover this intensely flavoured beer with caramel malt with caramel malts! Dreher Bak is Dreher Breweries' own recipe, 7.3% alcohol by volume, with a strong taste of beer and a strong taste of beer brewed with our brewed beer malt.with a malty, caramel taste that gives it body. Character bitterness harmonises with its sweetness, which is complemented by a hop aroma. Deep brown in colour, creamy foam. |ABV: 7.3 |IBU: 24 |rating: 3.21",Dreher Sörgyárak,Bak
"beer kind: Bock - Weizenbock |description: We went with a classic style in this beer, but with the usual Horizont twist. We aged the beer on Hungarian oak chips to give an extra layer of coconut and vanilla flavor for this banana and clove bomb. |ABV: 7.2 |IBU: N/A |rating: 3.63",HORIZONT Brewing,Selfish Games Hungarian Oak Aged Weizenbock
"beer kind: Bock - Weizendoppelbock |description: A középkori élet egyik legmeghatározóbb apácája nemcsak Isten-látomásairól és az orvoslás kutatásairól ismert, de ő maga alkotta meg a világ első sörfőzési szakirodalmát, a Physica Sacra-t. Bingeni Szent Hildegardban az alázatosság nemcsak Isten, de a sör iránt is megvolt. Ez a maga nemében páratlan búza baksör hasonló elvek mentén született meg: tisztelgés a német sörök egyik ikonikus sörstílusa előtt, de törekvés is a tökéletességre. Egy borostyánszínű sör aszalt gyümölcsösös ízekkel és krémesen lágy kortyérzettel. |ABV: 8.0 |IBU: 20 |rating: 3.74",Szent András Sörfőzde,Hildegard
beer kind: Bock - Weizendoppelbock |description: Oak Aged Double Weizenbock |ABV: 7.8 |IBU: N/A |rating: 3.69,Mad Scientist,Morning Wood
beer kind: Brown Ale - American |description:  |ABV: 6.0 |IBU: N/A |rating: 3.75,InVitro Brewing,Late Night Radio
"beer kind: Brown Ale - American |description: A Balkezes #4.1 (ejtsd: hess négypontegy) a White Label széria ötödik tagja.Összetevők:víz: 17 nk° (közepesen kemény)maláta: Pale Ale (Weyermann), Bükkfával füstölt árpamaláta (Weyermann), Caraamber (Weyermann), Carafa Type III (Weyermann)komló: keserűséghez: Warrior (US), aromához: Centennial (US), Simcoe (US), hidegkomló: simcoe (US)élesztő: safale us-05egyéb: búzapehely |ABV: 6.5 |IBU: N/A |rating: 3.66",Balkezes,#4.1
"beer kind: Brown Ale - American |description: The mix of roasted malts, crystal malts and american hops with citrusy, piny aroma gives a great complexity to this beer. Notes of caramel, coffee and nuts with medium body and bitterness.Hops: Chinook, Centennial. Music: Noir Jazz/Trip Hop. |ABV: 5.5 |IBU: N/A |rating: 3.63",InVitro Brewing,Dark City Skyline
"beer kind: Brown Ale - American |description: Egy Amerikai Brown Ale rengeteg gyömbérrel és cayenne borssal, a gyömbér hozza a kellemes ízt és illatot, míg a cayenne bors a korty végi csípősséget, a kerekséget pedig a hozzáadot méz teszi teljessé, könnyed 7% alkohol mellett. |ABV: 7.0 |IBU: 20 |rating: 3.58",Etyeki Sörmanufaktúra,Just For Fun - Gyömbér - Cayenne Brown Ale
beer kind: Brown Ale - American |description:  |ABV: 4.5 |IBU: N/A |rating: 3.53,Legenda Sörfőzde,James' Brown Ale
"beer kind: Brown Ale - American |description: Éj van, csend és egy jó barna sör éje,ha vágysz egy malátás, komlós,csokoládés ízre. Az Éjsötét egy pörköltmalátákból főzött modern, amerikaibarna ale, melynek gazdag karamellás íz hatja át közepes testességét.Újvilági komlókból, gyulai odafigyeléssel főzve. |ABV: 4.2 |IBU: 2 |rating: 3.49",Viharsarok Sörfőzde,Éjsötét
beer kind: Brown Ale - American |description:  |ABV: 6.5 |IBU: N/A |rating: 3.47,Reketye Brewing Co.,Brown Ale
beer kind: Brown Ale - American |description:  |ABV: 6.0 |IBU: N/A |rating: 3.47,Bigfoot Sörfőzde,Ale Capone
beer kind: Brown Ale - American |description:  |ABV: 4.5 |IBU: 25 |rating: 3.43,Zirci Apátsági Manufaktúra,Alevation American Brown Ale
beer kind: Brown Ale - Belgian |description:  |ABV: 6.2 |IBU: N/A |rating: 3.56,Zirci Apátsági Manufaktúra,Főnix
beer kind: Brown Ale - Belgian |description:  |ABV: 6.0 |IBU: N/A |rating: 3.34,Zirci Apátsági Manufaktúra,Belga
"beer kind: Brown Ale - English |description: Zentus X KEG vol 3: Abuse of Officials brown IPA /w kveik yeast  & azacca+wakatu+amarilohazy, fruity taste and smell in brown colorFolytatódik a szakmai együttműködésünk a kedvenc budapesti kültúrhelyünkkel, a KEG Sörművházzal. A Too Many Players On The Ice és a Checking To The Head után ismét vagány sört főztünk közösen, egy kveik élesztővel készült barna IPA-t. |ABV: 6.5 |IBU: 55 |rating: 3.6",Zentus Craft Beer,Abuse of Officials
"beer kind: Brown Ale - English |description: Keepin' it old school! An exquisite and true to the style brown ale we brewed up with our friends from Oldskool Brewery (NL). Maltyness, drinkability, hints of coffe in the nose. Egy igazi old school főzet! Kitűnő brown ale, kitűnő holland barátainkkal, az Oldskool Brewerytől.  Masszívan malátás, mégis jól iható, intenzíven kávés illatokkal.  |ABV: 6.0 |IBU: 31 |rating: 3.58",HORIZONT Brewing,The Quick Brown Fox Jumps Over the Lazy Dog
beer kind: Brown Ale - Imperial / Double |description:  |ABV: 9.0 |IBU: 40 |rating: 3.79,Mad Scientist,Salt Cake City
"beer kind: Brown Ale - Imperial / Double |description: Kollab: Marosvári ""Ogre"" László, Kővári ""Armando"" GergőAmerikai komlók már-már csokiba mártva! Marosvári „Ogre” László és Kővári „Armando” Gergő, - avagy a Vári Nővérek - és a Szent András kísérleti sörlabor kollabjában a klasszikus barna ale sörökre jellemző csokoládés krémességet és a pörkölt dióra, karamellre emlékeztető illatokat ötvözték a modern komlók trópusi, citrusos ízeivel. Így született meg ez a maláta-komló egyensúlyra törekvő imperial brown ale, aminek kellemes füstössége és tekintélyt parancsoló éjfekete megjelenése téged is kiráz a nadrágból! Füstbe ment terv, de piszkosul működik! |ABV: 9.0 |IBU: 40 |rating: 3.73",Szent András Sörfőzde,TesztAndrás Alfa.10
"beer kind: Brown Ale - Imperial / Double |description: Brewsk Willis sörünk egy Imperial American Brown Ale, amivel új kategóriát teremtettünk Magyarországon. Az alapsör egy erősre főzött barna ale, amelyet az amerikai IPA-k mintájára komlóztunk.Egy robusztus opálosan rozsdás erős brown ale, amiből a Maris Otter maláta dióssága és – az élesztővel karöltve – málnás, fekete ribizlis erdei gyümölcsös aromája mellé érkezik a komlókeserű. A 7,7 % alkohol ellenére jól iható, testes téli darab. |ABV: 7.7 |IBU: 41 |rating: 3.63",MONYO Brewing Co.,Brewsk Willis
beer kind: Brown Ale - Imperial / Double |description: Imperial Chimney Cake Brown Ale |ABV: 9.0 |IBU: N/A |rating: 3.62,Mad Scientist,Dip Me Baby!
beer kind: Brown Ale - Imperial / Double |description: Onion chutney. Heavy and extreme stuff! The expertise of Kéhli Restaurant is the foundation in the Onion Chutney we used to make this Imperial Amber Ale extreme and special. The onion is dominating and when you take a sip it becomes nicely surrounded by the winter spices of the Chutney. |ABV: 7.5 |IBU: N/A |rating: 3.55,SØRT.,Winter Onion
"beer kind: Brown Ale - Other |description: A limitált kiadású karácsonyi sörünk, az Esthajnal '25 az ország egyik legismertebb desszertjét sör formájában idézi meg. Az eredmény egy gazdagon rétegzett pastry ale, amelyben a dió olajos íze, a mazsola aszalványos édessége és a csokoládé bársonyos aromái teremtik meg az ünnepi asztal hangulatát. Krémesen lágy, elegánsan desszertsör, aminek minden kortyánál beköszönt a karácsony.Maláták: pale, müncheni, karamell Komlók: MagnumExtrakt (szárazanyagtartalom): 25,5 BallingEgyéb összetevők: laktóz, dió, kakaó, mazsola, rum. |ABV: 7.5 |IBU: 22 |rating: 3.72",Szent András Sörfőzde,Esthajnal '25
"beer kind: Brown Ale - Other |description: Az Etyeki összeáll a Debreceni Szóda Bárral és a Sárréti Chili Farmmal? Mi baj lehetne belőle :DEgy masszív 8%-os Brown Ale alap, megbolondítva gyömbérrel egy pici beleerjesztett mézzel, lime-al és Jalapeno-val. Így meg is kapjuk ezt a masszív, fűszeres, illatos, ízes barnát.  |ABV: 8.0 |IBU: 25 |rating: 3.64",Etyeki Sörmanufaktúra,Holy Spice Bear
beer kind: Brown Ale - Other |description:  |ABV: 9.0 |IBU: N/A |rating: 3.6,Guri Sörfőzde,Molotov
"beer kind: Brown Ale - Other |description: Ha az ünnepi lakoma után jól lesne egy kávé. Mármint egy sör! Egyezzünk ki döntetlenben. Az Esthajnal ’24 egy izgalmas pastry ale, ami a reggeli cold brew kávéddal, tölgyfachipsz-szel és juharsziruppal készült, hogy az ünnepek alatt is mindig energikus legyél. Kellemesen krémes test, kávés stílusjegyek egy minden karácsonyi édességhez passzoló desszertsörben. Ha vannak sörök, amik igazán passzolnak a karácsony ízeihez, a terített asztal bőségéhez, akkor az Esthajnalok vitathatatlanul azok. Békés és boldog ünnepeket kívánunk! |ABV: 7.0 |IBU: 38 |rating: 3.59",Szent András Sörfőzde,Esthajnal '24
beer kind: Brown Ale - Other |description:  |ABV: 5.5 |IBU: N/A |rating: 3.53,Apátúr Sörház és Tanműhely,Magister
"beer kind: Brown Ale - Other |description: Gingerbread Latte with lactose, ginger, coffee, nutmeg, cinnamon and vanilla |ABV: 7.0 |IBU: N/A |rating: 3.52",Mad Scientist,Gingerbread Latte
"beer kind: Brown Ale - Other |description: When was the last time you got inspired by biscuit malt? Probably never, until now! The ballistic biscuit plays homage to biscuit malt. This brown ale with a twist also has 35% wheat in the grain bill for added mouthfeel and complexity. We play homage to hops with noble ancestry in this beer with Slovenian Celeia and Fuggles from the UK. Step out of your comfort zone with the ballistic biscuit. |ABV: 5.8 |IBU: N/A |rating: 3.45",Hedon,The Ballistic Biscuit
"beer kind: California Common |description: A BPBW már korábban megkapta a maga hibrid sörét, úgyhogy a műfaj kaliforniai gyökereihez visszanyúlva és egy legenda nyári búcsúja apropóján most elképzeltük, milyen lenne a gőzsör, ha Budapesten tör ki aranyláz. A Badass napfényes malátaalapja, a lager élesztő és a magas hőfokon erjesztés adott volt, de az amcsik helyett a főzés és hidegkomlózás során is jó adag kontinentális Hersbrucker és Hallertau Blanc viszik el a megosztott főszerepet.After its long slow goodbye, we reimagined how the Californian legend would taste like if the Gold Rush happened in our land. |ABV: 5.0 |IBU: N/A |rating: 3.52",BPBW Budapest Beer Week,Kraft 2023
"beer kind: California Common |description: Különleges lager/ale hibrid: kétféle (alsó és felsőerjesztésű) élesztő, négyféle komló, és háromféle maláta felhasználásával készült. A közepes alkoholtartalomnak köszönhetően a kimondottan testes íz könnyű kortyélménnyel párosul. A Magyar Vándor Főzdealapítónk, a nyugdíjba vonult Simkó József búcsúsöre: folyékony vándorbot egy következő generációnak.Magyar Vándor (Hungarian Strider) is a special Lager-Ale hybrid craft beer, made of five different types of hop and three kinds of malt, through bottom and top fermenting. The middle alcohol content ensures a really characteristic taste with an easy palate. This is the farewell beer that was made of our brewery founder, József Simkó before retiring: a liquid wandering stick for the next generation. |ABV: 5.6 |IBU: 35 |rating: 3.48",Szent András Sörfőzde,Magyar Vándor
beer kind: Pale Ale - American |description: American Pale Ale with orange and habanero. |ABV: 4.5 |IBU: 10 |rating: 3.63,TIMCO Brewing,Caliente Naranja
"beer kind: Chilli / Chile Beer |description: Citra, chili. |ABV: 4.5 |IBU: N/A |rating: 3.44",Legenda Sörfőzde,Poison
"beer kind: Cider - Dry |description: Kézzel szedett almák átválogatása után 24 órás héjon áztatás és maceráció. 9 hónap érlelést kapott palackozás előtt. Többféle almabor házasításából állt össze: Idared, Jonagold, Jonagored, Starking Delicious, Granny Smith, Pink Lady, Braeburn. A pasztőr kihagyása miatt friss alma aromák és könnyedség jellemzi. Palackozás előtt saját almalevével édesítettük egy picit. Félszáraz, 12g/l. |ABV: 6.6 |IBU: N/A |rating: 3.64",BudaPrés Cider,Kedvesem! 2022
beer kind: Cider - Dry |description: MadDog craft cider DRY is only available on draft. The cider is a lightly effervescent traditional craft cider made from Hungarian apples. It has a refreshing cider apple taste with a just a hint of sharpness. COLOUR – golden/light brown. TASTE-  Dry  |ABV: 6.6 |IBU: N/A |rating: 3.59,A.K. Enterprise Kft.,MadDog Craft Cider DRY
beer kind: Cider - Dry |description:  |ABV: 7.0 |IBU: N/A |rating: 3.53,Magyar Czider Kft.,Czider Száraz
"beer kind: Cider - Graff |description: Sörfőzőnk Till Áron ezt a tételt is először otthon főzte le, ami alapján el is készült a recept, a szokásos Horizont-csavarral. Magát az almát a cefrézéskor kapta meg a főzésben lévő sörlé, darálék formájában. Ezt az almás-malátás sörlevet kezdtük el erjeszteni, majd a megfelelő időpontban kapott egy jó adag komlót (Simcoe, Amarillo, Callista, Riwaka), melyektől roppanós kortyérzetet kaptunk.Áron Till came up with the idea after meeting the guys from Budaprés Cider. The crushed apple was added during brewing, and then the beer was in fermentation tanks for some weeks. Then we added some special malts (Simcoe, Amarillo, Callista, Riwaka), which give the beer a hoppy flavor and crisp mouthfeel. |ABV: 5.2 |IBU: N/A |rating: 3.5",HORIZONT Brewing,Sour Series - Apple of My Eye
"beer kind: Cider - Herbed / Spiced |description: A still spiced cider which can be drunk hot or cold. Mixed spices, orange and lemon juice makes this an excellent winter warmer when drunk hot. COLOUR- CloudyTaste- Sweet, fruity and spicy. |ABV: 6.0 |IBU: N/A |rating: 3.8",A.K. Enterprise Kft.,MadDog Spiced (mulled) Cider
"beer kind: Cider - Hopped |description: (K)omlós 2017Egy furcsa párosítás, a cider és a komló házassága. A ‘17-es évjárat egyik cuvéejéhez adtunk egy keveset a kedvenc komlónkból, hidegen áztatva, mert a megfelelő mennyiségben szerintünk gyönyörűen kiegészítik egymást a bodzás, citrusos és almás jegyek. 15g/l nyírfacukorral egyensúlyoztuk a nagyobb testet és élénk aromákat, így lett finom, süteményhez hasonlítóan omlós a korty. |ABV: 7.0 |IBU: N/A |rating: 3.58",BudaPrés Cider,{K}omlós 2017
beer kind: Cider - Other Fruit |description: A Lightly effervescent apple and blackberry cider with just a hint of bitterness that a blackcurrant can give.COLOUR - Dark purple TASTE - Medium to sweet  |ABV: 5.5 |IBU: N/A |rating: 3.61,A.K. Enterprise Kft.,MadDog Craft Cider Apple & Blackcurrant
beer kind: Cider - Other Fruit |description: A Lightly effervescent apple and black cherry cider. The sweetness of the black cherry certainly comes out here. COLOUR - Dark purple TASTE - Sweet  |ABV: 6.8 |IBU: N/A |rating: 3.59,A.K. Enterprise Kft.,MadDog Craft Cider Apple & Black Cherry
beer kind: Cider - Other Fruit |description:  |ABV: 4.5 |IBU: N/A |rating: 3.59,SzebKo Pálinkaház,Teachers Meggy Cider
"beer kind: Cider - Traditional / Apfelwein |description: MadDog  is a lightly effervescent traditional craft cider made from a blend of Hungarian apples. It has a refreshing cider apple taste with just a hint of sharpness. Just 100% apple.A MadDog cider külünböző magyar almafajtákból készült, enyhén szénsavas, kézzel készített ital. Kellemesen üdítő íze éppen megfelelő savassággal párosul. 100% alma. |ABV: 6.5 |IBU: N/A |rating: 3.54",A.K. Enterprise Kft.,MadDog Craft Cider
beer kind: Cream Ale |description: Könnyű Cream Ale rengeteg lime-al és maracuja-val.  |ABV: 4.8 |IBU: 18 |rating: 3.59,Etyeki Sörmanufaktúra,Just For Fun - Lime & Maracuja
beer kind: Cream Ale |description: Vanilla Cream Ale. |ABV: 5.1 |IBU: N/A |rating: 3.5,MONYO Brewing Co.,Only Light Can Do That
beer kind: Cream Ale |description: Málnás cream ale. |ABV: 4.5 |IBU: 15 |rating: 3.36,Etyeki Sörmanufaktúra,Beer Berry
"beer kind: Dark Ale |description: A tökéletes barna sört hatféle malátával készítjük, a sör ízvilágában a különlegesen válogatott malátafajtáknak köszönhetően fellelhető a csokoládé, a kávé és a karakteres sör íze, melyet a keserű komló teszt igazan kerekké. A sör felső erjesztésű élesztővel készül és szűretlen formában kerül a fogyasztóhoz. |ABV: 5.8 |IBU: N/A |rating: 3.49",Stari Sör,Fekete Lovag
beer kind: Farmhouse Ale - Brett |description: 2024 version of our classic Foeder Aged American Farmhouse Ale |ABV: 4.2 |IBU: N/A |rating: 3.66,MadX,Funk 2024
beer kind: Farmhouse Ale - Grisette |description: MONYO Radical Series #01:Grisette with Raspberry & Mint. |ABV: 5.3 |IBU: N/A |rating: 3.57,MONYO Brewing Co.,Coal Miners Never Torture Pink Donkeys.
beer kind: Farmhouse Ale - Grisette |description:  |ABV: 4.0 |IBU: 11 |rating: 3.43,KROIS Brewery,La Grisette
"beer kind: Farmhouse Ale - Other |description: The 2022 September release of our Funky Farmhouse Ale With Raspberries, the 2nd batch of Raspberry & Funk, first released in the September of 2020 |ABV: 5.7 |IBU: N/A |rating: 3.84",MadX,Raspberry & Funk 2022
beer kind: Farmhouse Ale - Other |description: Foeder Aged American Farmhouse Ale with Plums added |ABV: 6.0 |IBU: N/A |rating: 3.82,MadX,Plum & Funk
"beer kind: Farmhouse Ale - Other |description: The 2022 September release of our Hungarian Cucumber Salad Funky Farmhouse Ale, the 2nd batch of Uborkasaláta & Funk, first released in the October of 2021Sequel of the infamous Magyar Uborkasaláta [Hungarian Cucumber Salad] as a MADX release in kegs and 750ml bottles  |ABV: 4.2 |IBU: N/A |rating: 3.81",MadX,Uborkasaláta & Funk 2022
beer kind: Farmhouse Ale - Other |description: Foeder Aged American Farmhouse Ale with Hibiscus and Ginger |ABV: 5.6 |IBU: N/A |rating: 3.8,MadX,Spirit Animal
beer kind: Farmhouse Ale - Other |description: Foeder Aged American Farmhouse Ale |ABV: 5.6 |IBU: N/A |rating: 3.78,MadX,Funk
"beer kind: Farmhouse Ale - Other |description: The 2022 January release of our Funky Farmhouse Ale with Apricot, Peach and Vanilla, the 2nd batch of Stone & Funk, first released in the January of 2021 |ABV: 5.4 |IBU: N/A |rating: 3.77",MadX,Stone & Funk 2021
beer kind: Farmhouse Ale - Other |description: Funky Farmhouse Ale With Mulberries |ABV: 5.5 |IBU: N/A |rating: 3.76,MadX,Mulfunktion
"beer kind: Farmhouse Ale - Other |description: The 2024 September release of our Funky Farmhouse Ale With Raspberries, the 3rd batch of Raspberry & Funk, first released in the September of 2020, then in the September of 2022 |ABV: 5.5 |IBU: N/A |rating: 3.73",MadX,Raspberry & Funk 2024
"beer kind: Farmhouse Ale - Other |description: The 2024 May release of our Hungarian Cucumber Salad Funky Farmhouse Ale, the 3rd batch of Uborkasaláta & Funk, first released in the October of 2021Sequel of the infamous Magyar Uborkasaláta [Hungarian Cucumber Salad] as a MADX release in kegs and 750ml bottles |ABV: 4.0 |IBU: N/A |rating: 3.72",MadX,Uborkasaláta & Funk 2024
"beer kind: Farmhouse Ale - Other |description: Hungarian Cucumber Salad Funky Farmhouse Ale 4,2%Sequel of the infamous Magyar Uborkasaláta [Hungarian Cucumber Salad], this time as a MADX release in kegs and 750ml bottles |ABV: 4.2 |IBU: N/A |rating: 3.72",MadX,Uborkasaláta & Funk
"beer kind: Farmhouse Ale - Other |description: Funky Farmhouse Ale With Raspberry, Roasted Coconut And Vanilla |ABV: 5.7 |IBU: N/A |rating: 3.72",MadX,Rocconut & Funk
"beer kind: Farmhouse Ale - Other |description: 2024 version of our Funky Farmhouse Ale With Raspberry, Roasted Coconut And Vanilla we first released in the October of 2021 |ABV: 5.5 |IBU: N/A |rating: 3.68",MadX,Rocconut & Funk 2024
beer kind: Farmhouse Ale - Other |description: The 2021 version of our signature Foeder Aged American Farmhouse Ale |ABV: 5.6 |IBU: N/A |rating: 3.67,MadX,Funk 2021
beer kind: Farmhouse Ale - Other |description: Barrel Aged Sour Farmhouse Ale with Cantaloupe Melons collab with our Belgian friends at Brouwerij Alvinne |ABV: 6.9 |IBU: N/A |rating: 3.62,MadX,Cantaloupe Express
"beer kind: Farmhouse Ale - Other |description: Barrel Aged Sour Ale with Apricot, Walnuts, Cocoa Beans & Vanilla collab with our friends at Vault City (UK) |ABV: 5.0 |IBU: N/A |rating: 3.62",MadX,The Funk Vault
"beer kind: Farmhouse Ale - Other |description: A Blend Of Foeder Aged Farmhouse Ale And Barrel Aged Oud Bruin With Tomato, Celery Stalk And Spices |ABV: 4.5 |IBU: N/A |rating: 3.6",MadX,Bloodymary & Funk
"beer kind: Farmhouse Ale - Other |description: Foeder Aged Farmhouse Ale with Carrot, Cinnamon and Vanilla |ABV: 5.0 |IBU: N/A |rating: 3.55",MadX,Carrot Charmer
beer kind: Farmhouse Ale - Sahti |description:  |ABV: 13.0 |IBU: N/A |rating: 3.75,UGAR Brewery,Sahti
"beer kind: Farmhouse Ale - Sahti |description: Meggyel, vaníliával, fahéjjal, borókabogyóval és tonkababbal ízesített gyümölcsös sör. |ABV: 12.0 |IBU: N/A |rating: 3.72",UGAR Brewery,Rouge Allure
"beer kind: Farmhouse Ale - Sahti |description: SAHTI WITH STRAWBERRIES, RASPBERRIES AND SPICES. |ABV: 11.0 |IBU: N/A |rating: 3.49",UGAR Brewery,ROSA
"beer kind: Farmhouse Ale - Saison |description: Vörösboros hordóinkban egy éven át érleltük Imperial Saisonunkat szederrel, ribizlivel és meggyel, hogy a lehető legtöbb ízt és illatot átvéve igazi hidat képezzen bor és sör között. Száraz, testes, mégis gyümölcsös ínyencségről van szó – bár nem a hagyományos sörös vonalba illik, mi hisszük, a sör ilyen is lehet! |ABV: 11.0 |IBU: 10 |rating: 3.72",FIRST Craft Beer,Phobetor
beer kind: Farmhouse Ale - Saison |description: French Saison dry hopped with Nelson sauvin hops.  |ABV: 6.1 |IBU: N/A |rating: 3.68,Brew Your Mind,Saison ONE
beer kind: Farmhouse Ale - Saison |description: NZ Dry Hopped New Wave Saison with our friends at ARPUS BREWING from Latvia |ABV: 6.2 |IBU: N/A |rating: 3.65,Mad Scientist,Erlenmeyer Bong
"beer kind: Farmhouse Ale - Saison |description: tentative series 01Not all will succeed first, try again, but not so hard. The road to success consists of attempts, however this presses on towards to reach the end. The beer is a one-time brew release and made for the way of development |ABV: 8.6 |IBU: 40 |rating: 3.65",Zentus Craft Beer,Don't Try So Hard 01
"beer kind: Farmhouse Ale - Saison |description: A Sailor's Grave Co. ausztrál főzdével nagyot gondoltunk és alkottunk egy ausztrál komlókkal (Ella és Eclipse) megtolt Saisont. With the Australian brewery, Sailor's Grave Co., we thought its a great idea to push the boundaries of a Saison by dry-hopping it with a good amount of Australian hops (Ella and Eclipse). Cheers mate! |ABV: 5.5 |IBU: N/A |rating: 3.64",Fehér Nyúl,Pacifiction
"beer kind: Farmhouse Ale - Saison |description: D. az IPA-kat szereti, de inkább boros - érti is, szereti is.A saison meglepte.Világos, ropogós, ott a komló szőlős aromája, az élesztőfűszeressége; mint egy jó rizlingfröccs a diófa alatt. |ABV: 6.4 |IBU: 12 |rating: 3.64",Fehér Nyúl,Sanzon Rural
"beer kind: Farmhouse Ale - Saison |description: A strong saison fermented with fresh riesling must from our friends, the Strommer Vinery by the lake Balaton.  |ABV: 8.7 |IBU: 23 |rating: 3.61",Dimbo Lab,Riesling Saison 2017
"beer kind: Farmhouse Ale - Saison |description: Blackcurrant infused SaisonFeketeribizli velő hozzáadásával készült vörös sörÖtödik SéfSörként az egri Macsinka János séf (Macok Bisztró) egy feketeribizlis saison elkészítésére inspirálta sörfőzőmestereinket. Az így létrejött különlegesség, a mck #brumbeer blackcurrant saison jelképértékű is: vörös színével és finom, boros utánérzésével tisztelgés az Egri Bikavér legendája előtt. |ABV: 6.5 |IBU: 15 |rating: 3.61",Zip's Brewhouse,Mck Brummbeer
beer kind: Farmhouse Ale - Saison |description: Classic Summer Saison - The Mad Scientist brewlab series |ABV: 5.4 |IBU: 26 |rating: 3.61,Mad Scientist,Saison 15
"beer kind: Farmhouse Ale - Saison |description: A collaboration with Talfryn from London Fields Brewery aiming to seize the essence of modern Hungarian flavours. The saisons refresingh notes are fortified with some elderflower and was aged in used Hungarian (Zierfandler) white wine barrels giving it a subtle twist. // A London Fields Breweryvel készített saisonunkhoz bodzát adtunk és 5 hónapig fehérboros (Cirfandli) hordóban pihentettük, hogy egy egészen friss, csípős, gyümölcsös és fűszeres eredményt kapjunk.  |ABV: 5.0 |IBU: N/A |rating: 3.61",HORIZONT Brewing,Plucking Elderflowers (White Wine Barrel Aged)
beer kind: Farmhouse Ale - Saison |description:  |ABV: 5.0 |IBU: N/A |rating: 3.6,Guri Sörfőzde,Belga Saison
"beer kind: Farmhouse Ale - Saison |description: Legújabb sörünk kiváló döntés, ha kicsit hidratálnál a masszívabb fekete sörök után. A Stay Hibrated! egy belga élesztővel jó szárazra erjesztett, frissítő, könnyed hibiszkuszos Saison, melyben a gyümölcsösség és a fűszeres észterek remek egyensúlyban vannak. Hallertauer Blanc és Citra komlókkal hidegkomlózva, és meleg- és hidegoldalon hibiszkusz virággal ízesítve az izgalmas felfrissülés garantált. --Stay Hibrated! The newest member of our team, is a light bodied, dry finished refresher. A Belgian-style Saison with a hint of hibiscus flower, dry hopped with Hallertauer Blanc and Citra hops.  |ABV: 6.0 |IBU: 21 |rating: 3.6",SIMA brewing,Stay Hibrated!
beer kind: Farmhouse Ale - Saison |description:  |ABV: 6.5 |IBU: N/A |rating: 3.59,Reketye Brewing Co.,Szegfű Borso Zoltán?
"beer kind: Farmhouse Ale - Saison |description: Olyan jól sikerült az első közös főzésünk a KEG Sörművházzal, hogy az folytatásért kiáltott.Ezúttal kockáztattunk, egy zöldséges saison sörrel.Bloody Mary ihlette saison sör – ez áll a címkén sörtípus gyanánt. A név önmagáért beszél: az alap sörösszetevők mellé igen sok cherry paradicsom, szárzeller, fekete- és zöldbors került a lébe, amelyet az erjedés után még alaposan meg is hidegrozmaringoztunk.Recipe: Zentus & KEG Crew (Áron Donáth Dániel Incze) |ABV: 7.0 |IBU: 15 |rating: 3.58",Zentus Craft Beer,Checking To the Head Or Neck
beer kind: Farmhouse Ale - Saison |description:  |ABV: 7.0 |IBU: 27 |rating: 3.58,Mad Scientist,Bière De Miel
"beer kind: Farmhouse Ale - Saison |description: French for ""season"", this light-colored, traditional, pastoral ale-style beer originates from the experiences  of the brewer while traveling in Belgium. Saison's traditionally are light-bodied, dry and spicy goodness. But why call it ""Fresh"", you might ask? Because what makes something fresher than Thai Basil, lemongrass and lemon peel? This is our twist on a ""season"" beer which is great for all seasons! Santé mes amies! |ABV: 5.5 |IBU: 26 |rating: 3.57",TIMCO Brewing,FRISS
beer kind: Farmhouse Ale - Saison |description: Lovely saison with kardamom fermented with house saison yeast.  |ABV: 4.5 |IBU: 30 |rating: 3.57,Reketye Brewing Co.,Madame Giselle On The Casting Couch
"beer kind: Farmhouse Ale - Saison |description: Egy könnyű, amarillóval és citrával hidegkomlótozott witbier Farmhouse stílusú újraértelmezése.A vallóniai eredetű típus és a belga búzasör egyvelege üdítően visszaadja a vidéki hangulatot, szalmaszőke színével, száraz testével méltó kísérője a frissítő őszi estéknek. |ABV: 4.5 |IBU: N/A |rating: 3.56",FIRST Craft Beer,Farmhouse White Ale
"beer kind: Farmhouse Ale - Saison |description: A saison inspired by the fiery riffs of Haunt, brewed with the amazing Karel from White Stork. Tangerine everything: tangerine colored saison with added tangerine and Mandarina Bavaria hops for the full experience. Drink it and rise like a phoenix! |ABV: 5.5 |IBU: N/A |rating: 3.56",HORIZONT Brewing,Burst Into Flame
beer kind: Farmhouse Ale - Saison |description: Sichuan Pepper Infused Saison |ABV: 5.0 |IBU: N/A |rating: 3.54,Mad Scientist,Tingle Kringle
beer kind: Farmhouse Ale - Saison |description:  |ABV: 5.9 |IBU: 35 |rating: 3.54,Hara’Punk Brewing,Monkey Funky
"beer kind: Farmhouse Ale - Saison |description: Csavar a klasszikus stíluson, ez a kísérleti saison uborkával, lime-al és rózsaborssal lett fűszerezve.A twist on the classic style, this experimental saison is spiced with cucumber, lime and pink pepper. |ABV: 4.4 |IBU: N/A |rating: 3.54",Fehér Nyúl,Oasis
"beer kind: Farmhouse Ale - Saison |description: A collaboration with the fine Lisicza winery from Hungary. We used their fresh rosé must during fermentation, also adding a hint of strawberry to enhance flavors and aromas. The outcome is a fresh, dry, zesty beer with color reminiscent of cherryflowers. A lot of red berry notes in the nose, a real treat for the rosé lovers. // Ez a sör egy különleges együttműködés a HORIZONT és a Lisicza Borház között. Rozé ihlette saison típusú sörünkhöz a Lisicza legfrisebb mustját használtuk, hogy egy igazán izgalmas ízkombinációt kapjunk. A végeredmény egy száraz, üde, ropogós sör, színe a barack- és a cseresznyevirág között játszik, illatában piros gyümölcsök, eper és a saison fűszeressége viszi a prímet. Egy igazi csemege a rosé-k kedvelőinek! |ABV: 5.0 |IBU: N/A |rating: 3.53",HORIZONT Brewing,Rozé Saison
"beer kind: Farmhouse Ale - Saison |description: A MONYO Brewing Co. bemutatja a Black Alligatort, a könyörtelen ragadozót. A sör alapja egy hagyományos saison, amelynek fűszeres karakterét a három fajta élesztő mellett a boróka és az Alligator Pepper teszi egyedivé. Utóbbi egy különleges nyugat-afrikai borsfajta, amely egyszerre ad enyhén csípős és citrusos ízeket a sörnek. A színe sötét, mint az aligátor bőre, de a klasszikus pörkölt malátás ízjegyeket mellőzi. |ABV: 9.0 |IBU: 26 |rating: 3.53",MONYO Brewing Co.,Black Alligator
"beer kind: Farmhouse Ale - Saison |description: Ez a sörkategória a belga földművesek kedvenc frissítője volt a múltban. Szezon ALE-ünk egy kellemes nyári ívó sör. Erőssége szokványos, nem túlzott, gyümölcsössége dominál. A vadélesztővel érlelt sörünk egy igazi különlegesség, legalább is a magyar ""szokás sörökhöz"" képest. |ABV: 6.0 |IBU: N/A |rating: 3.52",Bors Serfőzde,Will Scarlet
beer kind: Farmhouse Ale - Saison |description: Saison with lemongrass. |ABV: 5.0 |IBU: 15 |rating: 3.52,Vaskakas Brewing,Sunshine Reggae
"beer kind: Farmhouse Ale - Saison |description: Egy izgalmas kollaboráció a holland Van Moll sörfőzdével ez a belga saison stílusú, világos és fűszeres sör. Édesköménymag, édes narancshéj, narancsvirág, szecsuáni bors, valamint egy csipet koriandermag adják a sör fűszeres komplexitását. Az extra karakter érdekében Sorachi Ace komló került bele, amely kapros és gyógynövényes aromájáról ismert.--An exciting collaboration with Dutch brewery Van Moll, this bright and spicy saison. Fennel seeds, sweet orange peel, orange blossom, Sichuan pepper, and a touch of coriander seed create a layered, aromatic complexity. For an extra dimension, we used Sorachi Ace hops, known for their distinctive dill and herbal notes. |ABV: 6.0 |IBU: 20 |rating: 3.52",HORIZONT Brewing,Endless Marathon
"beer kind: Farmhouse Ale - Saison |description: Eredetileg sörfőzdénk negyedik születésnapjára főztük ezt a kétféle szamorodnis hordóban érlelt brettes saisont, de a magas érlelési potenciál miatt úgy döntöttünk, hogy az üvegek egy részét visszatartjuk.Most viszont úgy érezzük, hogy a csúcson van: a stílusra jellemző fűszeres, borsos jegyekkel rendelkező alapsört a hordók tölgyfás jegyein túl, a szamorodni bodzás és ananászos gyümölcsössége, valamint a brett istállós, lópokrócos karaktere egészíti ki.  A végeredmény különösen elegáns, ásványos és rendkívül száraz, ideális frissítője a meleg nyári napoknak.-----We originally brewed this double szamorodni wine barrel aged brett saison with for the fourth anniversary of our brewery, but we’ve decided to cellar a part of the bottles for an additional year and a half to see how it continues to evolve with the passing time.We’re now feeling that it’s time to present how it developed since you’ve last tasted it. Layers of pepper and earthy characteristics from the saison yeast and the brett that play nice with the woody, oaky notes for the barrel, aging and the pineapple- and elderflower-like flavors of the szamorodni wine. With a bone-dry finish, it’s the ideal summer sipper. |ABV: 6.3 |IBU: 15 |rating: 3.51",MONYO Brewing Co.,Brewing After Sex Is Very Relaxing.
beer kind: Farmhouse Ale - Saison |description: Kísérleti saison tetemes mennyiségű szecsuáni bors hozzáadásával.Experimental saison with Sichuan pepper. |ABV: 5.7 |IBU: 21 |rating: 3.51,Fehér Nyúl,Szechuan Season
"beer kind: Farmhouse Ale - Saison |description: Ahogy a főnixmadár a halálból feltámadva új erőre kel, úgy kezdünk neki mi is 2021-nek! Az új élet pedig új kihívásokra vár: összeraktunk hát egy főzőháznyi gyümölcskosarat - egy fűszeres, észteres, száraz saisonba csomagoltunk megggyet, szedret és ribizlit, hogy egy fanyar, száraz különlegességet hozzunk létre. |ABV: 11.0 |IBU: 10 |rating: 3.48",FIRST Craft Beer,Season of the Phoenix
beer kind: Farmhouse Ale - Saison |description:  |ABV: 4.5 |IBU: 15 |rating: 3.48,Superside Brewery,Berryside
beer kind: Farmhouse Ale - Saison |description: Citrus Infused Saison |ABV: 5.0 |IBU: N/A |rating: 3.47,Mad Scientist,Zest Contest
"beer kind: Farmhouse Ale - Saison |description: HIDDEN JAM strawberry - rhubarb belgian saison 5,3% collab w/ Edge Brewing, TuffBuzz, Black Horn BrewingIn this attempt, a classical style is being put in a modern environment. A common beer is transformed to ""craft"". It is a challenge to add any extra ingredients to the impressive character of the saison yeast. It is so dominant in style that you can't dominate it, it is only possible to go along with it with a complimenting addition. Anyway we added strawberries and rhubarb until we have spent an amount close to a second hand Suzuki, and hoped for the best.  |ABV: 5.3 |IBU: 27 |rating: 3.47",Mad Scientist,Hidden Jam
"beer kind: Farmhouse Ale - Saison |description: Megérkezett az Első Magyar Házisörfőző Egyesülettel közösen készített Saisonunk!Egykori adatok szerint a kraft sörfőzdék alapítóinak a 90%-a házisörfőzőként kezdte az ipart. Nincs ez máshogy nálunk, a MONYO-nál sem. Ahogy említettük már korábban, Németh Anti, a főzdénk egyik alapítója is otthon kezdte a főzést a konyhában néhány lábosban.Ennek tiszteletére készítettük ezt a kollab sört, méghozzá úgy, hogy a tavalyi verseny győztes receptjét lefőztük “nagyban”. Most TE is megkóstolhatod ennek az együttműködésnek a gyümölcsét, ugyanis amíg májusban nálunk zajlott a jubileumi X. Nemzetközi Házisörfőző Verseny, addig ez a sör bizony ott rotyogott a főzőüstünkben.A Home Alone In Sichuan recepjét Szabó Karcsi jegyzi és egy szecsuáni borsos Saison. Borostyánszínű balanszos ital, amelyben a szecsuáni bors íze nem tolakodó, hanem szép összhangban van a sörrel. Könnyed, kevésbé észteres, igazi ivós ""belga"", ami kiválóan oltja a szomjad a nagy nyári melegben. |ABV: 6.6 |IBU: N/A |rating: 3.46",MONYO Brewing Co.,Home Alone In Sichuan
beer kind: Farmhouse Ale - Saison |description: Easy drinkin' summer Saison with cucumber and kaffir lime leaves. Collaboration brew with the one and only Cerveses La Pirata! :) |ABV: 5.6 |IBU: 7 |rating: 3.42,MONYO Brewing Co.,Afterparty
beer kind: Farmhouse Ale - Saison |description:  |ABV: 4.5 |IBU: 21 |rating: 3.38,Zirci Apátsági Manufaktúra,Alevation Saison
beer kind: Farmhouse Ale - Saison |description:  |ABV: 5.0 |IBU: N/A |rating: 3.31,Zirci Apátsági Manufaktúra,Piperitum Mobile
"beer kind: Festbier |description: A Feszt Október minden kortya a müncheni Oktoberfest népünnepélyét, a világ egyik legnagyobb sörfesztiváljának hangulatát idézi: roppanós bajor kolbászok, sörrel teli sátrak, zene és tánc hangulata szabadul ki minden palackból. Sörünk egy kenyeresen malátás, aranyló ropogós bajor oktoberfest stílusú lager. Minden kortya legalább annyira különleges, mint maga az Oktoberfest és annak összetéveszthetetlen sörei. |ABV: 6.0 |IBU: 20 |rating: 3.61",Szent András Sörfőzde,Feszt Október
"beer kind: Festbier |description: Egy klasszikus német festbier, nagyon extra csavarral, ugyanis a sört amerikai tölgyfacsipszen pihentettük, hogy nagyon kellemes, fás-vaníliás ízvilággal egészítsük ki a jellemzően malátás, festbier-es ízjegyeket. Ez a sör kizárólag hordóban, partnereinknél kapható, LIMITÁLT MENNYISÉGBEN, az Octoberfest alkalmából.  |ABV: 5.1 |IBU: N/A |rating: 3.6",HORIZONT Brewing,Horizont - Oaktoberfest (KEG ONLY)
"beer kind: Festbier |description: Casanova még nem ismerte az igazi csábítás titkát.Pedig a recept egyszerű: egy kis vörös must és egyjó, német láger. Ez minden asszony álma? |ABV: 5.9 |IBU: 28 |rating: 3.55",Fehér Nyúl,Creeping Ivy
"beer kind: Festbier |description: We get together every year, wherever we come from. We dance on the benches, hold the heavy jugs and we are getting used to this music slowly. |ABV: 5.9 |IBU: N/A |rating: 3.48",Fehér Nyúl,Festive Fever
"beer kind: Fruit Beer |description: Your healthy dose of fruits for the Winter as it's not something light and easy ""lemonadish"", but strong and thick. Guava is very dominant so a crazy amount of strawberries were needed to compensate the flavor with a tiny twist of pistachio to close the composition. We've had this recipe for a long time, but we've always felt it was too expensive and insane for the market. Let's see how it turns out now! |ABV: 6.7 |IBU: 45 |rating: 3.77",Mad Scientist,Morpheus
beer kind: Fruit Beer |description:  |ABV: 7.0 |IBU: 60 |rating: 3.74,Mad Scientist,WildCard
beer kind: Fruit Beer |description: Cottage Rudolph (túró rudi) style fruity ale  |ABV: 7.6 |IBU: N/A |rating: 3.66,HopTop Brewery,Cottage Rudolph
beer kind: Fruit Beer |description: This is a very strong and unique tripel trappist style beer with some fruits. love. |ABV: 8.2 |IBU: N/A |rating: 3.63,Legenda Sörfőzde,Tripla Meggy
beer kind: Fruit Beer |description: Sweet and tasty |ABV: 4.5 |IBU: N/A |rating: 3.62,Fóti Kézműves Sörfőzde,Spíler Cherry
"beer kind: Fruit Beer |description: Yellowish, slightly hazy ale beer resembling a fruity t.rudi. Its alcohol content is 5%, which is lower than its predecessor, but it goes well with the extra character provided by pistachios. The aromas are slightly citrusy with a silky sweetness provided by lactose.  |ABV: 5.0 |IBU: N/A |rating: 3.62",HopTop Brewery,Pistachio Cottage Rudolph
beer kind: Fruit Beer |description:  |ABV: 4.8 |IBU: N/A |rating: 3.61,Legenda Sörfőzde,Meggy
beer kind: Fruit Beer |description:  |ABV: 4.5 |IBU: N/A |rating: 3.61,Világ Sörei By FIRST,Pireneusi Málnás Búzasör
beer kind: Fruit Beer |description: Side Of Nature. Mango- Gingerthe best combintaion for herbs and fruits. Taste like the wildlife in capital. |ABV: 6.5 |IBU: N/A |rating: 3.6,Superside Brewery,Mauritania
beer kind: Fruit Beer |description:  |ABV: 5.0 |IBU: N/A |rating: 3.6,Parabolic Lazarus Brewery,Cherry Ale
beer kind: Fruit Beer |description: Vörös kveik gyümölccsel (meggyes) |ABV: 4.2 |IBU: 16 |rating: 3.6,Zentus Craft Beer,Ruby Cher
"beer kind: Fruit Beer |description: Strawberry Brut Ale. Collaboation brew with the hungarian rock band, Ivan & The Parazol. |ABV: 4.6 |IBU: N/A |rating: 3.6",MONYO Brewing Co.,Exotic Post Traumatic
beer kind: Fruit Beer |description: Szilvavelő ágyra fejtett pilseni típusu láger sör. |ABV: 5.0 |IBU: N/A |rating: 3.6,Guri Sörfőzde,Szilvás
"beer kind: Fruit Beer |description: Imperial fruited Kveik Ale w/ red grapes, elderberry and lactose |ABV: 9.2 |IBU: N/A |rating: 3.6",SIMA brewing,Sir Eldergrapes
beer kind: Fruit Beer |description: Meggysör |ABV: 4.5 |IBU: 8 |rating: 3.59,Fóti Kézműves Sörfőzde,Fruit Garden - Meggy
beer kind: Fruit Beer |description:  |ABV: 5.2 |IBU: N/A |rating: 3.58,Sümegi Sörfőzde,Sárgabarackos Búza
beer kind: Fruit Beer |description:  |ABV: 3.3 |IBU: N/A |rating: 3.57,Stari Sör,Epres álom
beer kind: Fruit Beer |description: Strawberry Weizen! |ABV: 3.2 |IBU: N/A |rating: 3.57,MONYO Brewing Co.,Strawberry Crab
"beer kind: Fruit Beer |description: Ezt az élénkítő főzetet aktív pihenéshez ajánljuk. A radlert egy német vendéglős találta fel, mikor a hirtelen nagyra nőtt biciklis tömeg miatt gyorsan fogyó sörhöz limonádét adott. Persze nem kell sportolónak lenni, hogy élvezni tudjunk egy jó radlert, fűnyírás mellé is kiváló. Sőt a pohár emelgetése is testmozgásnak számít. |ABV: 4.2 |IBU: N/A |rating: 3.57",Viharsarok Sörfőzde,Zöldalma
beer kind: Fruit Beer |description:  |ABV: 4.2 |IBU: 12 |rating: 3.57,Pannonhalmi Főapátság Sörfőzde,Meggy Ale
"beer kind: Fruit Beer |description: Új taggal bővül az állandóan elérhető söreink csapata!A Hős visszatért, de ezúttal az érett mangócskákat veszi védelmébe. Ez a mango ale szintén nem egy szirupos szuperhős történet, csak tiszta, igazi gyümölcs és egy jó ale kombója, készen arra, hogy megmentse az estéd!Kóstold meg a rengeteg valódi mangóból főzött Mango Hero-t, amely olyan mintha egy érett mangóba harapnál. Kissé krémes kortyérzete és a gyümölcs édes-fanyarkás íze remekül harmonizál a klasszikus ale típusú sörrel. |ABV: 4.5 |IBU: 7 |rating: 3.56",MONYO Brewing Co.,Mango Hero
"beer kind: Fruit Beer |description: A little bit sweeter version of the original Tropical Swinger Club with less alcohol content. A real flavor explosion, the tropical fruitiness dominates the flavor, while not losing the real beer character. |ABV: 4.5 |IBU: 35 |rating: 3.56",HopTop Brewery,Tropical Swinger Summer
"beer kind: Fruit Beer |description: Side Of Nature series. The best option for berry fruits. Here you can find the Blackberry, Rasberry and some Sour cherry. Fruits for all. |ABV: 5.0 |IBU: 12 |rating: 3.56",Superside Brewery,Beary
beer kind: Fruit Beer |description:  |ABV: 6.0 |IBU: N/A |rating: 3.56,LöWOLF Craft Beer Co.,Fruuthie-Smoothie Hurricane
beer kind: Fruit Beer |description: There is No Planet B. |ABV: 4.3 |IBU: N/A |rating: 3.55,MONYO Brewing Co.,Toxic Mango
"beer kind: Fruit Beer |description: Búzasör áfonyával? Úttörő áfonyás kraftsörünk igazi különlegesség az első pillanattól fogva! Frissítően fanyar íze és áfonyakék színe már előre jelzik: bonts meg egyet, ha üdítően gyümölcsös, mégis lazítóan sörös élményre vársz!Wheat beer with blueberries? Our pioneering blueberry krafts is a real speciality from the moment you first taste it! With a refreshingly tart taste and blueberry-blue colour, you'll know you're in for a refreshingly fruity yet relaxing beer experience. |ABV: 4.5 |IBU: N/A |rating: 3.55",FIRST Craft Beer,Blueberry Ale
beer kind: Fruit Beer |description:  |ABV: 5.0 |IBU: N/A |rating: 3.55,Szarvasi Kézműves Sörfőzde,Szarvasi Sörmester Meggyes Mámor
beer kind: Fruit Beer |description: Sour cherry ale |ABV: 5.0 |IBU: N/A |rating: 3.54,Szarvasi Kézműves Sörfőzde,Meggyes Favágó
"beer kind: Fruit Beer |description: A nap lement, de koránt sincs csend,mert egy korty után az égbe kiáltjuk,hogy az igazi meggysört végre megtaláltuk!A Napnyugta elkerüli korunkmeggysöreinek minden buktatóját.Tiszta színű, harmonikus, valódi. Egyfanyar, gyümölcsös sör, ami nemfelejtett el sörnek lenni. |ABV: 4.1 |IBU: N/A |rating: 3.54",Viharsarok Sörfőzde,Napnyugta
"beer kind: Fruit Beer |description: MONYO x Carson Coma hivatalos collab sör, rengeteg birsalmalével főzve. |ABV: 4.1 |IBU: N/A |rating: 3.54",MONYO Brewing Co.,MONYO X Carson Coma - Zsibongó 2021
beer kind: Fruit Beer |description:  |ABV: 4.8 |IBU: N/A |rating: 3.54,Legenda Sörfőzde,Sárgabarack
beer kind: Fruit Beer |description: Könnyű gyümölcsös láger sör. |ABV: 4.5 |IBU: N/A |rating: 3.53,Guri Sörfőzde,Meggyes
beer kind: Fruit Beer |description:  |ABV: 5.0 |IBU: N/A |rating: 3.53,Sümegi Sörfőzde,Gyömbér-Lime
beer kind: Fruit Beer |description:  |ABV: 7.0 |IBU: 13 |rating: 3.53,FIRST Craft Beer,Double Cherry
beer kind: Fruit Beer |description: Cherry flavoured variant of Ír Vörös Sör |ABV: 5.0 |IBU: 13 |rating: 3.52,Szarvasi Kézműves Sörfőzde,Vörös Meggyes
beer kind: Fruit Beer |description: Tisztán görögdinnyelével cefrézett saison.we mashed in a tonn of melons. no really literally...no water in this beer. crazy |ABV: 6.0 |IBU: 20 |rating: 3.52,Reketye Brewing Co.,Melonade
"beer kind: Fruit Beer |description: Fantasztikusan meggyes sörünk alapja egy hagyományos belga búza sörkülönlegesség – ezt formáltuk fanyar illatú, burgundivörös, érett és zamatos gyümölcsös kraftsörré. Hiszen nálunk nincs megalkuvás: gyümölcsös söreink is a legjobb kraftfőzés hagyományai szerint készülnek!Our fantastic sour cherry beer is based on a traditional Belgian wheat speciality beer - we've transformed it into a tart, burgundy-red, ripe and juicy fruity krafts beer. Because we don't compromise: our fruit beers are also brewed in the best craft brewing tradition! |ABV: 4.5 |IBU: 13 |rating: 3.52",FIRST Craft Beer,Belgian Cherry
beer kind: Fruit Beer |description: cherry beer |ABV: 4.2 |IBU: 18 |rating: 3.52,hübris,müggy
"beer kind: Fruit Beer |description: A nagy sörforradalom és a gyümölcsös sörök évről-évre növekvő palettájából nem maradhatott ki ezen ázsiai szerelemgyümölcs hozzáadásával készített különlegesség. A licsi gyümölcs mind ízében, mind illatában jól passzol a sörhöz, vonzóvá varázsolja az italt. A gyümölcsös jegyek minden kortyában jól dominálnak, nyári melegben egy kimondottan kellemes, egzotikus szomjoltó. Alkoholtartalma 5,5%. |ABV: 5.5 |IBU: N/A |rating: 3.52",Gyertyános Sörfőzde,Licsi
"beer kind: Fruit Beer |description: Üdítően frissítő, könnyed gyümölcsös sör, melyben először a meggy harsány zamata dominál, majd gyümölcs édessége és buja fanyarsága felváltva jelenik meg a kortyokban. |ABV: 4.0 |IBU: N/A |rating: 3.52",Félegyházi Sörműhely,Meggyes
"beer kind: Fruit Beer |description: Ez a magas gyümölcstartalmú, kékáfonya és tőzegáfonya felhasználásával készült Áfonyás Ale tökéletes harmóniája az édes és a savanykás ízeknek, literenkénti 150 grammos gyümölcstartalmával pedig pont olyan, mintha gyümölcsbe harapnál. Egy vízparti pihenéshez, napsütéses piknikhez, vagy egy könnyed nyári desszert mellé is tökéletes kiegészítő.This highly fruity Áfonyás Ale (Blueberry and Cranberry Ale) is the perfect harmony of sweet and sour flavors, and with a fruit content of 150 grams per liter, it’s just like biting into a fruit. It is a great option during a waterfront holiday, a sunny picnic, but it is also a perfect choice with a light summer dessert. |ABV: 4.0 |IBU: 10 |rating: 3.52",Szent András Sörfőzde,Áfonyás Ale
"beer kind: Fruit Beer |description: Indul a ribizliszezon! Ez a könnyen iható, nyárias felsőerjesztésű gyümölcsös Ale valódi ribizlisűrítménnyel készült. Világos rózsaszínű, íze mint a friss és enyhén fanyar ribizlilekváré, ami jól kiegészíti az Ale tónusait és felfrissít a hőségben. ?Összetevők: víz, árpamaláta, ribizlisűrítmény (víz, cukor, gyümölcssűrítmény, étkezési sav: citromsav, aszkorbinsav, aroma, tatósítószerek: kálium-szorbát, kálium-metabiszulfit, színezék), komló, élesztő, kálium-szorbát |ABV: 4.2 |IBU: N/A |rating: 3.51",Viharsarok Sörfőzde,Ribizli
"beer kind: Fruit Beer |description: Gondolták volna, hogy a tradicionális magyar gyümölcsből sör is készíthető? A pils típusú sört szilvaágyon érleljük, és a végeredmény egy, a szomjúságot kiválóan csillapító ital.Ahogy a poharat az orrunkhoz emeljük, érezzük a hamvas szilva kellemes illatát. A sör 2016 februárjában a csehországi nemzetközi Aranypecsét Sörversenyen aranyérmet szerzett. |ABV: 3.3 |IBU: N/A |rating: 3.51",Stari Sör,Hamvas
"beer kind: Fruit Beer |description: Cloudy golden to orange colour, some off white head ; aroma is dominated by apple with some citruses |ABV: 4.8 |IBU: N/A |rating: 3.51",Legenda Sörfőzde,Birs Sör
beer kind: Fruit Beer |description:  |ABV: 6.5 |IBU: N/A |rating: 3.51,UGAR Brewery,Cherry Speedo
beer kind: Fruit Beer |description: Grapefruit Ale.Low Alcohol.Exclusive Edition for SPAR. |ABV: 3.5 |IBU: N/A |rating: 3.51,FIRST Craft Beer,Cute Grapefruit
"beer kind: Fruit Beer |description: Valódi ritkaság, amely nemcsak látványában, de ízvilágában is egyedülálló élményt nyújt a gyümölcssör szerelmeseinek.A 30%-os gyümölcstartalomnak köszönhetően színe a fekete ribizli pirosas-lilás színét hozza, utánozhatatlan édes-fanyar ízével pedig elcsábítja a szomjukat csillapítani vágyókat. |ABV: 3.3 |IBU: N/A |rating: 3.5",Stari Sör,Feketeribi
beer kind: Fruit Beer |description: Szűretlen belga stílusú meggyes ízesítésű búzasör. |ABV: 4.7 |IBU: 13 |rating: 3.49,Synthesis,Meggyes
beer kind: Fruit Beer |description:  |ABV: 4.8 |IBU: N/A |rating: 3.49,Legenda Sörfőzde,Áfonya
beer kind: Fruit Beer |description:  |ABV: 5.0 |IBU: N/A |rating: 3.48,Guri Sörfőzde,Ribizlis
beer kind: Gluten-Free |description: Gluten-Free West Coast IPA with Turkey's Pick Blend as a new one-off version of our core range gluten-free ipa POPSTAR |ABV: 6.5 |IBU: N/A |rating: 3.65,Mad Scientist,Funk Popstar
beer kind: Gluten-Free |description: Gluten-Free West Coast IPA with Galaxy hops as the 11th version of our core range gluten-free ipa POPSTAR |ABV: 6.0 |IBU: N/A |rating: 3.65,Mad Scientist,Galactic Popstar
"beer kind: Gluten-Free |description: Az alap ötlet az volt, hogy egy tényleg kesernyés, igazán komlós, az eddigiektől elétérő West Coast-ot rakjunk össze, egy nagyon ütős komlóprofillal. Na hát ez meg is történt, hiszen a Cascade-Chinook páros mellé bedobtuk a Sybilla nevű lengyel komlóvariánst.Ettől persze az alapvetően gyantás, fenyős, nagyon frissítő ízvilág kapott egy kis gyümis-citrusos, virágos tuningot.The idea was to create a truly bitter, intensely hoppy West Coast IPA with a standout hop profile—something different from what we've done before. And we nailed it! Alongside the classic Cascade-Chinook combo, we added Sybilla, a Polish hop variety.This addition gives the resinous, piney, and super-refreshing base a fruity-citrusy, floral boost.  |ABV: 6.0 |IBU: N/A |rating: 3.62",HORIZONT Brewing,Into the Timberstorm
"beer kind: Gluten-Free |description: A Midday igazi társad lesz a mindennapokban. Könnyed, frissítő és természetesen gluténmentes. A jellegzetes gyümölcsös ízekről pedig az újhullámos amerikai komlók nagyágyúi, a Citra, Mosaic és Warrior komlók gondoskodnak. Akár még napközben is belefér! |ABV: 5.0 |IBU: N/A |rating: 3.62",Ninka Project,Midday Pale Ale
beer kind: Gluten-Free |description: Manilita Single-Hop Gluten-Free West Coast IPA |ABV: 6.4 |IBU: N/A |rating: 3.61,Mad Scientist,NZ POPSTAR
"beer kind: Gluten-Free |description: 100% meggy. Fontosnak érezzük, hogy a gyümölcsös sörök kedvelőinek is tudjunk gluténmentes alternatívát adni - így született meg a Cherry Bomb. Igazi természetes, gyümölcsös íz, Pale Ale alapokon! Kóstold meg, nem fogsz benne csalódni! |ABV: 4.5 |IBU: N/A |rating: 3.59",Ninka Project,Cherry Bomb
beer kind: Gluten-Free |description: Nelson Sauvin Single-Hop Gluten-Free West Coast IPA |ABV: 6.4 |IBU: N/A |rating: 3.59,Mad Scientist,Jazz Popstar
beer kind: Gluten-Free |description: Kohatu Single-Hop Gluten-Free West Coast Ipa |ABV: 6.4 |IBU: N/A |rating: 3.58,Mad Scientist,Synthpop Star
beer kind: Gluten-Free |description: Gluten-Free West Coast IPA with Hungarian Cashmere hops as the 10th version of our core range gluten-free ipa POPSTAR  |ABV: 6.8 |IBU: N/A |rating: 3.58,Mad Scientist,Surf Popstar
beer kind: Gluten-Free |description: Southern Cross Single-Hop Gluten-Free West Coast IPA |ABV: 6.6 |IBU: N/A |rating: 3.57,Mad Scientist,Country Popstar
beer kind: Gluten-Free |description: Gluten-Free Citra-Simcoe Dry-Hopped Lageraka the love-child of our HELLES 50  50-days-helles and POPSTAR gluten-free IPA |ABV: 5.7 |IBU: N/A |rating: 3.57,Mad Scientist,Post Star Lager
"beer kind: Gluten-Free |description: Gluten-free single hop DIPA with Columbus, the abv is a bit higher than POPSTAR and we're thrilled to release a one-off version of our core range gluten-free IPA |ABV: 8.8 |IBU: N/A |rating: 3.54",Mad Scientist,K-Pop Star
beer kind: Gluten-Free |description: Gluten-free single hop west coast with Pacific Sunrise hops from New Zealand as a new one-off version of our core range gluten-free ipa POPSTAR |ABV: 6.2 |IBU: N/A |rating: 3.54,Mad Scientist,Indie Popstar
"beer kind: Gluten-Free |description: ""Loneliness is such a sad affair, And I can hardly wait to be with you again..."" Power to the Popstar, Simcoe is the name of the game, while we rebel together through the night one more time without the gluten holding us down! ""Come back to me again, And play your sad guitar"" |ABV: 6.3 |IBU: N/A |rating: 3.53",Mad Scientist,Powerpop Star
"beer kind: Gluten-Free |description: Gluten-free single hop Citra IPAThere's no biz, like showbiz. A super-nice single hop citra IPA from the MAD SCIENTIST core range that can easily be enjoyed even if you don't have any intolerancies. Crispy. Refreshing. Forget about the gluten, here comes the sun! |ABV: 6.0 |IBU: N/A |rating: 3.52",Mad Scientist,Popstar
"beer kind: Gluten-Free |description: Gluten-free West Coast IPA made with Hallertau Blanc, Cascade, Motueka and Columbus hops. |ABV: 6.0 |IBU: 36 |rating: 3.48",HORIZONT Brewing,Chillwave
"beer kind: Gluten-Free |description: Megérkezett az új, egész évben elérhető gluténmentes sörünk, a Grumpy Octopus!Ezt a sörünket már eddig is ismerhetted, azonban most egy erjedés alatti technológiai eljárásnak köszönhetően gluténmentesítettük. Ízben nincs különbség az elődjéhez képest, hiszen ugyanúgy árpamalátából készül.A Grumpy Octopus hivatalosan is gluténmentes terméknek számít. A mintát az akkreditált Bálint Analitika Laboratóriumban vizsgáltattuk be, ahol ELISA módszerrel határozták meg a glutén/gliadin tartalmat. Az Európai Unióban érvényes szabályozás szerint a 20mg/kg határérték alatti gluténtartalmú élelmiszer tekinthető gluténmentesnek, aminek a Grumpy Octopus megfelel. Minden egyes főzetet külön vizsgálatnak vetünk alá, így garantálva a gluténmentességet.Típusát tekintve egy 5.8%-os klasszikus West Coast IPA, amerikai (Colombus, Cascade, Centennial, Mosaic) komlókkal főzve, amelyek a citrusos, trópusi gyümölcsös aromákért felelősek. Intenzív komlós íz és az IPA-kra jellemző keserűség, száraz kortyérzettel jellemzi. |ABV: 5.8 |IBU: N/A |rating: 3.47",MONYO Brewing Co.,Grumpy Octopus (Glutenfree)
"beer kind: Gluten-Free |description: Almafröccsre vágysz, de legszívesebben söröznél? Nem kell választanod! Kóstold meg a nyár egyik slágerét, a Big Apple sörünket. Pale Ale 100% alma hozzáadásával! |ABV: 4.7 |IBU: N/A |rating: 3.44",Ninka Project,Big Apple
beer kind: Gluten-Free |description: Our first gluten-free fruit beer with a huge amount of mango. https://hoptop.hu/MANGOMAN-GLUTENMENTES-PALE-ALE-55 |ABV: 5.5 |IBU: 10 |rating: 3.32,HopTop Brewery,Mangoman
beer kind: Gluten-Free |description:  |ABV: 5.0 |IBU: 18 |rating: 3.06,Pécsi Sörfőzde,Pécsi Sör Bio Premium Lager
beer kind: Gluten-Free |description: Gluten-free premium lager |ABV: 5.0 |IBU: 18 |rating: 2.99,Pécsi Sörfőzde,Pécsi Prémium Lager Gluténmentes
"beer kind: Grape Ale - Other |description: Megérkezett az idei első Hungarian Terroir sörünk! Ahogy a Release Calendarunk-ban láthattátok idén négy új Hungarian Terroir tétellel jelentkezünk.A Hungarian Terroir kategóriát az olyan söröknek hoztuk létre, amik teljesen egyediek és megismételhetetlenek. Igazi gasztronómiai kuriózumok, amiből egy év alatt mindössze négy tétel debütál, ráadásul nagyon minimális és limitált darabszámban.Az idei első tételt a szekszárdi Vida Borbirtokkal közösen készítettük. A borászattól kapott kékfrankos szőlőtörkölyt és mustot használtuk fel a főzés során, a szőlőn található mikroorganizmusok pedig spontán erjesztették le a sörlevet.Ezután két évig szintén a borászattól kapott másodtöltésű kékfrankos hordókban érleltük ezt a sört. Így született meg ez az izgalmas hibrid ital funky-s, brettes, lambic-szerű jegyekkel, amelyben a kékfrankos gyümölcsössége is érvényesül. Kevesebb, mint 2000 palack készült belőle összesen. |ABV: 7.9 |IBU: N/A |rating: 3.82",MONYO Brewing Co.,Hungarian Terroir: Szekszárd Kékfrankos Barrel Aged Wild Grape Ale 2020
"beer kind: Grape Ale - Other |description: Megérkezett a legújabb Hungarian Terroir tétel. Ezúttal ismét a Villányi borvidékre látogattunk és Lelovits Tamással közösen hoztuk létre a Spontan Merlot 2018-at. A sört ezúttal is spontán erjesztettük le a Merlot szőlőhéjon található mikroorganizmusokkal, ráadásul az erjesztés is boroshordókban ment végbe. Az erjedés után további 2 évet pihent a sör a hordókban, az eredmény pedig egy szuper izgalmas wild ale lett. Kitöltve egy bronz színű, enyhén fanyar és savanykás italt kapunk, melynek illatában és ízében is a gyümölcsös-funky-s jegyek dominálnak egy kis fával a háttérben. Talán az eddigi legkiegyensúlyozottabb a tétel a szériából.---The newest member of the Hungarian Terroir series is here!This time we visited the Villány wine region once again and created the Spontan Merlot 2018 together with Tamás Lelovits. This beer was also fermented spontaneously with the microorganisms on the Merlot grape skins, and the fermentation ended in wine barrels. After the fermentation, the beer rested in the barrels for another 2 years, and the result is a super exciting wild ale.When poured, we get a bronze-colored, slightly astringent and sour drink, the aroma and taste are dominated by fruity-funky notes with a little wood in the background. Perhaps the most balanced item in the series so far. |ABV: 8.3 |IBU: N/A |rating: 3.74",MONYO Brewing Co.,Hungarian Terroir: Villány - Spontan Merlot 2018
"beer kind: Grape Ale - Other |description: A Hungarian Terroir szériánk első tagja a villányi Heumann Pincészettel kollaborációban valósult meg. Az általunk főzött malátahangsúlyos alapsört a tőlük kapott Syrah törköllyel oltottuk be, a szőlő héján található mikroorganizmusokra bízva az erjesztést. A leerjedt sört pedig szintén a pincészettől kapott használt Syrah barrique hordókba töltöttük, ahol nagyjából egy évet érlelődött a sör. A végeredmény illatában a funky-s, virágos jegyek, míg ízében a borszőlős és intenzív gyümölcsös aromák dominálnak. A kissé édeskésen induló kortyérzet végül egy fanyar, enyhén savanyú lecsengésbe torkollik. Kerek és könnyen érthető, szépen kiegyensúlyozott sör – borrajongóknak is.-----The first beer in our Hungarian Terroir series is a wild ale aged in Hungarian Syrah barrique red wine barrels from Heumann Winery for a year. Out of the bottle, Spontan Syrah pour deep amber red colour with a faint hue, announcing itself with bevy of wildflowers and an earthy funk. On the palate, flavours of jammy berries, wine grapes meld together with notes of woody oakiness. Medium-bodied and splendidly sour, Spontan Syrah’s crisp and pleasantly tart finish is underscored by an elegant minerality and bellini-like effervescence. |ABV: 8.1 |IBU: 10 |rating: 3.73",MONYO Brewing Co.,Hungarian Terroir: Villány - Spontan Syrah 2017
beer kind: Grape Ale - Other |description:  |ABV: 6.2 |IBU: N/A |rating: 3.72,MONYO Brewing Co.,"Surprise, Surprise - 8th Anniversary Barrel Aged Sauvignon Blanc Grape Ale With Mango"
"beer kind: Grape Ale - Other |description: A Hungarian Terroir szériánk ötödik tagja a Bodrog Borműhellyel kollaborációban valósult meg. Tőlük kaptunk kései szüretelésű édes furmint törkölyt, ami valójában a Mesés névre hallgató boruk alapja. Ezzel oltottuk be az általunk főzött malátahangsúlyos alapsört, a szőlő héján található mikroorganizmusokra bízva az erjesztést. A végeredmény egy klasszikus erős belga ale lett, prosecco-szerű száraz kortyérzettel, amiben a furmintra jellemző mézes, aszalt gyümölcsös íz- és illatjegyek, valamint gyümölcsös (érett alma és körte) észteresség dominál, némi belga élesztős fűszerességgel kiegészülve. Erős és komplex, igazi „egészestés” különlegesség.--The fifth beer in our Hungarian Terroir series is a Belgian strong ale brewed in collaboration with Bodrog Borműhely Winery. Inviting aromas of dried fruits, wildflower honey and vanilla swirl to the nose and excite the palate. Deep flavors of perfectly ripe apples, pears and molasses build on the palate and are lengthened with each sip by candied raisin, punch and the distinct spiciness of the Belgian saison yeast. Hearty and complex with a medium body and prosecco-like dry finish, this Belgian strong ale is ideal for capping off a special evening spent with your loved ones. |ABV: 8.6 |IBU: N/A |rating: 3.7",MONYO Brewing Co.,Hungarian Terroir: Bodrog Borműhely - Belgian Strong Ale 2018
beer kind: Grape Ale - Other |description:  |ABV: 8.4 |IBU: N/A |rating: 3.7,MONYO Brewing Co.,Hungarian Terroir: Villány - Oak Aged Cabernet Franc Imperial Stout 2021
"beer kind: Grape Ale - Other |description: Megérkezett a Hungarian Terroir széria legújabb, nyári tagja!A sorozat történetében először látogattunk a Balatoni borrégióba, ahol a Kristinus Borbirtokkal közösen alkottuk meg ezt az izgalmas, nem mindennapi sört. Egy fahordóban érlelt Terroir, ahol a Sauvignon Blanc kapja a főszerepet. A Kristinustól kapott mustot együtt erjesztettük le a sörlével, amit aztán közel egy évig fehérboros fahordókba tettünk érni. A végeredmény a többi Terroir-hoz hasonlóan nagyon különleges és egyedi.Gyönyörű arany szín, illatában sok kajszibarack, enyhe levendula, némi funky jegyekkel, használt fehérboros hordó. Ízében nagyon visszafogott savasság, némi malátás karamell. Alacsony szénsavtartalmú, dőlnek a sárgabarack és körte jegyek. Elegáns, kiegyensúlyozott, mint egy gueuze.Határozottan kipróbálnánk kéksajttal, esetleg egy Bleu d'Auvergne-el. |ABV: 6.7 |IBU: N/A |rating: 3.7",MONYO Brewing Co.,Hungarian Terroir: Balatonboglár - Barrel Aged Sauvignon Blanc Grape Ale 2021
"beer kind: Grape Ale - Other |description: A Hungarian Terroir szériánk harmadik tagja a tokaji Gizella Pincével kollaborációban valósult meg. Az általuk főzött malátahangsúlyos alapsört a tőlük kapott hárslevelű szőlőtörköllyel oltottuk be, a szőlő héján található mikroorganizmusokra bízva az erjesztést. A végeredmény rendkívül szépen hozza a terroirra jellemző ásványosságot, visszafogott fehérboros-borszőlős ízjegyekkel és friss gyümölcsösséggel, valamint kellemesen savanykás lecsengéssel. Mondhatni a Spontan Syrah könnyedebb, áramvonalasítottabb párja.--The third beer in our Hungarian Terroir series is an American wild ale brewed in collaboration with Gizella Winery from Tokaj. Sweeping aromas of white grape-juice, vibrant citrus, peach and stum continue seamlessly to the flavor of white wine, spice, wine grapes and an earthy minerality, and also carry subtle notes of wood character. With it’s elegant structure, pleasant tartness and light body, it’s like the younger brother of our Spontan Syrah. |ABV: 5.4 |IBU: N/A |rating: 3.67",MONYO Brewing Co.,Hungarian Terroir: Gizella - Spontan Hárslevelű 2018
"beer kind: Grape Ale - Other |description: A Hungarian Terroir szériánk negyedik tagja a szekszárdi ifjabb Márkvárt Jánossal kollaborációban valósult meg. Az általunk főzött malátahangsúlyos alapsört a tőle kapott kadarka törköllyel oltottuk be, a szőlő héján található mikroorganizmusokra bízva az erjesztést. A végeredmény nagyon hasonlít a Villány – Spontan Syrah 2017-hez: ennek az illatában is ott vannak a funky-s, virágos jegyek, valamint ízében a borszőlős és intenzív gyümölcsös aromák, de ez a változat fűszeresebb, üdébb annál. Bátran ajánljuk borrajongóknak is.-----The fourth beer in our Hungarian Terroir series is an American wild ale brewed in collaboration with János Márkvárt Winery from Szekszárd. Spontan Kadarka announces itself with a bevy of wildflowers and an earthy funk. On the palate, flavours of wine grapes, jammy strawberries and rosehip meld together with notes of woody oakiness. Medium-bodied and splendidly sour, Spontan Kadarka is like the spicier, fresher version of our Spontan Syrah that will please not just beer geeks, but wine lovers too! |ABV: 6.8 |IBU: N/A |rating: 3.63",MONYO Brewing Co.,Hungarian Terroir: Szekszárd - Spontan Kadarka 2018
"beer kind: Grape Ale - Other |description: A Hungarian Terroir sorozatunk újabb taggal bővül a Hungarian Grape Ale 2020 személyében.Ezúttal ismét Szekszárdra látogattunk, egész pontosan a Vida Borbirtokhoz. A Vidáéktól kapott kadarka mustot és törkölyt együtt erjesztettük az alapsörrel, ráadásul a tőlük kapott borélesztőt használtuk fel a fermentációhoz.Így sikerült megalkotnunk az eddigi legkönnyedebb Hungarian Terroir tételt. Igazi tavaszias ital, színben roséra hajaz, illatban és ízben is a bogyós gyümölcsök és a csonthéjasok dominálnak. Laza ivós, bisztrós ital egy kis visszafogott savassággal.---Our Hungarian Terroir series is expanded with another release, a Hungarian Grape Ale. This time we visited Szekszárd again, specifically Vida Wine Estate.The Kadarka juice and pomace Vida estate provided were fermented together with the basic beer, the fermentation was made by the culture specially used for this variety. This is how we managed to produce the lightest Hungarian Terroir item so far. A real spring drink, it has typical rosé color, berries and nuts dominate both aroma and taste. An easy to drink, bistro beer with a restrained and elegant acidity. |ABV: 4.8 |IBU: N/A |rating: 3.59",MONYO Brewing Co.,Hungarian Terroir: Szekszárd - Hungarian Grape Ale 2020
"beer kind: Grape Ale - Other |description: Kóstold meg a legújabb szezonális sörünket!Egy igazi őszi sört készítettünk. A Sleepy Fox egy kékszőlős ale, amit Zweigelt szőlőlével és a Costa Ricai Bányai birtokról kapott Cascara-val (kávégyümölcs) tettünk még izgalmasabbá.Könnyű, friss és fanyar, amit a borongós őszi estékhez ajánlunk a leginkább. |ABV: 5.8 |IBU: N/A |rating: 3.49",MONYO Brewing Co.,Sleepy Fox
beer kind: Grape Ale - Other |description:  |ABV: 5.6 |IBU: N/A |rating: 3.36,Pannonhalmi Főapátság Sörfőzde,Grape
"beer kind: Hard Ginger Beer |description: Our Gingermeister is about the classic triad of ginger, honey and lemon. A light, bright, top-fermented beer is the base and we put honey, lots of freshly grated ginger and lemon zest in it at the end of the hop boiling. Intense flavor and aroma, a real summer refreshment.Finished third place at Brussels Beer Challenge 2016. |ABV: 5.1 |IBU: 25 |rating: 3.34",RothBeer,Gingermeister
beer kind: Hard Ginger Beer |description:  |ABV: 4.0 |IBU: 20 |rating: 2.96,Borsodi Sörgyár,Gyömbér Ale
"beer kind: Historical Beer - Grodziskie / Grätzer |description: A Historical polish beer, Piwo Grodziskie brewed with 100% oak smoked wheat malt and dry hopped with Amarillo (~14g/l) |ABV: 3.0 |IBU: 22 |rating: 3.68",Pänel Brewery,Dëwla
beer kind: Historical Beer - Lichtenhainer |description: A collaboration with our dear friends Tuff Buzz and Black Horn for BPBW 2018. Enjoy |ABV: 3.6 |IBU: N/A |rating: 3.61,Mad Scientist,Dealbreaker
"beer kind: Historical Beer - Lichtenhainer |description: Sörfőzőnk, Lackner Rolf elképzelése alapján készült Lichtenhainer, egy füstös, savanyú búzasör, igazi klasszikus, amit Rolf szilvás kivitelben álmodott meg, egy vadonatúj, modern köntösbe öltöztetve. Füstösségét tölgyfán füstölt malátával értük el, majd az alapsört lesavanyítottuk és hozzáadtuk a szilvát és aszalt szilvát. Ízében savanyú, füstös, illatában frissítően gyümölcsös, egy igazi álom. Sweet Dreams Are Made of Prunes is a classic beer style made with a true modern twist. Since this is one of Rolf's favorite beer styles, he wanted to stay true to the original recipe, so we brewed it with oak-smoked wheat malt and added plums and prunes. Sour and smoky to the taste, yet fruity and refreshing on the tongue, truly a dream! |ABV: 5.1 |IBU: 14 |rating: 3.6",HORIZONT Brewing,Sour Series - Sweet Dreams Are Made of Prunes
"beer kind: Historical Beer - Other |description: Egy tökéletes ír vörös ale alapot alkottunk, amelynek mély borostyán ragyogása és karamellás, pirított malátás teste a klasszikus stílus minden erényét megőrzi. A csavar azonban a fermentációban rejlik: a sokak által kedvelt kveik élesztő vad erejével keltettük életre.Ebben a sörben a norvég viharisten fegyverének nyers ereje találkozik az ír háború istennőjének titokzatosságával. A kveik élesztő izgalmas karaktere narancsos, enyhén fűszeres és mézes jegyekkel gazdagítja a karamellás, pörkölt malátás alapot, miközben a tiszta, száraz lecsengés minden kortyot újabbra csábít.Egyesíti a kelta és viking hagyományokat, akárcsak azok a harcosok, akik egykor az ír partokon szálltak partra. Vajon ők is ilyen sörrel ünnepelték a győzelmet? |ABV: 5.2 |IBU: N/A |rating: 3.63",Parabolic Lazarus Brewery,Irish Red Ale Hybrid Kveik Edt.
"beer kind: Historical Beer - Roggenbier |description: Csináltunk egy roggenbiert, közel 40% rozsmalátával. A főzőház 30 órán át küzdött, mert nekünk imperial kellett. Aztán ezt a bajor sörtípust amerikai (Citra, Amarillo és Simcoe) komlókkal fűszereztük. Hát persze hogy hidegkomlóztuk is, azt meg a francia Barba Rouge variánssal. Ráadásul belga élesztővel fermentáltunk, hogy semmi se legyen normális. Van valami problémád ezzel? Mit kérdezgetsz?Inkább igyad!Fogyasztási hőmérséklet 12°C |ABV: 8.0 |IBU: 17 |rating: 3.6",Reczer Ser,Collabrew Series #2 - Rye Hard
beer kind: Honey Beer |description: Honey lager a szekszárdi Völgy Méhészet vegyes virágmézével. |ABV: 6.5 |IBU: N/A |rating: 3.65,Brew Your Mind,Völgy Honey Lager
"beer kind: Honey Beer |description: - Csak a gombokat ne, gumicukorból vannak! - mindta a mézeskalács, mielőtt sörfőzőmesterünk Levente Pastry Ale-t főzött volna belőle. A méz és keksz ízjegyeit a Matis Otter, Melanoidin és Wheat Crystal maláták emelik ki, a Ringwood Ale élesztő pedig egy édes sört erjeszt, amit valódi vegyes virágmézzel érleltünk. |ABV: 5.8 |IBU: N/A |rating: 3.59",Viharsarok Sörfőzde,Mézeskalács
"beer kind: IPA - American |description: Bemutatkozik modern west coast stílusú ALE sörital szériánk - azaz a CLEAN PROJECT - jelenleg első és egyetlen tagja egy IPA, melyben Simcoe, Mosaic és Citra komlókat és egy klasszikus west coast élesztőt használtunk. Tiszta, frissítő, jól iható, kellemesen keserű ital. |ABV: 6.0 |IBU: N/A |rating: 3.85",Brew Your Mind,Clean Project: IPA
"beer kind: IPA - American |description: Single hop Amarillo, többször hidegkomlózott, 7% (korábban 6,5%) alkoholtartalommal rendelkező ""hop burst"" IPA. minden egyéb összetevő annak van alárendelve, hogy megmutassa mit tud a komló. |ABV: 7.0 |IBU: N/A |rating: 3.85",Balkezes,LD50 - Amarillo 2016
"beer kind: IPA - American |description: Kísérleti sorozatunkban egy ideje már keressük a west coast stílusú IPA-k irányában nekünk leginkább szimpatikus ízvilágú söritalt. A mostani főzetben Simcoe, Mosaic és Citra (amerikai) komlókat és egy klasszikus west coast élesztőt használtunk.A Human Experiment sorozat új címkéin számunkra kedves alkotásokat mutatunk be. |ABV: 6.5 |IBU: N/A |rating: 3.85",Brew Your Mind,Human Experiment FIFTY SIX
"beer kind: IPA - American |description: Két világ, egy közös nevező. West Coast stílusú komlózás grapefruitos, fenyős ízjegyekkel, és a kortyot az elejétől a végéig kísérő kellemes keserűséggel.Van persze csavar is az TRAILER-ben, a #009-es számúban, hiszen mindezt ínycsiklandó neipa ködösség egészíti ki. |ABV: 7.5 |IBU: N/A |rating: 3.84",UGAR Brewery,Trailer #009 - Two Worlds Collide
"beer kind: IPA - American |description: Modern west coast stílusú IPA sörital, Simcoe, Elani és Krush komlókkal. Tiszta, frissítő, jól iható, kellemesen keserű ital.Eleget téve a Hop Growers of America megtisztelő felkérésének, 12 európai sörfőzde között idén is lehetőséget kaptunk arra, hogy részt vegyünk az általuk szervezett sörfőző versenyen.Ennek a kihívásnak az apropóján készült el legújabb főzetünk a Battle Juice névre keresztelt ital, melyben a szervező által küldött Elani és Krush komlók mellett egy kis Simcoe-t is használtunk. |ABV: 5.6 |IBU: N/A |rating: 3.83",Brew Your Mind,Battle Juice
beer kind: IPA - American |description: Made with Norwegian yeast and packed with North American hops.Recommended music: Scandi-disco/Space Disco/Electro House |ABV: 6.5 |IBU: N/A |rating: 3.83,InVitro Brewing,Northern Disco
"beer kind: IPA - American |description: Hazy west coast with Galaxy, Mistral and Simcoe. |ABV: 7.0 |IBU: N/A |rating: 3.83",InVitro Brewing,Social Misanthrope
"beer kind: IPA - American |description: Single hop Simcoe, többször hidegkomlózott, 7% alkoholtartalommal rendelkező ""hop burst"" IPA. minden egyéb összetevő annak van alárendelve, hogy megmutassa mit tud a komló. |ABV: 7.0 |IBU: N/A |rating: 3.82",Balkezes,LD50 - Simcoe
beer kind: IPA - American |description:  |ABV: 7.0 |IBU: N/A |rating: 3.82,InVitro Brewing,Hopeful Nihilist
"beer kind: IPA - American |description: Modern west coast stílusú ALE sörital, Citra és Nelson Sauvin komlóval hidegkomlózva. Tiszta, frissítő, jól iható, kellemesen keserű ital. |ABV: 6.0 |IBU: N/A |rating: 3.82",Brew Your Mind,Strange Symmetry
beer kind: IPA - American |description: Our flagship IPA. We used no fruit in this beer. |ABV: 6.5 |IBU: N/A |rating: 3.81,Brew Your Mind,Peach Please...
"beer kind: IPA - American |description: Hops: Simcoe, Simcoe Cryo, Mosaic, Mosaic Cryo |ABV: 7.0 |IBU: N/A |rating: 3.81",Brewing Vibes Brewery,Mission Complete
"beer kind: IPA - American |description: Kapaszkodj meg a füleidben, hiszen itt van Minden Agyak Eldobója, a FIRST és a Brew Your Mind közös szüleménye, a Mindhack! Bőségesen megszórt Mosaic és Azacca komlók meresztik a szemeket már az első illatoktól, hogy a ködösnek hagyott szűretlen, szeparálatlan IPA-t kóstolók elégedett csettintéssel nyugtázhassák: ezek a srácok most együtt is megcsinálták!Hold on to your ears, since the common creation of the breweries Brew Your Mind and FIRST, here is Mindhack! Rarely do we start a collab, but our shared past and friendship are the guarantees to brew a true specialty. The generously added Mosaic and Azacca hops dare all eyes from the first scents so that everyone tasting this hazy IPA will lay back with a smile: these guys did it again! |ABV: 7.0 |IBU: 55 |rating: 3.81",FIRST Craft Beer,Mindhack
"beer kind: IPA - American |description: Classic West Coast IPA with Centennial, Falconer's Flight and Simcoe hops. |ABV: 6.0 |IBU: N/A |rating: 3.81",InVitro Brewing,I Am the Bread of Life
"beer kind: IPA - American |description: Komló, komló, meg egy kis vanília.Az általatok nagyon hamar megkedvelt – amiért ezúton is hálásak vagyunk – TRAILER szériánkat egy Hazy West Coast IPA-val folytatjuk. Ködös-dzsúzos megjelenés, klasszikusan citrusos kesenyékben tobzódó, száraz, mégis selymes west coast ipa jelleg és kortyérzet, amit hidegen hozzáadott, házi vaníliatinktúrával bolondítottunk meg.The result of the idea of creating a single brew that can both suit the taste palate of them gents and the ladies as well ;)Decadent bitterness hiding beneath a layer of prominent vanilla. You choose your ""poison""! Focus on the dankness, that re-returning refreshing, crisp sip, or enjoy the creaminess of the vanilla all night long. |ABV: 7.5 |IBU: 50 |rating: 3.81",UGAR Brewery,"Trailer #004 - Long, Hard And Full Of Seamen"
"beer kind: IPA - American |description: Modern west coast stílusú DDH IPA, melyben amerikai komlók mellett Magyarországon termett Cascade-t és Cashmere-t is használtunk. Tiszta, frissítő, jól iható, kellemesen keserű ital. |ABV: 6.5 |IBU: N/A |rating: 3.8",Brew Your Mind,Peaceful Revolution
"beer kind: IPA - American |description: Crafted for: Cirmi, Brewmaster: Zentus, recipe: Zentus & AM |ABV: 6.1 |IBU: 50 |rating: 3.8",Zentus Craft Beer,Tropical Kitty
beer kind: IPA - American |description:  |ABV: 6.2 |IBU: N/A |rating: 3.8,Brew Your Mind,Money Pistol
"beer kind: IPA - American |description: West Coast IPA for craft beer gangstas.Amarillo, Cascade, Citra, Columbus |ABV: 7.5 |IBU: N/A |rating: 3.8",InVitro Brewing,2Nite We're Enemiez
"beer kind: IPA - American |description: Brewed in collaboration with the mighty  Hungarian death metal band Beneath The Void. Oldschool West Coast IPA with Citra, Columbus and Simcoe hops. |ABV: 6.5 |IBU: N/A |rating: 3.8",InVitro Brewing,Stargazer
"beer kind: IPA - American |description: El Camino Del InVitro part I -West Coast IPA with cascade, chinook, columbus, simcoe |ABV: 6.0 |IBU: N/A |rating: 3.8",InVitro Brewing,San Ysidro
beer kind: IPA - American |description: Gyümölcsmentes IPANo fruit IPA |ABV: 6.5 |IBU: 65 |rating: 3.78,Brew Your Mind,Peach Please... (old version)
beer kind: IPA - American |description:  |ABV: 6.3 |IBU: N/A |rating: 3.78,InVitro Brewing,Sultana For Life
"beer kind: IPA - American |description: Our year round India Pale Ale. Influenced by 80’s with a modern twist just like the music genre Retrowave. We tried to squeeze the most aroma and flavor into the cans without loosing the beer's freshness and balance. Hops: Amarillo, Cascade, Columbus, Simcoe Recommended music: Retrowave/Synthwave. |ABV: 6.5 |IBU: N/A |rating: 3.77",InVitro Brewing,Retrowave
"beer kind: IPA - American |description: Hops: Simcoe, Simcoe Cryo, Citra, Citra Cryo |ABV: 7.0 |IBU: N/A |rating: 3.77",Brewing Vibes Brewery,Cruising Vibes
"beer kind: IPA - American |description: Yuzu West Coast IPA1st batch released in the February of 2018 with 6,6% abv2nd batch released in cans and kegs the end of December 2019 with 7,0% abv3rd batch released in cans and kegs the February of 2021 with 7,0% abv again |ABV: 7.0 |IBU: N/A |rating: 3.76",Mad Scientist,West Coast Samurai
"beer kind: IPA - American |description: Hops: Simcoe, Simcoe Cryo, Mosaic, Mosaic Cryo, Motueka |ABV: 7.0 |IBU: N/A |rating: 3.76",Brewing Vibes Brewery,What's Your Plan For Tomorrow ?
"beer kind: IPA - American |description: This bad boy is a modern take on a classic old style.West Coast IPA with Cascade, Citra and Simcoe. |ABV: 7.0 |IBU: N/A |rating: 3.76",InVitro Brewing,Neo - Trad
beer kind: IPA - American |description:  |ABV: 6.5 |IBU: 63 |rating: 3.76,Csupor Craft Beer,Tántorgó ParIPA
"beer kind: IPA - American |description: IPA made with frozen fresh hops from Yakima Chief which means, we got our hands on freshly picked hop cones from the USA. We used Azacca and Citra for this beer. |ABV: 5.5 |IBU: 36 |rating: 3.76",HORIZONT Brewing,Selfish Games Wet Hopped IPA
"beer kind: IPA - American |description: S.O.L.A.R. Flare brewed in collaboration with the Hungarian, melodic post hardcore band Shell Beach to promote their latest album.Hops: Sultana, Olicana, Lemondrop, Amarillo, Riwaka  |ABV: 6.7 |IBU: N/A |rating: 3.75",InVitro Brewing,Solar Flare
"beer kind: IPA - American |description: West coast style ipa with Cascade, Citra, Mosaic and Simcoe hops. A refreshing classic style with good aromas and nice bitter finish.  |ABV: 6.5 |IBU: N/A |rating: 3.75",InVitro Brewing,Alpha
"beer kind: IPA - American |description: Egy West Coast IPA: keserű ízvilág, borostyán szín, klasszik West Coast és cryo komlókkal a hideg oldalon. |ABV: 7.0 |IBU: N/A |rating: 3.75",UGAR Brewery,Trailer #024 - More West More Coast
beer kind: IPA - American |description: West Coast IPA. |ABV: 7.5 |IBU: N/A |rating: 3.75,UGAR Brewery,Trailer #011 - Back To The Basics
beer kind: IPA - American |description: A Tropical Kitty limitált változata norvég kveik típusú élesztő felhasználásával |ABV: 5.0 |IBU: 36 |rating: 3.75,Zentus Craft Beer,Kattegat Kitty
"beer kind: IPA - Australian |description: Galaxy far, far away...Távoli Galaxis is the representative of drier and lighter trend of IPA beers. Its name and the citrusy and tropical fruity aromas and the unique flavor are due to the Australian Galaxy hop. The absolute winner of the 2nd Hungarian International Homebrewing Competition in 2013, and won the Favourite Craft Beer of Hungary Award of the Year in 2012. A Távoli Galaxis az IPA-k szárazabb, könnyedebb irányvonalának képviselője. Nevét, valamint citrusos, trópusi gyümölcsökre emlékeztető egyedi aromáját az ausztrál Galaxy komlónak köszönheti. 2012 Grand Champion díjas söre. EGészségetekre! |ABV: 6.1 |IBU: 70 |rating: 3.64",RothBeer,Távoli Galaxis
"beer kind: IPA - Belgian |description: Meet and try our new explosive beer, so Agent Orange - a big body of beer thanks to malt, yeast like for IPA, lots of green tea sencha, lactose, and natural orange juice, Eldorado hops for dry hopping, the name speaks for itself! |ABV: 5.0 |IBU: 35 |rating: 3.66",Parabolic Lazarus Brewery,Agent Orange
beer kind: IPA - Belgian |description: Belgian Style IPA brewed with Cascade & Chinook hops & dry-hopped with Barbe Rouge. |ABV: 6.7 |IBU: N/A |rating: 3.64,MONYO Brewing Co.,Squirrel Orchestra
"beer kind: IPA - Belgian |description: A Beta.31-ben testet öltött egy páratlanul illatos, fűszeres, karakteres különlegesség, melyben a belga élesztőkre és újvilági komlókra helyeztük a hangsúlyt. Az ipa sörök univerzumának páratlan tagja, csonthéjas és trópusi gyümölcsöket idéző, enyhén fűszeres jegyekkel. |ABV: 4.6 |IBU: 34 |rating: 3.64",Szent András Sörfőzde,TesztAndrás Beta.31
beer kind: IPA - Belgian |description:  |ABV: 7.0 |IBU: 70 |rating: 3.54,Hopfanatic Brewery,Bitterfly
"beer kind: IPA - Belgian |description: Ez a Tomahawk, Cascade, Saaz, Amarillo és Hallertau Blanc komló és kétféle enyhén pörkölt maláta felhasználásával készült rézszínű ital a komlófajták találkozásának köszönheti virágos illatát és kiegyensúlyozott ízét. A Nelson Sauvin komlóval történő száraz komlózásnak köszönhetően a Sauvignon Blanc borokra emlékeztető ízjegyekkel is találkozhatunk a korty végén.Egy igazán frissítő ital, melynek színe, illata és íze tökéletes összhangban vannak egymással. Fogyassza vörös húsú szárnyasok és fűszeres sertéshúsok, Cheddar és Emmenthali sajtok mellé. Ajánljuk minden alkalomra! |ABV: 6.0 |IBU: N/A |rating: 3.42",Gallica Hungary,India Pale Ale
"beer kind: IPA - Black / Cascadian Dark Ale |description: Az Esthajnal sorozat hetedik darabjában, az Esthajnal '19-ben az őszibarack frissességét kiválóan egészíti ki a gyümölcsös aromájú Galaxy komló, és a festőmaláta éjfekete színe. Az eredmény egy emlékezetes fekete IPA némi csavarral. |ABV: 7.0 |IBU: N/A |rating: 3.77",Szent András Sörfőzde,Esthajnal '19
"beer kind: IPA - Black / Cascadian Dark Ale |description: Szereted az IPA-t? Mi is! Ezt a Black IPA receptet egy klasszikus IPA alapra húztuk fel, mert szerintünk a Black IPA nem egy komlós Stout. Az volt a célunk, hogy a WestCoastokhoz méltó maláta testet és komlózást adjunk neki. Azért, hogy egy igazi modern IPA-t kapjunk végeredményül, duplán hidegkomlóztuk Idaho7 és Idaho7 Cryo komlókkal. Cheers! |ABV: 5.5 |IBU: N/A |rating: 3.76",Fraktaal Brewing,Nocturnus
beer kind: IPA - Black / Cascadian Dark Ale |description:  |ABV: 8.2 |IBU: N/A |rating: 3.73,Legenda Sörfőzde,Black Jack
"beer kind: IPA - Black / Cascadian Dark Ale |description: Dark and mysterious like ancient nordic forests. The North American hops add spicy, earthy, resinous, bitter taste and great aroma with a nice komplex mouthfeel due to dark malts and Norwegian yeast.Recommended music: Atmospheric Black Metal / Blackgaze |ABV: 6.0 |IBU: N/A |rating: 3.72",InVitro Brewing,Myrkwood
"beer kind: IPA - Black / Cascadian Dark Ale |description: Malts: Pale ale, Carahell, Carafa, CaramünichHops: Citra, Simcoe, Magnum, Cascade |ABV: 6.5 |IBU: 70 |rating: 3.71",Gólem,Sötét Bunkó
"beer kind: IPA - Black / Cascadian Dark Ale |description: A gyümölcsök szerelmeseinek elkészítettük Black IPA-nk málnás-vaníliás változatát a téli bekuckózáshoz. A Choxy gyümölcsös komlózására ráerősítettünk rengeteg málnapürével, a hozzáadott madagaszkári bourbon-vanília háttérben megbúvó ízjegyei pedig kellemes, lágy összhangot alkotnak a csokimalátával, így téve teljessé a gyümölcsös csokimámort.--This one is for the fruit lovers. We have infused our black IPA with a ridiculous amount of raspberry and bourbon vanilla from Madagascar.A fruity fragrant goodness with a hint of roasted bitter chocolate to warm our hearts. Amarillo and Citra hops bring their signature fruity taste after every sip. |ABV: 6.5 |IBU: 65 |rating: 3.71",SIMA brewing,Choxymoron Raspberry-Vanilla Edition
"beer kind: IPA - Black / Cascadian Dark Ale |description: Black, de mégis Pale Ale?! Étcsokis ízjegyek, de étcsoki hozzáadása nélkül?! - Igen! Ez a sör maga a Choxymoron! A SIMA második gyermeke. Az alapmalátákhoz adott csokoládé- és festőmaláta gondoskodik a csokis és enyhén pörkölt karakterről, az Amarillo és Citra komlók pedig kellemes gyümölcsös ízjegyekkel kerekítik le a kortyot. --Black, but still a Pale Ale?! A dark chocolate taste without any chocolate?! --- Yep! This is a Choxymoron. SIMA's second born. Chocolate malt gives Choxy it's character, chocolaty goodness with a hint of roasted bitterness. Amarillo and Citra hops bring their signature fruity taste after every sip. |ABV: 6.5 |IBU: 65 |rating: 3.7",SIMA brewing,Choxymoron
"beer kind: IPA - Black / Cascadian Dark Ale |description: Az Esthajnal sorozat hetedik darabjában, az Esthajnal ’19-ben az őszibarack frissességét kiválóan egészítik ki a trópusi gyümölcsökre emlékeztető modern komlók intenzív ízei és a festőmaláta éjfekete színe. Az eredmény egy emlékezetes, kellemesen gyümölcsös fekete IPA, némi csavarral. |ABV: 6.0 |IBU: 60 |rating: 3.69",Szent András Sörfőzde,Esthajnal '19 - Batch #2
"beer kind: IPA - Black / Cascadian Dark Ale |description: A NextGen sorozatban a MONYO Brewing fiatal, tehetséges sörfőzői mutatkoznak be.Urbancsok Péter debütáló söre egy Black IPA, ami magán hordozza a típusra jellemző összes karakterjegyet. Sötét, de ízében nem dominál a pörköltmaláta, csukott szemmel kóstolva világos sörnek is gondolhatnánk. Erőteljes fenyőgyantás, citrusos ízvilágát az amerikai Warrior és Simcoe komlók adják. |ABV: 6.3 |IBU: 51 |rating: 3.69",MONYO Brewing Co.,BLK IPA
"beer kind: IPA - Black / Cascadian Dark Ale |description: Ezzel a sörrel a komló barátainak igyekszünk a kedvében járni, oly módon, hogy csipetnyi fenyőillatot csempésztünk főzetünkbe. Az Amarillo, Ahtanum és Cascade komlók kombinációja adja sörünk citrusos-fenyős aromáját, melyet karamell- és csokoládé-maláták kombinációjával tettünk hangsúlyosabbá. |ABV: 6.0 |IBU: 71 |rating: 3.66",Zip's Brewhouse,Hopiverzum
"beer kind: IPA - Black / Cascadian Dark Ale |description: Skócia zord tájai és kedvelt édessége, a cranachan ihlette ezt a karakteres Black IPA-t, amit a skót Fyne Ales sörfőzdével együtt készítettünk. Fekete, keserű és karcos, ám a hozzáadott zabpehely selymessége és a málna zamata lekerekíti az éleket. |ABV: 6.0 |IBU: 65 |rating: 3.66",Fehér Nyúl,Cranachan
"beer kind: IPA - Black / Cascadian Dark Ale |description: A friss komló feketében tálalva.Idén 10. alkalommal ültünk össze, hogy elkészítsük a HopHarvest’-et, a MONYO és az Uradalmi közös főzetét. Idén egy karakteres Black IPA formájában, amelyben a friss komló harsány aromái találkoznak a pörkölt maláták mélységével.A felhasznált komló szeptember 22-én, Válon az Uradalmi Sörmanufaktúránál került szüretelésre, így minden kortyban ott van a komlószüret friss, zöld energiája.Illatában gyantás, gyümölcsös és fenyős jegyek keverednek a finom kávés–csokis háttérrel, kortyérzete pedig egyszerre selymes és frissítő.------Fresh hops served black.This year we met for the 10th time to prepare HopHarvest’, the joint brew of MONYO and Uradalmi. This year, in the form of a characterful Black IPA, in which the bright aromas of fresh hops meet the depth of roasted malts. The hops used were harvested on September 22nd at Uradalmi Sörmanufaktúra in Vál, so every sip contains the fresh, green energy of the hop harvest. Its aroma combines resinous, fruity and piney notes with a delicate coffee-chocolate background, and its sipping sensation is both silky and refreshing. |ABV: 5.9 |IBU: N/A |rating: 3.63",MONYO Brewing Co.,Hop Harvest Black IPA 2025
"beer kind: IPA - Black / Cascadian Dark Ale |description: Ahoy, cimbora! Csukd be a szemed és képzeld magad egy morajló tengeren hánykolódó kalózhajón. Érzed a sötétbe burkolózó víz erejét, érzed a félelmet? Most nyítsd ki a szemed és kóstolj bele a Seven Seas-be! Fertő-parti fözdeként ezt a sört tisztelgésként főztük a 7 tengert megjáró tengerészek előtt!Komlók: Vic Secret, Tomahawk, Polaris, Citra, Simcoe, Chinook, Cascade |ABV: 7.0 |IBU: 65 |rating: 3.62",KROIS Brewery,Seven Seas
"beer kind: IPA - Black / Cascadian Dark Ale |description: DDH Black IPA - Magnum, Simcoe, Chinook, Centennial komlókkal főzve és duplán hidegkomlózva.Ez a sörtípus olyan ritka és különleges, mint a fekete flamingó. Állsz és nézed a madarat és tudod, hogy ennek nem ilyennek kellene lennie. Ez van ezzel a sörrel is. Beleszagolsz a fekete italba, megszokásból várod, hogy kávés, csokis, esetleg pörköltes aromák az orrodba másszanak, de nem! A dupla hidegkomlózásnak köszönhetően, a virágos, citrusos illatok vágnak orrba, és nem érted hogy lehet ez egy fekete sörnél. |ABV: 6.1 |IBU: 57 |rating: 3.61",Reczer Ser,Black Flamingo
"beer kind: IPA - Black / Cascadian Dark Ale |description: No light. No mercy. Just hops and fire.After the fruitfulness of ELVENBERRY, the crispness of DWARVEN FORGE and the lightness of WHITE TREE PALE, the fourth release of our Lord of the Rings series has arrived by popular demand, because without the darkness of MORDOR, the adventure would not be complete...Where the ashes rise to the sky, this black IPA is born. Inspired by the gloomy land of Mordor, where darkness meets fire. Deep tones of crisp malts merge with the ferociously pungent bite of hops - earthy, resinous and citrusy notes, as if forged by Sauron himself. One sip and you know there's no turning back. |ABV: 5.5 |IBU: N/A |rating: 3.59",Mad Scientist,LOTR - Mordor
"beer kind: IPA - Black / Cascadian Dark Ale |description: 7 tagú sorozatunk komlóvariációkra épül. Olyan sört szerettünk volna készíteni, ami a megszokott erős testes söreinktől eltérően akár literes korsóból is kortyolgatható. Visszafogott ereje nem megy a test rovására, ugyanakkor a komlózás művészetét akartuk megmutatni a sörkedvelő közönségnek.Wrath a harag maga. Fekete színe, döbbenetes erős teste sörkritikusokat is megihletett. Az 5.6% alkoholtartalom mellett erős ütős ízek jellemzik, ezért nem a korsózós kategóriába tartozik. Kiválóan megy a nehéz ételekhez. |ABV: 5.6 |IBU: 35 |rating: 3.55",Bors Serfőzde,The Seven Deadly Sins - Wrath
beer kind: IPA - Brett |description: BPBW 2023 Budapest Beer Week premier |ABV: 9.5 |IBU: N/A |rating: 3.7,MadX,Funk Soul Brother 2023
beer kind: IPA - Brett |description: Foeder Aged Double Dry Hopped 100% Brett IPA collab with Brew By Numbers (UK) |ABV: 7.0 |IBU: N/A |rating: 3.65,MadX,Brett By Numbers
beer kind: IPA - Brut |description:  |ABV: 7.9 |IBU: N/A |rating: 3.75,Mad Scientist,I Am Brut
beer kind: IPA - Brut |description: Keg-only brut ipa with spruce tips |ABV: 7.4 |IBU: N/A |rating: 3.66,Mad Scientist,Lumbersexual
"beer kind: IPA - Brut |description: A Chardonnay / IPA hybrid together with Vylyan wineryWe tried to cross boundaries between wine and beer with this collab together with one of the biggest name among Hungarian wineries, Vylyan.  Chërka has been made with a crazy amount of must (young wine) and was super-dry hopped in the end. |ABV: 7.5 |IBU: 46 |rating: 3.64",Mad Scientist,Chërka
"beer kind: IPA - Brut |description: A Brut IPA legfontosabb tulajdonsága a szárazság, innen ered a pezsgős BRUT megnevezés. A magas szénsavtartalom, az új-zélandi nelson sauvin komló fehérboros, szőlős ízkarakterei és a buborékok könnyed játéka teszi ezt az ipát egy igazán különleges, komplex sörélménnyé. |ABV: 4.9 |IBU: 23 |rating: 3.6",Szent András Sörfőzde,TesztAndrás Beta.09
beer kind: IPA - Brut |description: White Grape Brut IPA. |ABV: 6.3 |IBU: N/A |rating: 3.52,MONYO Brewing Co.,Magic Always Comes With A Price.
beer kind: IPA - Brut |description:  |ABV: 2.7 |IBU: 63 |rating: 3.4,FIRST Craft Beer,Dry Hard
beer kind: IPA - Cold |description: It's supposed to be a highly drinkable and super crisp type of an 'ipa-ish' style beer. We really don't want to confuse anyone but we do it anyway. Cold IPA. Sounds cool. Cool IPA. Could be a thing too. It's hard to come up with something new in 2021 if you know what I mean. |ABV: 5.9 |IBU: N/A |rating: 3.74,Mad Scientist,Megageil
"beer kind: IPA - Cold |description: Cold Ipa is now a hype style, but here we have taken the idea further, we are almost creating a brand new style, the Cold New England IPA as the collab of the 12 Hungarian participating breweries.We pushed the idea of the West Coast Ipa with lager yeast a bit further to be hazy, less bitter, but fully packed with hops, from the direction of the New England Ipa style with wheat malts, oatmeal, the freshest hops and an experimental yeast.w/ Balkezes, B*Bop Fermentory, Mad Scientist, Dealbreaker, Horizont, HopTop, Monyo, Fehér Nyúl, Reketye, InVitro, First, UgarVERY SPECIAL THANKS TO OUR PARTNERS Boortmalt, Lallemand, Yakima Chief, Canvasa – Leibinger, Mad Scientist |ABV: 6.1 |IBU: N/A |rating: 3.72",BPBW Budapest Beer Week,BPBW 2022
"beer kind: IPA - Cold |description: Nagyot megy a Szimplában a Cool Duel, de az exkluzív tétel után szerettünk volna egy szélesebb körben is elérhető változattal kijönni. Így született meg a Double Dive. 8,2% alkoholtartalom, basmati rizzsel kiegészített malátabázis, Falconer’s Flight keverék és Citra komló; mindez egy száraz, határozottan keserű sörben testesül meg.Cool Duel made it big at Szimpla, so we wanted to brew a not so-exclusive title among the same lines. So Double Dive was born: 8,2% abv, a malt base upgraded with basmati rice, Falconer’s Flight blend and Citra hops. All of this embodies a dry, distinctly bitter beer. |ABV: 8.2 |IBU: N/A |rating: 3.71",Fehér Nyúl,Double Dive
"beer kind: IPA - Cold |description: Se nem lager, se nem ale, de mindegy is, mert így tökéletes. A cold IPA egy komlóhangsúlyos, de kifejezetten száraz és harsányan keserű sör. Félúton van egy jól megkomlózott lager, egy NEIPA és egy west coast IPA között, de úgy itatja magát, akár egy cseh pilzeni. Ennek a típusnak az alapja lényegében egy rizzsel főzött lager, ami neipás komlózással – itt a fűszeres- grapefruitos új-zélandi Riwaka komlóval – készül, lager hőmérsékleten erjesztve. Ez a sör azoknak szól, akik szeretnének kicsit visszanyúlni az IPA-k gyökereihez, de igazából minden IPA fanatikusnak erősen ajánlott. |ABV: 6.0 |IBU: 34 |rating: 3.7",Szent András Sörfőzde,TesztAndrás Beta.17
beer kind: IPA - Cold |description: Revenge is a dish best served cold and the cold ipa version of our bestseller dipa takes everything further in a crisp and dry way. Let's celebrate Liquid Cocaine Day on the 18th of November together with this special one-off!!! |ABV: 7.2 |IBU: N/A |rating: 3.7,Mad Scientist,Cold Cocaine
"beer kind: IPA - Cold |description: Könnyed, száraz és természetesen jó keserű; Chinook, Mosaic, Simcoe és Magnum komlók felelnek az ízekért és illatokért.Easy to drink, dry and delightfully bitter; Chinook, Mosaic, Simcoe and Magnum varieties are responsible for the hoppines. |ABV: 6.4 |IBU: N/A |rating: 3.68",Fehér Nyúl,Aurora
"beer kind: IPA - Cold |description: Első Cold IPA sörünk száraz, kellemes kortyérzettel és a felhasznált Pacific Sunrise, Citra, Simcoe és Amarillo komlóknak köszönhetően rendkívül aromatikus!Our first Cold IPA is dry with a nice mouthfeel and due to the used Pacific Sunrise, Citra, Simcoe and Amarillo hop varieties, indeed it is very aromatic! |ABV: 6.5 |IBU: 54 |rating: 3.67",Fehér Nyúl,Silencio
"beer kind: IPA - Cold |description: kedves idegen! engedd meg, hogy egyvibráló, meleg és citrusokkal öleltnyári álomba kalauzoljunk.kérlek helyezkedj el kényelmesen éskortyolj bele a sörünkbe! most pedigélvezd a mennyei nyugalmat!ez a cold ipa egy könnyed darab hibridláger élesztővel, új-zélandi komlókkal,a tökéletes ízbalansz kedvéért pedig egyleheletnyi lime héjjal és kaffir limelevéllel. |ABV: 4.9 |IBU: N/A |rating: 3.67",UGAR Brewery,Trippy Little Summer Dream Lime Peel & Leaf Cold IPA
"beer kind: IPA - Cold |description: Nem vagyunk egyedül, amikor azt mondjuk, a januárnak van egy ""év hétfője"" vibeja.  Hátrahagyott önfeledt huncutkodások után pislog a fél világ az elfelejtett vállalati jelszava fölött, kávéba kapaszkodva próbálunk visszailleszkedni a társadalom produktív sodrába. Ehhez kitűnő társ a Cure for Monday Cold IPA-nk, mely a basmati rizsnek és a Centennial, Vic Secret, Chinook és Cascade komlóknak köszönhetően hozza az igazán fincsi, száraz, új kortyra hívó West Coast-os jegyeket.  |ABV: 6.1 |IBU: N/A |rating: 3.67",SIMA brewing,Cure For Monday
"beer kind: IPA - Cold |description: Ezt a közepes erősségű Cold IPA-t klasszikus amerikai komlófajtákkal ízesítettük. A Cascade, Citra, Amarillo és Centennial fajták citrusos, gyantás ízvilága kiválóan passzol a Basmati rizzsel felturbózott száraz, de kellemes kortyérzetű testhez.This medium strength Cold IPA is flavored with classic American hop varieties. The citrusy, resinous flavor of the Cascade, Citra, Amarillo and Centennial is the perfect match for the dry but pleasant body, boosted with Basmati rice. |ABV: 6.1 |IBU: 51 |rating: 3.66",Fehér Nyúl,Pioneer
"beer kind: IPA - Cold |description: mondhatnánk bonyolultan is, de egyszerűen finom. hübris hüpped alsóerjesztésű duplán hidegkomlózott világos sör |ABV: 6.0 |IBU: 14 |rating: 3.65",hübris,Hüpped // DDH Cold Ipa
"beer kind: IPA - Cold |description: A Cold IPA egy egészen fiatal sörstílus, ami lényegében egy lager élesztővel készült west coast-nál is nyugatibb IPA. Nagy arányban tettünk hozzá rizspelyhet, aminek köszönhetően igazán szárazra erjedt a sör. A végeredmény egy friss, ropogós komlóbomba, melyben a barackos és trópusi gyümölcsös jegyek dominálnak. Az első korty után azt fogod kívánni, hogy soha ne ürüljön ki a poharad! |ABV: 6.8 |IBU: 21 |rating: 3.65",Vaskakas Brewing,Cold Zealand
"beer kind: IPA - Cold |description: Egy korty és máris az idegpályák megfeszülnek a felrobbanó szinapszisoktól, a végállomás meg egy állapot. Az eufória. Az El Dorado és Idaho 7 komlók fokozzák ezt a hatást!One sip and your neural pathways are tightened by the exploding synapses, and the end is a state. Euphoria. El Dorado and Idaho 7 hops enhance this effect!  |ABV: 6.4 |IBU: N/A |rating: 3.65",Fehér Nyúl,Euphoria
beer kind: IPA - Cold |description: RICE COLD IPA w/ Idaho7 & Ahtanum hops |ABV: 6.0 |IBU: N/A |rating: 3.65,Mad Scientist,Super Cold IPA
"beer kind: IPA - Cold |description: Idén is átvették az uralmat a hölgyek a főzdében és ennek egy Cold IPA lett az eredménye. Az idei Pink Boots komlómixbe HBC 638, El Dorado®, Ahtanum® és Idaho 7® ment. The female employees of the brewery took over the reins, and the result is a Cold IPA. This year's Pink Boots blend consisted of HBC 638, El Dorado®, Ahtanum® and Idaho 7®. |ABV: 6.0 |IBU: N/A |rating: 3.65",Fehér Nyúl,Pink Deal
beer kind: IPA - Cold |description:  |ABV: 5.6 |IBU: N/A |rating: 3.64,UGAR Brewery,F**k You Please
"beer kind: IPA - Cold |description: A crisp, clean hop delivery system.This Cold IPA is fermented cool with lager yeast and dry-hopped for maximum brightness. Expect a lean body, vibrant hop character, and a clean, dry finish that leaves you ready for the next sip.Citrusy, floral, with a touch of tropical bite — smooth bitterness, no haze, no fuss.Hops: Motueka x Citra / Amarillo x BRU-1ABV: 6% | IBU: 40 | Format: 0.33L |ABV: 6.0 |IBU: N/A |rating: 3.63",ŐriBird Sörfőzde,Seabreeze
"beer kind: IPA - Cold |description: Februárban elkészült, és márciusban premierezett a Limában a Vaskakas x Etyek ColdZealand cold IPA, majd ezt tovább gondolva lejöttek a Vaskakasos srácok Etyekre és kicsit átalakítva a receptet megfőztük nálunk is a sört.Ugyan úgy Cold IPA vonalon mozogva, és Új-Zélandi komlókkal, de visszafogottabb alkohollal, és más hidegkomlózással, plusz minimális ászokolással készítettük el újra a ColdZealand-ot, amely immár DeadZealand.Kevésbé hazy, roppanósan lágeres, de ott a Dr.Rudi gyantás, fenyős, földes ízvilága, és mellette a Nectaron gyümölcsössége, valamint a rizspehely okozta szárazabb, lazább kortyérzet.Kiváló partner a nyári melegben, mert a 4,5%-os alkohol nem küld padlóra kettő másodperc alatt. |ABV: 4.5 |IBU: 30 |rating: 3.63",Etyeki Sörmanufaktúra,DeadZealand
"beer kind: IPA - Cold |description: Ez egy IPA és egy Lager hibrid verziója. Modern korunk eklektikája megengedi a különböző rendszerek közötti átjárhatóságot. Mi átjárjuk a rendszert. A doboz egyik fele lager, a másik fele IPA.  |ABV: 5.5 |IBU: N/A |rating: 3.61",Superside Brewery,2 in 1 Side
beer kind: IPA - Cold |description:  |ABV: 5.5 |IBU: N/A |rating: 3.59,Parabolic Lazarus Brewery,Cold IPA
"beer kind: IPA - Cold |description: A horvát Garden Brewery-vel már eszméletlen régóta szerettünk volna egy könnyed, nyári IPA-t összehozni, persze egy kis csavarral. Nos, a legnagyobb örömünkre egy olyan kombót raktunk össze, amiben bőven megvan a potenciál, hogy a nyár egyik nagy slágere legyen. Egy Cold Session IPA-t főztünk le, amit grapefruit héjával ízesítettünk. A Cold IPA egy eléggé fiatal, de nagyon közkedvelt stílus (lagerélesztőkkel készült, kristálytiszta megjelenésű IPA), melyet mi most a session IPA stílussal kombináltunk, így egy alapból komlósabb, kesernyésebb sört terveztünk megalkotni, egy ízvilágban passzoló gyümölccsel ízesítve.ENWe finally had the chance to collaborate with The Garden Brewery, the famous craft brewery from Croatia and this collab is a BLAST!The guys came to us during BPBW, and we brewed a nice IPA with Centennial hops. Then we added grapefruit peels just to complement the citrusy, piney notes of the hops, and make it a truly summery beer. The style is complex, since it's a cold session IPA, a lower ABV cold IPA (4.7%), with the bitter taste of Centennial hops, and the bittersweet aroma of the grapefruit peels. The combination of these two tastes is a heavenly affair, that makes this beer super lovable and easily drinkable. Behind the crystal-clear appearance, there's a light body with incredible taste.  |ABV: 4.7 |IBU: N/A |rating: 3.55",HORIZONT Brewing,Selfish Games - Centennial Affair
"beer kind: IPA - English |description: This New England IPA represents hop craftsmanship at its best. Double dry-hopped with freshly harvested wet Nectaron hops, it preserves rich tropical and fruity notes. Magnum, Rakau, Nelson Sauvin, and El Dorado hops add citrusy, resinous, and fruity layers during the boil. A smooth malt base of Pilsner, wheat, Vienna, and caramel malts is balanced by Verdant yeast, creating a hazy appearance and silky taste. Mango, peach, pineapple, and citrus tones harmonize vibrantly.     |ABV: 5.8 |IBU: 35 |rating: 3.64",Parabolic Lazarus Brewery,Leaf It To Me! Nectaron®
"beer kind: IPA - English |description: ROHAN India Pale Ale 6.2% - “Ride now! Ride, even to ruin.”Rohan will answer. It took six releases from the world of The Lord of the Rings to bring forth a true IPA, and now, at last, the riders have arrived.This beer carries the taste of Rohan’s freedom: sunshine, hops, and eternal glory.Inspired by the windswept plains and the horse-lords of the Riddermark, this noble IPA gallops with Nelson Sauvin, Motueka and Pacific Sunrise hops, bringing the freshness of open fields and the ripe fruits of a new dawn.Bold, bright, and beautifully crushable, like the breeze trailing behind a charging horse. |ABV: 6.2 |IBU: N/A |rating: 3.62",Mad Scientist,LOTR - Rohan
"beer kind: IPA - English |description: -Limited running-Our Bucket list is a single hop series. We use different kind of hops for every release, but the other parts of the recipe remains the same. The amber colored, medium bodied, moderately caramelly malt backbone supports the distinct hop profiles well. Our goal is to showcase the exciting, colorful world of hops through some special varieties. Depending on the actual hop variety you can notice citrusy, tropical fruity hop aroma, or detect peaches, red berries or more traditional spicy or flowery notes. The releases are continuously numbered following the name of the hop, for example: #27 - Olicana. |ABV: 6.5 |IBU: 70 |rating: 3.58",RothBeer,Bakancslista #27 - Olicana (UK)
"beer kind: IPA - English |description: Egy klasszikus IPA, ami a maga citrusos, narancsos íz világával garantáltan leveszi az embert a lábáról. 5 fajkomló felhasználásával készül. A sörízbomba kedvelőinek nem fog csalódást okozni. |ABV: 6.0 |IBU: N/A |rating: 3.53",Bors Serfőzde,Mortianna
"beer kind: IPA - English |description: It's our concept as the hop lover’s dream with a fruity aroma, set off by a thick caramel malt middle, and long tropical hop finish. Close your eyes and imagine the steampunk copper-age via this full bodied amber IPA made just for us. |ABV: 6.2 |IBU: 55 |rating: 3.51",Krak'n Town,Krak'n IPA
"beer kind: IPA - English |description: Hops used: Cascade, MosaicTraditional IPA with a twist, as we have not used any noble hops. Higher final gravity, fruitiness give more presence to the grain bill.  |ABV: 5.7 |IBU: 55 |rating: 3.41",HopTop Brewery,Sunset
"beer kind: IPA - English |description: Light brown colour ale with small creamy white foam what slowly disappearing. Body is medium taste is caramel and sweet malt with medium exotic (citric) hoppy. Fruity like ananas, banana.  |ABV: 6.5 |IBU: N/A |rating: 3.39",Legenda Sörfőzde,Kelet-Indiai Társaság
beer kind: IPA - English |description: Kalapos Kézműves Sörök |ABV: 6.0 |IBU: N/A |rating: 3.11,Grape-Vine Kft. (Kézműves Sör),Prémium IPA
"beer kind: IPA - Fruited |description: Ezt a forralás nélkül készült hazy raw IPA-t a Szent Andrási kreativitás és koncentrált komlózás teszi különlegessé.Sörünk a mangó és a modern komlók trópusi gyümölcsös jegyeivel kápráztat el, míg a habanero enyhe csipőssége a korty lecsengésében segít. |ABV: 7.0 |IBU: N/A |rating: 3.75",Szent András Sörfőzde,Mangós Raw Ipa
beer kind: IPA - Fruited |description: DDH IPA with Lemon Zest and Spruce TipsA special edition of DDH MADHOUSE celebrating the 3rd birthday of Madhouse Budapest |ABV: 6.0 |IBU: N/A |rating: 3.72,Mad Scientist,Damnhouse
beer kind: IPA - Fruited |description: West Coast DIPA with Yuzu |ABV: 9.0 |IBU: N/A |rating: 3.68,Mad Scientist,Tokyo Kaiju
"beer kind: IPA - Fruited |description: Hazy IPA sárgabarackkal, amit az izraeli Meltzer és New Pioneer főzdékkel készítettünk, különleges megrendelésre. Hazy IPA with apricot, brewed in collaboration with Meltzer and New Pioneer from Israel. |ABV: 5.6 |IBU: N/A |rating: 3.66",HORIZONT Brewing,GoGo Apricot
"beer kind: IPA - Fruited |description: Folyékony bátorság a húsvéti locsolkodáshoz. A szentandrási nyúl idén sem tétlenkedett, batyujába egy ködös és krémes East Coast IPA került, melyet valódi feketeribizlivel, szederrel és kakukkfűvel bolondított meg. Ez a limitált kiadású tavaszköszöntő sör az extra krémesség és a kissé fűszeres, joghurtos ízvilág mellett a virágzó kertet is a poharadba varázsolja. |ABV: 5.6 |IBU: 23 |rating: 3.65",Szent András Sörfőzde,Nyúlon Túl '25
"beer kind: IPA - Fruited |description: (HU) A tesók összetartanak: Beer Brothersös barátaink hetedik születésnapja alkalmából ismét elkészítettük közös Dupla IPA-nkat, ezúttal azonban nem csak a komlókon csavartunk egyet.A 2025-ös DIPA ugyanis szó szerint tobzódik a gyümölcsben: több mint 300 kilogram igazi banán-, ananász- és kókuszpüré került a főzetbe, egészen új szintre emelve a trópusi gyümölcsös aromák intenzitását. Igazi nyári hangulat a kora tavaszi nap alatt: toljatok be ti is egyet a tesók egészségére!(EN) Brothers stick together: To celebrate the seventh birthday of our Beer Brothers friends, we have once again made our joint Double IPA, but this time we have not only tweaked the hops.The 2025 DIPA is literally bursting with fruit: more than 300 kilograms of real banana, pineapple and coconut puree have been added to the brew, raising the intensity of the tropical fruit aromas to a whole new level. A real summer mood under the early spring sun: have a sip of one to the health of the brothers! |ABV: 8.5 |IBU: 55 |rating: 3.63",FIRST Craft Beer,7th Saga
"beer kind: IPA - Fruited |description: Hazy Ipa with Orange and Lactose, the 2025 improved version of 2019's popular Not A Sunrise |ABV: 7.0 |IBU: N/A |rating: 3.62",Mad Scientist,Not A Sunrise But A Galaxy Rise
beer kind: IPA - Fruited |description: Fruited Neipa With Raspberries after the 2025 improved version of 2019's popular Not A Sunrise  |ABV: 7.0 |IBU: N/A |rating: 3.58,Mad Scientist,Not A Sunrise But A Glorious Dawn
"beer kind: IPA - Fruited |description: Fruity, hoppy, smooth, but the name says it all! Passion fruit is one of the most amazing addition to beer because of its incredibly intense aroma and complex acidity. |ABV: 6.0 |IBU: 45 |rating: 3.56",Mad Scientist,Frooth Hoperator
"beer kind: IPA - Fruited |description: Freddy - Bloodlust West Coast IPA w/ Blood Orange and Black Carrot JuiceDo you always turn inside out when you're thirsty? Now you can put an end to this nightmare once and for all. A bursting citrus shocks you on the nose at first, sweet and savory at the beginning sip, before the bitterness of blood orange gives you the coup de grace. 6.66% has never been so easy! |ABV: 6.66 |IBU: N/A |rating: 3.5",Mad Scientist,Freddy - Bloodlust West Coast IPA
beer kind: IPA - Fruited |description: Fruited Neipa With Guava and Pineapple collab w/ Folkingebrew (NL) |ABV: 8.3 |IBU: N/A |rating: 3.5,Mad Scientist,Quantum Flavourdynamics
"beer kind: IPA - Fruited |description: A sima IPA alapot megdobtuk egy jó nagy adag specialty kávéval, amit egyenesen a Casino Mocca-tól hoztunk, de utána még megcsavartuk egy csomó vérnaranccsal.Ízében a komlókeserű mellé gyönyörűen odasimul a vérnarancs keserűsége, míg a kávé jellegzetes ízjegyei harmonikusan kiegyensúlyozzák és sokkal egzotikusabb irányba viszik az ízjegyeket. Incredibly delicious, juicy, tropical fruity beer with coffee.Pleasant hop bitterness, wonderfully complemented by the citrus of the blood orange. The mouthfeel is pleasant and refreshing, with the hop bitterness beautifully blending with the blood orange bitterness, while the distinctive coffee notes harmoniously balance and take the flavor in a much more exotic direction. |ABV: 6.1 |IBU: N/A |rating: 3.45",HORIZONT Brewing,Selfish Games - Jungle Sunrise
"beer kind: IPA - Imperial / Double |description: Hops: Simcoe, Simcoe Cryo, Mosaic, Mosaic Cryo |ABV: 8.0 |IBU: N/A |rating: 3.85",Brewing Vibes Brewery,All the Best And Still Fuck The Rest
"beer kind: IPA - Imperial / Double |description: DIPA vers. of orig fav. cat /w double vol. Mosaic, Simcoe, |ABV: 7.6 |IBU: 60 |rating: 3.85",Zentus Craft Beer,Double Kitty
"beer kind: IPA - Imperial / Double |description: Earl Grey teával és bergamottal feldobott dupla IPA.Felhasznált komlók: Magnum, Cascade, Mosaic, Citra |ABV: 9.0 |IBU: 99 |rating: 3.85",Balkezes,GreyJoy
"beer kind: IPA - Imperial / Double |description: A full-bodied, juciy hazy double IPA with Riwaka, Nelson, and Stryrian Wolf hops. |ABV: 7.5 |IBU: 60 |rating: 3.84",Unity Bar & Brewery,Double Hazy Day #01
"beer kind: IPA - Imperial / Double |description: Bemutatkozik modern west coast stílusú ALE sörital szériánk - azaz a CLEAN PROJECT - dupla IPA tétele, melyben Simcoe, Mosaic és Citra komló mellett Riwaka kivonatot és egy klasszikus west coast élesztőt használtunk. Tiszta, tartalmas, kellemesen keserű, szűretlen ital. |ABV: 8.0 |IBU: N/A |rating: 3.84",Brew Your Mind,Clean Project: DIPA
beer kind: IPA - Imperial / Double |description: DDH DIPA with NZL 32-2 & Galaxy hops as a pair of ASTRAL PROJECTION SABRO released just 1 day apart. |ABV: 7.9 |IBU: N/A |rating: 3.84,Mad Scientist,Astral Projection NZL 32-2
beer kind: IPA - Imperial / Double |description: New World DDH DIPA |ABV: 8.0 |IBU: N/A |rating: 3.83,Mad Scientist,Hazelord
"beer kind: IPA - Imperial / Double |description: Sudan is a captive Northern White Rhinoceros who lives at the Ol Pejeta Conservancy in Laikipia, Kenya. He is known for being the last male of his subspecies in the world and one of only five living Northern White Rhinoceroses in the world. He is also the only male on the African continent.The beer itself is an Imperial India Pale Ale with 8.2% alcohol content.űWe aged it for four month before we served. (This is the premiere as we serve it on the Alltech Craftbrew and Food Fair) We should all pay attention for this poor Rhino who is soo alone on this big mudball.The taste is too complex to explain, experience it for yourself…   |ABV: 8.2 |IBU: 71 |rating: 3.82",Csupor Craft Beer,"Hello, My Name Is Sudan"
beer kind: IPA - Imperial / Double |description:  |ABV: 8.0 |IBU: N/A |rating: 3.82,Reketye Brewing Co.,Bright Future
"beer kind: IPA - Imperial / Double |description: DDH imperial IPA /w Loral, Idaho7, Simco + northern style yeast |ABV: 9.0 |IBU: 60 |rating: 3.82",Zentus Craft Beer,Imperial Lynx
beer kind: IPA - Imperial / Double Black |description: Double Black Ipa |ABV: 9.0 |IBU: N/A |rating: 3.73,Mad Scientist,Black Lines
beer kind: IPA - Imperial / Double Black |description: alpha batch of our double black IPA hopped with massive amounts of El Dorado hops |ABV: 7.6 |IBU: 60 |rating: 3.71,Mad Scientist,Hell Dorado
"beer kind: IPA - Imperial / Double Black |description: Ez a sör tükröt tart eléd! Szembesít önmagaddal, megmutatja a kíméletlen igazságot. Rájössz, hogy kicsit olyan, mint te. Ahogy te sem csak egyféle vagy, ez az ital sem az. Amilyen borúlátó vagy hétfő reggel, épp oly fekete. Annyira IPA, amennyire szabad vagy a kedvenc koncerteden ugrálva. Halványan málnás, mint az első csókod emléke, keserű, mint a csalódásaid. Épp csak annyira kávés, amennyire néha kétségeid merülnek fel. Olyan erő lakozik benne, mint benned, amikor felállsz a századik pofon után is. |ABV: 7.6 |IBU: 55 |rating: 3.71",Reczer Ser,Black Mirror
"beer kind: IPA - Imperial / Double Milkshake |description: A collaboration with a talented brewer and a very good friend of ours: Máté Ábrahám (Horizont Brewery). This is a Milkshake Double IPA made with Lactose, Watermelon and our house yeast. |ABV: 7.6 |IBU: N/A |rating: 3.83",Brew Your Mind,Candy Flip - Watermelon
beer kind: IPA - Imperial / Double Milkshake |description:  |ABV: 8.5 |IBU: N/A |rating: 3.81,Brew Your Mind,Candy Flip - Tangerine
"beer kind: IPA - Imperial / Double Milkshake |description: Ábrahám Máté barátunkkal közös projektünk ez a kókusszal, gyömbérrel és laktózzal készült milkshake IPA. |ABV: 7.9 |IBU: N/A |rating: 3.77",Brew Your Mind,Candy Flip - Coconut
beer kind: IPA - Imperial / Double Milkshake |description: Tart Milkshake DIPA with Orange and Vanilla |ABV: 8.0 |IBU: N/A |rating: 3.68,Mad Scientist,Not A Sunrise
beer kind: IPA - Imperial / Double Milkshake |description: Imperial Milk Shake Pale Ale with Sour Cherry and CoconutTry it - pair it - blend it with TENNESSEE DICE ROLLER Imperial Stout with Almond and Vanilla |ABV: 9.0 |IBU: N/A |rating: 3.64,Mad Scientist,Queen of Graceland
"beer kind: IPA - Imperial / Double New England / Hazy |description: DDH DOUBLE NEIPAHops: mosaic hyperboost, motueka cryo, strata |ABV: 8.2 |IBU: N/A |rating: 3.85",UGAR Brewery,Trailer #034 - THE MAGNIFICENT
"beer kind: IPA - Imperial / Double New England / Hazy |description: Kísérleti sorozatunk ezen tagjában Simcoe, Cirta és Nelson Sauvin komlókat használtunk és egy új hazy élesztőt próbáltunk ki.A Human Experiment sorozat új címkéin számunkra kedves alkotásokat mutatunk be. |ABV: 9.5 |IBU: N/A |rating: 3.85",Brew Your Mind,Human Experiment FIFTY FIVE
"beer kind: IPA - Imperial / Double New England / Hazy |description: DDH Double New England IPA//Modern structure on concrete foundation where everything is about the freshest crop Galaxy: this is K15, a single hop double NEIPA we designed together with Contemporary Architecture Centre. Happy 15th birthday KÉK!//Betonbiztos alapok, modern szerkezet: ez a K15, a Kortárs Építészeti Központtal közösen tervezett egykomlós dupla NEIPA, melyben minden a legfrissebb szüretelésű Galaxy komlóról szól. Boldog 15. szülinapot KÉK! |ABV: 7.5 |IBU: N/A |rating: 3.85",Dealbreaker,K15
beer kind: IPA - Imperial / Double New England / Hazy |description: DDH Kveik Dipa With Spruce Tips And Citrus Zest |ABV: 8.4 |IBU: N/A |rating: 3.85,Mad Scientist,Flannelsexual
"beer kind: IPA - Imperial / Double New England / Hazy |description: Double Dry Hopped Madness following the footsteps of our SMOOTH HOPERATOR first released in the May of 2018 with 8% of abv, the second batch followed in the June of 2020, while the third batch came out of the tanks in the November of 2021 with the abv of 7,5% |ABV: 7.5 |IBU: 66 |rating: 3.84",Mad Scientist,Double Hoperator
beer kind: IPA - Imperial / Double New England / Hazy |description:  |ABV: 9.1 |IBU: N/A |rating: 3.84,UGAR Brewery,Trailer #003 - Point of No Return
"beer kind: IPA - Milkshake |description: Milkshake NEIPA with apricot and vanilla.hops:mosaic, nectaron |ABV: 8.8 |IBU: N/A |rating: 3.81",UGAR Brewery,Trailer #030 - Naughty Nectar
beer kind: IPA - Milkshake |description: Ábrahám Máté barátunkkal közös projektünk legújabb tagja ez a SÁRGADINNYÉVEL és LAKTÓZzal készült milkshake IPA.  |ABV: 7.0 |IBU: N/A |rating: 3.8,Brew Your Mind,Candy Flip - Cantaloupe
"beer kind: IPA - Milkshake |description: Vanilla milkshake IPA""When Mia orders a $5 shake from waiter “Buddy Holly” (Steve Buscemi), he asked if she wanted it “Martin and Lewis or Amos and Andy?” He is referring to two comedy duos — Dean Martin and Jerry Lewis, two white dudes; and the Amos ‘n Andy Show, two black guys. Basically, he’s asking her if she wants a vanilla shake or a chocolate shake. (She opts for vanilla.)"" |ABV: 7.1 |IBU: N/A |rating: 3.79",Mad Scientist,Martin & Lewis
"beer kind: IPA - Milkshake |description: DDH New Zealand (Rakau, Motueka) Milkshake Hazy IPA    (LöWOLF - Hoppy Juice series: 3th)• EN: It’s brewed with two great NZ hops: Rakau, MotuekaWe also added some lactose to make the mounthfeel even skiller.    • HU: Két különéeges új-zélandi komlóval (Rakau, Motueka) készítettük, amely mellé adtunk még egy kis laktózt is, hogy a kortyérzet még selymesebb legyen. |ABV: 5.4 |IBU: 14 |rating: 3.74",LöWOLF Craft Beer Co.,Moana KötengiTengi
"beer kind: IPA - Milkshake |description: EN: Our favorite hop trio – Nectaron, El Dorado, and Sabro – brings the flavors of Hawaii to life (with no added fruit). The tropical character comes purely from exotic hops, expressive yeast, a hint of hibiscus, and a touch of lactose for that silky mouthfeel. One sip, and you're on island time.HU: Kedvenc komlótriónk – Nectaron, El Dorado és Sabro – ezúttal Hawaii ízeit idézi meg (gyümölcs hozzáadása nélkül). A trópusi karakterről csupán az egzotikus komlók, az élesztő, egy csipetnyi hibiszkusz, valamint a selymes kortyérzetről a laktóz gondoskodik. Egy korty, és máris a szigetekre repülsz. |ABV: 6.2 |IBU: 21 |rating: 3.72",LöWOLF Craft Beer Co.,Almost Hawaii
"beer kind: IPA - Milkshake |description: Apricot Milkshake IPAwater, barley malt, flaked oats, 100 kg home-grow apricot, hops (Galaxy, Mosaic, Citra), lactose, yeast, |ABV: 7.0 |IBU: N/A |rating: 3.7",Zentus Craft Beer,Don't Try So Hard #2
beer kind: IPA - Milkshake |description: Milkshake NEIPA with Galaxy Spectrum and Nectaron hops and added cantaloupes and vanilla. |ABV: 7.9 |IBU: N/A |rating: 3.69,UGAR Brewery,Trailer #039 - Melon Mirage
beer kind: IPA - Milkshake |description: Banana cheesecake pale ale to be exact. Enjoy.  |ABV: 5.8 |IBU: N/A |rating: 3.68,Mad Scientist,Goodbye Moonmen
"beer kind: IPA - Milkshake |description: Passion Fruit Smoothie IPAThe first batch has been 5,3% back in the June of 2018, now we added a little bit of more magic to push the abv up to 7% for the 2nd batch during the December of 2020. Cheers! |ABV: 7.0 |IBU: N/A |rating: 3.68",Mad Scientist,Chill Haze
"beer kind: IPA - Milkshake |description: Képzeld el, ahogyan kora reggel egy pékség előtt sétálva a frissen sült túrós batyu tejszínes, lágy és édes illata hívogat. Ez a Viharsarok túrós batyu Milkshake IPA első kortya, melyben a krémesen komlós ízek dominálnak és együtt kerekednek le, hogy a valódi vaníliával a bársonyos túrós batyu hamisítatlan ízét adják. |ABV: 6.0 |IBU: N/A |rating: 3.67",Viharsarok Sörfőzde,Túrós Batyu
beer kind: IPA - Milkshake |description: DDH Milkshake HAZY IPA. |ABV: 5.8 |IBU: 31 |rating: 3.65,LöWOLF Craft Beer Co.,Seagull Coast
"beer kind: IPA - Milkshake |description: The 2022 version of the HopTop classical flagship Fruit IPA. Tropical fruits, lactose, kveik. So fruity! |ABV: 5.0 |IBU: 10 |rating: 3.57",HopTop Brewery,Tropical Swinger Club Milkshake
beer kind: IPA - Milkshake |description:  |ABV: 6.5 |IBU: 90 |rating: 3.57,Reketye Brewing Co.,Lotus
"beer kind: IPA - Milkshake |description: Ez a sörünk a Viharsarok & One Beer közös ötletéből született. Az autentikus tojáslikőr inspirálta fűszereket (vanília, fahéj, szerecsendió, kardamom, szegfűszeg) bátran egészítettük ki némi komlókeserűséggel. A kveik élesztő a számára megfelelő extrém magas, szinte már forrónak számító 40°C-os erjesztési hőmérsékleten elképesztő gyümölcsösséget eredményezett. A krémes textúráért elsősorban a nagy mennyiségű zabpehely és zabmaláta felel. A laktóz telt szájérzetet, édes ízeket hoz, ami jól működik a természetes vanília kivonattal.Az eggnog gyakran citrom- vagy narancshéjjal szórt, ez inspirálta a hidegoldali komlózást, ami egyúttal ködös, dzsúzos megjelenést is kölcsönöz a sörnek. |ABV: 6.3 |IBU: N/A |rating: 3.56",Viharsarok Sörfőzde,EGGNOG
beer kind: IPA - Milkshake |description: Szőlőmust hozzáadásával készült világos sör. |ABV: 6.0 |IBU: 28 |rating: 3.54,Zip's Brewhouse,69
beer kind: IPA - Milkshake |description:  |ABV: 7.3 |IBU: 61 |rating: 3.47,Hedon,Uncle John
"beer kind: IPA - Milkshake |description: HopTop Brewery (Budapest, Hungary) & CraftCentral.ie (Dublin, Ireland) collab brew.Smooth and fruity Apricot lactose-free milkshake IPA with a creamy mouthfeel.A real flavour bomb based on a light IPA. The taste is dominated by the fruitiness of apricots, but it does not lose its true IPA character. Its real specialty is that despite being a milkshake IPA, it is LACTOSE FREE, as it gets its silkiness from almond milk and its sweet undertone from vanilla!Tropical flavours balanced with a mild bitterness, extra juicy, rounded off with a creamy, soft and velvety mouthfeel that reminds of a milkshake.Take a sip and enjoy! |ABV: 4.6 |IBU: N/A |rating: 3.44",HopTop Brewery,Funky Munky
beer kind: IPA - Milkshake |description: Strawberry-coconut milkshake IPA. The aroma of strawberry and coconut is enhanced by the sweetness of lactose in the beer. The dry-hopping process with Sabro completes the taste perfectly.Epres kókuszos milkshake IPA. Az eper és a kókusz aromáját a laktóz édessége emeli ki a sörből. A hozzáadott Sabro hidegkomló teszi teljessé az ízvilágot. |ABV: 4.0 |IBU: N/A |rating: 3.29,HopTop Brewery,Take A Shake
"beer kind: IPA - New England / Hazy |description: Megszokott minőségű Horizont NE IPA nem megszokott komlóprofillal, hiszen kizárólag új-zélandi szüretelésű Superdelic, Nectaron és Cascade komlókat használtunk ehhez a sörünkhöz. Az eredmény egy szuper ködös, szuper gyümölcsös, szuper friss New England IPA lett, az új kedvencünk. Horizont’s usual high-quality NEIPA with an unusual twist – this time, we used only New Zealand-grown hops: Superdelic, Nectaron, and Cascade. The result is a super hazy, super fruity, super fresh New England IPA – our new favorite. |ABV: 6.0 |IBU: N/A |rating: 3.85",HORIZONT Brewing,Selfish Games - Skybreaker
"beer kind: IPA - New England / Hazy |description: Amikor tudod, hogy a vad és kíméletlenéjszaka elragad, ne feledd,a hajnali istennője az, ki megragad!(Mert az éj sötét és tele van iszonyattal.) |ABV: 6.5 |IBU: N/A |rating: 3.85",Hajnali Sörfőzők,Aurora
"beer kind: IPA - New England / Hazy |description: Egy kóstoló a Paradicsom mérgéből, melynek már most függője vagy, így már te is  toxikus lettél. |ABV: 6.0 |IBU: N/A |rating: 3.85",Hajnali Sörfőzők,Fogra39
"beer kind: IPA - New England / Hazy |description: Ellenálhatatlan, eddig ismeretlen illatokat és ízeket kínál 'Sup Bro, idei Single Hop NEIPA-nk. Az alig két éve kitenyésztett, máig főleg kísérleti komlóként ismert Sabrot használtuk New England IPA-nk egyetlen komlójaként, hogy a rá jellemző, máshoz szinte nem is hasonlítatható aromákkal töltsük fel szaglószerveinket. Elsősorban mandarinos, enyhén kókuszos, nyomokban fenyős jegyekre számíthatunk - rá is játszottunk, hiszen DDH IPA-ként közel 24 gramm / liter komlózásával egy igazi IPA-bombát kaptunk. |ABV: 6.8 |IBU: 58 |rating: 3.85",FIRST Craft Beer,Sup Bro
"beer kind: IPA - New England / Hazy |description: DDH NEIPA Tudod milyen az, amikor nem elég? Amikor még több komlóra és még több malátára vágysz! Az első korty után jön a robbanás! |ABV: 6.2 |IBU: 25 |rating: 3.85",Fehér Nyúl,Hyperblast
beer kind: IPA - New England / Hazy |description: Peach Please... IPA sörünk 1%-al könnyedebb verziója. |ABV: 5.5 |IBU: N/A |rating: 3.84,Brew Your Mind,Peach Please... 2024 Summer Edition
"beer kind: IPA - New England / Hazy |description: The newest incarnation of Cosmic Dust is here! This brew combines the transformative power of IRC7 yeasts with a selection of New Zealand Riwaka hops and the Mega Terps blend.Cosmic Dust: Riwaka unites the vinous notes of Marlborough Sauvignon Blanc grapes with classic New Zealand hop character. Replacing the previous version's Nelson Sauvin and Motueka, fresh Riwaka hops and the Mega Terps blend are the new focus. Mega Terps is a purpose-built, thiol-rich blend of Southern Cross, Motueka, and Rakau hops. These headline varietals combine with a big dose of mash hops and Phantasm precursors to unlock maximum rich tropical aromas across the brewing process.The result is an almost magical blend of typical New Zealand hop character: lime zest, wildflower blossoms, sweet nectarine. All this, along with the rich thiol complexity of Sauvignon Blanc grapes, freshly cut grass, and ripe, floral guava. |ABV: 5.0 |IBU: 31 |rating: 3.84",Gravity Brewing,Cosmic Dust: Riwaka - Thiolized IPA
"beer kind: IPA - New England / Hazy |description: Hazy IPA sorozatunk új tagja.Felhasznált komlók: Nelson Sauvin, Simcoe.Aromájában tórpusi gyümis, citrusos, vágott füves, kenderes jegyek uralkodnak. Juicy mégis ivós. |ABV: 5.5 |IBU: 40 |rating: 3.84",Unity Bar & Brewery,Another Hazy Day #16
beer kind: IPA - New England / Hazy |description: After MADHOUSE and DDH MADHOUSE we're presenting QDH MADHOUSE for the 2nd birthday of Madhouse Budapest Craft Beer Bar & Bistro! |ABV: 6.1 |IBU: N/A |rating: 3.84,Mad Scientist,QDH Madhouse
"beer kind: IPA - New England / Hazy |description: A Hazy Queen egy különleges csavarral!A megszokott komlók mellett beletettünk egy szép adag Superdelic-et is, ettől még gyümölcsösebb, még zamatosabb lett az egész. Hazy Queen with a special twist! Besides the hops we always add to our flagship beer, we decided to try it with a nice amount of Superdelic hops. Thus the fruitier and even tastier version! |ABV: 6.0 |IBU: N/A |rating: 3.84",HORIZONT Brewing,Hazy Queen - Superdelic Edition
beer kind: IPA - New England / Hazy |description: 27gr/liter nelson sauvin selected lot. Integalactic birthday ipa brewed for the 10th anniversary |ABV: 7.0 |IBU: 35 |rating: 3.83,Reketye Brewing Co.,Hop Nebula
beer kind: IPA - New England / Hazy |description:  |ABV: 7.4 |IBU: N/A |rating: 3.83,UGAR Brewery,Trailer #001 - The Golden One
"beer kind: IPA - New England / Hazy |description: Egy Hazy IPA, ami egyszerre repít el Kanadába, Új-Zélandra és Budapestre.Nelson Sauvin szőlős-gyümölcsös eleganciája, Superdelic trópusi csavara és Citra örök citrusossága húzza a fő vonalat – mi pedig rátettünk még egy lapáttal. Hátizsáknyi kanadai élmény, pár elcsent trükk, és annyi komló, amit józan ésszel már nem lehetne indokolni (nem is próbáltuk).-A Hazy IPA that takes you to Canada, New Zealand and Budapest in one sip?Nelson Sauvin brings the grape-and-fruit elegance, Superdelic adds a tropical twist, and Citra lays down that juicy citrus punch – and then we just kept going.A backpack full of Canadian experiences, a few borrowed tricks, and more hops than common sense would allow (not that we ever tried to stop). |ABV: 6.0 |IBU: N/A |rating: 3.83",HORIZONT Brewing,Tales From Canada
"beer kind: IPA - New England / Hazy |description: DOUBLE NEW ENGLAND IPAHops: nectaron, mosaic, nectaron cryo |ABV: 8.0 |IBU: N/A |rating: 3.83",UGAR Brewery,Trailer #045 - MAJESTIC FUSION
beer kind: IPA - New England / Hazy |description:  |ABV: 6.9 |IBU: N/A |rating: 3.83,UGAR Brewery,Trailer #005 - Quintesszencia
beer kind: IPA - New England / Hazy |description:  |ABV: 5.6 |IBU: N/A |rating: 3.83,UGAR Brewery,Trailer #016 - Passion For Dank
beer kind: IPA - New England / Hazy |description:  |ABV: 6.6 |IBU: N/A |rating: 3.83,UGAR Brewery,Trailer #006 - Sex On The Puszta
"beer kind: IPA - New England / Hazy |description: Hazánk első forralás nélkül készült kisüzemi hazy raw IPÁ-ja, kirívó fehérjetartalommal, koncentrált Citra Lupomax és Galaxy komlózással. Egy új komlófeldolgozási technikájának köszönhetően a Lupomax komlótobozokat a feldolgozás során nem csak ledarálják és összepréselik, de a zöld növényi részek jelentős részét leválasztják a komló terméséről, hiszen azok nem tartalmaznak lupulint, illóolajokat, alfa-savakat és semmi egyéb aromáért felelős anyagot. A pelletek mérete és súlya nem változik, de az aromáért felelős anyagok - főleg a lupulin - koncentrációja jelentősen megnő. Így lesz a Beta.30 egy szemtelenül testes, igazán krémes, trópusi gyümölcsös jegyeket kidomborító hazy IPA, a modern komlók elsöprő erejével. |ABV: 7.0 |IBU: 56 |rating: 3.83",Szent András Sörfőzde,TesztAndrás Beta.30
"beer kind: IPA - New England / Hazy |description: In the land of UGAR Brewery, where the Trailer rivers flow,A brewer's art, a tale to bestow.Number #18 a crafty concoction, a hoppy delight,A symphony of flavors, a beer lover's flight.Cryo hops lured us to into a dance to embrace,The frozen essence to be released, for every hophead's grace.Bursting with tropical notes, like a sunlit shore,A New England IPA, with all the lupulin we adore. |ABV: 7.5 |IBU: N/A |rating: 3.82",UGAR Brewery,Trailer #018 - Cryo Heaven
"beer kind: IPA - New England / Hazy |description: A TRAILER sorozat következő tagja nagyrészt új-zélandi komlókkal készült. A sör három különleges komlófajtával lett komlózva, amelyek intenzív trópusi aromákat adnak a sörnek. A Cryo Mosaic komló különösen intenzív mangó- és citrusaromát ad, míg a Nectaron és a Superdelic komló is hozzájárul a sör komplex és gazdag ízvilágához. Az új  Pomona (A fán termő gyümölcsök istennője)  élesztő teszi igazán különlegessé, krémes textúrát és a gazdag, trópusi aromákat kölcsönöz a sörnek. |ABV: 7.2 |IBU: N/A |rating: 3.82",UGAR Brewery,Trailer #25 - A New Dawn Rises
"beer kind: IPA - New England / Hazy |description: A norvég Monkey Brew főzdével együttműködésben készült NEIPA, melyhez a Yakima Chief Cryo Pop nevű komlóját használtuk fel. A fenntarthatóság és technológiai újítás jegyében fejlesztett komló masszív virágos, gyümölcsös ízvilágot ad a sörnek. Brewed with our friends from Monkey Brew (Norway), we used Yakima Chief's high-end hops, Cryo Pop for this citrusy, fruity NEIPA.   |ABV: 7.0 |IBU: N/A |rating: 3.82",HORIZONT Brewing,Traveling Monkey Time Warp
"beer kind: IPA - New England / Hazy |description: NEIPA Pomona élesztővel, Cryo Pop, Strata, Krush és Nectaron komlókkal.  |ABV: 7.0 |IBU: N/A |rating: 3.82",UGAR Brewery,Trailer #028 Juicy Bombs
"beer kind: IPA - New Zealand |description: Rakau, Riwaka, Motueka Cryo |ABV: 7.2 |IBU: N/A |rating: 3.8",Brewing Vibes Brewery,Baby On Board
beer kind: IPA - New Zealand |description:  |ABV: 5.2 |IBU: N/A |rating: 3.74,UGAR Brewery,Post Holiday Blues
"beer kind: IPA - New Zealand |description: Szuperfinom lédús gyümölcslé, nevéhez hűen az új-zélandi Superdelic komlóra kihegyezve, melyet a szintén új-zélandi Riwaka és Nelson Sauvin komlók támogatnak, hogy igazán kerek legyen az összkép. |ABV: 6.7 |IBU: N/A |rating: 3.73",SIMA brewing,Superdelicious
"beer kind: IPA - New Zealand |description: 6.3% New Zealand IPA dry-hopped with KohatuA tropical fruitbomb hazy IPA orange in colour, bitter in taste, lime and pineapple in aroma with one of our favourite hops, Kohatu in the leading role.Music and beer are our universal languages. Thorazine Sunrise is an old friend coming home after long years on the road in a seriously remastered incarnation as a special guest and beer of Fekete Zaj festival. To make this whole cultural noise even deeper, it has to be noted that this strange name of our beer is a fictive album by a fictive band called the Nomatics from Jonathan Franzen' s novel, The Corrections. Plot twist? He actually gave us the permissions to the name back in 2015, when the original batch was released.Ingredients: water, barley malts, hops (Chinook, Wai-iti, Kohatu), yeast |ABV: 6.3 |IBU: 35 |rating: 3.67",Dealbreaker,Thorazine Sunrise
beer kind: IPA - Other |description:  |ABV: 7.1 |IBU: N/A |rating: 3.79,Brew Your Mind,Human Experiment Eight
beer kind: IPA - Other |description: DDH New age ipa |ABV: 6.5 |IBU: N/A |rating: 3.74,Hajnali Sörfőzők,Triumphus
"beer kind: IPA - Other |description: A Hazy Queen negyedik Special Edition-je új-zélandi Kohia Nelson komlóval érkezik, ami egy maracuja-alapú, trópusi karakterű blend. Nem harsány, inkább mélyen hozza a gyümölcsöket: maracuja, narancs, guava, egy kis pink grapefruit csavarral.Illatban érett, lédús aromák, kortyban selymes, ködös test és szépen rétegzett ízvilág. Nem gejl, nem túltolt – a lecsengés tiszta, enyhén száraz, határozott komlós jelenléttel.Gyümölcsös, elegáns és veszélyesen jól iható. Pont, amit egy Hazy Queentől vársz.-The fourth Hazy Queen Special Edition is brewed with New Zealand Kohia Nelson hops – a passion fruit-driven tropical blend that doesn’t shout, but goes deep: passion fruit, orange, guava, with a twist of pink grapefruit.On the nose: ripe, juicy aromatics. On the palate: smooth, hazy body with layered complexity. Not sweet, not over the top – finishes clean and slightly dry, with a firm hop character.Fruity, elegant, and dangerously drinkable. Exactly what you expect from a Hazy Queen. |ABV: 6.0 |IBU: N/A |rating: 3.74",HORIZONT Brewing,Hazy Queen - Kohia Nelson Edition
beer kind: IPA - Other |description:  |ABV: 6.2 |IBU: N/A |rating: 3.73,Hajnali Sörfőzők,SKÖLL
beer kind: IPA - Other |description: Earl Gray infused west coast IPA. |ABV: 7.2 |IBU: 65 |rating: 3.72,UGAR Brewery,Gray Matter
"beer kind: IPA - Other |description: Northern Style IPA With Wet And Dry Hopshops: WET HOPS, MOSAIC |ABV: 5.6 |IBU: N/A |rating: 3.72",UGAR Brewery,Spectrum - Vivid Hop Dream
"beer kind: IPA - Other |description: Ez a második InVitro-val közös kollabunk!Ismét egy West Coast IPA, mert szimplán imádjuk és szimplán jókat tudunk csinálni. Persze Tomi és Marci feltuningolták a komlókat egy kis NZ Cascade-del, Simcoe-val és Columbusszal. Így lett egy kellemesen fenyős, gyantás, kicsit füves ízvilágú sörike. Egészségedre!  |ABV: 6.2 |IBU: N/A |rating: 3.72",HORIZONT Brewing,Selfish Games - Hops of the Damned
"beer kind: IPA - Other |description: Well rounded IPA combining American and Australian hops (citra, mosaic, galaxy), English yeast (Verdant) and malts from Holland and Germany (malted barley, oat, wheat and oat flakes).  |ABV: 7.3 |IBU: N/A |rating: 3.71",InVitro Brewing,Drone
"beer kind: IPA - Other |description: Columbus,Simcoe,GalaxyÉlesztőgomba módjára szaporodtak bennünk a gondolatok, az eredmény pedig egy trópusi gyümölcsös jegyekkel megáldott, fejleszakítós portéka lett. Lehet bármilyen napod, bármiféle élethelyzet, a vibe már az első szimat után garantáltan meglovagolja az elméd!  |ABV: 6.5 |IBU: N/A |rating: 3.7",Brewing Vibes Brewery,Ride the Vibes
beer kind: IPA - Other |description: Cascara infused west coast IPA |ABV: 6.7 |IBU: N/A |rating: 3.7,UGAR Brewery,Beers of Books - Budapest Noir
"beer kind: IPA - Other |description: Csak engedd, hogy Freyja átrepítsen a tűz és jég birodalmán és elfoglalhasd helyed Folkvangban.""Norse IPA"" kveik élesztővel |ABV: 6.5 |IBU: 30 |rating: 3.69",Fehér Nyúl,Freyja
"beer kind: IPA - Other |description: MODERN WEST COAST IPA WITH CARIBBEAN ORANGES AND BOTANICALSHops: mosaic hyperboost, simcoe cryo, citra |ABV: 4.8 |IBU: N/A |rating: 3.68",UGAR Brewery,Trailer #033 - HOPPY SUNSET
beer kind: IPA - Other |description:  |ABV: 6.2 |IBU: N/A |rating: 3.67,Reketye Brewing Co.,Firestarter
"beer kind: IPA - Other |description: Frissen szüretelt ezüstfenyő hajtásokkal ízesítettük az idei Drink the Christmas Tree West Coast IPÁ-t a Chinook, Citra és Simcoe komlóhármas mellett. Igazi száraz gyantabomba, határozott keserűvel és intenzív fenyős illatfelhővel plusz ízzel. Fenyőfa kraftba zárva. We've put a pine tree into a West Coast IPA! You'd be thinking that we are talking nonsense. We would be, if we hadn't collected a big batch of fresh blue spruce needles. Check out this year's Drink the Christmas Tree, which adds a good dose of piney goodness to the expected hoppy resinousness of a West Coast IPA thanks to the Chinook, Citra, and Simcoe hops.  |ABV: 6.7 |IBU: N/A |rating: 3.66",Fehér Nyúl,Drink the Christmas Tree 2024
"beer kind: IPA - Other |description: FRISSEN SZEDETT MAGYAR KOMLÓBÓL!Van az a nap az évben, amikor minden a komlóról szól. Kastélyosdombón épp szedték a friss magyar Chinookot, mi pedig már indítottuk is a hűtőkocsit. Pár órával később a főzőházban illatozott az egész, hogy a lehető legfrissebben mutassa meg, mire képes a magyar komló.A Chinook földes és gyantás, benne fűszer, citrus és egy adag nyári napfény. Hidegoldalon Centennial, Cascade és Columbus pellettel egészítettük ki, hogy az amerikai klasszikusok felvillantsák a citrusos oldalát.Egy frisskomlós IPA, ami egyszerre nyers, illatos és élő -  pont, mint egy séta a kastélyosdombói komlósorok között a szüret napján.-BREWED WITH FRESHLY PICKED HUNGARIAN HOPS!There’s that one day in the year when everything revolves around hops. In Kastélyosdombó, the fresh Hungarian Chinook was being harvested - and we already had the cold truck running. A few hours later, the whole brewhouse was filled with that green, living aroma, showing what Hungarian hops can really do when used fresh.The Chinook brings earthy and resinous notes with hints of spice, citrus, and a touch of summer sunshine. On the cold side, we added Centennial, Cascade, and Columbus pellets to let the American classics highlight the citrusy edge.A fresh hop IPA that’s raw, aromatic, and alive - like walking through the hop rows of Kastélyosdombó on harvest day. |ABV: 5.5 |IBU: N/A |rating: 3.66",HORIZONT Brewing,Hop Me Baby
"beer kind: IPA - Other |description: A Mad Scientist és mi is idén lettünk 10 évesek, ezért egy oda-vissza kollabbal ünneplünk. Mi egy West Coast IPA-t főztünk, ők egy New England IPA-t – a közös pont a magyar termesztésű Cashmere komló.A Cashmere mellé Chinook és Columbus került, így született egy citrusos, gyantás, határozottan komlóközpontú IPA ropogós keserűséggel és száraz lecsengéssel.Two breweries. Two styles. One shared milestone.Both Horizont Brewing and Mad Scientist turn 10 this year, so we celebrate with a cross-collab. This West Coast IPA features Hungarian-grown Cashmere with Chinook and Columbus for bright citrus, resinous hops, crisp bitterness and a clean finish. |ABV: 6.0 |IBU: 53 |rating: 3.65",HORIZONT Brewing,Burning the Candle At Both Ends
"beer kind: IPA - Other |description: Karácsonyi fenyős sörsorozatunk 2022-es tagja ismét egy IPA alapra épül, aminek ízesítéséért a már jól megszokott, frissen szedett fenyőágak mellett a Citra, Chinook és Simcoe komlóhármas és egy kis narancshéj, valamint fenyőkivonat felel!Our spruce infused Christmas ale line’s 2022 addition is once again based on an IPA. The flavor and aroma of this beer depends on the freshly picked blue spruce, Citra, Chinook and Simcoe hops, and a pinch of dried orange skin and a dash of spruce essence! |ABV: 6.7 |IBU: N/A |rating: 3.65",Fehér Nyúl,Drink the Christmas Tree 2022
"beer kind: IPA - Other |description: Etyek x HopTails x Reketye East Coast IPA (Nectaron, Denali) |ABV: 7.0 |IBU: N/A |rating: 3.65",HopTails Brewery,Triumvirate
"beer kind: IPA - Other |description: Ezt a kveik élesztővel erjedt, papayával és guavával ízesített hazy IPA-t a sörfőzőink nagy kedvence, a Trópusi Vihar című film ihlette!This kveik yeast fermented, papaya and guava infused hazy IPA was inspired by a favorite of our brewing team, the movie Tropic Thunder! |ABV: 8.2 |IBU: 10 |rating: 3.65",Fehér Nyúl,Kveik Thunder
"beer kind: IPA - Other |description: Az Ország Söre 2025 – Könnyed, friss, jól iható IPA Büszkék vagyunk rá, hogy a 2025-ös Ország Söre idén a Horizont Brewing falai között készült el! Ez a laza, könnyen iható IPA három karakteres komlóval – Superdelic, New Zealand Cascade és Columbus – főként Új-Zélandi eredetű fajtákkal készült, és egy igazán friss, üdítő sör született belőle, ami bármilyen alkalomra tökéletes választás.Mi is az Ország Söre?A Beerselection 2016 óta dolgozik azon, hogy minél többen megismerjék a minőségi sörök világát. Az Ország Söre ennek a küldetésnek az egyik legizgalmasabb része, ahol a sörfőzés közös élménnyé válik – hiszen minden évben a közönség dönt arról, milyen sör készüljön.Ti szavaztatok, mi lefőztük – egy könnyed, friss IPA készült a Horizontnál, szokás szerint a Maglódi úton, sörfőzőink szakértelmének és szenvedélyének köszönhetően.Az Ország Söre minden évben magyar kisüzemi főzdében készül – idén nagy öröm számunkra, hogy ezt a sört mi főzhettük meg nektek. Reméljük, hogy legalább annyira élvezitek, mint amennyire mi élveztük a készítését! |ABV: 6.0 |IBU: N/A |rating: 3.65",HORIZONT Brewing,Ország Söre 2025
"beer kind: IPA - Other |description: A luc és ezüstfenyővel ízesített Drink the Christmas Tree 2023 típusát tekintve West Coast IPA, amit Chinook, Citra és Simcoe komlóhármassal fűszereztünk a frissen szüretelt ágak mellett. Igazi száraz gyantabomba, határozott keserűvel és intenzív illatfelhővel.Drink the Christmas Tree 2023 is a true West Coast style IPA, hopped with Chinook, Citra and Simcoe varieties, and spiced with freshly sourced Norway and blue spruce. A true dry resin bomb, with solid bitterness and intense aroma cloud. |ABV: 6.7 |IBU: N/A |rating: 3.64",Fehér Nyúl,Drink the Christmas Tree 2023
"beer kind: IPA - Other |description: A szentandrási nyúl egyenesen a trópusokról érkezett, de egy krémes Hazy IPA-t is magával hozott. A megbabonázóan ködös látványhoz élénk grapefruit és friss citrusok is csatlakoznak a még intenzívebb élményért.  Sörünkben a könnyed savasság, a zamatos gyümölcsösség és a komlók trópusi karakterei alkotnak teljes egészet. Locsolás után, helyett vagy mellé: ez a nyúl tényleg tudja.Maláták: pale, búzaKomlók: NectaronExtrakt (szárazanyagtartalom): 15,5 BEgyéb összetevők: grapefruit, bergamott |ABV: 5.6 |IBU: 23 |rating: 3.63",Szent András Sörfőzde,Nyúlon Túl '26
"beer kind: IPA - Other |description: A Core Memory egy zamatos, ellenállhatatlanul gazdag kortyérzetű tétel. Ausztrál(Galaxy), német (Hallertau Blanc) és új-zélandi (Kohatu) komlókkal, ezek kombinációja komlóhangsúlyos de édeskés, citrusos, trópusi gyümölcsös ízvilágot kölcsönzött a sörnek. A különleges textúrát egy, az amerikai főzdékben ismert módon értük el, megdobtuk a sört egy adag almapürével. AZ ALMA ÍZE EGYÁLTALÁN NEM ÉRZŐDIK A SÖRBEN, ne is keressétek!We used Hallertau Blanc (Ger.), Galaxy(Aus.), and Kohatu hops(New Zealand). The base is an amazingly refreshing, aromatic IPA with citrus, pine and fruity notes! We added apple puree to the base and we got a super-juicy IPA, with incredible hoppiness and a rich, really tasty mouthfeel. NO, IT DOESN’T TASTE LIKE APPLES! |ABV: 6.2 |IBU: 16 |rating: 3.63",HORIZONT Brewing,Selfish Games - Core Memory
"beer kind: IPA - Other |description: Ugyanaz a sör, ugyanaz a recept, mindig más komlóval. Ezúttal a klasszikus Saaz komlóra esett a választás, amely a pilzeni sörök elengedhetetlen összetevője. Vajon az IPA-nkban is megállja a helyét? |ABV: 6.5 |IBU: N/A |rating: 3.63",RothBeer,Bakancslista #29 Saaz (CZ)
"beer kind: IPA - Other |description: kveik ale, single hop Mosaic, 37°C fokon erjesztve. ha stílust kell mondani valahol az IPA és a pale ale közt, mi strand IPA-ként hivatkozzuk, mert... ez egy jó sztori, csak hosszú lenne ide. Mosaic, tehát hozza a maga komplex ízvilágát és az IPA-hoz méltó keserűséget, a kveik élesztőből pedig ideális strandhőmérsékleten dolgoztatva kinyertünk némi extra gyümölcsöt és frissítő fanyarságot. hidegen az igazi.címke fotó: Palatinus Strandfürdő, Budapest (1939); forrás: Fortepan / Fortepan//kveik ale, single hop Mosaic, fermented at 37°C. if we need to name a style it is somewhere between a pale ale and an IPA, we refer to it as strand IPA (strand stands for open-air bath in Hungary). Mosaic, so it comes with a complex flavour profile and can nicely contribute to the IPA's bitterness. and we got some fruits and refreshing tartness from the kveik yeast working at ideal summer day temperature. we recommend drinking it colder than usual.label photo: Palatinus bath, Budapest (1939); source: Fortepan / Fortepan  |ABV: 5.9 |IBU: 38 |rating: 3.63",Balkezes,Mélyvíz
"beer kind: IPA - Other |description: Hát nem belefőztük idén is a karácsonyfát a sörbe!? A csibész mindenünket! Ment a fenyőhajtásokból bőven a főzetbe. Zöldellik még a címke is ezúttal, mert hát a frissesség került ismét a fókuszba, és hát fő a változatosság főleg a mi házunk táján. Azért maradt vörös címkés retro kiadás is.Didn’t we go and brew the Christmas tree into the beer again this year!? The rascal, every bit of it! Plenty of spruce needles went into the brew. Even the label turned green this time, since freshness was once again the focus — and, well, variety is the spice of life, especially around here. Still, there’s a red-label retro edition left, too. |ABV: 6.7 |IBU: N/A |rating: 3.61",Fehér Nyúl,Drink the Christmas Tree 2025
"beer kind: IPA - Other |description: ""One pill makes you largerAnd one pill makes you small""Fogtuk a prágai Sibeeria zászlóshajóját, a Lollihopot, és csavartunk rajta egyet. Az ausztrál Erebusszal való hidegkomlózás és a Spectrum Mosaic készítmény használata mind-mind a maximális West Coast IPA-élményt szolgálja!We took Lollihop, the flagship beer from Prague's Sibeeria, and gave it a unique twist. The combination of dry-hopping with Australian Erebus hops and the use of Spectrum Mosaic extract is all designed to deliver the ultimate West Coast IPA experience! |ABV: 6.5 |IBU: N/A |rating: 3.61",Fehér Nyúl,One Makes You Small
"beer kind: IPA - Other |description: The Matrix - BLUE PILL Tea Infused West Coast IPA""This is your last chance. After this, there is no turning back. You take the blue pill - the story ends, you wake up in your bed and believe whatever you want to believe. You take the red pill - you stay in Wonderland and I show you how deep the rabbit hole goes."" |ABV: 7.0 |IBU: N/A |rating: 3.61",Mad Scientist,The Matrix - BLUE PILL
beer kind: IPA - Other |description: Fruit Ale |ABV: 6.5 |IBU: N/A |rating: 3.6,Reketye Brewing Co.,Peach Ale
beer kind: IPA - Other |description: A slightly sour IPA fermented with riesling must and double dry hopped with nelson sauvin and amarillo. It's not an American IPA neither a sour one and definitely not a farmhouse. |ABV: 7.5 |IBU: N/A |rating: 3.6,Dimbo Lab,Wine Flu
"beer kind: IPA - Other |description: Banános, vaníliás Session Pastry NEIPA. Elképesztő mennyiségű banánpüré, valódi vanília és Sabro komló dolgozik össze azért, hogy egy igazi, trópusi gyümölcsös koktélsört kortyolgathass! Banana-vanilla Session Pastry NEIPA. An amazing amount of banana purée, real vanilla and Sabro hops work together so that you cansip a tropical fruit cocktail in beer form! |ABV: 4.6 |IBU: N/A |rating: 3.59",Fehér Nyúl,Mixtape
beer kind: IPA - Other |description:  |ABV: 7.0 |IBU: 29 |rating: 3.57,Superside Brewery,Fruitside
"beer kind: IPA - Other |description: A Twins történet egy West Coast IPA párosról szól, akik a világ két különböző végén nevelkedtek. Hiába a szinte 100%-ig azonos alap (víz, maláták, technológia, élesztő), de a neveltetés (komló), az merőben eltérő. Az Eastern Wolfot a Szlovén Styrian Wolf komló és leheletnyi Citra teszi ellenállhatatlanná.  |ABV: 6.1 |IBU: 49 |rating: 3.56",Synthesis,Eastern Wolf - Twins
"beer kind: IPA - Other |description: Mi más esne jól a kraftsört szomjazóknak, mint egy frissítő, illatos, full gyümölcsös ízvilágú IPA – ami a FIRST, a SPAR és a Belvárosi Sörfesztivál közönségének hármas kollaborációjából született?Idei főzetünk ezúttal is a közönségszavazatok alapján született – édes teher meghajolni az ilyen sörszakértő népakarat előtt, így idén ködös, dzsúszos IPA-nk a citrusos ízeket és illatokat emeli ki. Ötféle komlóval készült, mégis könnyed sörünk ugyanis a citrom-lime-mandarin-grapefruit ízkombinációjának teljes erejét bevetve bulizza végig velünk a 2024-es Belvárosi Sörfesztivált! |ABV: 5.0 |IBU: 35 |rating: 3.56",FIRST Craft Beer,Festival Hippie 2024
"beer kind: IPA - Other |description: Klasszikus amerikai stílusú India Pale Ale. Közepesen testes, borostyánszínű megjelenésével és harmonikus keserű- és aromakomlók kombinációjával gyönyörködteti az ízlelőbimbókat. |ABV: 6.5 |IBU: N/A |rating: 3.55",972 Brewpub,IPA
"beer kind: IPA - Other |description: Ó-arany színű, földes mogyorós ízét az ötféle maláta alaposan átgondolt kombinációja alkotja, amit ötféle komló egészít ki. Duplán hidegkomlóztuk és mindezek eredményeképpen egy igazán “juicy”, zamatos sört készítettünk mindenki örömére. |ABV: 5.5 |IBU: N/A |rating: 3.55",Reketye Brewing Co.,India Pale Ale
beer kind: IPA - Other |description:  |ABV: 4.5 |IBU: N/A |rating: 3.55,Karaván,Karaván IPA
"beer kind: IPA - Other |description: Na ki viszi át a túlsó partra?Egy északi élesztő, pár angol komló és holland maláta besétálnak egy nyugati parti kocsmába; kezdődhetne a vicc, de ez most véresen komoly, és ha egy partnál nem is, olyan partnerek, mint a The Swaen, a Charles Faram, a Lallemand Brewing és a NOMOQ mellett nagyon is letettük a voksunkat a BPBW 2025 hivatalos sörénél.So who's going to take it to the other side?A northern yeast, some English hops and Dutch malts walk into a pub on the west coast; it could be a joke, but this is bloody serious, and even if we’re not sure the coast we’re on, we’re definitely on the same page with The Swaen, Charles Faram, Lallemand Brewing and NOMOQ as our collaborative partners of the official BPBW 2025 beer.Maláták / Malts: Pilsner, Pale, ChitKomlók / Hops: Jester, Harlequin (T90), Jester, Godiva, Olicana (Abstrax Quantum)Élesztő / Yeast: LalBrew EXP-483 Northern IPA™Design: Sebő Krisztian @shapefromhellPrinted cans / Doboznyomás: NOMOQBrewery / Főzde: HorizontAs a special collab of the participating Hungarian breweries:BalkezesB*Bop FermentoryEtyekiFehér Nyúl  First HopTop  Horizont  Levente WineMad Scientist  Monyo Sima  Ugar  Unity  Uradalmi |ABV: 5.9 |IBU: N/A |rating: 3.54",BPBW Budapest Beer Week,BPBW 2025
"beer kind: IPA - Other |description: “VisegrádIPAlota” is a real India Pale Ale: full-bodied and characteristically bitter. It is just like a renaissance palace: light-hearted and full of life, yet standing on solid ground.  |ABV: 6.4 |IBU: N/A |rating: 3.54",Visegrádi Sör,Palota
"beer kind: IPA - Other |description: The UbikEklektik herbal IPA is an off-road IPA which means we decided to use german and czech noble hops instead of the well-known american, citrusy and fruity ones. The bitter hop is Polaris, for aroma we used Tettnanger, Mittelfrüh, Hersbrücker and Saaz. They are supposed to give earthy, grassy, herbal notes to the beer. This IPA is designed for the UbikEklektik community which is part of the FMZ (Fiatalak a Magyar Zenéért, Youths for the Hungarian Music) Association which is a four-year-old creative community consisting of student volunteers, whose vision is the creation of a dynamic, innovative and international artistic festival that promotes a variety of artistic disciplines and the synergy of cross-country cultures.A kontinentális komlókkal főzött rendbontó IPA-vel új ösvényt szeretnénk mutatni az újvilági és amerikai komlókkal készített sörök tömege között. 16 °B-os szárazanyagtartalmú, testes sör. Füves, gyógynövényes és citrusos aromájú, hála a nemes komlóknak. A sör nevét az UbikEklektik összművészeti fesztiválról kapta. |ABV: 6.0 |IBU: 71 |rating: 3.53",hübris,Ubik Eklektik Herbál IPA
beer kind: IPA - Other |description:  |ABV: 5.8 |IBU: N/A |rating: 3.52,FIRST Craft Beer,Festival Hippie 2023
"beer kind: IPA - Other |description: Több ezer szavazat nem tévedhet: ahogy kértétek, úgy érkezik a 2022-es Belvárosi Sörfesztivál söre, a Festival Hippie! Fogj kézbe egy épp erre a szezonra tervezett IPA-t, válaszd a minőségi kézműves söröket és lépj ki a mennyiséget fogyasztók szürke sörsorából! Most éppen ködösen, szüretlenül, szalmasárgán, búzamalátával lazított testtel kísérleteztük ki frissítő, nyári sörünk. Ez az IPA nem csak ellazít, de jutalmaz, hiszen a változatos, millió ízű sörfesztivál hangulatát hozza magával.  Nem véletlen, hiszen igazi komlókülönlegességekkel töltöttük meg! Az El Dorado és Ella komlók mellé egy igazi kísérleti finomság is került: a HBC586 komlóval kiegészült trió igazi trópusi gyümölcsös, mangós-ananászos illatkavalkáddal pörgeti tökélyre ezt az igazi Fesziválsört. Egészségedre! |ABV: 6.0 |IBU: 45 |rating: 3.52",FIRST Craft Beer,Festival Hippie 2022
beer kind: IPA - Other |description:  |ABV: 5.2 |IBU: N/A |rating: 3.5,HORIZONT Brewing,Frostbite
beer kind: IPA - Other |description:  |ABV: 6.0 |IBU: N/A |rating: 3.48,Sörműves Kezek,GuaranAle
"beer kind: IPA - Other |description: Hops used: Columbus, Calista, CitraA real flavor explosion (with 11 different fruits). The tropical fruitiness dominates the flavor profile, 8% ABV stays in the background, merges nicely with the versatile aroma. |ABV: 8.0 |IBU: N/A |rating: 3.45",HopTop Brewery,Tropical Swinger Club
beer kind: IPA - Other |description:  |ABV: 6.5 |IBU: 70 |rating: 3.41,Rizmajer Kézműves Sörfőzde,Popcorn
beer kind: IPA - Other |description:  |ABV: 5.7 |IBU: 45 |rating: 3.39,BAZ Beer,Kenderes IPA
"beer kind: IPA - Other |description: A Dreher IPA egy igazi sörkülönlegesség, amely karakteres ízével, domináns komlójával, és aranyló színével igazán markáns élményt nyújt.A Dreher IPA elkészítéséhez Citra, Mosaic, Cascade, Centennial, Azacca és Pekko komlót használunkÍzintenzitás: 8 / 10Komlókeserű: 8 / 10—-Dreher IPA is a real beer specialty that offers a really striking experience with its characteristic taste, dominant hops, and golden color.We use Citra, Mosaic, Cascade, Centennial, Azacca and Pekko hops to make Dreher IPA. Taste intensity: 8 / 10 Hop bitter: 8 / 10 |ABV: 5.4 |IBU: 35 |rating: 3.26",Dreher Sörgyárak,Dreher IPA
beer kind: IPA - Other |description:  |ABV: 5.9 |IBU: N/A |rating: 3.14,Balatonszentgyörgyi Sörműhely,Mangó IPA
beer kind: IPA - Other |description: Forgalmazó: Auchan Magyarország Kft. |ABV: 6.0 |IBU: N/A |rating: 3.12,Auchan Magyarország,Lázadó Láma
beer kind: IPA - Quadruple |description:  |ABV: 11.0 |IBU: N/A |rating: 3.81,HORIZONT Brewing,Selfish Games Quad IPA
"beer kind: IPA - Quadruple |description: Igazi nagyágyú; a klasszikus amerikai Chinook mellé ausztrál és új-zélandi komlókat adtunk - Galaxy, Enigma és Rakau! A 11%-os alkoholtartalom nem szúr szemet, és még csak nem is édes a végeredmény.A major heavy-hitter; alongside the classic American Chinook we added Australian and New Zealander hop varieties - Galaxy, Enigma and Rakau! The 11% abv isn't noticeable, and the end result is definitely not sweet either. |ABV: 11.0 |IBU: 70 |rating: 3.74",Fehér Nyúl,Pacific Squad
beer kind: IPA - Quadruple |description: Collaboration w/ Balkezes of Hungary.Quadruple Brut IPA for which we have created the base and they were responsible for the hop profile. |ABV: 14.3 |IBU: N/A |rating: 3.73,Mad Scientist,Hand of the Mad King
"beer kind: IPA - Red |description: Ebben a sörben két világ találkozik. A számunkra oly kedves amerikai IPA-k és a szívmelengető red ale-ek világa. Közös szerelem gyerekük pedig az általunk nagyra tartott red IPA, amit duplán hidegkomlóztunk, hogy kellőképpen aktuálisak legyünk és tartsuk magunkat a korszellem komlós söreihez. A többit meg majd ti úgy is megmondjátok! (L) |ABV: 6.5 |IBU: N/A |rating: 3.73",Fraktaal Brewing,Rutilus
"beer kind: IPA - Red |description: West Coast style Amber IPA. Oldschool and bitter.This beer comes from hell across six types of barley/malt: pale ale, red and amber crystal, melanoidin, chocolate malt and roasted barley - and six types of hops: amarillo, cascade, centennial, chinook, columbus, simcoe. The yeast type of Saccharomyces Sataniae was used to ferment the wort until we reached exactly 666% ABV. Music: Any evil metal. |ABV: 6.0 |IBU: N/A |rating: 3.72",InVitro Brewing,Baphomet
beer kind: IPA - Red |description:  |ABV: 6.5 |IBU: 90 |rating: 3.65,armando_otchoa,Hangover Rasta
"beer kind: IPA - Red |description: A 16. századi svéd író, Olaus Magnus szerint a vérfarkasok egy speciális alapanyagokból készített sörtől változnak át. A kitartó kutatásnak és némi szerencsének köszönhetően megtaláltuk a receptet, beszereztük a hozzávalókat és elkészítettük az elixírt. |ABV: 6.0 |IBU: 60 |rating: 3.64",Zip's Brewhouse,WereWolf
beer kind: IPA - Red |description: Hangover Rasta with some chestnut honey. Limited Edition. |ABV: 7.0 |IBU: N/A |rating: 3.64,armando_otchoa,Winter Rasta
beer kind: IPA - Red |description:  |ABV: 8.0 |IBU: N/A |rating: 3.63,Csupor Craft Beer,Tántorgó Méhnes
"beer kind: IPA - Red |description: A Travel Series egy limitált, egyedi főzetekből álló sorozat, melyben testet öltenek a FIRST Craft Beer utazásainak tapasztalatai, élményei és történetei.Az Egyesült Államok legalacsonyabb hőmérsékletét prezentáló alaszkai Prospect Creek ihlette vöröses árnyalatú Winter IPA-nkat - a szinte meleget sugárzó, négyféle komlóval (Warrior, Centennial, Simcoe, Cascade) ízesített IPA ugyanis tökéletes a legdurvább téli hidegek elűzésére is - dőljetek hátra és élvezzétek a FIRST Winter IPA harsány illatait és összetett ízvilágát. |ABV: 5.8 |IBU: 35 |rating: 3.62",FIRST Craft Beer,Winter IPA
"beer kind: IPA - Red |description: Vic Secret S.M.A.S.H. Red IPA, unfiltered. |ABV: 5.6 |IBU: 60 |rating: 3.61",Szent András Sörfőzde,TesztAndrás Beta.12
"beer kind: IPA - Red |description: Amerikai jellegű rozzsal „fűszerezett” 6,5%-os India Pale Ale típusú, vörös színű sör. Színét a pörkölt rozs malátától kapja, de bázismalátának nem tartalmaz rozst, ezért az csak „fűszerezi” a sört. Illatában a grapefruitos-narancsos jegyek keverednek a trópusi gyümölcscsel, de jelentős szerepet kap a fenyő is. Ízében mindez egy rozsos és komlós fűszerességgel keveredik, majd a végén a komolyabb komló-keserű zárja a kortyot. Ahogy öregszik, egyre ""simábbá"" válik a komlóaroma és aszalt-gyümölcsös jegyek jelennek meg. |ABV: 6.5 |IBU: 50 |rating: 3.6",Synthesis,Zodiak IPA
"beer kind: IPA - Red |description: A Tacet Brewery első olyan söre, amely már nem csak a malátára koncentrál, de azért igyekeztünk harmóniát találni a nemes angol maláták és a modern amerikai komlók között, és egy jól csúszó őszi-téli ""mindennapi"" Ipát alkotni. |ABV: 6.0 |IBU: 38 |rating: 3.6",Tacet Brewery,West Side Story
"beer kind: IPA - Red |description: A Snowman Selfie egy amerikai komlókkal hidegkomlózott vörös (Red) IPA.A pohárba kitöltve a citrusos-gyantás illatok rögtön megcsapják az ember orrát, illetve a szép, téglavörös szín is feltűnő. Ha belekortyolunk, akkor érezzük, hogy a déli-gyümölcsök és a komló gyantás aromái dominálnak benne, de a malátaprofil miatt kap egy kis gabonás-karamelles karaktert is. A korty vége mérsékelten keserű és száraz.Szerintünk ilyen az ideális IPA a téli szezonra. Vigyázz, mert könnyen csúszik, mint hóember a jégen.---Snowman Selfie is Red IPA dryhopped with American hop varieties. Once you pour out to your glass, lemon-resiny aromas hit your nose immediately and let's not forget about that nice brick red colour. One sip and we can sense tropical fruits and hop aromas, however due to it's malt profile it has some grainy-caramel flavour as well. End of taste is moderately dry and bitter. For us this is an ideal IPA for winter season. |ABV: 5.8 |IBU: N/A |rating: 3.59",MONYO Brewing Co.,Snowman Selfie
beer kind: IPA - Red |description:  |ABV: 5.0 |IBU: N/A |rating: 3.57,Tinta Brewing Co.,Red IPA
"beer kind: IPA - Red |description: Tűleveles sörünk idei változatát kissé erősebbre főztük, és a komlót is lecseréltük egy gyantásabbra, ami még inkább kiemeli a fenyőgyantás-tűleveles karaktert. Folyékony karácsonyfa. |ABV: 6.1 |IBU: 47 |rating: 3.57",Fehér Nyúl,Drink the Christmas Tree 2020
"beer kind: IPA - Red |description: 7 tagú sorozatunk komlóvariációkra épül. Olyan sört szerettünk volna készíteni, ami a megszokott erős testes söreinktől eltérően akár literes korsóból is kortyolgatható. Visszafogott ereje nem megy a test rovására, ugyanakkor a komlózás művészetét akartuk megmutatni a sörkedvelő közönségnek.A Lust a bujaság bűn egyenes hordozója. Rendkívül kedvel vörös IPA-nk mindent tartalmaz, amit egy mai divatos IPA-APA hordozhat magában. testesség - illat - aroma - jól csúszó kortyok.... ne hagyja ki... |ABV: 5.6 |IBU: 20 |rating: 3.55",Bors Serfőzde,The Seven Deadly Sins - Lust
beer kind: IPA - Red |description: Kveik IPA |ABV: 7.2 |IBU: N/A |rating: 3.55,Viharsarok Sörfőzde,Aranyfenyő
"beer kind: IPA - Red |description: A 2024 januárjában megjelent Amber IPA jellegzetességét a karamellás ízjegyek, illetve a müncheni maláták adják, ezek eredményezik borostyán színét is. Ennél a variánsnál elsősorban a malátás, testes ízjegyek érvényesülnek, melyeknek hangsúlyozására az IPA sörtípusra jellemző hidegkomlózást hívtuk segítségül. A klasszikus amerikai komlók és a gyümölcsös aromájú ausztrál komlók találkozása pedig izgalmas, citrusos ízvilágot kölcsönöz a sörnek. |ABV: 5.7 |IBU: N/A |rating: 3.52",ANTL,Antl Amber IPA
"beer kind: IPA - Red |description: Kellemes Smash Red IPA csipkebogyóval és Ernest komlóval, a 2024-es karácsonyi időszakra. Lágy kortyérzet, csodás megjelenés, és kellemesen komlós-gyümölcsös ízvilág.  |ABV: 6.0 |IBU: N/A |rating: 3.48",HORIZONT Brewing,Winter Royalty
beer kind: IPA - Red |description:  |ABV: 5.2 |IBU: 75 |rating: 3.47,Etyeki Sörmanufaktúra,VöröSÖRöm
"beer kind: IPA - Red |description: FREDDY - Ready Or Not Here I Come 5,9% Popcorn Red IpaFreddy never sleeps and neither should your taste buds. After slicing through the West Coast with Bloodlust Blood Orange IPA last year, our good old Freddy is back from the boiler room, now wielding something more crushable: a Popcorn Red IPA. Expect a crimson pour with citrus–pine hops, and a twisted hint of popcorn lurking in the shadows. It’s crunchy, it’s creepy, and it will haunt your palate long after the last sip. |ABV: 5.9 |IBU: N/A |rating: 3.45",Mad Scientist,Freddy - Ready Or Not Here I Come
"beer kind: IPA - Red |description: Szűretlen, vörös IPAUnfiltered, red IPA |ABV: 6.6 |IBU: 46 |rating: 3.43",Körös-Maros Biofarm Kft.,Elixbeer Vörös IPA
beer kind: IPA - Red |description:  |ABV: 5.0 |IBU: N/A |rating: 3.42,Reketye Brewing Co.,Monolith IPA
beer kind: IPA - Red |description: Irish styled red ALE. |ABV: 6.0 |IBU: N/A |rating: 3.34,Szarvasi Kézműves Sörfőzde,Szarvasi Sörmester Vörös Paripa
beer kind: IPA - Red |description: Red Light IPA Beer |ABV: 6.1 |IBU: N/A |rating: 3.33,Szarvasi Kézműves Sörfőzde,Vörös Favágó
"beer kind: IPA - Red |description: Csillámos, rózsaszín Red IPA hibiszkusszal, Rumi Cinti sörfőzőnőnk ötlete alapján. Fogyasztás előtt felfordítandó! Engedd, hogy az Unikornis csókja téged is elvarázsoljon! Klasszikus Red IPA, modern külsőben, rózsaszín megjelenéssel, kellemes komlózottsággal, frissítő hibiszkusszal és ehető csillámmal! A Yakima Chief Pink Boot Society-nek készített komlóblendje kellemes gyümölcsös, epres, kicsit cukorkás ízjegyeket kölcsönöz ennek az ellenállhatatlanul varázslatos sörnek!Based on Cinti's extreme and wild idea, this Red IPA was brewed with hibiscus, got a nice pink color and some EDIBLE GLITTER! Plus she used Pink Boots Society's hop blend from Yakima Chief for the extra girliness. Make sure you turn it upside down before opening |ABV: 5.1 |IBU: 16 |rating: 3.32",HORIZONT Brewing,Selfish Games - Kiss of the Unicorn Sparkle Edition
"beer kind: IPA - Rye |description: If you're a fan of True Detective and rye IPA then try the King in Yellow. Rye malt, crystal rye, columbus, mosaic and simcoe hops created some serious dark art. |ABV: 6.0 |IBU: N/A |rating: 3.83",InVitro Brewing,CARCOSA
"beer kind: IPA - Rye |description: A special collaboration of Stigbergets (SE) and FIRST Craft Beer (HU), resulting in an almost overly creamy, oaty, brutally hopped IPA, made with Galaxy, Citra & Simcoe hops. |ABV: 6.5 |IBU: 50 |rating: 3.75",FIRST Craft Beer,Rågrats
beer kind: IPA - Rye |description: Simcoe - Nelson Sauvin - Strata Hyperboost West Coast Rye Pale Ale collab with our friend Amine of Maktoob Brewing (ROM) |ABV: 5.3 |IBU: N/A |rating: 3.72,Mad Scientist,This Isn't Safe Mode
"beer kind: IPA - Rye |description: Ez a sör az elegáns hazy megjelenésről, a tagadhatatlanul fűszeres-rozsos ízvilágról és a masszív beltartalomról szól. A határozott keserűséget a kiemelkedően magas maradék extrakt ellensúlyozza, a bergamott pedig szépen keretbe zárja a fűszeres, rozsos ízeket. Az eredmény egy vastag, közel mézsűrűségű ködös dupla IPA, kis csavarral. |ABV: 8.0 |IBU: 61 |rating: 3.69",Szent András Sörfőzde,TesztAndrás Beta.39
"beer kind: IPA - Rye |description: 7% rozsos IPA, whynot?! Így a nyári nagy melegre való tekintettel júliusra készítettünk egy masszív 7%-os rozsos IPA-t, amit megküldtünk Citra, Nectaron, Superdelic komlókkal, meleg és hideg oldalon. A rozs a domináns összetevő, amit végig kísérnek a komlók gyümölcsös ízei. A színétől a habjáig, az ízén át a rozsmaláta a legerősebb. Kellemes kortyvégi keserűvel, kerek és komplex sör készült Huszti Márk keze alatt. |ABV: 7.0 |IBU: 40 |rating: 3.69",Etyeki Sörmanufaktúra,Rye N' Shine
"beer kind: IPA - Rye |description: ""Ahogy a nyugvó nap festi bíborrá az eget a hegyek mögött, úgy fordul mély narancssárgába, szinte vörösbe legújabb Session IPA-nk. A nagy mennyiségű rozsmaláta ássa ki elsőként a csatabárdot, hogy aztán a megszokásokkal szemben az Idaho, Chinook és Simcoe komlók vezessék hadi ösvényre ezt a különleges aromájú India Pale Ale-t. Ee-dah-how. Nézd, ahogy a Nap lenyugszik a hegyek mögött. És igyál hozzá egy jó sört."" |ABV: 4.7 |IBU: 54 |rating: 3.68",FIRST Craft Beer,Idaho Indian
"beer kind: IPA - Rye |description: A '24-es Rye n' Shine sikerén felbuzdulva idén Márk újrafőzte ezt a sört, de kicsit több rozzsal és még több komlóval, hogy a '25-ös verzió jóval masszívabb legyen a '24-es kivitelnél.   |ABV: 7.0 |IBU: 40 |rating: 3.67",Etyeki Sörmanufaktúra,Rye N' Shine '25
"beer kind: IPA - Rye |description: A Rye IPA a közkedvelt IPA kategória rozzsal főzött változata. A rozsmaláta a sör opálos megjelenésén, barnába hajló színén túl annak fűszerességéért is felel. Illatának citrusosságát, gyümölcsösségét az erjedés után hozzáadott hidegkomlónak köszönheti.Kraft sör a legjobb minőségű alapanyagokból! |ABV: 6.0 |IBU: 45 |rating: 3.67",Uradalmi Brewery,IPArozs
"beer kind: IPA - Rye |description: Szabad stílusban füstölt-, és rozsmalátával készített Indai Pale Ale. Decens füstösség jellemzi, ami remekül harmonizál az amerikai komlózással és a rozs fűszerességével. A kései és a hidegkomlózásnál eltérő aromájú komlókat használtunk, így páratlan íz-, és illatkombináció állt elő. Egyszerre jelenik meg a mély, fenyőgyantás és a vibrálóan citrusos ízvilág. Komplex, „nagyívű” sör a tökéletességre hangolva. |ABV: 6.5 |IBU: 62 |rating: 3.64",Synthesis,Xmoke
beer kind: IPA - Rye |description:  |ABV: 5.0 |IBU: N/A |rating: 3.62,Reketye Brewing Co.,Reketye X NKS
beer kind: IPA - Rye |description:  |ABV: 6.0 |IBU: N/A |rating: 3.28,Auchan Magyarország,Mohó Mókus
"beer kind: IPA - Session |description: Kísérleti sorozatunk legújabb tagja 3 izgalmas új amerikai komlófajtát is tartalmaz: Vista, Talus, McKenzie.A Human Experiment sorozat új címkéin számunkra kedves alkotásokat mutatunk be. |ABV: 4.5 |IBU: N/A |rating: 3.85",Brew Your Mind,Human Experiment FORTY EIGHT
"beer kind: IPA - Session |description: The second collaboration between Brew Your Mind and Gravity Brewing is Constellation Brasserie's ""house IPA"".A super-drinkable, refreshing yet flavorful modern IPA with a complex malt profile and intense aromas, thanks to lot-selected hops from classic American varietals: Simcoe, Mosaic and Amarillo. |ABV: 4.5 |IBU: N/A |rating: 3.85",Constellation Brewing,Table IPA
"beer kind: IPA - Session |description: Our single hop session IPA with Citra hops. The taste is sweet fresh citrus fruit with a rounded, soft bitterness. This one gets its distinctive flavor profile from our house yeast. |ABV: 4.0 |IBU: N/A |rating: 3.81",Brew Your Mind,Love Session w/Citra
"beer kind: IPA - Session |description: Love Session sorozatunk minden tagja egyfajta komlóval készül, ez a tétel a Mosaicra épül. Új recept szerint. |ABV: 4.0 |IBU: N/A |rating: 3.8",Brew Your Mind,Love Session Mosaic
beer kind: IPA - Session |description: Our single hop session IPA with Mosaic hops. This one gets its distinctive flavor profile from our house yeast. |ABV: 4.8 |IBU: N/A |rating: 3.8,Brew Your Mind,Love Session w/Mosaic
"beer kind: IPA - Session |description: Az általatok nagyon kedvelt nyári mini-széria után már érkezik is a következő. A Constellations Series-ben három New England IPA-t mutatunk be nektek. Egy könnyed Session-nel kezdünk, majd egy ""simával"" folytatjuk és egy dupla NE IPA-val zárjuk az idei évadot. A sorozat első tagja az Andromeda nevet kapta, a receptet Mausecz Ádám és Vidó Márk sörfőzőink közösen jegyzik. Egy szuperkönnyed és csúszós Session NE IPA (4% vol.), amelyet Mosaic és Idaho 7 komlókkal főztünk és hidegkomlóztunk. Az élesztő hasonlóan az All Together IPA-nál ezúttal is a YeastFlow - Streampunk-ja. Ha egy friss és komlós, de alacsony alkoholtartalmú IPA-ra vágysz, akkor ez a Te söröd!---After the well-liked Summer Series, here’s our new line of beers, called Constellations Series, which includes three NEIPAs: a super easy session ale, a “regular” IPA and a double NEIPA. The recipe of the first member, called Andromeda, is by Mausecz Ádám and Vidó Márk, two of our finest brewers. It’s an easy-to-drink sessionable IPA with 4% alcohol and is heavily double dry hopped with Mosaic and Idaho 7 hops. The yeast, just like in the case of our All Together IPA, is Yeast Flow’s Streampunk. If you’re looking for a refreshing hoppy delight, look no further! |ABV: 4.0 |IBU: N/A |rating: 3.78",MONYO Brewing Co.,Andromeda
"beer kind: IPA - Session |description: Love Session sorozatunk minden tagja egyfajta komlóval készül, ez a tétel az Amarillora épül. |ABV: 4.0 |IBU: N/A |rating: 3.78",Brew Your Mind,Love Session Amarillo
beer kind: IPA - Session |description:  |ABV: 4.0 |IBU: N/A |rating: 3.78,Brew Your Mind,Love Session Riwaka
"beer kind: IPA - Session |description: Love Session sorozatunk minden tagja egyfajta komlóval készül, ez a tétel a Nelson Sauvinra épül. |ABV: 4.0 |IBU: N/A |rating: 3.78",Brew Your Mind,Love Session Nelson
beer kind: IPA - Session |description:  |ABV: 5.5 |IBU: N/A |rating: 3.73,Reketye Brewing Co.,Same But Different
"beer kind: IPA - Session |description: Are you done?! A Trailer #008 olyan, mint a ... nyár. Mire elkezdenéd kiélvezni, már vége is, és te már nagyon kívánod a következőt! De a vége legalább könnyen csúszik, illatos és gyönyörűen hazy nedű.... Egy igazi Micro IPA!Összetevők: víz, árpamaláta, búzamaláta, zabmaláta zabpehely, búzapehely, élesztő, komlóMaláták: golden promise, dextrin, oat flake, golden naked oat, wheat malt, wheat flakeKomlók: el dorado, mosaic, simcoe, bru-1 |ABV: 4.0 |IBU: 28 |rating: 3.73",UGAR Brewery,Trailer #008 - R U Done!?
"beer kind: IPA - Session |description: Trópusi ízjegyek, amerikai és új-zélandi komlókkal fűszerezve, alacsony alkoholtartalommal, hogy meg ne szédüljünk a forró napsütésben. |ABV: 4.8 |IBU: N/A |rating: 3.72",UGAR Brewery,Trailer #023 - Tropical Cloud
beer kind: IPA - Session |description:  |ABV: 3.6 |IBU: 50 |rating: 3.72,Mad Scientist,Welcome Drink
beer kind: IPA - Session |description: New England inspired session IPA with 15g/l hops. A real summer beer. Extremely drinkable.  |ABV: 3.6 |IBU: N/A |rating: 3.71,Brew Your Mind,Under Control
"beer kind: IPA - Session |description: The first one in our Session Hazy IPA series. Nelson and Motueka hops bring the citrusy,tropical fruity notes. Clean, refreshing finish without it being too watery. It is meant as an all-day drinking alternative. Session Hazy IPA sorozatunk első tagja.Felhasznált komlók: Nelson Sauvin, Motueka.Aromájában limeos, cukordinnyés és trópusi gyümis jegyek uralkodnak.Könnyed test, intenzív komlósság. Egész nap ivós sör.   |ABV: 4.5 |IBU: 30 |rating: 3.7",Unity Bar & Brewery,Baby Hazy Day #01
beer kind: IPA - Session |description: Hazy Session IPA  |ABV: 4.0 |IBU: N/A |rating: 3.7,Reketye Brewing Co.,Ding Dong Ping Pong
beer kind: IPA - Session |description: New England inspired session IPA with orange zest.  |ABV: 4.9 |IBU: N/A |rating: 3.7,Mad Scientist,Orange County
"beer kind: IPA - Session |description: Session West Coast IPAhops: galaxy spectrum, citra cryo, simcoe |ABV: 4.9 |IBU: N/A |rating: 3.7",UGAR Brewery,Spectrum - Dreamy And Worshipped
beer kind: IPA - Session |description: tbd |ABV: 4.8 |IBU: N/A |rating: 3.7,UGAR Brewery,Festive Spirit Awakening
"beer kind: IPA - Session |description: Bálok, fogadások, vadászat.Ahogy beköszönt az ősz, úgy a dorbézolás a teraszokról áttevődik a kastélyok és kúriák csillogó báltermeibe, hiszen a tánc télen sem állhat meg!Mit ér azonban a pompa, ha nincs mellettünk egy megfelelő társ, aki tökéletesen kiegészít minket? Bizony, nem sokat, éppen ezért teremtettük meg Miss Gentryside-nak a – szerintünk –tökéletes kísérőt!Simulékonyabb, kevésbé harsány, ugyanakkor határozott személyiség, akit izgalmas kókuszillat leng körül. Aki sokban hasonlít párjára, mégis talán kicsit könnyebb vele megtalálni a közös hangot, és aki maradásra ösztökél.Ő Mister Gentryside, egy duplán hidegkomlózott imperial session ipa, 6,2%-os alkohol, és komoly kókusz, valamint Sabro komló tartalommal. |ABV: 6.2 |IBU: N/A |rating: 3.7",UGAR Brewery,Mister Gentryside
beer kind: IPA - Session |description: Session IPA with Mosaic & Simcoe |ABV: 4.6 |IBU: N/A |rating: 3.69,HORIZONT Brewing,Selfish Games Session IPA
beer kind: IPA - Session |description:  |ABV: 3.9 |IBU: N/A |rating: 3.69,UGAR Brewery,Spectrum Series - The Purpose Of Lime!
"beer kind: IPA - Session |description: Megérkezett Perseus, a Constellations New England IPA sorozatunk legújabb tagja. Ez a könnyű Session New England IPA tökéletes kiegészítője egy szabadtéri beszélgetésnek, kiélvezve a tavaszi napsugarakat.A Simcoe-val és Idaho 7-el duplán hidegkomlózott Perseus illatában a maracuja és a citrushéj, míg ízében a trópusi gyümölcsök, mangó és a mandarin dominálnak. Könnyű, hazy, juicy. Ha szeretted az Andromeda-t, akkor ezt is imádni fogod!---Here is the newest member of our Constellations New England IPA series, Perseus. This Session New England IPA has been dry-hopped with Simcoe and Idaho 7 varieties massively. The aroma is led by passion fruit and citrus peel, while in the taste there are tropical fruits, mango and mandarin. Silky mouthfeel, with a low-key bitter and dry finish. Perfect choice for a friendly conversation outdoors. |ABV: 4.1 |IBU: N/A |rating: 3.69",MONYO Brewing Co.,Perseus
"beer kind: IPA - Session |description: Session IPA with lime and lemon peel.Hops: cryo citra, amarillo, motueka |ABV: 4.5 |IBU: N/A |rating: 3.68",UGAR Brewery,Spectrum - Hungry For Sensation
"beer kind: IPA - Session |description: session ne ipa ddh /w centennial, simcoe, citramellow friut taste on the wheel of dharma |ABV: 4.5 |IBU: N/A |rating: 3.67",Zentus Craft Beer,Mellow Dharma
"beer kind: IPA - Session |description: A New England Ipa inspired dry-hopped session IPA with crazy amount of yuzu dominating. Our West Coast Samurai back in the days featured Citra (which we hold as the dearest for single hop ipas), while this release features our all time favorite hop combination: Simcoe and Mosaic. |ABV: 4.6 |IBU: N/A |rating: 3.66",Mad Scientist,East Coast Samurai
"beer kind: IPA - Session |description: Csak egy sört iszom, de annak megadoma módját. Kikapcsolok, koncentrálok.Pohárba töltöm, szagolgatom, ízlelgetem.Az a sör aztán finom legyen: kesernyés, dene keserves, testes, de ne nehéz, illatos, dene szédítő – mert én csak egy sört iszom.Óránként. |ABV: 4.6 |IBU: 52 |rating: 3.66",Fehér Nyúl,Lazy IPA
"beer kind: IPA - Session |description: Session New England IPAhops: mosaic hyperboost, motueka cryo, superdelic, strata |ABV: 4.9 |IBU: N/A |rating: 3.66",UGAR Brewery,Spectrum - Is This Real?
"beer kind: IPA - Session |description: Forró égövi szomjúságra fejlesztett gyógyír: alacsony alkoholtartalma, üdítően kesernyés komlózása, trópusi gyümölcsös aromái enyhet adón frissítenek.Nem egy szimpla egynyári kaland! |ABV: 4.2 |IBU: N/A |rating: 3.65",FIRST Craft Beer,Tropical Session IPA
"beer kind: IPA - Session |description: Kellemesen kesernyés session IPA, zöld tea hozzáadásával. |ABV: 5.4 |IBU: N/A |rating: 3.64",UGAR Brewery,Zen Mode
beer kind: IPA - Session |description: Almost the little brother of big brother. Session IPA  for session people. Session is the new lager. Thanks ale. |ABV: 5.0 |IBU: N/A |rating: 3.63,Superside Brewery,Megaside
"beer kind: IPA - Session |description: MICRO NEW ENGLAND IPAhops:galaxy, motueka, mosaic hyperboost |ABV: 3.6 |IBU: N/A |rating: 3.63",UGAR Brewery,Trailer #037 - Strategic Microdose
"beer kind: IPA - Session |description: Double dryhopped Session IPA.Hops: Simcoe, mosaic, citra. |ABV: 5.0 |IBU: N/A |rating: 3.62",Guri Sörfőzde,Prototype 01 - Session IPA
"beer kind: IPA - Session |description: Hazy micro IPA dry hopped with Wai-iti and Nelson Sauvin.Glowing, fragile, juicy and unbelievably light. Let this micro IPA dance with your mind just as the clouds above the sky, like there was no tomorrow.Ingredients: water, barley and wheat malts, wheat flakes, oat flakes, lactose, hops (Wai-iti, Nelson Sauvin), yeast (London Fog) |ABV: 1.8 |IBU: 12 |rating: 3.62",Dealbreaker,Cloudspotter
"beer kind: IPA - Session |description: Fogadjunk még nem ittál psychedelic session IPA-t! Na mi az az szag/illat, ami megcsap? Egy természetes aromát és WHC Psychedelic IPA élesztőt használtunk az életérzésért, na meg persze olyan komlókat válogattunk össze, amik megágyaznak a távoli pszichedelikus unokatesójuknak. Ez lesz egy session a poloska háborúban!Bet you’ve never tried a psychedelic session IPA before! So, what’s that smell hitting you? We used a natural aroma and WHC Psychedelic IPA yeast to capture that vibe—plus we picked hops that lay the groundwork for their far-out psychedelic cousin. It's gonna be a hell of a session during the war on bugs! |ABV: 3.2 |IBU: N/A |rating: 3.61",Fehér Nyúl,War On Bugs
"beer kind: IPA - Session |description: A Nap IPA egy könnyed, frissítő session IPA. Visszafogott keserűségét gyümölcsös, citrusos, virágos aromáival ellensúlyoztuk.Tökéletes kiegészítője lehet a meleg nyári napoknak és a hűvös vízparti estéknek, beszélgetéseknek. |ABV: 5.0 |IBU: 40 |rating: 3.6",Brewthers,Nap IPA
"beer kind: IPA - Session |description: Are you ready for another night, another round, another session?! With the lower-abv version of our bestseller dipa you'll always be. Let's celebrate Liquid Cocaine Day on the 18th of November together with this special one-off!!! |ABV: 5.3 |IBU: N/A |rating: 3.6",Mad Scientist,Session Cocaine
"beer kind: IPA - Session |description: A Have You Ever Been To MONYO Grand?-ot második, Erzsébet körúti bárunk megnyitója alkalmából főztük. Egy könnyen csúszó session IPA-t álmodtunk meg, amiben a csavar a hozzáadott bergamott. A végeredmény szinte tobzódik a narancsolajos, aromakomlós fűszerességben és az üdítő citrusosságban; igazi tavaszi-nyári frissítő.--This bergamott-infused session IPA was originally brewed to celebrate the opening of our second bar, MONYO Grand. The nose bursts with citrus rind, pine and peach. Pronounced flavors of tropical fruits, orange sorbet and peach are accentuated with moderate bitterness and balanced by a light, biscuity malt character. |ABV: 4.7 |IBU: N/A |rating: 3.6",MONYO Brewing Co.,Have You Ever Been To MONYO Grand?
beer kind: IPA - Session |description: DDH Session IPA with Sabro & Amarillo |ABV: 4.5 |IBU: N/A |rating: 3.59,Mad Scientist,Roadhouse
"beer kind: IPA - Session |description: Egy jó session IPA-nak két fontos ismérve van. Egyrészt, szinte kiugranak belőle az újvilági, gyümölcsös komlók, másfelől pedig könnyen ihatónak és frissítőnek kell lennie. Nincs ez másképp a Kisüzemben sem. Sörünknél törekedtünk arra, hogy a Citra és Simcoe komlók trópusi gyümölcsös és citrusos jegyei kerüljenek előtérbe, melyet hangsúlyos hidegkomlózással értünk el, míg a malátákat úgy választottuk ki, hogy egy könnyed testet kapjunk. Sörünk szűretlen, hogy az élesztő még inkább kidomborítsa a komlók aromáit. Illatában elegánsan és tisztán jönnek a trópusi gyümölcs illatok, majd a krémes malátás test ami nagyon jó édes-keserű aránnyal párosul.  |ABV: 4.5 |IBU: 39 |rating: 3.58",Kisüzem,Session IPA
"beer kind: IPA - Session |description: Fish! menü a Madhouse Budapestben 2022 augusztusában, Fish! Pozitív session ipa hordóban és dobozban a készlet erejéig az augusztus 20-i Budapest Parkos koncert (mit koncert, KETTŐNÉGY FESZTIVÁL, nna) tiszteletére és az Agenor Civil Állatvédő Egyesület - Csepel támogatására |ABV: 4.5 |IBU: N/A |rating: 3.58",RothBeer,Fish! Pozitív
"beer kind: IPA - Session |description: A Laza Morál egy könnyed, alacsony alkoholtartalommal rendelkező Session IPA, amelyet a komló uralkodó íze tesz különlegessé. Egy igazán laza beszélgetéshez vagy ismerkedéshez megtaláltad a tökéletes sört. A Laza Morált könnyű megszeretni! Dőlj hátra, és lazulj el! Élvezd.Laza Morál (Graceful Morale) is a light, low-alcohol Session IPA made special by the dominant taste of hops. You’ve found the perfect beer for a casual conversation or to get to know someone. Laza Morál is easy to love! Sit back and relax! Enjoy. |ABV: 4.6 |IBU: 35 |rating: 3.56",Szent András Sörfőzde,Laza Morál
"beer kind: IPA - Session |description: A Fehér Nyúlnál ezzel a hazy session IPA főzettel mondunk köszönetet női munkatársainknak, amit az idei Pink Boots komlókeverékkel főztek a hölgyek. A Pink Boots komlókeverék megvásárlásával a Pink Boots Society szervezetet is támogattuk – te pedig e sör kortyolásával hozzájárulhatsz a kezdeményezéshez!At Fehér Nyúl, we thank our female colleagues with this hazy session IPA brewed with this year's Pink Boots hop blend. By purchasing the Pink Boots hop blend, we also supported the Pink Boots Society - and you can contribute to the initiative by sipping this beer!  |ABV: 3.8 |IBU: N/A |rating: 3.56",Fehér Nyúl,Pink Power
"beer kind: IPA - Session |description: Cascade és Centennial hidegkomlózással az amerikai komlókra jellemző visszafogott, de mégis friss virágos, citrusos, grapefruitos aroma került a sörbe. Klasszikus felső erjesztésű, különleges gonddal válogatott komlóval készülő Session IPA. Az alacsony alkoholtartalom és a sör kiegyensúlyozott teste miatt ez egy igazi kézműves ivósör. Kellemesen intenzív, könnyű és zamatos sör. Nagyon itatja magát. Tökéletes választás az egész estés sörözéshez, baráti beszélgetésekhez és könnyű vacsorákhoz.Főzőpartnerünk a Reketye Sörfőzde.Sörfőző mester: Reketye-Trifán Zoltán. |ABV: 4.5 |IBU: N/A |rating: 3.56",Jótékony SHARE Kft.,Drip
"beer kind: IPA - Session |description: Ha ipára vágysz, de nem akarsz megállni egy-kettőnél, akkor ez a te söröd. Minden tulajdonságában hamisítatlan amerikai IPA, egyedül az alkoholtartalma alacsonyabb. Egész estés, vagy akár egész napos sörözések elengedhetetlen kelléke. Folyamatos fogyasztásra.If you desire an IPA, but don’t want to stop at one or two, then this beer is for you! It’s an American IPA in all of its aspects, only with lower alcohol content. Mandatory companion to all night or all day long get-togethers.  |ABV: 4.5 |IBU: 30 |rating: 3.55",Fehér Nyúl,Psycho Cycle
"beer kind: IPA - Session |description: A Zing Burgerrel való együttműködést a kölcsönös szimpátia inspirálta: ők ugyanannyira szeretik a kraft sört, mint mi a szaftos burgereket és mindketten egyetértünk abban, hogy együtt esnek a legjobban.Csak idő kérdése volt, hogy mikor főzünk egy olyan IPA-t, ami a legjobban az ő hamburgereik mellé csúszik. A Crazy Cow-ban két közös kedvenc komlónk, a Mosaic és a Cascade, valamint a rájuk jellemző grapefruitos-citrusos ízjegyek dominálnak, amik a hidegkomlózás miatt szinte kiugranak az üvegből. Az alkoholfokot viszont tudatosan alacsonyan tartottuk, hogy ne csak egy kör férjen bele ebből az üde, frissítő session IPA-ból.-----Crazy Cow was brewed to celebrate the friendship between MONYO Brewing Co. and Zing, our favourite burger bar and craft-beer purveyor. Brewed and dry-hopped with two of our favourite hops, Mosaic and Cascade, heavy citrus aromas of grapefruit flesh, lemon zest, pineapple juice and wet hop dance on the nose and the palate, with each sip wrapping up with a slight balancing bitterness.With it's low ABV, this session IPA is both refreshing and quaffable, making it an ideal summer treat - not to mention that it goes well with a juicy burger. |ABV: 4.3 |IBU: N/A |rating: 3.55",MONYO Brewing Co.,Zing Crazy Cow
beer kind: IPA - Session |description:  |ABV: 4.7 |IBU: N/A |rating: 3.55,Reketye Brewing Co.,Techno Lama
"beer kind: IPA - Session |description: This beer is excellent for both casual everyday consumption and for special occasions. It's a simple west coast style session IPA with the Citra and Mosaic hops characteristic flavour. 4,5% of alcohol makes this beer an easy drinkable IPA. |ABV: 4.5 |IBU: 23 |rating: 3.54",HopTop Brewery,Table IPA
"beer kind: IPA - Session |description: A sessionable version of the IPA style, Ground Control is dry hopped with Amarillo hops for citrusy, flowery and tropical punch. Super sessionable!A nagy kedvenc IPA stílus alacsonyabb alkoholtartalmú változata. Amarillo komlóval hidegkomlózva, virágos, trópusi gyümölcsös és citrusos aromákkal.  |ABV: 4.5 |IBU: N/A |rating: 3.52",RothBeer,Ground Control
beer kind: IPA - Session |description:  |ABV: 4.5 |IBU: 30 |rating: 3.51,hübris,süpa
"beer kind: IPA - New England / Hazy |description: Session NEIPA sörünk a bizonyíték,hogy nem kell sok alkohol ahhoz, hogy jól érezd magad!Our Session NEIPA is proof, that you don’t needa lot of booze to feel frisky |ABV: 4.9 |IBU: N/A |rating: 3.7",Fehér Nyúl,Summer Session
"beer kind: IPA - Session |description: Az Executive Pale Ale egyik ködösebb, komlósabb spin-off kiadása. |ABV: 4.5 |IBU: 33 |rating: 3.65",Hara’Punk Brewing,Executive Hazy Session IPA
"beer kind: IPA - New England / Hazy |description: A super light 4,2% DDH Session NEIPA with Simcoe,Chinook and Sabro hops. Our beer was dry-hopped twice to highlight the coconut notes of Sabro and paired with the citrus/pine notes of Chinook and the passion fruit flavor of Simcoe hops. Hops used: Simcoe, Chinook, SabroEgy szuperkönnyed 4,2%-os DDH Session NEIPA, amit Simcoe, Chinook és Sabro komlókkal főztünk. A sörlevünket duplán hidegkomlóztuk, hogy kiemeljük a Sabro komló kókuszos jegyeit és párosítottuk a Chinook citrusos/fenyős jegyeivel, illetve a Simcoe maracujás ízvilágával. Felhasznált komlók: Simcoe, Chinook, Sabro |ABV: 4.2 |IBU: N/A |rating: 3.62",HopTop Brewery,Wassabro - DDH Session NEIPA
"beer kind: IPA - Session New England / Hazy |description: Session New England IPAHops: strata hyperboost, nectaron cryo, el dorado |ABV: 3.8 |IBU: N/A |rating: 3.61",UGAR Brewery,Spectrum - To the Moon And Back
"beer kind: IPA - Session New England / Hazy |description: Mélyülj el a címkében, figyeld meg alaposan. Képzeld el, hogy az a szék a tengerparton Neked van fenntartva. Töltsd ki a sört egy pohárba, majd hunyd le szemeid. Végy egy nyugodt, mély lélegzetet, majd kortyolj bele. Ugye, hogy a mennyországban érzed magad? Egy Új Mennyországban... |ABV: 4.5 |IBU: N/A |rating: 3.6",Happpy Beer Factory,New Heaven
beer kind: IPA - New England / Hazy |description:  |ABV: 4.0 |IBU: 20 |rating: 3.53,Etyeki Sörmanufaktúra,Just For Fun - Mango Lassi Milkshake Session NEIPA
"beer kind: IPA - Session New England / Hazy |description: Egy szuperkönnyed és friss Session New England IPA. Ha imádod a trópusi gyümölcsöket, akkor ezt a sört neked találták ki. Az amerikai komlóknak és a hidegkomlózásnak köszönhetően árad belőle a mangó, az ananász és a barack. Megjelenésre ködös, állagra pedig krémes és dzsúszos, a kortyérzet selymességét egy kis keserűség billenti helyre a korty végén. Igazi komlóbomba alacsony alkoholtartalommal, ami miatt tökéletes kiegészítője a nyári grillpartiknak.Kizárólag a Spar üzleteiben kapható termék. |ABV: 4.2 |IBU: N/A |rating: 3.49",MONYO Brewing Co.,Hazy Hamster
"beer kind: IPA - Sour |description: A Rafa limitált kiadású változata. Erősebb, komlósabb, testesebb. Limoncello sörformában.A 2023-as főzet: https://untappd.com/b/feher-nyul-dupla-rafa-2023/5211819Limited edition of our core beer, Rafa. Stronger, hoppier and with more body. Limoncello in ale form. |ABV: 9.5 |IBU: 55 |rating: 3.84",Fehér Nyúl,Dupla Rafa
"beer kind: IPA - Sour |description: This beer is a second take on our Passionfruit SOUR IPA with our friends at White Stork Brewery. With its 7,5% alcohol it might feel like a big beer, but actually its an easy drinker, smooth, refreshing beer with intense Passionfruit notes, coming from both the fruit and the dry-hops. Enjoy! |ABV: 7.5 |IBU: N/A |rating: 3.82",HORIZONT Brewing,Sour Series - Take Me Somewhere Twice (Imperial Passionfruit Sour IPA)
"beer kind: IPA - Sour |description: JOANNA GONE WILD // 7% Sour IPA dry hopped with Simcoe, Wai-iti and KohatuSome of you might still recall the days when Joanna gone mad, and this time she is going full wild. All we feel is infinite love to her new personality; because if we look close enough, under the surface there's something glittering from her old sweeter self as well.INGREDIENTS: water, barley malts, maple syrup, muscovado sugar, orange purée, orange peels, hops (Mosaic, Simcoe, Wai-iti, Kohatu ), yeast |ABV: 7.0 |IBU: 40 |rating: 3.76",Dealbreaker,Joanna Gone Wild
"beer kind: IPA - Sour |description: Tripla Rafánk második kiadása; 30,3°B eredeti extrakttartalom, töménytelen mennyiségű alapanyag, citrom hegyek és persze a Fehér Nyúl kettle sour technikája adja ennek a nem mindennapi sörnek a karakterét.The second edition of our Triple Rafa boosts an original extract content of 30.3°B, loads of raw ingredients, countless hours spent peeling lemons and of course, Fehér Nyúl's kettle sour technique give this spectacular beer its character. |ABV: 10.1 |IBU: N/A |rating: 3.75",Fehér Nyúl,Tripla Rafa - 2024
"beer kind: IPA - Sour |description: A 2024-es főzetet itt találod! https://untappd.com/b/feher-nyul-tripla-rafa-2024/56983225 éves a Fehér Nyúl! Ezt megünneplendő született meg legnépszerűbb sörünk, a Rafa triplásított változata. Még több maláta, komló, citromhéj és laktóz: limoncello kimaxolva!Fehér Nyúl is 5 years old! To celebrate this fact, we brewed a TIPA version of our most popular beer, Rafa. More malt, hops, lemonpeel and lactose: limoncello maxed out! |ABV: 10.7 |IBU: N/A |rating: 3.75",Fehér Nyúl,Tripla Rafa
beer kind: IPA - Sour |description: Lemon Zest Infused Wine Barrel Aged Sour Ipa collab with our friends Adroit Theory USA based on Mad Scientist's bestseller Liquid Cocaine DIPA |ABV: 8.3 |IBU: N/A |rating: 3.75,MadX,Liquid X
"beer kind: IPA - Sour |description: A méltán híres Rafa savanyított IPA dupla változatának második kiadása; két évvel az előző főzet után leporoltuk a receptet, átdolgoztuk a tapasztalataink alapján, így most egy még kifinomultabb Dupla Rafa kerülhet a poharadba!Laktózt tartalmazThe well recognized Rafa Sour IPA’s limited double edition; and the second version at that! The recipe, which we brewed first two years ago was dusted off, worked on and improved; thus, you can have an even more interesting Double Rafa in your glass!Contains lactose |ABV: 8.5 |IBU: N/A |rating: 3.75",Fehér Nyúl,Dupla Rafa 2023
beer kind: IPA - Sour |description: Dry-Hopped Fruited Sour IPA |ABV: 6.8 |IBU: 35 |rating: 3.74,Zentus Craft Beer,Barett Kitty
beer kind: IPA - Sour |description: Sour Ipa With Raspberry & Purple Basil collab w/ Vocation Brewery |ABV: 7.0 |IBU: N/A |rating: 3.73,Mad Scientist,Resist Nothing
beer kind: IPA - Sour |description:  |ABV: 6.0 |IBU: 22 |rating: 3.71,Hopfanatic Brewery,Straw Battle Berry
beer kind: IPA - Sour |description: Sour NEIPA. |ABV: 6.8 |IBU: N/A |rating: 3.7,UGAR Brewery,First Wave
beer kind: IPA - Sour |description:  |ABV: 6.4 |IBU: N/A |rating: 3.68,Mad Scientist,Mad Barba
beer kind: IPA - Sour |description: Super drinkable and fresh sour IPA dryhopped with galaxy simcoe citra and amarillo.  |ABV: 6.5 |IBU: 40 |rating: 3.68,Reketye Brewing Co.,Acid Jazz
"beer kind: IPA - Sour |description: Kettlesoured Singlehop IPA with the most suited hop for this style, the Citra. If you need a refreshing IPA this is the one. |ABV: 6.5 |IBU: 18 |rating: 3.67",HORIZONT Brewing,Sour Series - Sour Citra IPA
beer kind: IPA - Sour |description:  |ABV: 6.8 |IBU: N/A |rating: 3.66,UGAR Brewery,Inverz Rafa
beer kind: IPA - Sour |description: Többszörösen díjnyertes DDH savanyított IPA citromhéjjal és laktózzal. Limoncello dobozba zárva!Multiple-award winning DDH Sour IPA with lemonpeel and lactose. Limoncello in a can! |ABV: 6.8 |IBU: 48 |rating: 3.66,Fehér Nyúl,RAFA
"beer kind: IPA - Sour |description: Intensly DRY hoped with galaxy, this monster has high drinkability and delightfull mouthfeel.  |ABV: 8.0 |IBU: N/A |rating: 3.66",Reketye Brewing Co.,Kettlesourus
"beer kind: IPA - Sour |description: Görögjoghurttal savanyított IPA, amerikai és új-zélandi komlókkal, Indonéziában őshonos andaliman borssal, melynek jellegzetes, enyhén citrusos ízjegyei tökéletesen passzolnak a savanyú, kellemesen komlós alaphoz. A laktóztól hazy, citrus-sárga megjelenés egy izgalmas, egyedi ízvilágot rejt. Nevét a görögös, multikulti vonalról kapta, mint az év első söre, az isteneknek való felajánlásként tekintünk rá, még a tavalyinál is jobb év reményében.To make it nice and sour, we used Greek yogurt, hops from the US and New Zealand and Andaliman pepper which has an unusual, citrus flavor, perfectly fits the hoppy, sour IPA base. As the first beer of the year, we'd like to sacrifice it to the gods to ask for an even better year that the previous one. |ABV: 6.1 |IBU: 15 |rating: 3.6",HORIZONT Brewing,Sour Series - Sacrifice To the Gods - Sour IPA With Greek Yogurt And Andaliman Pepper
"beer kind: IPA - Sour |description: Smoothie Style Belgian IPA With Orange, Grapefruit & Blackcurrant |ABV: 8.0 |IBU: N/A |rating: 3.53",Mad Scientist,Surface Pressure
beer kind: IPA - Sour |description:  |ABV: 6.5 |IBU: N/A |rating: 3.53,FIRST Craft Beer,Motherpucker
beer kind: IPA - Sour |description: Savanyú vörös IPASour red IPA |ABV: 6.6 |IBU: N/A |rating: 3.53,INCZELLAR,Beta
"beer kind: IPA - Sour |description: Sour IPA, ködös megjelenéssel, Pink Boots komlóblenddel és Motuekával. Philly Sour élesztővel savanyítva, ez az első így savanyított tételünk. Nagyon kellemes, frissítő és tuti, levesz a lábadról.  |ABV: 7.2 |IBU: N/A |rating: 3.52",HORIZONT Brewing,Sour Series - Puckery Potion
"beer kind: IPA - Sour |description: Sharp, zesty, and trippy. Because it’s not the destination, it’s the trip! This sour IPA twist on our bestseller DIPA hits with citrus peel madness and face-melting freshness. Let’s celebrate Liquid Cocaine Day on the 18th of November together with this special one-off! |ABV: 6.2 |IBU: N/A |rating: 3.5",Mad Scientist,Liquid Acid
beer kind: IPA - Sour |description: Sour Cherry IPA |ABV: 7.0 |IBU: 68 |rating: 3.42,Hedon,Aunt Mary
"beer kind: IPA - Triple |description: Ezúttal nem szintet, de rögtön dimenziót ugrottunk – imádott Flower Powerünket a Dupla lila szettje után megint új ruhába öltöztettük és a lágy, selymes, krémes receptet tovább dolgoztuk, hogy fullos legyen a trip: egy korty és hidd el, nem lesz olyan batikolt póló, virágfüzér vagy trapéznadrág, amit ne kapnál fel széles mosollyal. Hiszen az ötféle komló maradt, de a 20 gramm/liter komlózás illatfelhője beborít és bebódít… Helyezkedj el kényelmesen, tedd fel a 3D szemüveget és dőlj hátra, hogy minden érzékszervedre hathasson a Flower Power élménye!This time it’s not a level, it’s a dimension we upgraded our newly dressed Flower Power – making the smooth, silky, creamy recipe to make the trip full - one sip and believe us, there's not a batik shirt or garland you wouldn't don with a smile. The five hops are constant, but the giant fragrance cloud of the 20 g/l hopping covers and intoxicate us… Lay back comfortably, put on the 3D glasses and let all your senses be consumed by the Flower Power Experience! |ABV: 9.4 |IBU: 60 |rating: 3.84",FIRST Craft Beer,Triple Flower Power 2022
"beer kind: IPA - Triple |description: 10,5% TIPA collab w/ Frontaal Brewing Co. featuring Liquid Cocaine's malt bill & Juice Punch's hop profile |ABV: 10.5 |IBU: N/A |rating: 3.83",Mad Scientist,Cocaine Punch
beer kind: IPA - Triple |description: LIQUID COCAINE TRIPLE IPA officially premiers on the 12th of December as a part of 12 Beers of Christmas |ABV: 10.6 |IBU: N/A |rating: 3.82,Mad Scientist,Where I Draw The Line
beer kind: IPA - Triple |description:  |ABV: 9.0 |IBU: 60 |rating: 3.77,FIRST Craft Beer,Triple Flower Power 2023
"beer kind: IPA - Triple |description: When double is not enough! Jack is our spring triple IPA with huge amounts of Galaxy, Amarillo and Nelson Sauvin hops. 10% ABV to balance it out and give you a numbing experience! You know you want it!Ha a dupla is kevés! Keresd minden tavasszal a Jack The Triple-t, az új tripla IPA-nkat. Tömve Galaxy, Amarillo és Nelson Sauvin komlókkal, 10% alkohollal és egy igazi zsibbasztóan komlós élménnyel! |ABV: 10.0 |IBU: 60 |rating: 3.75",HORIZONT Brewing,Jack the Triple
"beer kind: IPA - Triple |description: Ti választottátok a komlót, mi pedig megfőztük: a hírhedt 2020-as év végét könyörtelenül taposva érkezik lován a felmentő hadvezér, Kuan Jü! Végletekig hűséges és elkötelezett - ahogy mi is a legjobb New England IPA-k megfőzése iránt. Könyörtelen, ahogy mi sem kíméltük a főzőházat - ezúttal 50 kilónyi Ekuanot komlóval varázsoltuk keserűvé és mégis frissen illatozóvá sörünket. Hősies és az egekig magasztalt... |ABV: 9.3 |IBU: 70 |rating: 3.73",FIRST Craft Beer,Kuan
beer kind: IPA - Triple |description:  |ABV: 9.0 |IBU: 55 |rating: 3.69,FIRST Craft Beer,Citra Triple IPA
"beer kind: IPA - Triple |description: Illúziót teremt vagy visszaránt a valóságba? Rajtad múlik, hogy melyik utat választod, de hidd el, hogy ez a tripla IPA egy kellemes illúziót teremt.Does it create an illusion or ground you in reality? It's up to you to decide which path you take, but we'll assure you that this triple IPA is a pleasant illusion.  |ABV: 10.9 |IBU: N/A |rating: 3.66",Fehér Nyúl,Illusion
"beer kind: IPA - Triple |description: Lager élesztővel, és új-zélandi komlókkal készült Cold Triple IPA, ami egyszerre hozza a lagerekre jellemző kristálytiszta, aranyló megjelenést és az IPA-kra jellemző komlós, kellemesen kesernyés ízvilágot.Cold Triple IPA made with lager yeasts and hops from New Zealand. Crystal clear, golden appearance with fruity, refreshing, hoppy mouthfeel.  |ABV: 10.0 |IBU: N/A |rating: 3.63",HORIZONT Brewing,Selfish Games New Zealand Cold TIPA
"beer kind: IPA - Triple |description: Salted Caramel Tipa 10,7% |ABV: 10.7 |IBU: N/A |rating: 3.56",Mad Scientist,All These Flavors And You Choose To Be Salty
beer kind: IPA - Triple New England / Hazy |description:  |ABV: 10.5 |IBU: 74 |rating: 3.85,HORIZONT Brewing,Pilot Series #6 - Tripla New England Inspired IPA
"beer kind: IPA - Triple New England / Hazy |description: hazy TIPA - Mango, pillowy, Riwaka, invitation to keep dreaming |ABV: 10.0 |IBU: N/A |rating: 3.84",Brew Your Mind,Billie's Eternal Dreams
"beer kind: IPA - Triple New England / Hazy |description: A Triple New England IPA w/ Talus, Sabro, Simcoe, HBC522 & Ginger made together with Marcin of Browar Rockmill (PL) |ABV: 11.2 |IBU: N/A |rating: 3.83",Mad Scientist,Ghost Flight
"beer kind: IPA - Triple New England / Hazy |description: Gyere csak, átvezetünk a hídon. Nekünk is egy kicsit para volt átkelni elsőre, de most már teljesen normális az egész. Ha már Blech Brut és Bamberg, akkor német aromakomló is ment bőven hidegkomló gyanánt. A Callista és a Krush keveréke nagyon komoly harapnivaló zamatvárat épített. Come on over, we'll lead you across the bridge. It was a bit scary for us to cross the first time too, but now the whole thing is completely normal. Since it's Blech Brut and Bamberg, we also used plenty of German aroma hops for the dry-hop. The mixture of Callista and Krush built a seriously intense flavor castle. |ABV: 9.2 |IBU: N/A |rating: 3.82",Fehér Nyúl,Paranormal
"beer kind: IPA - Triple New England / Hazy |description: Teljesen elszabadult a pokol. A pusztítás mértéke ép ésszel már fel sem fogható, egy új világrend kezd körvonalazódni. Vajon meg lehet még állítani ezt a szörnyeteget?Megérkezett a Cyber Rabbit Extra széria legújabb tagja, a Giga Cyber Rabbit! 9.5%-os Tripla New England IPA, kétszer hidegkomlózott sűrű és selymes komlóbomba, a MONYO történetének eddigi legerősebb NEIPA-ja!Készen állsz rá? |ABV: 9.5 |IBU: N/A |rating: 3.78",MONYO Brewing Co.,Giga Cyber Rabbit
"beer kind: IPA - Triple New England / Hazy |description: Masszív, sűrű, mégis friss Tripla IPA. Sabro, Idaho7 és Citra komlókkal ízesítve, közösen készítettük barátainkkal a Folkingebrew-nál.Massive, thick and yet refreshing Triple IPA. Hopped with Sabro, Idaho7 and Citra, brewed together with our friends and Folkingebrew. |ABV: 10.0 |IBU: 62 |rating: 3.77",FIRST Craft Beer,Backyard Street Boy
"beer kind: IPA - White / Wheat |description: A Royal Marriage egy IPA és egy belga Wit király(i) házassága. A Sorachi Ace, Cascade és Citra komlók, és egy visszafogott hidegkomlózás gondoskodnak a trópusi gyümölcsös, citrusos aromákról, melyet a forralásnál hozzáadott koriander és keserűnarancs-héj kellemesen, de nem túlzóan fűszeressé varázsol. Az eredmény egy igazán izgalmas ízkavalkád egy kerek, frissítő sör formájában. ¤¤¤Pacsi 0036Mark-nak a király címkéért!¤¤¤---The royal marriage of an IPA and a belgian wit. A beautiful bond celebrated with  Sorachi Ace, Cascade and Citra hops. Tropical, citrusy with a hint of coriander and bitter-orange peel. An exciting and elegant beverage, a refreshing wholesome beer.  |ABV: 5.6 |IBU: 45 |rating: 3.56",SIMA brewing,Royal Marriage
"beer kind: IPA - White / Wheat |description: A white IPA egyfajta átmenet az újhullámos amerikai IPA-k és a fűszeres belga búzasörök (azaz witbierek) között. Utóbbi stílusból inspirálódva a mi verziónkba is került bio citrushéj (narancs, grapefruit), valamint koriander, előbbi miatt pedig nem fogtuk vissza magunkat a komlózás terén. A végeredmény egy kellemesen citrusos, gyümölcsösen észteres és balanszosan keserű ivósör lett, ami a nap bármely szakaszában jól csúszik.----Bipolar Bear is our take on the white IPA-style, which is a crossover between American IPA-s and Belgian witbiers. The latter inspired us to but bio citrus peel (orange, grapefruit) and coriander in our brew, but because of the previous style, we also heavy hopped it. The result is a beer that is pleasantly citrusy, with a balanced bitterness and fruity esters, that goes down as a treat every time of the day |ABV: 6.1 |IBU: 40 |rating: 3.55",MONYO Brewing Co.,Bipolar Bear
"beer kind: IPA - White / Wheat |description: Belga búza és Amerikai IPA házasítása, Curacao és édes narancshéjjal, korianderrel és szecsuáni borssal fűszerezve, kellemes 5,7%-os alkohollal.  |ABV: 5.7 |IBU: 60 |rating: 3.53",Etyeki Sörmanufaktúra,Just For Fun - Hazy White IPA
beer kind: IPA - White / Wheat |description: Imperial White IPA with ginger and balm leaves |ABV: 7.9 |IBU: 30 |rating: 3.53,Zentus Craft Beer,Melissa Ginger
"beer kind: IPA - White / Wheat |description: Rengeteg málna hozzáadásával dobtuk fel a WHT IPA-t a tavaszi szezonra. Az eredeti verzió egy klasszikus White IPA, ami a fűszeres belga búzasör és az amerikai IPA fúziója. Ezen az alapból izgalmas sörtípuson Czirják Gábor sörfőzőnk csavart még egyet. A málna fanyarsága tökéletesen harmonizál a frissítő búzás jegyekkel és az újvilági komlók gyümölcsös aromáival. Egyszeri és limitált kiadás, ne maradj le róla! |ABV: 6.1 |IBU: 40 |rating: 3.53",MONYO Brewing Co.,WHT IPA Raspberry
beer kind: Kellerbier / Zwickelbier |description:  |ABV: 5.0 |IBU: N/A |rating: 3.64,Reketye Brewing Co.,Resolve
"beer kind: Kellerbier / Zwickelbier |description: Hazy amber/yellow colour with little white head. Aroma: Very yeasty and fruity, herbs. Taste: Sweet malty. citrus, yeast with a medium bitterness. Very pleasent sweet finish. Medium body and carbonation. |ABV: 4.5 |IBU: N/A |rating: 3.45",Fóti Kézműves Sörfőzde,Fóti Zwickl
beer kind: Kellerbier / Zwickelbier |description:  |ABV: 4.3 |IBU: N/A |rating: 3.38,Kapucinus Sörfőzde,Szeplőtelen
"beer kind: Koji / Ginjo Beer |description: A jól bevált sörélesztőt saké élesztőre cseréltük, így a citrával alaposan meghidegkomlózott IPA sör aromát egy szép sakés karakter teszi teljessé. Kollab sör a Sikátori Sörfőzdével. |ABV: 5.5 |IBU: 52 |rating: 3.67",Hara’Punk Brewing,Hoppaido Ipasaké
"beer kind: Koji / Ginjo Beer |description: Malátázásnál hozzáadott Jázmin rizs és rizspehely adja az egyediséget, ami Szaké élesztővel erjesztve, Sorachi Ace és Lotus komló hozzáadásával remekül hozza a Japán ízvilágot, amit a Sencha Makoto zöldtea és Jázmin virág tesz teljessé. Az élesztő által hozott észteresség, gyümölcsös, virágos illatok, és a zöldtea csersavassága kerek egésszé áll össze a sörben. |ABV: 4.0 |IBU: 41 |rating: 3.58",Etyeki Sörmanufaktúra,Just For Fun - Game of Yeasts #Szaké
"beer kind: Kölsch |description: Kölschnek általában azokat a söröket nevezik, amelyek Kölnben, vagy a város közvetlen környékén működő sörgyárak valamelyikében készültek. Ezidáig. A YeastFlow UF-108 Jawohl élesztővel készült Gamma.15-ben a német precizitást és a békésszentandrási találékonyságot ötvöztük egymással. Az eredmény pedig egy aranyló színű, gabonás illatokra emlékeztető, jegyeiben lágyan gyümölcsös, könnyű nyári sör lett. Ahogy azt mi Békésszentandráson szeretjük. |ABV: 4.6 |IBU: 25 |rating: 3.64",Szent András Sörfőzde,TesztAndrás Gamma.15
beer kind: Kölsch |description: DDH Imperial Kölsch Style Ale |ABV: 6.4 |IBU: N/A |rating: 3.63,HopTop Brewery,Frau Nelson
"beer kind: Kölsch |description: Egy Kölsch stílusú világos sört alkottunk meg, ami nem másra teremtetett mint hogy át lehessen vészelni vele a nyarat!  |ABV: 5.0 |IBU: N/A |rating: 3.63",Hajnali Sörfőzők,Pilisch
"beer kind: Kölsch |description: Kölschnek általában azokat a söröket nevezik, amelyek Kölnben, vagy a város közvetlen környékén működő sörgyárak valamelyikében készültek. Ezidáig. Ez a TesztAndrás sör a második Kölsch kísérlet, ezúttal Lallemand Kölsch élesztővel, ami kiválóan hagyja dolgozni a finom komlóaromákat, miközben kellemes gyümölcsös észtereket termel. Gamma.16-ban ismét a német precizitást és a békésszentandrási találékonyságot ötvöztük egymással, amit a második főzettel szerintünk közel tökéletesre fejlesztettünk.  Aranyló színű, gabonás illatokra emlékeztető, szárazra kiegyensúlyozott könnyű nyári sör, ahogy azt mi Békésszentandráson szeretjük. |ABV: 4.6 |IBU: 20 |rating: 3.61",Szent András Sörfőzde,TesztAndrás Gamma.16
beer kind: Kölsch |description: Black Kölsch style ale |ABV: 5.1 |IBU: 26 |rating: 3.58,Helka Sörfőzde,Horka
beer kind: Kölsch |description:  |ABV: 5.1 |IBU: 26 |rating: 3.53,Helka Sörfőzde,Jómadár
beer kind: Kölsch |description:  |ABV: 4.3 |IBU: N/A |rating: 3.44,Ruin Brew Budapest,Kolsch
beer kind: Kölsch - Wiess |description:  |ABV: 4.6 |IBU: 22 |rating: 3.41,MONYO Brewing Co.,Funky Fritz
beer kind: Lager - Amber / Red |description: hardcore partysör ami a Rakehell brigád közreműködésével készült. csak can.//hardcore party beer brewed in collaboration with the Rakehell crew. can only.LIVE THE HARDCORE SIDE OF LIFE |ABV: 4.7 |IBU: N/A |rating: 3.58,Balkezes,Rakehell
beer kind: Lager - Amber / Red |description:  |ABV: 4.5 |IBU: 25 |rating: 3.4,BAZ Beer,Vörös
beer kind: Lager - Amber / Red |description:  |ABV: 4.6 |IBU: 21 |rating: 3.05,Dreher Sörgyárak,Félbarna Hidegkomlós
"beer kind: Lager - Amber / Red |description: Félbarna, means semi-dark |ABV: 5.1 |IBU: N/A |rating: 3.01",Dreher Sörgyárak,Arany Ászok Félbarna
beer kind: Lager - Amber / Red |description:  |ABV: 4.5 |IBU: N/A |rating: 2.8,Borsodi Sörgyár,Borsodi Tüzes
beer kind: Lager - American |description: Modern Lager with a hint of Nelson and Citra HOPS.Please do not read too much on untappd. There is nothing to see here. Just cheers |ABV: 5.5 |IBU: N/A |rating: 3.6,Superside Brewery,Easy
"beer kind: Lager - American |description: Mezítláb sétálok egy zsályaszagú réten - edition! :)Felsőerjesztésű, szűretlen, friss limitált ízletes söri!Szeretem |ABV: 4.5 |IBU: 9 |rating: 3.51",Reketye Brewing Co.,Holzkoffer
"beer kind: Lager - American |description: This beer has got that going on. Smooth, easy, crisp, and just right for kicking it back. Nothing too fancy, just a clean, refreshing taste that goes a long way. The kind of drink that makes you feel present, with no urge to rush anywhere else. |ABV: 4.2 |IBU: N/A |rating: 3.46",Mad Scientist,Lowkey Lager
beer kind: Lager - American |description:  |ABV: 4.5 |IBU: N/A |rating: 3.24,Cecei Sörüzem,Super Lager
beer kind: Lager - American |description: A Vadnyugat legnépszerűbb lager típusú sörét tartod a kezedben. Éld át a westernhősök kalandjait kedvenc sörünk fogyasztásával!  |ABV: 5.5 |IBU: N/A |rating: 3.21,Oasis Brewery,Revolverhős U.S. Lager
"beer kind: Lager - American |description: Nagyon izgalmas munka volt, bár a lager elsőre tutizásnak tűnik, szerettük volna megmutatni, hogy mennyi potenciál van ebben a mindenki által jól ismert stílusban, ami egyébként globálisan is a reneszánszát éli a kisüzemi sörfőzők között is. Szerintünk azért lett igazán jó sör, mert magas minőségben, tradicionális eljárásokra építkezik, de közben azért több izgalmas csavar is van benne. A folyamat során többször adunk aromakomlót a sörhöz, hagyományos módon a főzőházban a komlóforralás során, és modern hidegkomlózási eljárással az erjesztést követően is. Így született meg ez a fűszeres és visszafogottan citrusos ízvilágú, kristálytiszta ropogós láger. |ABV: 5.0 |IBU: N/A |rating: 3.19",Kőbánya X,Underground Lager
beer kind: Lager - American Amber / Red |description:  |ABV: 7.0 |IBU: N/A |rating: 3.57,Kapucinus Sörfőzde,Söröstyén
beer kind: Lager - American Amber / Red |description:  |ABV: 4.9 |IBU: N/A |rating: 3.48,Kapucinus Sörfőzde,Frau Luther
beer kind: Lager - American Amber / Red |description:  |ABV: 5.3 |IBU: N/A |rating: 3.48,Élesztő Bar,Élesztő Vörös
beer kind: Lager - American Light |description: Insane amount of cucumber was used to brew this beer. Of course it has been dryhopped and brewed with Sorachi Ace and  little lime puree was added to maximize out the freshness of this brew. |ABV: 4.3 |IBU: N/A |rating: 3.55,HORIZONT Brewing,Selfish Games Cucumber Infused Lager
beer kind: Lager - American Light |description: Silenus House Beer  |ABV: 4.5 |IBU: N/A |rating: 3.37,Silenus Pub,Ház Söre
"beer kind: Lager - American Light |description: könnyű, mint az egyszeregy. hübris hüs alsóerjesztésű american pale lager sör. |ABV: 4.0 |IBU: 15 |rating: 3.22",hübris,hüs
beer kind: Lager - American Light |description: Prémium Craft Lager |ABV: 3.8 |IBU: N/A |rating: 3.19,The Beertailor,Balatonsör
"beer kind: Lager - American Light |description: ROARRR! Utat a fenséges Fehér Tigrisnek!A White Tiger a MONYO-család legújabb tagja, egy low-carb low-ABV American Light Lager.Habkönnyű teste mellett visszafogott komlósság jellemzi. Az élesztőnek köszönhetően minden cukrot leerjesztettünk benne, ezért a kalóriával sem kell törődj, simán beillesztheted a diétába.Ideális társ fűnyírás mellé vagy meleg nyári napokra, amikor nem akarsz gyorsan fejre állni, de meginnál pár doboz sört a haverokkal.Vigyázz, mert amilyen gyorsan jön, olyan gyorsan fogy!ROARRR! Make way for the mighty White Tiger!White Tiger is the newest member of the MONYO family — a low-carb, low-ABV American Light Lager.It has a feather-light body and a subtle hop character. Thanks to the yeast, all the sugars are fully fermented out, so you don’t have to worry about the calories — it fits right into your diet.The perfect companion for mowing the lawn or chilling on a hot summer day when you don’t want to get knocked out after the first can, but still want to crush a few beers with your friends. |ABV: 3.5 |IBU: N/A |rating: 3.14",MONYO Brewing Co.,White Tiger
beer kind: Lager - Dark |description: Hoptop Dark Lager from the core range.  |ABV: 5.0 |IBU: 21 |rating: 3.51,HopTop Brewery,Dark Lager
beer kind: Lager - Dark |description:  |ABV: 4.8 |IBU: N/A |rating: 3.49,Kárpi Sörfőzde,Barna Medve
beer kind: Lager - Dark |description:  |ABV: 5.8 |IBU: N/A |rating: 3.46,Zirci Apátsági Manufaktúra,Aurora
beer kind: Lager - Dark |description:  |ABV: 5.4 |IBU: N/A |rating: 3.46,Kapucinus Sörfőzde,Barna
beer kind: Lager - Dark |description: Sz?retlen fekete sör |ABV: 6.0 |IBU: N/A |rating: 3.45,Fóti Kézműves Sörfőzde,Kéményseprő
beer kind: Lager - Dark |description:  |ABV: 5.0 |IBU: 24 |rating: 3.39,Körös-Maros Biofarm Kft.,Elixbeer Brown & White
beer kind: Lager - Dark |description: Special unfiltered lager |ABV: 4.5 |IBU: N/A |rating: 3.37,Reketye Brewing Co.,Lokálpatrióta
beer kind: Lager - Dark |description:  |ABV: 5.0 |IBU: N/A |rating: 3.37,Széles & Széles Kft. (Palóc Sör),Memento
"beer kind: Lager - Dark |description: A creamy and flavour-full dark lager with the aromatic signs of coffee, but there is none in it! We achieved this with roasted barley and the long ageing. |ABV: 4.5 |IBU: N/A |rating: 3.3",Reketye Brewing Co.,Dark Lager
beer kind: Lager - Dark |description:  |ABV: 5.8 |IBU: 18 |rating: 3.2,Pécsi Sörfőzde,Pécsi Prémium Barna
"beer kind: Lager - Dark |description: A barna sörök már évszázadok óta indítják be a sörkedvelők fantáziáját és ízlelőbimbóit, amit a legtöbbször a különleges müncheni malátának és a csábítóan kellemes, édeskés aromájuknak köszönhetnek. A Démon esetében az utóbbit négy fajta maláta és a Saphír aromakomló, míg a mélybarna színéről a speciális karamellmaláta gondoskodik.For centuries, brown beers have captured the imagination and tastebuds of beer lovers, mostly thanks to their special Munich malt and their seductively pleasant, sweet aroma. In the case of the Demon, the latter is provided by four types of malt and the Sapphire aroma malt, while the deep brown colour is due to the special caramel malt. |ABV: 5.2 |IBU: N/A |rating: 3.17",Soproni Sörgyár (Heineken Hungária),Démon
"beer kind: Lager - Fruited |description: Golden Lager With Yuzu celebrating Beer by Lake - Nagyerdei Sörkert 2024/08/15-20 Debrecen, Hungary |ABV: 5.0 |IBU: N/A |rating: 3.59",Mad Scientist,Beer By Lake
beer kind: Lager - Fruited |description:  |ABV: 4.0 |IBU: 16 |rating: 3.15,Dreher Sörgyárak,Dreher Meggy
beer kind: Lager - Fruited |description:  |ABV: 4.0 |IBU: 16 |rating: 3.05,Dreher Sörgyárak,Dreher Áfonya
beer kind: Lager - Fruited |description: Világos sör es barack ízű ital keveréke. |ABV: 4.0 |IBU: 16 |rating: 3.04,Dreher Sörgyárak,Dreher Barack
beer kind: Lager - German Light / Leichtbier |description:  |ABV: 4.5 |IBU: N/A |rating: 3.44,Fóti Kézműves Sörfőzde,Spíler Világos
beer kind: Lager - German Light / Leichtbier |description:  |ABV: 3.0 |IBU: N/A |rating: 2.53,Dreher Sörgyárak,Kanizsai Sör
beer kind: Lager - Helles |description: our Szekszárd Helles dry hopped with american hops |ABV: 5.5 |IBU: N/A |rating: 3.8,Brew Your Mind,Szekszárd Helles Hidegkomlós
beer kind: Lager - Helles |description:  |ABV: 5.7 |IBU: N/A |rating: 3.77,Brew Your Mind,Helles Lager THREE
beer kind: Lager - Helles |description:  |ABV: 6.0 |IBU: N/A |rating: 3.73,Brew Your Mind,Helles Lager FOUR
"beer kind: Lager - Helles |description: Klasszikus német lager típusú sör. Tiszta, virágos, frissítő.  |ABV: 5.8 |IBU: N/A |rating: 3.72",Brew Your Mind,Helles Lager SEVEN
"beer kind: Lager - Helles |description: This clean, clear, and ultra-sessionable Helles Lager beer begins with a specialty German lager malt for its crisp profile and subtle notes of lemon sherbet. Our usual mash schedule is swapped out for a decoction – a complex, historic process that involves boiling part of the grain to build out melanoidin in the wort and lend a touch of tannic depth to the body, resulting in a beautifully complex baseline character.German Saphir hops further amplify this brew’s soft lemon character and blend smooth bitterness into our decoction base, while the whole brew enjoys a gentle ferment and extended maturation on an ultra-classic Austrian yeast strain that evokes softly rising bread and beer halls full of ceramic steins. The result is an intensely cool and crushable lager that balances gentle depth with refreshing simplicity. |ABV: 5.0 |IBU: 21 |rating: 3.67",Constellation Brewing,Helles Lager
"beer kind: Lager - Helles |description: Klasszikus német helles lager típusú sör. Tiszta, virágos, frissítő.  |ABV: 5.5 |IBU: N/A |rating: 3.66",Brew Your Mind,Szekszárd Helles
beer kind: Lager - Helles |description:  |ABV: 4.7 |IBU: N/A |rating: 3.64,Brew Your Mind,Bavarian Helles
"beer kind: Lager - Helles |description: NE LEPÖDJ MEG, DE EZ A SPECIÁLIS SÖR EGY TRADICIONÁLIS HELLES. HOGY MIÉRT KÜLÖNLEGES MANAPSÁG AZ EGYSZERÚ,ERRE NEM TUDJUK A VÁLASZT, DE NEM IS BAJ.DON'T BE SURPRISED, BUT THIS SPECIAL BEER IS A TRADITIONAL HELLES. WHY SIMPLE THINGS ARE SPECIAL TODAY? WE DON'T KNOW THE ANSWER BUT IT'S OK. |ABV: 5.4 |IBU: N/A |rating: 3.59",UGAR Brewery,Spezial Pretzel
"beer kind: Lager - Helles |description: Wagner mesterműve pohárba töltve.Heidelbergi malátából készült igazi helles, a legnemesebb német komlókkal fűszerezve. |ABV: 5.4 |IBU: N/A |rating: 3.59",Tacet Brewery,Das Rheingold
beer kind: Lager - Helles |description: The first Helles from Horizont Brewing has arrived. We brewed it with a german hop called Hallertau Blanc to achive a mild whitegrape taste combined with the crispiness from the malt. Unfiltered for the better taste. |ABV: 4.7 |IBU: 22 |rating: 3.57,HORIZONT Brewing,Selfish Games Helles
"beer kind: Lager - Helles |description: (HUN) Itt az ideje, hogy érkezzen valami könnyebb, lazább, frissebb darab is - müncheni barátunk pedig tökéletes, hogy betöltse ezt az űrt.Első Hellesünk 75 napon keresztül pihent, kerekedett a tartályban, hogy egy nem egyszerűen malátahangsúlyos, de kifejezetten kenyeres, ízes, éppen halványan komlózott ivós lagerré válhasson.Szalmasárga színe, ropogós habja csak megerősíti az első benyomásokat: ez itt egy hamisítatlan, német lager ihletésű klasszikus sörsör mindenkinek, aki szereti!(ENG)It's time for something lighter, looser, fresher - and our Munich friend is perfect to fill this void.Our first Helles rested for 75 days, maturing in the tank, to become a drinkable lager that is not simply malty, but distinctly bready, flavorful, and just faintly hoppy.Its straw yellow color and crisp head only confirm the first impressions: this is an unadulterated, German lager-inspired classic beer for everyone who loves it! |ABV: 5.5 |IBU: 17 |rating: 3.55",FIRST Craft Beer,Münchner Freund
"beer kind: Lager - Helles |description: hübris hüllesszűretlen ászok sör más néven Kellerbier, azon belül pedig egy klasszikus bajor helles. 100 nap érlelési időt kapott a lehető legtisztább és harmonikusabb íz elérése érdekében. Aranysárga, kellemesen édeskés, telt sör.  |ABV: 4.9 |IBU: 11 |rating: 3.54",hübris,hülles
beer kind: Lager - Helles |description: Special collab beer (Helles Lager) for EURO2024! |ABV: 4.5 |IBU: N/A |rating: 3.52,MONYO Brewing Co.,MONYO X Bogdán Ádám - HELLES
"beer kind: Lager - Helles |description: A clean, malty, gold-colored German style lager with a smooth grainy-sweet malty flavor and a soft finish. Made with noble german hop, the Tettnanger gives floral and herbal aromas with some spiciness.Drink cold and fresh, do not age, it is not a Barrel Pig series beer, you can drink from 1 litre mug. Or have a barrel of helles, and tap it. |ABV: 4.8 |IBU: N/A |rating: 3.52",HopTop Brewery,Helles
"beer kind: Lager - Helles |description: A Fehér Nyúl tradicionális vonalvezetésű, bajor stílusú Helles söre. Másfél hónap ászokolást követően szereljük ki fém kegekbe. Kóstold csapról frissen!Fehér Nyúl's traditional, Bayer-style Helles. The beer is kegged after one and a half month of cold conditioning. Try it fresh from the tap!  |ABV: 4.8 |IBU: 11 |rating: 3.49",Fehér Nyúl,Helles
beer kind: Lager - Helles |description: Unfiltered Lager Craft Beer.  |ABV: 5.0 |IBU: N/A |rating: 3.46,Visegrádi Sör,Klassz
"beer kind: Lager - Helles |description: Crystal clear refreshment not just for lakeside campers. Don't get slaughtered by thirst, just get ready for a killer experience! Easy and crisp, by the power of Cascade-Chinook-Simcoe hops combined, goes down like the sharpest knife. |ABV: 4.13 |IBU: N/A |rating: 3.46",Mad Scientist,Jason - Crystal Lake Hoppy Helles
beer kind: Lager - Helles |description:  |ABV: 4.5 |IBU: N/A |rating: 3.45,Cecei Sörüzem,Moto Lager
"beer kind: Lager - Helles |description: 50 Days HellesA festival beer at its best, with the true characteristics of the bottom-fermented helles (every helles is a lager, but not every lager is a helles): rounded flavours, moderate, but pleasant bitterness, an incredibly silky mouthfeel, a pale appearance (which is what the name originally means) and only 4.1% alcohol to start, continue or end the evening. Good times all the time! |ABV: 4.1 |IBU: N/A |rating: 3.43",Mad Scientist,Helles 50
beer kind: Lager - Helles |description:  |ABV: 4.7 |IBU: 17 |rating: 3.43,BAZ Beer,BAZ Lightyear
"beer kind: Lager - Helles |description: 1993-ban az Arany Korsóval kezdődött minden Békésszentandráson, így illendő, hogy a 25 éves jubileumi sörünk is az eredeti recept alapján főzött, bajor stílusú lager legyen. Kóstolásnál gondolj Simkó Józsefre és egykori csapatára, akik áldozatos munkájukkal lerakták a Szent András Sörfőzde alapjait, és persze azokra, akik azóta is éltetik e nemes hagyományt. In Békésszentandrás, it had all begun with Arany Korsó in 1993, so it's fair that our 25th anniversary beer was a Bavarian-style lager beer based on the original formula. When tasting '1993', please remember brewer master József Simkó and his one-time team, who laid down the basics of Szent András Brewery with their sacrificial work, and those as well who have been keeping this noble tradition alive thence. |ABV: 4.9 |IBU: 20 |rating: 3.41",Szent András Sörfőzde,1993
"beer kind: Lager - Helles |description: The trick is to have no tricks with a classic german lager. Premium ingredients, attention, and plenty of time. Slight citrus finish from the dry hopping. A legnagyobb trükk, hogy nincs trükk. Kitűnő alapanyagok, odafigyelés és elegendő idő. Finoman citrusos befejezés a hidegkomlózástól. |ABV: 4.5 |IBU: 25 |rating: 3.39",HORIZONT Brewing,Herr Lager
beer kind: Lager - Helles |description:  |ABV: 4.0 |IBU: N/A |rating: 3.39,Pécsi Sörfőzde,Krügel Helles Bier
beer kind: Lager - Helles |description:  |ABV: 4.8 |IBU: N/A |rating: 3.39,Fehér Nyúl,Bud Terminal Lager
beer kind: Lager - Helles |description:  |ABV: 4.8 |IBU: N/A |rating: 3.34,Zirci Apátsági Manufaktúra,Promus
beer kind: Lager - Helles |description:  |ABV: 4.5 |IBU: N/A |rating: 3.18,Dreher Sörgyárak,Dreher Summer Moment
beer kind: Lager - Helles |description:  |ABV: 4.6 |IBU: 18 |rating: 3.13,Pécsi Sörfőzde,Szalon 1848
beer kind: Lager - Helles |description:  |ABV: 4.3 |IBU: 9 |rating: 3.09,Rizmajer Kézműves Sörfőzde,Világos
beer kind: Lager - Helles |description:  |ABV: 3.8 |IBU: N/A |rating: 3.07,The Beertailor,Easy Lager
beer kind: Lager - Helles |description:  |ABV: 5.0 |IBU: 18 |rating: 3.03,Pécsi Sörfőzde,Pécsi Prémium Lager
"beer kind: Lager - Helles |description: A Soproninak fontosak a magyar hagyományok. A Soproni Sörgyár 110. évfordulójára döntöttünk úgy, hogy bevezetjük a Soproni 1895-öt, aminek neve gyárunk alapítási évére utal, és az évszázados minőségi sörfőzés tradíciója előtt tiszteleg. A Soproni 1895 a hazai világos sörök között komoly megbecsüléssel bíró, elegáns megjelenésű láger sör, 5%-os alkoholtartalommal. Vannak nem mindennapi alkalmak, amikor szeretnénk megőrizni a pillanat értékét, ami megérdemel egy kiemelkedő sört. Ebben partner a Soproni 1895.Hungarian traditions are important to Sopron. To celebrate the 110th anniversary of Sopron Brewery, we decided to introduce Soproni 1895, the name of which refers to the year of our factory's foundation and pays homage to centuries of quality brewing tradition. Soproni 1895 is an elegant-looking lager beer with a 5% alcohol content, which is highly regarded among domestic pale ales. There are special occasions when we want to preserve the value of a moment that deserves an outstanding beer. |ABV: 5.3 |IBU: N/A |rating: 3.02",Soproni Sörgyár (Heineken Hungária),Soproni 1895
beer kind: Lager - Helles |description:  |ABV: 5.2 |IBU: N/A |rating: 2.92,Dreher Sörgyárak,Dreher Classic
beer kind: Lager - Helles |description:  |ABV: 4.0 |IBU: N/A |rating: 2.92,Soproni Sörgyár (Heineken Hungária),Steffl Helles Bier
beer kind: Lager - Helles |description:  |ABV: 4.0 |IBU: N/A |rating: 2.55,Pécsi Sörfőzde,Royal Helles Bier
"beer kind: Lager - IPL (India Pale Lager) |description: East Side India Pale Lager. Amerikai stílus, új-zélandi komlók, svéd-magyar megvalósítás. Egy amerikai stílus újragondolása lágerélesztővel, alacsony hőmérsékleten történő, lassú erjesztéssel, brutális mennyiségű hidegkomlózással. Ennek köszönhetően a felhasznált komlók gyümülcsösségét segít kihangsúlyozni az élesztő semleges karaktere, amihez megfelelő alapot szolgáltat a közepes maláta test. |ABV: 6.5 |IBU: 51 |rating: 3.7",Zip's Brewhouse,Instead Of Innocence
"beer kind: Lager - IPL (India Pale Lager) |description: Our take on a new wave lager. Intensely hopped, using both hop pellets and lupulin powder.  |ABV: 6.0 |IBU: N/A |rating: 3.69",Mad Scientist,Wolf Gang
beer kind: Lager - IPL (India Pale Lager) |description: Official beer for Insane Hellride festival. Collaboration with Tipsy Hawk Brewing |ABV: 4.5 |IBU: N/A |rating: 3.69,InVitro Brewing,Insane Beerride Vol.2
beer kind: Lager - IPL (India Pale Lager) |description:  |ABV: 5.9 |IBU: N/A |rating: 3.68,UGAR Brewery,Spectrum Series - Eis Eis Baby
"beer kind: Lager - IPL (India Pale Lager) |description: Crowdfunding kampányunk sikeresen zárult; ennek örömére új köntöst kapott Hoplagerünk! A beltartalom nem változott, egy száraz lager Citra, Mosaic és Idaho 7 komlókkal!Our crowdfunding campaign reached its goal so, its mascot beer got a new label! The contents are the same though; a crisp lager with Citra, Mosaic and Idaho 7 hops! |ABV: 5.6 |IBU: 22 |rating: 3.66",Fehér Nyúl,Hop On
"beer kind: Lager - IPL (India Pale Lager) |description: Beer Is In The AirDry Hopped Lager 5,2% |ABV: 5.2 |IBU: N/A |rating: 3.66",Brewing Vibes Brewery,Beer Is In the Air
beer kind: Lager - IPL (India Pale Lager) |description:  |ABV: 5.0 |IBU: N/A |rating: 3.65,Reketye Brewing Co.,Merakolo
"beer kind: Lager - IPL (India Pale Lager) |description: Crowdfunding kampányunk hivatalos söre: egy Citra, Mosaic és Idaho 7 fajtákkal duplán hidegkomlózott hoplager. Részletek a kampányról: http://nextchapter.fehernyul.hu/The official beer of our crowdfunding campaign, a DDH Hoplager brewed with Citra, Mosaic and Idaho 7 varieties. |ABV: 5.6 |IBU: 22 |rating: 3.65",Fehér Nyúl,Fehér Nyúl Hoplager
beer kind: Lager - IPL (India Pale Lager) |description:  |ABV: 8.5 |IBU: 75 |rating: 3.63,Reketye Brewing Co.,Left Handed Dragon
beer kind: Lager - IPL (India Pale Lager) |description:  |ABV: 4.7 |IBU: N/A |rating: 3.61,Reketye Brewing Co.,Széphalom
beer kind: Lager - IPL (India Pale Lager) |description:  |ABV: 4.3 |IBU: 12 |rating: 3.6,Kapucinus Sörfőzde,Amarilla Nővérke
"beer kind: Lager - IPL (India Pale Lager) |description: Kóstolj bele az ismeretlenbe! Tárcsázd velünk együtt ezt a vadonatúj stílust és légy részese a forradalomnak!Nem kevesebbre vállalkoztunk, mint hogy egy teljesen új stílust fejlesszünk ki: a Hazy Lager (fanatikusoknak New England helyett Neues Deutschland)azoknak szól, akik az európai lágereket keresik a New England IPA-k minden előnyével: vadító mennyiségű (12 g/l) hidegkomlózáseurópai komlókkal, NEIPA komlózási stílussal és vízprofillal - mindez pedig lágerélesztővel erjesztve. Ha valami teljesen újatkeresel, most megtaláltad: hívd csak fel! |ABV: 6.7 |IBU: 38 |rating: 3.59",FIRST Craft Beer,Ruf Mich An
beer kind: Lager - IPL (India Pale Lager) |description:  |ABV: 5.0 |IBU: 28 |rating: 3.58,Vandal Brewing,Gringo
"beer kind: Lager - IPL (India Pale Lager) |description: The official beer of BPBW 2023 is the modern double dry hopped remix of a true one-hit wonder style, India Pale Lager, and we're extremely proud to have our longtime friends Badass Barley, BarthHaas X, KeyKeg, Lallemand Brewing and NOMOQ as our collaborative partners.Brewed at Horizont Brewing as a special collab of the participating Hungarian names: Balkezes, Dealbreaker, HopTop, Mad Scientist, Monyo, Fehér Nyúl, Reketye, First, Ugar, Uradalmi, Major Levente |ABV: 6.0 |IBU: N/A |rating: 3.58",BPBW Budapest Beer Week,BPBW 2023
"beer kind: Lager - IPL (India Pale Lager) |description: Egy friss, könnyed szomjoltó hidegkomlós lager a mindennapokra. Ha belekóstolnál új ízekbe, kipróbálnál új stílusokat és elhagynád kicsit a megszokottat, akkor hidegkomlózott lagerunk a tökéletes választás. A Day Out New World Lager bárhol, bármikor méltó kísérője lehet kedvenc hétköznapi és különleges pillanataidnak egyaránt. Fogyaszd élvezettel és bizalommal. |ABV: 5.2 |IBU: 13 |rating: 3.57",FIRST Craft Beer,Day Out
beer kind: Lager - IPL (India Pale Lager) |description:  |ABV: 6.3 |IBU: 50 |rating: 3.55,Vandal Brewing,Wilibo
"beer kind: Lager - IPL (India Pale Lager) |description: A Hoplager for Hitchhikers maracujával ízesített kiadása. Vigyázat ez nem a 99. aromával ízesített ""gyümölcssör""! Ez maracujapüré és hopláger szerelmének a gyümölcse. A maracuja íze finoman jelenik meg és savanykássága nagyon jól párosul a hopláger textúrájával. Egyelőre limitált kiadás!  |ABV: 5.3 |IBU: 34 |rating: 3.55",Synthesis,Hoplager For Hitchhikers Maracuja Edition
"beer kind: Lager - IPL (India Pale Lager) |description: A Mutti nem csupán egy német stílusú könnyű lager új értelmezése, hanem a Szent András Sörfőzde hidegkomlózott víziója is, amely alapanyagaival és kísérletező kedvével arra vállalkozik, hogy a maláta gabonás és a hallertau blanc komló szőlős illatjegyeket mutató harmóniájával típusa egyik legizgalmasabb ivósöre legyen.Our New Age Hoplager, ’Mutti’ is not only a new recomposition of a traditional German-style light lager beer, but also the cold-conditioned hop vision of Szent András Brewery, celebrating its 25th anniversary in 2018. With its ingredients and experimental mood, it created one of the most exciting table beers with the harmony of malt cereals and the grape scent of hallertau hop.  |ABV: 4.9 |IBU: 32 |rating: 3.55",Szent András Sörfőzde,Mutti
beer kind: Lager - IPL (India Pale Lager) |description: Hoplager |ABV: 7.2 |IBU: N/A |rating: 3.54,Kapucinus Sörfőzde,Illuminátor
"beer kind: Lager - IPL (India Pale Lager) |description: Igyunk egy sört? Sima liba. FIRST? Sima liba. Hoplager? Sima liba.Ha valami magától értetődő, minek túlgondolni?  In Hungary, we don’t say ""of course"", we say Easy Geese and we think it’s beautiful. |ABV: 5.2 |IBU: 13 |rating: 3.54",FIRST Craft Beer,Easy Geese Citra/Simcoe Edition
"beer kind: Lager - IPL (India Pale Lager) |description: The recreational lager of the universe. If you'd want to crack open a cold one but also want quality. Hopped with Galaxy hops well known from our Távoli Galaxis IPA, this is a refreshing pils in a modern form. Az univerzum rekreációs lágere. Ha ""csak"" egy hideg sört szeretnél, de azért adsz a kivitelezésre, akkor ez lehet a Te választásod! A Távoli Galaxisból ismert ausztrál Galaxy komló ez alkalommal egy kiegyensúlyozott, újhullámos pils típusú sörbe álmodtuk bele. 1 |ABV: 5.0 |IBU: N/A |rating: 3.53",RothBeer,Galaxy Lager
"beer kind: Lager - IPL (India Pale Lager) |description: Lucky Seven - a Szerencsés Hetes. A 2025-ös CEBC alkalmával a MONYO adott helyet az idei Masterclass-nak, ahol a dán To Øl főzdéből Tim tartott egy kis továbbképzést, ami végső soron egy örömsörfőzésbe csapott át, a végeredmény pedig ebben a Simcoe Hoplagerben testesült meg. Olyan sört szerettünk volna összehozni, aminek alacsony az alkoholtartalma, könnyen iható, ugyanakkor mégis van benne valami csavar. Ezért gondoltunk a Hoplagerre, amihez a Lallemand új, Diamond Lager élesztőjét használtuk, nagyon sok, 8,5 g/l Simcoe-t raktunk bele és 30 napig ászokoltuk a tartályban.  Végül egy letisztult, brutál komlós mégis könnyen kortyolható sört kaptunk, amit a MONYO történetének első festett canjébe szereltünk ki. Jól néz ki, és még jobban csúszik!Köszi az együttműködést a Szerencsés Hetes többi tagjának: To Øl, Weyermann, Lallemand, Untappd, Nomoq és a CEBCFor the 2025 CEBC, MONYO proudly hosted this year’s Masterclass, where Tim from Danish brewery To Øl led a deep-dive session that naturally evolved into a joyful collab brew. The result? This Simcoe Hoplager right here.This beer features low ABV and high drinkability, crafted with Lallemand’s Diamond Lager yeast and dry-hopped with 8.5 g/l of Simcoe, then lagered for 30 days. The result is a clean, crisp lager with a bold, hoppy kick, presented in MONYO’s first painted can. Special thanks to the Lucky Seven: To Øl, Weyermann, Lallemand, Untappd, NOMOQ, and CEBC |ABV: 4.5 |IBU: N/A |rating: 3.51",MONYO Brewing Co.,MONYO X To Øl X CEBC - Lucky Seven Simcoe Hoplager
beer kind: Lager - IPL (India Pale Lager) |description:  |ABV: 5.0 |IBU: N/A |rating: 3.5,Szia Uram!,Nyuszi Hopp 2022
"beer kind: Lager - IPL (India Pale Lager) |description: Képzeld el, hogy egy forró nyári napon stoppolsz. Nincs árnyék, az aszfalt gőzölög és forgalomnak nyoma sincs. Semmi másra nem vágysz, mint egy pohár hideg hoplágerre, amit ledöntesz. Most már minden rendben, megmenekültél...Hopláger finoman hidegkomlózva nem csak stopposoknak. |ABV: 5.3 |IBU: 34 |rating: 3.49",Synthesis,Hoplager For Hitchhikers
"beer kind: Lager - IPL (India Pale Lager) |description: Amerikai komlós láger gazdagon malátázott ízvilággal. Már az első kortya magával ragad, amit virágos illatjegyek követnek kesernyés lecsengéssel és leheletnyi karamellel. De hagyjuk, hogy a komló beszéljen helyettünk a maga citrusos, trópusi nyelvén! |ABV: 5.6 |IBU: 60 |rating: 3.47",Hedon,Vertigo
beer kind: Lager - IPL (India Pale Lager) |description:  |ABV: 5.7 |IBU: N/A |rating: 3.44,Sümegi Sörfőzde,Vadlager
beer kind: Lager - IPL (India Pale Lager) |description:  |ABV: 5.0 |IBU: 4 |rating: 3.39,Szarvasi Kézműves Sörfőzde,Világos Favágó
"beer kind: Lager - IPL (India Pale Lager) |description: Karakteres komlósság, Borsodis csavarral. Különleges kombinációja a könnyen iható, üde lágereknek és az erősebben komlózott felsőerjesztésű söröknek, ami a bátrabb komlóhasználattal nem csak a keserűséget, hanem különleges aromákat is visz a sörbe. A régi ismerős új arca: egy izgalmas ízvilágú, mégis könnyen iható sör, ami minden alkalomhoz passzol. Ez a Borsodi Hoppy. |ABV: 4.5 |IBU: 25 |rating: 3.05",Borsodi Sörgyár,Borsodi Hoppy
beer kind: Lager - IPL (India Pale Lager) |description:  |ABV: 4.5 |IBU: N/A |rating: 3.01,Soproni Sörgyár (Heineken Hungária),Soproni Óvatos Duhaj Hoplager
beer kind: Lager - Japanese Rice |description: Japanese Pink Rice Lager with Jasmine Rice and Black Rice |ABV: 4.8 |IBU: N/A |rating: 3.41,Mad Scientist,Horimono
"beer kind: Lager - Mexican |description: Könnyű testű, minimálisan keserű, édes lecsengésű, szűretlen ital kukoricapehellyel, Motueka komlóval és visszafogott szénsavassággal a jobb ihatóságért.Hidegen ajánljuk! |ABV: 5.0 |IBU: N/A |rating: 3.61",Brew Your Mind,Mexican Lager
"beer kind: Lager - Mexican |description: Mexican Lager with Salt & LimeSeñor Lager – Mexikó a poharadbanEgy korty nyár, egy csipet tengerpart. A Señor Lager egy 4,2%-os mexikói stílusú lager, amit kukoricapehely, egy leheletnyi só és lime héja – illetve az abból nyert illatos olaj – tesz igazán frissé és különlegesséSeñor Lager – Mexico in Your GlassA sip of summer, a hint of the seaside. Señor Lager is a 4.2% Mexican-style lager brewed with flaked corn, a touch of salt, and lime peel – along with the fragrant oil extracted from it – for a truly refreshing and unique character. |ABV: 4.2 |IBU: N/A |rating: 3.61",HORIZONT Brewing,Selfish Games - Señor Lager
"beer kind: Lager - Mexican |description: Kanyarítsd magadra a ponchod, csapd fel a sombrerot és irány a fiesta! A Mexicano a könnyen ivós mexikói sörök vonalán érkezik, hogy akár a sivatagi forróságot is lehűtse. A legjobb lágerek hagyományait egy kevés kukoricával megdobva kapjuk meg ezt a magát mucho itató, tökéletes mexikói lágert. Salud! |ABV: 5.5 |IBU: 12 |rating: 3.16",FIRST Craft Beer,Mexicano
"beer kind: Lager - Munich Dunkel |description: Igazi német, blond lager kuriózum. Alsó erjesztéssel, alacsony hőfokon érleljük a német hagyományoknak megfelelően. Malátázásából kifolyólag enyhén édeskés ízű, amit keserű komlók hozzáadásával ellensúlyozunk. A Blond Hostess Lagert minden sörkedvelőnek bátran ajánljuk, akik szeretik a „könnyen csúszó”, minőségi kézműves lagereket. |ABV: 5.0 |IBU: 25 |rating: 3.0",Oasis Brewery,Blond Hostess Lager
"beer kind: Lager - Other |description: ""Light"" (in Irish Gaelic) but complex.Our Dublin Lager leverages a proprietary infusion on Irish whiskey-soaked barrel chunks to produce a complex, wood-forward profile rarely found in lighter-coloured beers.Hopped with German and American varietals, this is a bright, crisp lager which starts off light and easy, then hits you with layers of subtle spice, oak tannin, and a gentle whiskey warmth. |ABV: 5.5 |IBU: 28 |rating: 3.69",Gravity Brewing,Solas - Dublin Lager
"beer kind: Lager - Other |description: Az első uborkás lágerünk frissített verziója, természetesen őrült mennyiségű uborkával, Sorachi Ace komlóval hidegkomlózva és éppen annyi lime pürével fűszerezve, hogy tökéletes legyen a harmónia. Az ötletgazdák, mint a tavalyi főzetnél is, Ujlaki Balázs és Méhn Marcell voltak, akik már nagyon régóta szerettek volna egy uborkás sört készíteni. A tavalyi siker után szinte biztos volt, hogy újra lefőzzük.A refreshed version of our first cucumber inspired lager, made with a crazy amount of cucumber, dryhopped with Sorachi Ace and spiced up with a bit of lime puree. Based on the idea of Balázs Ujlaki & Marcell Méhn, we knew we had to brew this beer again, after last year's success.  |ABV: 4.2 |IBU: N/A |rating: 3.58",HORIZONT Brewing,Selfish Games - My Cucumber Lager
"beer kind: Lager - Other |description: A klasszikusnak mondható ubilágerünk 2024-es verziója, amit idén, a lime mellett egy kis bazsalikommal őrítettünk meg. A Sorachi Ace komlónak köszönhetően ismét jön a kellemes kapros íz, a lime enyhén balanszol, a bazsalikom meg parádézik a feltuningolt ubilágerben. Our classic cucu-lager's 2024 edition, which this year we spiced up with a hint of basil alongside lime. Thanks to the Sorachi Ace hops, it has a pleasant dill flavor again, with lime providing a slight balance and basil just slaying in this enhanced cucu-lager. |ABV: 4.2 |IBU: N/A |rating: 3.5",HORIZONT Brewing,Selfish Games - My Crazy Cucumber
"beer kind: Lager - Other |description: Uborka + mate = frissítő fúzió! A klasszikus nyári kedvenc, az uborkás lager idén új dimenzióba lép: a hűsítő zöldség mellé most maté tea került, hogy élénkítő és karakteres csavart adjon a könnyed alaphoz.Könnyen csúszik, de nem felejted el – üde, friss, enyhén fanyarkás, és pont annyira különleges, amennyire kell.Összetevők:HU: víz, uborka, árpa maláta, rizs pehely, lime püré, mate tea, komló, élesztőCucumber + maté = a refreshing fusion!This classic summer favorite – the cucumber lager – steps into a new dimension this year. Alongside the cooling cucumber, we've added yerba maté tea for a vibrant, invigorating twist on the crisp base.Light and easy-drinking, yet impossible to forget – fresh, bright, slightly tart, and just the right amount of unique.Ingredients:GB: water, cucumber, barley malt, rice flakes, lime puree, mate tea, hops, yeast |ABV: 4.0 |IBU: N/A |rating: 3.48",HORIZONT Brewing,My Cucumber Mate
beer kind: Lager - Other |description: Ginger - lemongrass - cardamom infused Helles collab with our friends at Carson Coma |ABV: 4.5 |IBU: N/A |rating: 3.47,Mad Scientist,Fantomrezgés
beer kind: Lager - Other |description:  |ABV: 5.0 |IBU: N/A |rating: 3.07,Soproni Sörgyár (Heineken Hungária),Soproni Szűretlen Lager
beer kind: Lager - Other |description: Unfiltered flavoured lager |ABV: 4.0 |IBU: N/A |rating: 3.05,Soproni Sörgyár (Heineken Hungária),Citrus Szűretlen Lager
beer kind: Lager - Pale |description:  |ABV: 6.0 |IBU: N/A |rating: 3.72,Brew Your Mind,German Lager
beer kind: Lager - Pale |description:  |ABV: 4.6 |IBU: 21 |rating: 3.57,HORIZONT Brewing,Pilot Series #11 - New Zealand Pale Lager
"beer kind: Lager - Pale |description: What does a fiery dragon, sweet pink guava and a fragrant pink hibiscus flower all have in common?  TIMCO! This lager was the creation of our continuing theme of combining spices and fruit in a new and unique way. Light-bodied, crisp, refreshing Czech-style lager combines with the delicate hint of hibiscus aroma, leading to a flood of sweetness from the pink guava, but be careful! The dragon is circling overhead, to give this beer a twist of Szechuani-inspired fire! Perfect for sharing with a friend or two, PINK DRAGON will take you on a mythical, magical ride you won't soon forget!  |ABV: 5.1 |IBU: 27 |rating: 3.56",TIMCO Brewing,Pink Dragon
beer kind: Lager - Pale |description:  |ABV: 6.0 |IBU: N/A |rating: 3.55,Fóti Kézműves Sörfőzde,Fót 500
beer kind: Lager - Pale |description:  |ABV: 5.0 |IBU: N/A |rating: 3.53,Guri Sörfőzde,Urban Champion
beer kind: Lager - Pale |description:  |ABV: 5.1 |IBU: N/A |rating: 3.52,Szarvasi Kézműves Sörfőzde,Szarvasi Sörmester Ütős Favágó
"beer kind: Lager - Pale |description: Ha unod már a nagyüzemi egyensöröket, kóstold meg ezt az amerikai komlókkal főzött aranyszínű, alsóerjesztésű lágert. Friss, virágos, citrusos komlósság és malátás édesség épp ideális egyensúlya. Egy korsó sosem elég belőle.----Tired of drinking bland, mass-produced lagers that all taste the same? Why not try our golden lager, dry-hopped with noble American hops? Fat Cat is soft and pilsner-like in it's mouthfeel, and offers up aromas of fresh grains, bread dough, hints of hop earthiness, and sweet, fragrant florals. Crush it again and again. |ABV: 4.6 |IBU: N/A |rating: 3.52",MONYO Brewing Co.,Fat Cat
"beer kind: Lager - Pale |description: Könnyű, alacsony alkoholtartalmú sör, diszkrét malátajelleggel, üdítő, enyhén keserű, komlós utóízzel. Fogyasztása főleg nyáron, 5°C-on javasolt. |ABV: 4.5 |IBU: 20 |rating: 3.51",Zip's Brewhouse,Lager
"beer kind: Lager - Pale |description: Ha van magyar válogatott focista, akinek nagyon jól áll a sör a kezében, az Ádám Martin – ezért egy igazi kollabot raktunk össze vele az első ötlettől az utolsó kortyig.A végeredmény a Hungarian Viking: egy ropogós, világos lager, ismerős, letisztult ízvilággal, Horizont minőségben.-If there’s a famous Hungarian footballer who truly looks right with a beer in his hand, it’s Ádám Martin – so we created a real collab with him from the very first idea to the very last sip.The result is Hungarian Viking: a crisp pale lager with a familiar, clean flavour – in true Horizont quality. |ABV: 4.8 |IBU: 12 |rating: 3.5",HORIZONT Brewing,Hungarian Viking
beer kind: Lager - Pale |description:  |ABV: 5.0 |IBU: N/A |rating: 3.43,FIRST Craft Beer,FIRST Lager
beer kind: Lager - Pale |description:  |ABV: 5.0 |IBU: N/A |rating: 3.41,Szarvasi Kézműves Sörfőzde,Szarvasi Sörmester Világos Hódító
beer kind: Lager - Pale |description:  |ABV: 5.0 |IBU: 5 |rating: 3.41,Karaván,Karaván Lager
"beer kind: Lager - Pale |description: Mi kék az ég! A Derült Ég egy tiszta,aranyló világos sör. Jól csúszik,amikor minden napos, mindennaposfogyasztása pedig akkor is javasolt,mikor követnek az esőfelhők, vagyvillámok csattognak a fejünk felett.Gazdag és kerek cseh ležák, 12 °Peredeti extrakttartalommal. |ABV: 4.5 |IBU: N/A |rating: 3.41",Viharsarok Sörfőzde,Derült Ég
"beer kind: Lager - Pale |description: „Keserű Méz” – meaning Bitter Honey, inspired by the infamous Polanski-movie, Bitter Moon – is a strong, unfiltered, unpasteurized lager from the Fót Brewery. It is bright yellow and opaque, with a thick white head. It’s bisquity, floral-honey sweetness, and its fruitiness resembling melon and mango are all work to hide the brutal bitterness of German hops – Spalter and Magnum. „Keserű Méz” is a genuine specialty from Fót – north of Budapest – and the first great surprise of the Hungarian Craft-Beer Revolution, kickstarted by the First Hungarian Craft Beer Festival, Főzdefeszt in May 2011. It is an experimental beer, said to create a new beer-style, called HopLager. HopLager is a triple-hopped, strong lager beer – Hungary’s answer to American Pale Ale. |ABV: 6.0 |IBU: N/A |rating: 3.41",Fóti Kézműves Sörfőzde,Keserű Méz
beer kind: Lager - Pale |description:  |ABV: 4.9 |IBU: N/A |rating: 3.4,Kapucinus Sörfőzde,Blue SMÚZ
"beer kind: Lager - Pale |description: A light lager with classic Saaz hops and low alcohol content. So you can enjoy its mildly spicy aroma all night long without any (bigger) consequences. No fancy stuff, no extras, only a good old refreshing lager, just the way we all love it. Hops used: Magnum, Saaz  |ABV: 5.5 |IBU: N/A |rating: 3.4",HopTop Brewery,Lager
beer kind: Lager - Pale |description:  |ABV: 4.0 |IBU: N/A |rating: 3.38,Élesztő Bar,Élesztő Lager
beer kind: Lager - Pale |description: Colombus komlóval hidegkomlózott. |ABV: 4.5 |IBU: N/A |rating: 3.32,Dreher Sörgyárak,Dreher Amerikai Komlós
beer kind: Lager - Pale |description:  |ABV: 4.5 |IBU: N/A |rating: 3.28,Reketye Brewing Co.,Session Lager
"beer kind: Lager - Pale |description: A Tihanyi Bencés Apátság közreműködésével a tájra oly jellemző levendulából készítettünk egy igazi, helyi sörkülönlegességet. Kellemesen tükröződik benne a levendula varázslatos illata, a virág keserűsége pedig kiegészíti a sör komlóízét. Bátran ajánljuk mindenkinek, aki csak egy kicsit is kedveli a levendulát.Kóstolja meg, nem fog csalódni! |ABV: 5.4 |IBU: N/A |rating: 3.25",Stari Sör,Visszhangos
beer kind: Lager - Pale |description:  |ABV: 5.0 |IBU: 20 |rating: 3.25,Balatonszentgyörgyi Sörműhely,Lager
beer kind: Lager - Pale |description:  |ABV: 5.0 |IBU: 4 |rating: 3.24,Szarvasi Kézműves Sörfőzde,Lager
beer kind: Lager - Pale |description: Limited Edition of Szalon Világos |ABV: 4.6 |IBU: N/A |rating: 3.22,Pécsi Sörfőzde,Szalon Limited Edition
beer kind: Lager - Pale |description:  |ABV: 4.2 |IBU: N/A |rating: 3.22,Szalai Sörfőző Kft. (Zámolyi Sör),Zámolyi Világos Sör
beer kind: Lager - Pale |description:  |ABV: 4.5 |IBU: N/A |rating: 3.19,Sörművek,Lager
"beer kind: Lager - Pale |description: Essay drinkable, light lager made by the pub with the same name |ABV: 4.8 |IBU: N/A |rating: 3.19",Billy's Pub,Billy's Beer
"beer kind: Lager - Pale |description: Könnyű, virágos illatú édeskés lager |ABV: 4.5 |IBU: 18 |rating: 3.18",Cecei Sörüzem,Szűretlen Lager
beer kind: Lager - Pale |description: Soproni limited edition |ABV: 4.5 |IBU: N/A |rating: 3.16,Soproni Sörgyár (Heineken Hungária),Frissen Csapolt
beer kind: Lager - Pale |description:  |ABV: 5.0 |IBU: N/A |rating: 3.16,Menza,Menza
beer kind: Lager - Pale |description:  |ABV: 4.5 |IBU: N/A |rating: 3.15,Pécsi Sörfőzde,Pécsi Világos Sör
beer kind: Lager - Pale |description:  |ABV: 5.0 |IBU: N/A |rating: 3.14,Sörművek,Fater
"beer kind: Lager - Pale |description: Frissítő ízjegyekkel teli, karakteres sör, ami az amerikai kézműves sörfőzdék egyik kedvenc komlójával készült. |ABV: 4.5 |IBU: N/A |rating: 3.14",Dreher Sörgyárak,Dreher Mozaik Komlós
beer kind: Lager - Pale |description:  |ABV: 4.5 |IBU: N/A |rating: 3.13,Széles & Széles Kft. (Palóc Sör),Jó Palóc
beer kind: Lager - Pale |description: This is the 2016 version of the Dreher Hidegkomlos with the Calypso hops. |ABV: 4.5 |IBU: N/A |rating: 3.13,Dreher Sörgyárak,Dreher Hidegkomlós Calypso
"beer kind: Lager - Pale |description: Az Arany Fácán Kakas egy új minőségi világos sör 5.5%-os alkoholtartalommal. A már jól megszokott Arany Fácán karakteres íze mellé egy magasabb alkoholtartalom párosul. Tökéletes választás, ha nem csak egy jól megérdemelt sörre vágyunk, hanem annál valami különlegesebbel szeretnénk megkoronázni a napunkat.  |ABV: 5.5 |IBU: N/A |rating: 3.12",Soproni Sörgyár (Heineken Hungária),Arany Fácán Kakas
beer kind: Lager - Pale |description:  |ABV: 5.0 |IBU: N/A |rating: 3.12,Dreher Sörgyárak,Tanksör
beer kind: Lager - Pale |description:  |ABV: 5.2 |IBU: N/A |rating: 3.1,Mister Sörház,Mister Világos
"beer kind: Lager - Pale |description: A Dreher sörökre jellemző, kellemesen karakteres ízt a hidegkomlózás során hozzáadott Citra komlóval gazdagítottuk. A 4,5% alkoholtartalmú Dreher Hidegkomlós illatában és ízében egyértelműen dominál az aroma komló, amely nyers komlóra és zöld növényekre emlékeztet. Enyhén gyantás, citrusos, így frissítő hatást kölcsönöz a sörnek.The pleasantly characteristic flavour of Dreher beers is enriched with Citra hops added during cold hopping. The aroma and taste of Dreher Hidegkomlós  at 4.5% alcohol is clearly dominated by aromatic hops, reminiscent of raw hops and green herbs. Slightly resinous and citrusy, it gives the beer a refreshing effect. |ABV: 4.5 |IBU: 19 |rating: 3.1",Dreher Sörgyárak,Dreher Hidegkomlós
beer kind: Lager - Pale |description:  |ABV: 4.9 |IBU: N/A |rating: 3.1,Budapest Sör (Urban Beer Kft.),Budapest Sör
beer kind: Lager - Pale |description: corn beer |ABV: 5.5 |IBU: 11 |rating: 3.1,Rizmajer Kézműves Sörfőzde,Cortez
beer kind: Lager - Pale |description:  |ABV: 4.6 |IBU: N/A |rating: 3.1,Sörművek,Király Családi Sör
"beer kind: Lager - Pale |description: Könnyed, nyárias sör, amelynek ízvilága karakteresen különbözik a malátából készült söröktől! A selymes kortyérzet a kukorica édes ízéből és a lágy komlózásból adódik, ami tökéletes felüdülés a nyári melegben! |ABV: 4.8 |IBU: N/A |rating: 3.08",Lidl Magyarország,Hombre
beer kind: Lager - Pale |description:  |ABV: 5.0 |IBU: N/A |rating: 3.07,Pécsi Sörfőzde,BE(er) Cool Premium Lager
beer kind: Lager - Pale |description:  |ABV: 4.5 |IBU: N/A |rating: 3.07,Dreher Sörgyárak,Dreher Nyári Komlós
beer kind: Lager - Pale |description:  |ABV: 4.0 |IBU: N/A |rating: 3.06,Dreher Sörgyárak,Neuberg Original
beer kind: Lager - Pale |description:  |ABV: 4.5 |IBU: N/A |rating: 3.05,Dreher Sörgyárak,Tripla Komlós (2018)
beer kind: Lager - Pale |description:  |ABV: 4.0 |IBU: N/A |rating: 3.04,Borsodi Sörgyár,Reinberger
beer kind: Lager - Pale |description:  |ABV: 4.0 |IBU: N/A |rating: 3.02,Dreher Sörgyárak,Waldert
beer kind: Lager - Pale |description:  |ABV: 5.0 |IBU: N/A |rating: 3.01,Dreher Sörgyárak,Dreher Gold
"beer kind: Lager - Pale |description: Pale yellow colour with a small fluffy white head. Aroma is rubber, some maize, rice, with some wet cardboard to it as well. Flavour is rubber, some grains, mild mashlike sweetness as well as some strange sweetness. |ABV: 4.0 |IBU: N/A |rating: 3.01",Borsodi Sörgyár,Borsodi Super Dry
"beer kind: Lager - Strong |description: Love child of Schwarze Rose (D) and FIRST Craft Beer (HU), born from the mutual love for easy-to-drink lagers, boldly hopped Pales and a thirst for ""full night beer"". A combination (almost) out of this world. |ABV: 8.0 |IBU: 42 |rating: 3.71",FIRST Craft Beer,Alien Love Call
beer kind: Lager - Strong |description: Introduced in 2004 as a stronger (both in taste and alcohol content) light coloured beer. |ABV: 6.5 |IBU: N/A |rating: 2.91,Borsodi Sörgyár,Borsodi Bivaly
beer kind: Lager - Vienna |description:  |ABV: 5.1 |IBU: N/A |rating: 3.65,Brew Your Mind,Vienna Lager
beer kind: Lager - Vienna |description:  |ABV: 5.8 |IBU: 26 |rating: 3.6,UGAR Brewery,Crafty Lager 4.0
"beer kind: Lager - Vienna |description: Roast Rider is a smooth Vienna lager infused with fresh coffee and aromatic tonka bean. Malty caramel notes ride alongside hints of vanilla and spice, making this a bold yet balanced brew with a warm, toasty finish. |ABV: 3.6 |IBU: N/A |rating: 3.51",HopTop Brewery,Roast Rider
"beer kind: Lager - Vienna |description: Sörfőzdénk Kőbányán, Dreher Antal sörgyárától nem messze található, így nem meglepő, hogy egyik első tételünk egy bécsi ászok volt, még Beaver Fever néven. A receptjét pedig a 2019-es Borefts Beer Festival Challenge alkalmából újra elővettük, és az azóta eltelt idő tapasztalatai alapján tökéletesítettük. Így született meg ez a borostyánszínű, gazdagon malátázott, de mégis könnyű ivósör. A tiszta és ropogós kortyérzet, valamint kenyeres, gabonás, toastos íz- és illatvilág miatt bármikor jólesik.--Our brewery is located in Kőbánya, not so far away from Anton Dreher’s Dreher Breweries where the Vienna lager was born. This recipe is our tribute to him. Keep Calm, It’s A Vienna Lager Without Any Bullshit combines the crispness of lager with the paler hues of the English ale; it’s eminently drinkable yet loaded with character. We taste doughy malts, fresh toast and a pleasant breadiness. Classic, simple and crisp; just the way we like it! |ABV: 4.8 |IBU: N/A |rating: 3.46",MONYO Brewing Co.,"Keep Calm, It's A Vienna Lager Without Any Bullshit."
"beer kind: Lager - Vienna |description: A 19. század kísérletező kedve és Dreher Antal öröksége köszön vissza ebben az aranylóan borostyán színű, erősen malátás mégis könnyű bécsi ászokban. A 20-ik századra több lagertípus hódította meg a sörvilágot, de csak a bécsi ászok jutott el egészen Mexikóig. A típus rövid idő alatt a legnépszerűbb sör lett az országban, köszönhetően Santiago Graf-nak, a Dreher sörfőzőjének, aki az emigrációban is folytatta addigi tevékenységét. Napjainkban viszont alig találkozni ezzel a fajtával, éppen ezért e sörrel egy méltatlanul keveset főzött, történelmi jelentőségű sörtípus előtt is tisztelgünk.The experimenter spirit of the 19th century and the legacy of Antal Dreher return in this golden amber-colour, strongly malted, yet light Vienna Lager called Óarany (Ancient Gold). In the 20th century, several types of lager beers conquered the world, but only the Vienna Lager made it to Mexico. The type quickly became the most popular beer in the country, thanks to Santiago Graf, brewer master of Dreher, who continued brewing beer in emigration. Nowadays, however, it’s hard to find vienna lagers, so Óarany is our tribute to a rarely made beer type of historical significance. |ABV: 4.9 |IBU: 23 |rating: 3.46",Szent András Sörfőzde,Óarany
"beer kind: Lager - Vienna |description: Tradicionális bécsi ászoksör. Világosbarna szín, karamelles, toffies illat,  karamellmalátás íz, alacsony keserűség jellemzi. |ABV: 5.0 |IBU: 25 |rating: 3.46",Guri Sörfőzde,Amadeus
"beer kind: Lager - Vienna |description: Hagyomány Újraértelmezve - Egy fűszeresen komlós és malátásan édeskés Vienna Style Lagerben.Az ANTL Vienna Style Lagerrel azt az 1840-ben forradalminak számító alsóerjesztésű sört idézzük meg modern formában, amely alapítónknak, Dreher Antalnak nem csak a világsikert, de az egyedülálló ""Sörkirály"" nevet is elhozta. ANTL márkánk első variánsa tisztelgés a dreheri történelem előtt és a szimbóluma a hagyomány újraértelmezésének. A lágyan keserű, láger íz egy kis fűszeres komlóval egészül ki a háttérben, amely kontrasztot ad a malátás édességnek. |ABV: 5.0 |IBU: N/A |rating: 3.44",ANTL,Vienna Style Lager
beer kind: Lager - Vienna |description: Single decocted Vienna style lager beer.  |ABV: 5.3 |IBU: N/A |rating: 3.42,HopTop Brewery,Bécsi Ászok
"beer kind: Lager - Vienna |description: 2016-ban feltártuk az egykori kőszegi sörgyár (120 évvel ezelőtti) legendáját. A közel egy évszázad alatt szinte teljesen a feledés homályába merült kőszegi sör típusát, egy Európában is ritka sörkülönlegességben, a Bécsi Lágerben találtunk meg. Most megalkottuk, hogy napjainkban is élvezhesd! A Kőszegi Sör (Bécsi Lágere) egy kifejezetten ""beszélgetős"" kézműves sörfajta, amely inkább frissítő jellegű, karamelles ízű, nem keserű. |ABV: 5.5 |IBU: N/A |rating: 3.38",Kőszegi Sör,Vienna Lager
beer kind: Lager - Winter |description:  |ABV: 6.0 |IBU: N/A |rating: 3.6,Fóti Kézműves Sörfőzde,Winternacht
beer kind: Lager - Winter |description:  |ABV: 6.3 |IBU: 20 |rating: 3.25,Pécsi Sörfőzde,Háromkirályok
"beer kind: Lager - Winter |description: Ginger flavoured, filtered lager beer with orange peel and honey. A dark-amber coloured with a thin off-white head. Sweet taste with notes of orange, ginger, malt and caramel. |ABV: 4.5 |IBU: 15 |rating: 3.1",Fóti Kézműves Sörfőzde,Narancsos-Mézes Gyömbérsör
"beer kind: Lambic - Kriek |description: Két évig boros fahordóban meggyágyon érlelt spontán sör (wild ale), amit az erjesztőtartályba történő visszafejtéskor refermentáltunk még egy nagy adag újfehértói fürtös meggyel. Savanyú, natúr boros és funkys jegyek jellemzik.A sör a hegykői 1 Csepp Pálinkával kollaborációban készült, ők biztosították és magozták a gyönyörű fürtös meggyet.A sörből mindössze 300 palack és 10 db. 20l-es keg készült. |ABV: 7.6 |IBU: N/A |rating: 3.84",MONYO Brewing Co.,Hungarian Terroir: Hegykő - Hungarian Kriek 2019
beer kind: Mead - Acerglyn / Maple Wine |description: Maple Syrup Peanut Butter Jelly Time Bourbon Barrel Aged Acerglyn with Maple Syrup And Peanuts in the cross-section of our love projects Barrel Project and Mead Scientist |ABV: 11.0 |IBU: N/A |rating: 3.78,Mead Scientist,Maple Syrup PBJ Time
beer kind: Mead - Acerglyn / Maple Wine |description: Acerglyn with lime and chili |ABV: 11.0 |IBU: N/A |rating: 3.72,Mead Scientist,Send Dunes!
"beer kind: Mead - Braggot |description: Following the footsteps of APPLE O Green Apple Sour Candy Braggot, CHERRY O Sour Cherry Candy Braggot, COLA O Sour Candy Cola Braggot and so, we're proud to present the latest edition of the infamous sour patch series:EXOTIC O Mango-Pineapple-Guava-Peach-Passion Fruit Sour Candy Braggot |ABV: 6.9 |IBU: N/A |rating: 3.85",Mead Scientist,Exotic O
"beer kind: Mead - Braggot |description: Sour Braggot with orange, coffee and chili together with our Beer Bastards friends from Bulgaria |ABV: 7.0 |IBU: N/A |rating: 3.84",Mead Scientist,Braggot Bastards
beer kind: Mead - Braggot |description: Strawberry & Purple Basil & Lime Braggot |ABV: 6.4 |IBU: N/A |rating: 3.84,Mead Scientist,Your Midnight Lover
beer kind: Mead - Braggot |description: Tepache Sour Braggot |ABV: 6.0 |IBU: N/A |rating: 3.83,Mead Scientist,Dios De Pina
beer kind: Mead - Braggot |description: Bochet Braggot With Strawberry And Vanilla collab with the always amazing Overtone (SCO) during BPBW Budapest Beer Week 2022 |ABV: 8.0 |IBU: N/A |rating: 3.83,Mead Scientist,Strawberry Cranachan
beer kind: Mead - Braggot |description: Green Apple Sour Candy Braggot |ABV: 7.0 |IBU: N/A |rating: 3.82,Mead Scientist,Apple O
"beer kind: Mead - Braggot |description: Following the footsteps of APPLE O Green Apple Sour Candy Braggot, CHERRY O Sour Cherry Candy Braggot, COLA O Sour Candy Cola Braggot and so, we're proud to present the latest edition of the infamous sour patch series: SHARK O Sour Blueberry Sour Candy Braggot  |ABV: 7.8 |IBU: N/A |rating: 3.79",Mead Scientist,Shark O
"beer kind: Mead - Braggot |description: Following the footsteps of APPLE O Green Apple Sour Candy Braggot, CHERRY O Sour Cherry Candy Braggot, COLA O Sour Candy Cola Braggot and so, we're proud to present the latest edition of the infamous sour patch series: FROG O Green Apple Sour Candy Braggot with Vanilla! |ABV: 8.0 |IBU: N/A |rating: 3.79",Mead Scientist,Frog O
"beer kind: Mead - Braggot |description: Following the footsteps of APPLE O Green Apple Sour Candy Braggot, CHERRY O Sour Cherry Candy Braggot, COLA O Sour Candy Cola Braggot and so, we're proud to present the latest edition of the infamous sour patch series: MANG O Mango Sour Candy Braggot |ABV: 8.0 |IBU: N/A |rating: 3.78",Mead Scientist,Mang O
beer kind: Mead - Braggot |description: Lime & Purple Basil Sour Braggot |ABV: 6.8 |IBU: N/A |rating: 3.78,Mead Scientist,Your Weekend Lover
"beer kind: Mead - Braggot |description: Following the footsteps of APPLE O Green Apple Sour Candy Braggot, CHERRY O Sour Cherry Candy Braggot, COLA O Sour Candy Cola Braggot and so, we're proud to present the latest edition of the infamous sour patch series: PINEAPPLE O Pineapple Sour Candy Braggot premiers during BPBW Budapest Beer Week 2023! |ABV: 8.0 |IBU: N/A |rating: 3.77",Mead Scientist,Pineapple O
"beer kind: Mead - Braggot |description: Following the footsteps of APPLE O Green Apple Sour Candy Braggot, CHERRY O Sour Cherry Candy Braggot, COLA O Sour Candy Cola Braggot and so, we're proud to present the latest edition of the infamous sour patch series: ORANGE O Orange Sour Candy Braggot |ABV: 6.6 |IBU: N/A |rating: 3.74",Mead Scientist,Orange O
"beer kind: Mead - Braggot |description: Első mézsörünket egy több ezer éves egyiptomi kerámiaedény ihlette, amiben a régészek egy ókori sör maradványait fedezték fel. Ebből inspirálódva Anubis nevű bragottunk főzésekor olyan exkluzív alapanyagokat használtunk, mint a vaddohány méz, a sáfrány, az arany mazsola és a szőlőlé, a végeredményt pedig hónapokig érleltük friss tölgyfahordókban. Ízében és illatában tokaji aszút idéző mazsolás-mézes édesség, vanília, fűszeres alkoholosság és enyhe ""fásság"" váltja egymást. Ideális kísérője az ünnepi pillanatoknak.-----Our first braggot was inspired by by a thousands of years old remains of an Egyptian pottery plate, in which archaeologists found residue of an ancient beer. Anubis is brewed with copious amounts  of silkweed honey, saffron, raisin and grape juice and than aged in virgin Hungarian oak barrels. Intense aromas of raisins, vanilla and honey leap out the glass. Flavors of sweet honey, raisins and dried fruits lead the palate and meld into spicy booziness and vanilla that hints at Tokaji Aszú. Silky smooth moutfeel and a lingering aftertaste makes this honey beer an ideal companion for special events. |ABV: 9.5 |IBU: 10 |rating: 3.7",MONYO Brewing Co.,Anubis BA
"beer kind: Mead - Braggot |description: Braggot, Barrel Aged in two different types of Tokaji white wine barrels |ABV: 9.2 |IBU: 10 |rating: 3.69",MONYO Brewing Co.,Anubis - Twins (2017)
beer kind: Mead - Braggot |description: Oak Aged Cherry & Vanilla Imperial Sour Bragott |ABV: 10.0 |IBU: N/A |rating: 3.68,Mead Scientist,Hashtag Life
beer kind: Mead - Braggot |description: Following the footsteps of APPLE O Green Apple Sour Candy Braggot and CHERRY O Sour Cherry Candy Braggot here is COLA O Sour Cola Candy Braggot |ABV: 8.0 |IBU: N/A |rating: 3.68,Mead Scientist,Cola O
beer kind: Mead - Braggot |description: DDH Hazy Braggot collab with Cloudwater Brew Co. (UK) |ABV: 7.5 |IBU: N/A |rating: 3.67,Mead Scientist,High On Flower
"beer kind: Mead - Braggot |description: Méz, Őszibarack, Mangó, Gyömbér, RozmaringHoney, Peach, Mango, Ginger, Rosemary |ABV: 10.0 |IBU: N/A |rating: 3.66",HopTails Brewery,Mugiwara
beer kind: Mead - Braggot |description: Dry Hopped Braggot With Orange & Coffee |ABV: 7.9 |IBU: N/A |rating: 3.65,Mead Scientist,Violent Summer
"beer kind: Mead - Braggot |description: LIQUID HIVE dry-hopped braggot 9%Same abv, same recipe, same hops (Amarillo, Centennial, Columbus, Simcoe) as LIQUID COCAINE dipa to celebrate the 6th Liquid Cocaine Day on the 18th of November, 2022 |ABV: 9.0 |IBU: N/A |rating: 3.65",Mead Scientist,Liquid Hive
"beer kind: Mead - Braggot |description: BLUE SPIRULINA TROPICAL IMPERIAL PASTRY SOUR BRAGGOT  with lime, pineapple, passion fruit, banana, blue spirulina algae, and vanillaThe 2024 version of our Triple Pastry Sour Ale TROPICAL SPACE MUFFIN that first premiered 09/10/20 |ABV: 9.7 |IBU: N/A |rating: 3.65",Mad Scientist,Tropical Space Muffin 2024
"beer kind: Mead - Braggot |description: Első mézsörünket egy több ezer éves egyiptomi kerámiaedény ihlette, amiben a régészek egy ókori sör maradványait fedezték fel. Ebből inspirálódva Anubis nevű bragottunk főzésekor olyan exkluzív alapanyagokat használtunk, mint a vaddohány méz, a sáfrány, az arany mazsola és a szőlőlé. Ízében és illatában tokaji aszút idéző mazsolás-mézes édesség, vanília, fűszeres alkoholosság és enyhe ""fásság"" váltja egymást. Ideális kísérője az ünnepi pillanatoknak.-----Our first braggot was inspired by by a thousands of years old remains of an Egyptian pottery plate, in which archaeologists found residue of an ancient beer. Anubis is brewed with copious amounts  of silkweed honey, saffron, raisin and grape juice. Intense aromas of raisins, vanilla and honey leap out the glass. Flavors of sweet honey, raisins and dried fruits lead the palate and meld into spicy booziness and vanilla that hints at Tokaji Aszú. Silky smooth moutfeel and a lingering aftertaste makes this honey beer an ideal companion for special events. |ABV: 9.2 |IBU: 10 |rating: 3.63",MONYO Brewing Co.,Anubis
beer kind: Mead - Braggot |description: Braggot with Grapefruit and Chokeberry |ABV: 6.0 |IBU: N/A |rating: 3.62,Mead Scientist,This Is Fine
"beer kind: Mead - Braggot |description: TROPICAL IMPERIAL PASTRY SOUR BRAGGOT  with lime, pineapple, passion fruit, banana, blue spirulina algae, and vanilla2026 version of our Triple Pastry Sour Ale TROPICAL SPACE MUFFIN that first premiered 09/10/20  |ABV: 9.7 |IBU: N/A |rating: 3.62",Mad Scientist,Tropical Space Muffin 2026 BDAY EDT
"beer kind: Mead - Braggot |description: Méz, mangó, barack, gyömbér, kakaó, kávé, fahéj.Honey, mango, peach, ginger, cocoa, coffee, cinnamon |ABV: 10.0 |IBU: N/A |rating: 3.6",HopTails Brewery,Santoryu
"beer kind: Mead - Braggot |description: Dark Ice Cream Smoothie With Hazelnut, Coffee And Ice Cream Powder batch no #1500 special |ABV: 7.3 |IBU: N/A |rating: 3.58",Mad Scientist,Professor 1500
"beer kind: Mead - Braggot |description: Smoky Braggot With Grapefruit, Elderflower, Passion Fruit And Habanero Chili |ABV: 9.0 |IBU: N/A |rating: 3.56",Mead Scientist,Pachamama
"beer kind: Mead - Braggot |description: Following the footsteps of APPLE O Green Apple Sour Candy Braggot, CHERRY O Sour Cherry Candy Braggot, COLA O Sour Cola Candy Braggot and so, we're now combining the best of all worlds to bring you VANILLA COLA O Sour Candy Vanilla Cola Braggot   |ABV: 8.5 |IBU: N/A |rating: 3.56",Mead Scientist,Vanilla Cola O
"beer kind: Mead - Braggot |description: Sour bragott with passion fruit, pink guava and lime  collab with our friends from Dry & Bitter (DK) |ABV: 8.2 |IBU: N/A |rating: 3.55",Mead Scientist,Layer Layer
"beer kind: Mead - Braggot |description: DDH braggot collab with Varvar (Ukraine)With the proceeds of this collab, we chose to support Leleka foundation (first aid medical supplies, army vet rehabilitation) https://leleka.care/donate/The feeling of helplessness is the worst because this war is so incomprehensible and frustrating and sad. Obviously, we wanted to do something with our own tools in addition to the charity and fundraiser events we hosted earlier and well, that’s how this collab came to life. |ABV: 7.3 |IBU: N/A |rating: 3.53",Mad Scientist,Мед
"beer kind: Mead - Braggot |description: The Matrix - RED PILL Low ABV Fruited Braggot With Strawberries and Lime""This is your last chance. After this, there is no turning back. You take the blue pill - the story ends, you wake up in your bed and believe whatever you want to believe. You take the red pill - you stay in Wonderland and I show you how deep the rabbit hole goes."" |ABV: 3.5 |IBU: N/A |rating: 3.52",Mad Scientist,The Matrix - RED PILL
beer kind: Mead - Braggot |description: Tabasco Sour Braggot with Tomatoes and Chili Pepper |ABV: 7.0 |IBU: N/A |rating: 3.48,Mead Scientist,Xiuhtecuhtli
beer kind: Mead - Cyser |description: Apple Pie Cyser |ABV: 10.0 |IBU: N/A |rating: 3.65,Mead Scientist,Hungry For Apples?
beer kind: Mead - Cyser |description: 2019's Apple Pie Cyser is back & all pumped up!!! |ABV: 16.0 |IBU: N/A |rating: 3.44,Mead Scientist,Hungry For Apples Pumped Up
beer kind: Mead - Melomel |description: Cranberry Melomel collab together with our friends at Malduguns |ABV: 7.0 |IBU: N/A |rating: 3.81,Mead Scientist,Oga
beer kind: Mead - Melomel |description: Melomel with Black Currant |ABV: 7.0 |IBU: N/A |rating: 3.73,Mead Scientist,Svart
"beer kind: Mead - Melomel |description: Dry mead aged in a Sauska barrel with Raspberries, the second mead release by MadX, also known as the Raspberry version of our first Valhöll |ABV: 12.5 |IBU: N/A |rating: 3.71",MadX,Skogkatt
beer kind: Mead - Melomel |description: Chokeberry & Grapefruit Melomel |ABV: 7.0 |IBU: N/A |rating: 3.71,Mead Scientist,Black Mass
"beer kind: Mead - Melomel |description: Following the success of the barrel-aged Blackcurrant PBJ Time, Sour Cherry PBJ Time or Passion Fruit PBJ Time releases and so, let us present you the lighter version of the same concept as Session Mead With Sour Cherry & Peanuts |ABV: 5.6 |IBU: N/A |rating: 3.68",Mead Scientist,Sour Cherry Session PBJ Time
beer kind: Mead - Melomel |description: Apricot & Chocolate Melomel   |ABV: 6.1 |IBU: N/A |rating: 3.63,Mead Scientist,Aprication
beer kind: Mead - Melomel |description: Melomel with Lemon and Elderflower |ABV: 7.0 |IBU: N/A |rating: 3.62,Mead Scientist,Hvit
"beer kind: Mead - Melomel |description: Melomel with Raspberries, Yuzu and MangoIntroductory mead of Mad Scientist's sub-brand Mead Scientist, the first melomel in the region |ABV: 7.6 |IBU: N/A |rating: 3.55",Mead Scientist,Techno Viking
beer kind: Mead - Melomel |description: Micromel with sour cherries and red currant |ABV: 4.0 |IBU: N/A |rating: 3.51,Mead Scientist,Firefly
beer kind: Mead - Melomel |description: Melomel with Blueberry and Ginger |ABV: 9.3 |IBU: N/A |rating: 3.46,Mead Scientist,Blueberry Fox
beer kind: Mead - Melomel |description: Hoppy micromel |ABV: 4.0 |IBU: N/A |rating: 3.0,Mead Scientist,Waterfall
"beer kind: Mead - Metheglin |description: Barbados Rum Barrel Aged Mead with Vanilla, Cinnamon & Chipotle in the cross-section of our love projects MEAD SCIENTIST and BARREL PROJECT |ABV: 13.0 |IBU: N/A |rating: 3.85",Mead Scientist,Spice Melange
beer kind: Mead - Other |description: Bourbon Barrel Aged Mead With Redcurrant And Peanuts |ABV: 11.0 |IBU: N/A |rating: 3.84,Mead Scientist,Redcurrant PBJ Time
"beer kind: Mead - Other |description: Rapeseed And Heather Honey Mead With Quince And Blue Honeysuckle brewed together with our friends from Põhjala, Estonia during BPBW Budapest Beer Week 2025 |ABV: 9.5 |IBU: N/A |rating: 3.83",Mead Scientist,Smash A Guitar
beer kind: Mead - Other |description: Barrel Aged Sour Cherry Melomel  |ABV: 13.5 |IBU: N/A |rating: 3.82,MadX,Tanngnjóstr
"beer kind: Mead - Other |description: Bourbon Barrel Aged Thai Mango Salad Mead With Mango, Fresh Spices And Peanuts |ABV: 12.0 |IBU: N/A |rating: 3.81",MadX,Som Tum Mamuang
beer kind: Mead - Other |description: Sour Cherry Peanut Butter Jelly Time Bourbon Barrel Aged Mead with Sour Cherry And Peanuts in the cross-section of our love projects Barrel Project and Mead Scientist |ABV: 11.0 |IBU: N/A |rating: 3.8,Mead Scientist,Sour Cherry PBJ Time
beer kind: Mead - Other |description: Mad Scientist BARREL PROJECT Team Series SZONJA Four Roses Bourbon Barrel-Aged Mead with Goji Berries  |ABV: 15.0 |IBU: N/A |rating: 3.79,Mead Scientist,Hellstar
beer kind: Mead - Other |description: Whisky and Triple Sec Barrel Aged Mead with Pineapple				 |ABV: 10.0 |IBU: N/A |rating: 3.79,Mead Scientist,Vamos A La Playa
"beer kind: Mead - Other |description: Following the footsteps of APPLE O Green Apple Sour Candy Braggot, CHERRY O Sour Cherry Candy Braggot, COLA O Sour Candy Cola Braggot and so, we're proud to present the latest edition of the infamous sour patch series:DIN O Watermelon-Blackcurrant Sour Candy Sour Braggot |ABV: 7.0 |IBU: N/A |rating: 3.77",Mead Scientist,Din O
"beer kind: Mead - Other |description: Passion Fruit Peanut Butter Jelly Time Bourbon Barrel Aged Mead with Passion Fruit, Peanuts And Vanilla in the cross-section of our love projects Barrel Project and Mead Scientist |ABV: 11.0 |IBU: N/A |rating: 3.77",Mead Scientist,Passion Fruit PBJ Time
beer kind: Mead - Other |description: Strawberry Peanut Butter Jelly Time Bourbon Barrel Aged Mead with Strawberry And Peanuts in the cross-section of our love projects Barrel Project and Mead Scientist |ABV: 11.0 |IBU: N/A |rating: 3.76,Mead Scientist,Strawberry PBJ Time
beer kind: Mead - Other |description: Laphroaig & Gin Barrel Aged Mead Blend.A blend of traditional meads aged in Laphroaig whisky barrels & gin barrels.In a collaboration with MS Barrel Project.  |ABV: 12.7 |IBU: N/A |rating: 3.75,B*BOP FERMENTORY,FUMUS
beer kind: Mead - Other |description: Barrel Aged Mixed Fermentation Mead With Blueberry And Apple Juice  |ABV: 14.6 |IBU: N/A |rating: 3.73,MadX,Gunnlöd
"beer kind: Mead - Other |description: Ex Widow Jane bourbon barrel-aged chocolate mead with orange peels, chipotle, vanilla and coffeeThe second Barrel Project Mead Scientist mead after Szaloncukor |ABV: 10.0 |IBU: N/A |rating: 3.73",Mead Scientist,Culinary Cabaret
"beer kind: Mead - Other |description: Highland Whisky Barrel Aged  Low Carbonation Mead w/ Lime, Muscovado Sugar, Orange Zest and Spices |ABV: 11.8 |IBU: N/A |rating: 3.73",Mead Scientist,Siren Teardrop
"beer kind: Mead - Other |description: Bourbon Barrel Aged Thai Mango Salad Mead with Mango, Lime, Thai Chili, Coriander, Basil & Peanuts |ABV: 10.6 |IBU: N/A |rating: 3.71",MadX,Som Tum Mamuang 2024
"beer kind: Mead - Other |description: Tequila and Jamaican Rum Double Barrel Aged Mead with coffee and cocoa beans The first Barrel Project Mead Scientist mead is finally here dear Ladies and Gentlemen. This one has been constantly changing and moving from barrel to barrel for a long time until now. We had no idea where this was going but we could not be happier with the end result.The most ridiculous moment of creation was when we found coffee beans in the barrel, which we had no idea how it got there. We knew about the cocoa beans, but the coffee just got there somehow without us noticing it. Oh well...The final result is the old school Hungarian Christmas candy in a non-carbonated mead! |ABV: 10.0 |IBU: N/A |rating: 3.71",Mead Scientist,Szaloncukor
"beer kind: Mead - Other |description: Rapeseed And Amorpha Honey Mead With Water Chestnut collab with our friends at SIMA Brewing aged in Bourbon and Smoky Scotch barrels for a year.After TINY BARREL PROJECT SPIRITLORD RUM and TINY BARREL PROJECT CANDY MAN SCOTCH and so, here is our 18th TINY BARREL PROJECT release in our new category between the Specials series and Barrel Project in 330ml cans. |ABV: 12.0 |IBU: N/A |rating: 3.7",Mad Scientist,Tiny Barrel Project Mad Treasure Bourbon And Smoky Scotch
beer kind: Mead - Other |description: Whisky and Triple Sec Barrel Aged Mead with Soursop and Papaya				 |ABV: 10.0 |IBU: N/A |rating: 3.69,Mead Scientist,El Ritmo De La Noche
beer kind: Mead - Other |description: Rapeseed And Amorpha Honey Mead With Water Chestnut collab with our friends at SIMA Brewing |ABV: 12.0 |IBU: N/A |rating: 3.67,Mead Scientist,Mad Treasure
"beer kind: Mead - Other |description: Following the footsteps of APPLE O Green Apple Sour Candy Braggot, CHERRY O Sour Cherry Candy Braggot, COLA O Sour Candy Cola Braggot and so, we're proud to present the latest edition of the infamous sour patch series: ORANGE VANILLA COLA O Orange-Vanilla Cream Cola Sour Candy Mead |ABV: 7.0 |IBU: N/A |rating: 3.66",Mead Scientist,Orange Vanilla Cola O
beer kind: Mead - Other |description: Mixed Fermentation Sweet Mead With Ginger And Rhubarb |ABV: 13.2 |IBU: N/A |rating: 3.63,MadX,Meir
beer kind: Mead - Other |description: Blend of Sour Cherry Mead × Black Raspberry Mead × Gooseberry Mead Special one-keg-only one-off for BCBF24 Billie's Craft Beer Fest |ABV: 13.6 |IBU: N/A |rating: 3.63,MadX,Billie's Blend X
beer kind: Mead - Other |description: Highland Whisky Barrel Aged Hawthorn Honey Low Carbonation Mead |ABV: 11.8 |IBU: N/A |rating: 3.63,Mead Scientist,Thorn Crown
beer kind: Mead - Other |description: Bourbon Barrel Aged Mead With Mango And Peanuts |ABV: 10.5 |IBU: N/A |rating: 3.6,Mead Scientist,Mango PBJ Time
"beer kind: Mead - Other |description: Carrot Cake Mead with Carrot, Lime Puree, Lemon Puree, Orange Zest, Cinnamon and Vanilla |ABV: 9.0 |IBU: N/A |rating: 3.39",Mead Scientist,Loco With the Cake
beer kind: Mead - Pyment |description: White Mead fermented with 50% Irsai Olivér grape must |ABV: 11.5 |IBU: N/A |rating: 3.36,Mead Scientist,Irsai Olivér
"beer kind: Märzen |description: A dark amber-ruby coloured malty treat, lagered in tanks for 6 (!) months, like all märzen should. Crystal clear and well balanced. Prost! - The first beer in our new line of experimental, fun beers. // Egy igazi klasszikus märzen, melyet 6 hónapig érleltünk tartályban. Sötétborostyán szín, malátás ízvilág, tükrösen tiszta és tökéletes egyensúlyban. - Első söre a Playground sorozatunknak, melyben új kedvenceinket főzzük le nektek.  |ABV: 6.0 |IBU: N/A |rating: 3.66",HORIZONT Brewing,Playground - Märzen
beer kind: Märzen |description: Classic MärzenHops: hallertau mittelfrüh |ABV: 5.6 |IBU: N/A |rating: 3.63,UGAR Brewery,Spectrum - Push the Flower Button!
"beer kind: Märzen |description: Before Mad Scientist was Mad Scientist, we actually contract-brewed a few releases back in 2015, so for our 7th birthday in 2023 we revisited this first recipe because we love märzens the same way as we love framed structures. Our first printed can by the way, design by our good friend Grindesign. This is also the official beer of Hell Vill × Mad Scientist presents: MAD VILL 28-30 April, 2023, make sure you scan the Spotify code for the playlist! |ABV: 5.8 |IBU: N/A |rating: 3.61",Mad Scientist,Octopus Märzen
"beer kind: Märzen |description: Ez a klasszikus Märzen stílusú sör mély borostyánszínnel és gazdag malátás testtel hódít. Első kortyra édes karamellás, malátás jegyek bontakoznak ki, amelyeket finom fűszeres komlókeserűség hoz egyensúlyba. Tökéletes választás, amikor egy karakteres, mégis könnyen iható sörre vágysz. Tiszteld a Bober-t, és élvezd minden kortyát! |ABV: 5.1 |IBU: 26 |rating: 3.6",Vaskakas Brewing,Respect For the Bober
"beer kind: Märzen |description: Amiért két éve nyúzzátok a fülünket, hogy főzzük újra a Playground Märzent az most valósággá vált. Az eredeti recepten épp csak annyit módosítva, hogy az elmúlt két év tapasztalatait hozzáadtuk, és ezáltal egy még harmonikusabb, könnyebben iható, maláta központú finom lagert kapjunk. 4 hónapig várta a tartályban, hogy kiszerelhessük. |ABV: 6.7 |IBU: 24 |rating: 3.59",HORIZONT Brewing,Selfish Games Märzen 2.0
beer kind: Märzen |description:  |ABV: 5.6 |IBU: N/A |rating: 3.59,FIRST Craft Beer,Öktöberfest 2022
"beer kind: Märzen |description: Egy klasszikus bajor stílus újragondolva, a Horizont módra.Borostyánszín, telt malátás test és finom karamelles édesség adja az alapot, amit meglepően játékos bogyós gyümölcsös jegyek egészítenek ki.A tradicionális Märzen méltóságteljessége és a modern kraft-főzet rétegzettsége találkozik benne.- Közepesen testes, jól kiegyensúlyozott kortyérzet, kellemesen selymes textúrával.- Pörkölt maláta, karamell és enyhe pirítottság jellemzi.- Diszkrét bogyós gyümölcsösség a korty végén.Nem kell lederhosen és müncheni sörsátor ahhoz, hogy megérkezz az Oktoberfest hangulatba, ugyanis ez a sör pont oda repít.-A classic Bavarian style reimagined the Horizont way.Amber-colored with a rich malty body and delicate caramel sweetness at its core, lifted by surprisingly playful berry-like notes.It’s where the dignified tradition of a Märzen meets the layered depth of modern craft brewing.- Medium-bodied, well-balanced mouthfeel with a pleasantly smooth texture.- Roasted malt, caramel, and a gentle toasted character.- Subtle berry fruitiness on the finish.No lederhosen or Munich beer tent required – this beer brings the Oktoberfest vibe straight to you. |ABV: 5.3 |IBU: N/A |rating: 3.56",HORIZONT Brewing,Oktober Klassiker
beer kind: Märzen |description:  |ABV: 5.6 |IBU: 19 |rating: 3.56,FIRST Craft Beer,Öktöberfest 2023
"beer kind: Märzen |description: (HU) Ahogy minden évben, úgy 2025-ben is elkészült a világ legnagyobb sörünnepének tiszteletére készített friss, ropogós lagersörünk. Minden évben variálunk kicsit a recepten, talán ezúttal ugrottunk a legnagyobbat, hiszen alacsonyabb alkoholfokkal, világosabban, kenyeresebben, kicsit talán komlósabban, kevesebb karamellmalátával készült az idei Märzen/Festbier verziónk (igen, határeset), hogy a legkívántabb lagersörök előtt tisztelegjünk ezúttal. Elő a sramlizenével, kapjuk fel a hózentrógert és prost!(EN) As every year, in 2025, our fresh, crisp lager beer, prepared in honor of the world's biggest beer festival, has been prepared. Every year we vary the recipe a little, and this time we may have taken the biggest leap, as this year's Märzen/Festbier version is made with a lower alcohol content, became lighter, breadier, perhaps a little more hoppy, and used less caramel malt (yes, borderline Festbier), to pay tribute to the most desired lagers this time. Let's get the Schramli music going, grab your Hosenträger and Prost! |ABV: 5.0 |IBU: N/A |rating: 3.56",FIRST Craft Beer,Öktöberfest 2025
beer kind: Märzen |description:  |ABV: 6.5 |IBU: 22 |rating: 3.55,Rizmajer Kézműves Sörfőzde,Märzen
"beer kind: Märzen |description: Hagyományos Märzen sörünk ismét visszatér - ezúttal is ropogós, aranyló lagerként folyik a friss finomság egész ősszel! |ABV: 5.5 |IBU: 21 |rating: 3.55",FIRST Craft Beer,Öktöberfest 2024
beer kind: Märzen |description:  |ABV: 5.2 |IBU: N/A |rating: 3.54,Hedon,Leder-Dosen
beer kind: Märzen |description: Märzen Lager |ABV: 5.9 |IBU: N/A |rating: 3.54,Visegrádi Sör,Feszt!
beer kind: Märzen |description:  |ABV: 5.0 |IBU: N/A |rating: 3.51,Sörművek,Märzen Bier
"beer kind: Märzen |description: Újra Öktöberfest - újra FIRST sör! Idén is lefőztük hagyömányösnak möndhatő Oktoberfest märzenünket - és ahögy körábban, úgy ezúttal is játszöttunk kicsit a recepttel. Hangyányit harapósabban és erősebben érkezik tehát röpögős malátákkal töltött, német kömlőval fűszerezett Öktöberfestünk! It's Öktöberfest again - it's beertime again! We've brewed öur traditiönal Öktöberfest märzen this year again - and as beföre, we played a bit with the recipe again. With a tad möre bite and muscle, our crunchy-malted, German-höpped Öktöberfest is coming |ABV: 5.8 |IBU: 16 |rating: 3.51",FIRST Craft Beer,Öktöberfest 2021
beer kind: Märzen |description:  |ABV: 6.0 |IBU: N/A |rating: 3.49,Fóti Kézműves Sörfőzde,Oktoberfest Märzen
"beer kind: Non-Alcoholic - IPA |description: Egy igazán ütős kraft IPA, na de nem az alkoholtartalma miatt! Ez a Horizont első alkoholmentes söre, amit a holland Vandestreekkel közösen főztünk!Igazi kraft ízjegyek, melyeket a négyféle komló (Simcoe, Amarillo, Mosaic & Columbus) ínycsiklandó kombinációja tesz igazán felejthetetlenné, gyönyörű, ködös megjelenés, és csak 29kCal 100ml-ben. ENA soft, very easy-to-drink NA craft IPA, different in every respect from the large-scale alcohol-free beers known from everyday life. You can enjoy a pleasantly hoppy, refreshing beer with a slightly hazy appearance. Four types of hops, Simcoe, Amarillo, Mosaic and Columbus, give the hops characteristic of classic craft IPAs. Only 29kCal in 100ml, and less than 0.5% ABV. |ABV: 0.5 |IBU: N/A |rating: 3.43",HORIZONT Brewing,Selfish Games - Non Alcoholic Craft IPA
"beer kind: Non-Alcoholic - IPA |description: Ha sportolsz, vezetsz, vagy csak nem fogyasztasz alkoholt, akkor sem kell lemondanod a minőségi sörözés élményéről, hiszen 30 évnyi szakértelem és megannyi kísérlet eredményét tartod a kezedben. Egy kellemesen krémes, erősen gyümölcsös mangós IPA, vagyis majdnem azt. Hogy milyen egy MAJDNEM MANGÓS IPA kisüzemi értelmezésben? Egy kompromisszummentes sörélmény, amit az érett mangó és a hozzáadott modern komlók enek különlegessé, csupán alkohol nélkül.  |ABV: 0.0 |IBU: 25 |rating: 3.42",Szent András Sörfőzde,Majdnem Mangós IPA
"beer kind: Non-Alcoholic - IPA |description: Lágy, nagyon könnyen iható, a hétköznapokból ismert, nagyüzemi alkoholmentes söröktől minden tekintetben eltérő tétel, MOST GRAPEFRUIT ÍZESÍTÉSSEL! Komlók:  Simcoe, Amarillo, Mosaic és ColumbusPleasantly hoppy, refreshing beer with a slightly hazy appearance, made with four types of hops, Simcoe, Amarillo, Mosaic and Columbus. Now with grapefruit flavor! |ABV: 0.0 |IBU: N/A |rating: 3.41",HORIZONT Brewing,Selfish Games - 0.0% Non-Alcoholic Craft IPA With Grapefruit
"beer kind: Non-Alcoholic - IPA |description: Ha sportolsz, vezetsz, vagy csak nem fogyasztasz alkoholt, akkor sem kell lemondanod a minőségi sörözés élményéről, hiszen 30 évnyi szakértelem és megannyi kísérlet eredményét tartod a kezedben. Egy modern komlózású, IPA-t, vagyis majdnem azt. Hogy milyen egy MAJDNEM IPA kisüzemi értelmezésben? Egy kompromisszummentes sörélmény, amit a komló uralkodó íze és a trópusi gyümölcsös karakterjegyek tesznek különlegessé, csupán alkohol nélkül. |ABV: 0.0 |IBU: 35 |rating: 3.35",Szent András Sörfőzde,Majdnem IPA
"beer kind: Non-Alcoholic - IPA |description: Ezt az alkoholmentes West Coast IPA-t Citra és Mosaic pellettel és a speckó Spectrum Citra kivonattal bolondítottuk meg, hogy az IPA jól megszokott jellemzőit megőrizhessük nektek. This N/A West Coast IPA has been spiced up with Citra and Mosaic hop pellets and we added the special Spectrum Citra extract too, to maintain the familiar characteristics of an IPA. |ABV: 0.4 |IBU: N/A |rating: 3.32",Fehér Nyúl,Free Flow
"beer kind: Non-Alcoholic - IPA |description: Visszatért az első Horizont alkoholmentes IPA – új név, új dizájn, még finomabb recept!Ez a sör kompromisszumok nélküli kraft élmény: friss, komlós, könnyed, mégis karakteres. A Simcoe, Amarillo, Mosaic és Columbus komlók már a doboz nyitásakor éreztetik hatásukat. Telt kortyérzet, hosszú citrusos-gyantás lecsengés – pont, mint egy valódi IPA.--Our alcohol-free IPA is back with a new name, fresh look, and even better recipe. Simcoe, Amarillo, Mosaic & Columbus bring bold hop aromas, citrusy-resinous finish, and full IPA character – without the alcohol. Just 29 kcal/100 ml – perfect post-workout or anytime you crave craft flavor guilt-free. |ABV: 0.5 |IBU: N/A |rating: 3.3",HORIZONT Brewing,Naked Bastard
"beer kind: Non-Alcoholic - Lager |description: Ha sportolsz, vezetsz, vagy csak nem fogyasztasz alkoholt, akkor sem kell lemondanod a minőségi sörözés élményéről, hiszen 30 évnyi szakértelem és megannyi kísérlet eredményét tartod a kezedben. Egy markánsan komlózott pilsnert, vagyis majdnem azt Hogy milyen egy MAJDNEM PILSNER kisüzemi értelmezésben? Egy kompromisszummentes sörélmény, amit a pilzeni típusú sörökre jellemző komlósabb ízek és a kellemes malátás test tesz különlegessé, csupán alkohol nélkül. |ABV: 0.0 |IBU: 30 |rating: 3.23",Szent András Sörfőzde,Majdnem Pilsner
"beer kind: Non-Alcoholic - Lager |description: Egy gazdag ízvilágú, kellemesen karakteres, alkoholmentes sör, pörkölt malátás aromával, amivel az igazi sör ízt élvezhetem bárhol, bármikor. |ABV: 0.5 |IBU: N/A |rating: 2.9",Dreher Sörgyárak,Dreher 24 Vörös Sör
beer kind: Non-Alcoholic - Lager |description:  |ABV: 0.0 |IBU: N/A |rating: 2.89,Soproni Sörgyár (Heineken Hungária),Soproni 0.0% Alkoholmentes
beer kind: Non-Alcoholic - Lager |description:  |ABV: 0.5 |IBU: 17 |rating: 2.79,Pécsi Sörfőzde,Szalon Alkoholmentes
beer kind: Non-Alcoholic - Lager |description:  |ABV: 0.0 |IBU: N/A |rating: 2.79,Soproni Sörgyár (Heineken Hungária),Soproni Szűz
beer kind: Non-Alcoholic - Lager |description:  |ABV: 0.5 |IBU: N/A |rating: 2.49,Dreher Sörgyárak,Dreher 24
beer kind: Non-Alcoholic - Other Beer |description:  |ABV: 0.3 |IBU: N/A |rating: 3.19,Dreher Sörgyárak,Dreher 24 Lime-málna
"beer kind: Non-Alcoholic - Porter / Stout |description: Ha sportolsz, vezetsz, vagy csak nem fogyasztasz alkoholt, akkor sem kell lemondanod a minőségi sörözés élményéről, hiszen 30 évnyi szakértelem és megannyi kísérlet eredményét tartod a kezedben. Egy összetett malátázású, markáns stoutot, vagyis majdnem azt. Hogy milyen egy MAJDNEM STOUT kisüzemi értelmezésben? Egy kompromisszummentes sörélmény, amit az étcsokoládés, füstös és krémesen kávés ízkarakterek tesznek különlegessé, csupán alkohol nélkül. |ABV: 0.0 |IBU: N/A |rating: 3.35",Szent András Sörfőzde,Majdnem Stout
beer kind: Non-Alcoholic - Shandy / Radler |description:  |ABV: 0.0 |IBU: N/A |rating: 3.53,Pécsi Sörfőzde,Pécsi Radler Alkoholmentes Mangó
beer kind: Non-Alcoholic - Shandy / Radler |description:  |ABV: 0.0 |IBU: N/A |rating: 3.32,Pécsi Sörfőzde,Pécsi Radler Citrom Alkoholmentes
beer kind: Non-Alcoholic - Shandy / Radler |description: A blend of non-alcoholic beer and lemon soft drink. |ABV: 0.0 |IBU: N/A |rating: 3.31,Pécsi Sörfőzde,BE(er) Cool Citrom
beer kind: Non-Alcoholic - Shandy / Radler |description: A blend of non-alcoholic beer and sour cherry soft drink. |ABV: 0.0 |IBU: N/A |rating: 3.28,Pécsi Sörfőzde,BE(er) Cool Meggy
beer kind: Non-Alcoholic - Shandy / Radler |description:  |ABV: 0.0 |IBU: N/A |rating: 3.26,Borsodi Sörgyár,"Borsodi Friss 0,0% Gránátalma-Meggy Koffeinnel"
beer kind: Non-Alcoholic - Shandy / Radler |description:  |ABV: 0.0 |IBU: N/A |rating: 3.24,Pécsi Sörfőzde,Pécsi Radler Alkoholmentes Meggy
beer kind: Non-Alcoholic - Shandy / Radler |description: Grapefruitos ital és alkoholmentes világos sör keveréke cukorral és édesítőszerekkel. |ABV: 0.0 |IBU: N/A |rating: 3.21,Borsodi Sörgyár,"Friss 0,0% Grapefruit"
beer kind: Non-Alcoholic - Shandy / Radler |description:  |ABV: 0.0 |IBU: N/A |rating: 3.2,Soproni Sörgyár (Heineken Hungária),Soproni Dark Radler 0.0% Citrom
beer kind: Non-Alcoholic - Shandy / Radler |description:  |ABV: 0.0 |IBU: N/A |rating: 3.18,Pécsi Sörfőzde,Pécsi Radler Alkoholmentes Bodza
"beer kind: Non-Alcoholic - Shandy / Radler |description: 60% mangós szénsavas üdítöital, 40% alkoholmentes sör. |ABV: 0.0 |IBU: N/A |rating: 3.18",Lidl Magyarország,"Argus Radler Mango 0,0%"
"beer kind: Non-Alcoholic - Shandy / Radler |description: Fruity peach-apple non-alcoholic shandy/ radler. The peach flavour is dominant. Light, refreshing, fruity, aromatic radler. |ABV: 0.0 |IBU: N/A |rating: 3.15",Borsodi Sörgyár,Borsodi Friss Zero Körte Alma
beer kind: Non-Alcoholic - Shandy / Radler |description:  |ABV: 0.0 |IBU: N/A |rating: 3.14,Soproni Sörgyár (Heineken Hungária),"Soproni Radler 0,0% Körte-Citrom"
"beer kind: Non-Alcoholic - Shandy / Radler |description: A Dreher 24 Hydrate Mangó-Citrom nem csak felfrissít egzotikus, édes mégis citrusos ízvilágával, de speciális összetétele segít a hidratálásban. A benne lévő szénhidrát-elektrolit oldatok fokozzák a víz felszívódását fizikai aktivitás során. Tökéletes választás forró nyári napokon, intenzív mozgáshoz és aktív kikapcsolódáshoz. |ABV: 0.0 |IBU: N/A |rating: 3.14",Dreher Sörgyárak,Dreher 24 Hydrate - Mangó-Citrom
"beer kind: Non-Alcoholic - Shandy / Radler |description: Borsodi Friss Mangó-maracuja 0,0%0,0% alkohol, 100% felfrissülés - ez a Borsodi Friss, egy könnyed láger sör és üdítő gyümölcslé keveréke, kizárólag természetes forrásból származó összetevőkkel! Minőségi választás azoknak, akik inspiráló élményekkel teli mindennapokra szomjaznak. Alacsony kalóriatartalmú ízváltozatokban is |ABV: 0.0 |IBU: N/A |rating: 3.13",Borsodi Sörgyár,Friss Mangó & Maracuja
"beer kind: Non-Alcoholic - Shandy / Radler |description: 0,0% alkohol, 100% felfrissülés – a megújult Friss 0,0% gyümölcsös üdítőital, és alkoholmentes malátaital keveréke, természetesen frissítő ízzel! Minőségi választás azoknak, akik inspiráló élményekkel teli mindennapokra szomjaznak. Ilyen például az alkoholmentes, citrom ízesítésű Friss. Mikor érdemes pattintani? Bármikor, amikor megkívánsz egy üdítően fanyar ízt a nyári kánikulában. Persze, ha télen is ez dob fel, nem fogunk visszatartani. Legyen az vízparti kikapcsolódás, baráti összejövetel vagy egy laza délután a kertben, az alkoholmentes Friss 0,0% üdítő kísérője lesz az alkalomnak. Friss 0,0% - a felfrissülésre vágyó örök felfedezők tökéletes választása. |ABV: 0.0 |IBU: N/A |rating: 3.12",Borsodi Sörgyár,"Friss 0,0% Citrom"
beer kind: Non-Alcoholic - Shandy / Radler |description: Az igazi gyümölcsből készült 0.0% alkoholtartalmú ital igazi felfrissülést nyújt a gyümölcsös sörök kedvelőinek. |ABV: 0.0 |IBU: N/A |rating: 3.11,Soproni Sörgyár (Heineken Hungária),Soproni 0.0% Radler Lime-menta
"beer kind: Non-Alcoholic - Shandy / Radler |description: Az igazi gyümölcsből készült 0.0% alkoholtartalmú ital igazi felfrissülést nyújt a gyümölcsös sörök kedvelőinek. A Soproni Radler Bodza-Citrom a természetes bodza és frissítő citrom keveréke, kiváló minőségű világos sörrel, mely nagyszerű választás a kikapcsolódáshoz. |ABV: 0.0 |IBU: N/A |rating: 3.11",Soproni Sörgyár (Heineken Hungária),Soproni 0.0% Radler Bodza-Citrom
beer kind: Non-Alcoholic - Shandy / Radler |description:  |ABV: 0.0 |IBU: N/A |rating: 3.11,Borsodi Sörgyár,Friss 0.0% Ananász-Lime
beer kind: Non-Alcoholic - Shandy / Radler |description:  |ABV: 0.0 |IBU: N/A |rating: 3.1,Soproni Sörgyár (Heineken Hungária),"Soproni Radler 0,0% Feketeribizli-Lime"
beer kind: Non-Alcoholic - Shandy / Radler |description: Alkoholmentes vilagos sör. |ABV: 0.0 |IBU: N/A |rating: 3.08,Dreher Sörgyárak,"Kőbányai Citrom 0,0%"
beer kind: Non-Alcoholic - Shandy / Radler |description:  |ABV: 0.0 |IBU: N/A |rating: 3.07,Dreher Sörgyárak,Dreher 24 Pomelo-Grapefruit
beer kind: Non-Alcoholic - Shandy / Radler |description:  |ABV: 0.0 |IBU: N/A |rating: 3.06,Dreher Sörgyárak,Dreher 24 Lime-Menta
"beer kind: Non-Alcoholic - Shandy / Radler |description: A Dreher 24 Hydrate Licsi-Citrom nem csak felfrissít enyhén savanykás mégis édes ízvilágával, de speciális összetétele segít a hidratálásban. A benne lévő szénhidrát-elektrolit oldatok fokozzák a víz felszívódását fizikai aktivitás során. Tökéletes választás forró nyári napokon, intenzív mozgáshoz és aktív kikapcsolódáshoz. |ABV: 0.0 |IBU: N/A |rating: 3.06",Dreher Sörgyárak,Dreher 24 Hydrate - Licsi-Citrom
"beer kind: Non-Alcoholic - Shandy / Radler |description: Az igazi gyümölcsből készült 0.0% alkoholtartalmú ital igazi felfrissülést nyújt a gyümölcsös sörök kedvelőinek. A Soproni Radler Citrom a természetes meggy és frissítő citrom keveréke, kiváló minőségű világos sörrel, mely nagyszerű választás a kikapcsolódáshoz.. |ABV: 0.0 |IBU: N/A |rating: 3.03",Soproni Sörgyár (Heineken Hungária),Soproni 0.0% Radler Citrom
beer kind: Non-Alcoholic - Shandy / Radler |description:  |ABV: 0.0 |IBU: N/A |rating: 3.02,Dreher Sörgyárak,Dreher 24 Citrom
beer kind: Non-Alcoholic - Shandy / Radler |description:  |ABV: 0.0 |IBU: N/A |rating: 2.99,Borsodi Sörgyár,Borsodi Friss Alkoholmentes Málna-áfonya
"beer kind: Non-Alcoholic - Shandy / Radler |description: Az igazi gyümölcsből készült 0.0% alkoholtartalmú ital igazi felfrissülést nyújt a gyümölcsös sörök kedvelőinek. A Soproni Radler Meggy-Citrom a természetes meggy és frissítő citrom keveréke, kiváló minőségű világos sörrel, mely nagyszerű választás a kikapcsolódáshoz. |ABV: 0.0 |IBU: N/A |rating: 2.98",Soproni Sörgyár (Heineken Hungária),Soproni 0.0% Radler Meggy-Citrom
beer kind: Non-Alcoholic - Shandy / Radler |description:  |ABV: 0.0 |IBU: N/A |rating: 2.97,Dreher Sörgyárak,Dreher 24 Gránátalma
beer kind: Non-Alcoholic - Shandy / Radler |description:  |ABV: 0.0 |IBU: N/A |rating: 2.97,Borsodi Sörgyár,"Borsodi Friss 0,0% Görögdinnye-Eper"
beer kind: Non-Alcoholic - Shandy / Radler |description:  |ABV: 0.0 |IBU: N/A |rating: 2.92,Dreher Sörgyárak,Dreher 24 Meggy-Szeder
beer kind: Non-Alcoholic - Shandy / Radler |description:  |ABV: 0.0 |IBU: N/A |rating: 2.91,Dreher Sörgyárak,Dreher 24 Málna
beer kind: Non-Alcoholic - Shandy / Radler |description:  |ABV: 0.0 |IBU: N/A |rating: 2.88,Dreher Sörgyárak,Dreher 24 Maracuja-Sárgadinnye
"beer kind: Non-Alcoholic - Wheat |description: Ha sportolsz, vezetsz, vagy csak nem fogyasztasz alkoholt, akkor sem kell lemondanod a minőségi sörözés élményéről, hiszen 30 évnyi szakértelem és megannyi kísérlet eredményét találod meg ebben a sörben. Egy izgalmas savgerinccel megálmodott citrusos berliner weisse búzasört, vagyis majdnem azt. Hogy milyen egy MAJDNEM CITRUSOS BÚZA kisüzemi értelmezésben? Egy kompromisszummentes sörélmény, amit a citrom, lime és bergamott frissessége, valamint a hozzáadott modern komlók tesznek különlegessé, csupán alkohol nélkül. |ABV: 0.5 |IBU: 8 |rating: 3.38",Szent András Sörfőzde,Majdnem Búza Citrusokkal
beer kind: Pale Ale - American |description:  |ABV: 5.5 |IBU: N/A |rating: 3.81,Brew Your Mind,Yellow Haze - Citra
beer kind: Pale Ale - American |description: the lighter version of our american pale ale Yellow Haze |ABV: 4.3 |IBU: N/A |rating: 3.8,Brew Your Mind,Yellow Haze Session
"beer kind: Pale Ale - American |description: Session version of Yellow Haze. Everything stays the same, but the alcohol content is a bit lower. |ABV: 4.5 |IBU: N/A |rating: 3.8",Brew Your Mind,Yellow Haze Session (-2019)
beer kind: Pale Ale - American |description:  |ABV: 5.5 |IBU: N/A |rating: 3.78,Brew Your Mind,Mystic Garden
beer kind: Pale Ale - American |description: DDH PALE ALEBrain Fog features the modern classic Citra hop in a relatively low ABV beer before we say farewell to this variety due to its Bitcoin-like price change. |ABV: 5.5 |IBU: N/A |rating: 3.75,Mad Scientist,Brain Fog
beer kind: Pale Ale - American |description: MOSAIC PALE ALEHops: mosaic in all forms |ABV: 5.9 |IBU: N/A |rating: 3.74,UGAR Brewery,Spectrum - Piece of My Heart
beer kind: Pale Ale - American |description: single hop citra american pale ale speciality beer with maple syrup and sugar cane |ABV: 4.5 |IBU: 45 |rating: 3.72,Csupor Craft Beer,Bunny Hop
beer kind: Pale Ale - American |description: Blackberry cheesecake pale ale.  |ABV: 6.0 |IBU: N/A |rating: 3.72,Mad Scientist,Blackberry Smiggles
"beer kind: Pale Ale - American |description: A legújabb kollab sörünk a Pierre Rouccou-val és David Beaudin-nal készült. Egy American Pale Ale lett, mi pedig egyhangúan megszavaztuk, hogy pont olyan, amilyennek lennie kell. |ABV: 5.5 |IBU: N/A |rating: 3.71",Reketye Brewing Co.,Caribou
"beer kind: Pale Ale - American |description: A Tisza-tó szerelmeseiként nagy örömünkre szolgál, hogy elsőként mi dolgozhatunk sulyommal sörben. Az Egy csepp Tisza-tóval együttműködve elhoztuk nektek a Fekete Kincs sorozat legújabb tagját, ami ezúttal egy aranyló, karakteres, krémes Pale Ale-ben csillantja meg a sulyom édeskés, fűszeres ízjegyeit. A sulyom egy egyedülálló, Európában ritka, itthon korlátozott mennyiségben elérhető, védett vízinövény, gesztenyés, mandulás, szegfűszeges, diós ízjegyekkel. --As lovers of Lake Tisza, we are very pleased to be the first brewery to infuse water caltrop with beer. In collaboration with Egy csepp Tisza-tó, we have brought you the newest member of the Fekete Kincs series, this time in a golden, characteristic, creamy Pale Ale that sparkles the sweet, spicy flavors of water caltrop. Water caltrop or water chestnut is unique and rare in Europe, available only in limited quantities. Its taste resembles chestnut, almond, clove, walnut flavors. |ABV: 5.4 |IBU: N/A |rating: 3.68",SIMA brewing,Fekete Kincs Pale Ale
beer kind: Pale Ale - American |description: Minnesota Pale AleOur New England style american pale ale. We call it a Minnesota Pale Ale for its piney and herbal aromas.  |ABV: 5.0 |IBU: N/A |rating: 3.68,Mad Scientist,Timbersexual
beer kind: Pale Ale - American |description: Collab with InVitro Brewing. Dry hopped with african queen and nelson sauvin. Crisp and rich from crystal malts. Deliveres a hoppy daydream ❤️ |ABV: 5.0 |IBU: 35 |rating: 3.67,Reketye Brewing Co.,Everyday Hoppyness
"beer kind: Pale Ale - American |description: Collaboration with the Hungarian groove metal band Cadaveres to celebrate their latest album! Crisp and tasty, crushable pale ale with good amount of classic American hops. |ABV: 5.0 |IBU: N/A |rating: 3.67",InVitro Brewing,Ars Moriendi
beer kind: Pale Ale - American |description: Fresh and Extra Hoppy American Pale Ale brewed at Mad Scientist made together with the help of our friends at Keykeg (OneCircle) and Yakima Chief Hops (YCH)  |ABV: 5.2 |IBU: N/A |rating: 3.66,BPBW Budapest Beer Week,Kraft 2025
beer kind: Pale Ale - American |description:  |ABV: 4.5 |IBU: 53 |rating: 3.66,KESER (Kecskeméti Sörmesterek),Kolibri
"beer kind: Pale Ale - American |description: Felső erjesztésű amerikai stílusú American Pale Ale. Az 5,3 %-os alkoholra mintegy pilleként ""nehezedik"" rá az IPA-kat megszégyenítő hidegkomlózás. Illatában a kókuszos-mandarinos jelleg érezhető. Ízében komplex, de mégis inkább West Coast IPA-ra jellemző malátakezelés. Ez az ízvilág mintegy karibi koktél nyilvánul meg. Olyan mintha pina colada-t innánk, csakhogy ez egy sör. A maradék cukor remekül illik az illat és ízvilághoz. A krémes test szinte belesimul az alkoholba. |ABV: 5.3 |IBU: 38 |rating: 3.65",Synthesis,Waves of Liberty
"beer kind: Pale Ale - American |description: Malts: Pale ale, CarahellHops: Citra, Simcoe, Amarillo |ABV: 5.5 |IBU: 45 |rating: 3.65",Gólem,Repeta
"beer kind: Pale Ale - American |description: Must hozzáadásával készült, whiskys hordóban érlelt félbarna sör.Pár zsák különleges maláta, egzotikus komlók, több évtized whiskey és néhány fürt szőlő aromáját töltöttük pezsgő harmóniába ebben a palackban. |ABV: 7.0 |IBU: 22 |rating: 3.65",Zip's Brewhouse,Angel's Ser
"beer kind: Pale Ale - American |description: Intensly dryhopped with Idaho 7 and lupulin Simcoe and Citra. Made with a lot of flakes (oat, wheat and barley). |ABV: 5.1 |IBU: 45 |rating: 3.64",Reketye Brewing Co.,Who Is Mr. Flakes?
"beer kind: Pale Ale - American |description: A smooth and creamy hop juice powered by Citra and Nectaron hops. This hazy APA, packed with wheat malt and oats, offers a soft yet drinkable base bursting with peachy and citrusy hop aromas. |ABV: 4.0 |IBU: 15 |rating: 3.64",Abodee,Running Out of Gas
"beer kind: Pale Ale - American |description: Első, bevezető sörünk. Felső erjesztésű sör, melynek testét az árpa és búzamaláták, illatát a legnemesebb aromakomlók adják. Hidegkomlózott (leerjedést követően is komlózott) sör, hogy a komlóban lévő citrusos, virágos illatjegyeket hordozó illóolajok a legjobb hatásfokkal oldódjanak bele a sörbe. Kézműves sör a legjobb alapanyagokból. |ABV: 5.7 |IBU: 33 |rating: 3.64",Uradalmi Brewery,Intro
"beer kind: Pale Ale - American |description: Ez az APA igazán jó társaság, könnyed és üdítő, így ha úgy alakul, akár többször is bátran kortyolhatsz belőle. Mámorító illatát, frissítő jellegét amerikai komlók adják, ízében az enyhénél egy kicsit keserűbb befejezéssel.The always friendly taste of this APA is light, refreshing and will leave you wishing for more when you see the bottom of your glass. The use of American hops creates an exhilarating scent and refreshing essence with a slightly bitter finish. |ABV: 5.6 |IBU: N/A |rating: 3.63",Mighty Millers Brewing Co.,Who's Your Daddy
beer kind: Pale Ale - American |description: Puszta superheroes széria. |ABV: 4.8 |IBU: 39 |rating: 3.63,UGAR Brewery,Flexman
"beer kind: Pale Ale - American |description: premium jókedvvel készült kisüzemi APA A Bartókra hangolt kraftos kocsmák járványűző közösségi söre. Frissítő nyári pale ale, indokolatlan mennyiségű komlóval.A Bartók Béla úti vendéglátóhelyek (Bölcső Bar & Food, az Édes Érzés és a KEG Sörművház) közös, hidegkomlós anti-pandémiás söre a vesztegzár megszünésének megünneplésére, amit a Zentus Craft Beer készített. american pale ale /w amarillo, azacca, centennial, mosaic |ABV: 4.5 |IBU: 20 |rating: 3.63",Zentus Craft Beer,Bartók Újra Ale
"beer kind: Pale Ale - American |description: Johnny B. Good egy igazi, hamisítatlan, hidegen komlózott American Pale Ale, amely nem tűri a korlátokat és a megalkuvást. Ízét a nyár és a szabadság ihlette. Üde, frissítő, gyümölcsös aromáját az amerikai komlóknak köszönheti. Kóstold meg és harapj bele a komlóba! |ABV: 5.5 |IBU: N/A |rating: 3.63",Vaskakas Brewing,Johnny B. Good
"beer kind: Pale Ale - American |description: apa w/ cascade, centrenniel, citra |ABV: 5.5 |IBU: N/A |rating: 3.62",Zentus Craft Beer,I Don't Think You're Happy Enough
beer kind: Pale Ale - American |description: Super drinkable bright pale ale dryhopped with Medusa.  |ABV: 6.5 |IBU: 20 |rating: 3.62,Reketye Brewing Co.,Medusa
"beer kind: Pale Ale - American |description: Elsősorban a gyümölcsös ízvilágot kedvelő fogyasztóink számára ajánljuk ezt a sört. Az erjesztés alatt felhasznált mango tökéletes egyensúlyban van a komlók citrusosságával, melyhez biztos alapot szolgáltat a karakteres maláta test. A végeredmény egy borostyán színű, trópusi ízvilágú, erősen komlózott sörkülönlegesség. |ABV: 5.3 |IBU: 39 |rating: 3.61",Zip's Brewhouse,Mango Pale Ale
"beer kind: Pale Ale - American |description: A hazai sörkultúra emblematikus figurái, Kovári „Armando Ochoa - Csakajósör” Gergő és Marosvári „Ogre” László a Szent András Sörfőzde sörfőzőmesterével, Pekár Mihállyal és a helyi csapattal idén is megalkották a nyári Vári sörsorozat legújabb változatát, a Vári Nővérek ’17-et. Te most a Vári Nővérek summer pale ale sorozatának harmadik darabját tartod a kezedben, amely Tomahawk és Simcoe komlók felhasználásával készült. |ABV: 4.9 |IBU: 72 |rating: 3.61",Szent András Sörfőzde,Vári Nővérek '17
"beer kind: Pale Ale - American |description: 2. éves születésnapi söre a Hübrisnek, egy habos babos pale ale, gyönyörű hidegkomlózással, amiben a Nelson Sauvin játszik főszerepet. |ABV: 4.5 |IBU: 33 |rating: 3.6",hübris,KisPéntek
beer kind: Pale Ale - American |description:  |ABV: 5.4 |IBU: N/A |rating: 3.6,Ruin Brew Budapest,Galaxy APA
"beer kind: Pale Ale - American |description: Megkérdeztük a vendéglátósokat és a FIRST söröket forgalmazó partnereinket, hogy ők milyen sört készítenének, ha egy napra nem mi foglalnánk az ő csapjaikat, hanem ők tartanának nálunk egy főzdefoglalást. A válaszok alapján megszületett egy fúziós sörrecept, melyet 93 vendéglátóhely alkotott. A Fusion Pale Ale-ben a keserű narancshéj és a koriander a frissességet, az Oo-lorde oolong kínai kistermelői tea a sörforradalmi játékosságot, a komló- és malátaprofil a kiegyensúlyozottságot biztosítja. Kóstold meg az első főzdefoglalás sörét, amit partnereinkkel közösen alkottunk nektek és persze magunkat is.Recept:https://www.firstcraftbeer.com/fusion-pale-ale?fbclid=IwAR2AQLgx-bNggVs-ur50VEXTiwuEOrU32cwCaRQbqGswLjUlcsFkJRZCI3I |ABV: 6.5 |IBU: 17 |rating: 3.6",FIRST Craft Beer,Fusion Pale Ale
beer kind: Pale Ale - American |description:  |ABV: 6.0 |IBU: 3 |rating: 3.6,Karaván,Karavan Pale Ale
"beer kind: Pale Ale - American |description: Peeping Tom egy 1960-as brit horror / thriller. Meg Mike Patton második legfogyaszthatóbb bandájának a neve. A mozi nem hagyott nagy nyomot így csak a megjelenésben merítettünk belőle, a Peeping Tom albumot viszont sokat hallgattuk a Balkezesnél mikor az első kisüzemi American Pale Ale-en dolgoztunk.Egy kiforrott pale ale alapba először Simcoe komlót tettünk, hogy a kellő keserűséget elérjük. Majd még Simcoet, hogy a citrusos, picit mandarinos  aromája meglegyen, és megSimcoeztuk, hogy egyértelműen kijöjjenek a Simcoe különös fenyős, földes jellegzetességei is. Aztán levezetésnek Simcoe. És mivel ezt így illik, egy ijesztő adaggal hidegSimcoeztunk erjedés után, biztos ami biztos. |ABV: 5.5 |IBU: 37 |rating: 3.6",Balkezes,Peeping Tom
"beer kind: Pale Ale - American |description: Ropogós, krémes, diszkréten ködös Pale Ale Warrior, Cascade és Citra komlókkal. Szomjúság megszüntetésére és egyéb alapszükségletek kielégítésére kimondottan ajánlott. |ABV: 5.4 |IBU: N/A |rating: 3.59",SIMA brewing,Basic Needs
beer kind: Pale Ale - American |description:  |ABV: 5.0 |IBU: N/A |rating: 3.59,Pandulabeer,Munkaszünet
"beer kind: Pale Ale - American |description: Aki az összhangot keresi, annak bátran ajánljuk ezt a friss, citrusos illatú, közepesen testes sört. Könnyedségét a maláták és a komló arányának köszönheti. Reméljük, a sikerét is!  |ABV: 5.5 |IBU: 38 |rating: 3.59",Fehér Nyúl,Fehér Nyúl APA
beer kind: Pale Ale - American |description:  |ABV: 5.0 |IBU: N/A |rating: 3.59,Guri Sörfőzde,Komlós Juci
"beer kind: Pale Ale - American |description: A sörforradalom elidegeníthetetlen szereplője, ami mindig friss marad: igaz ez az American Pale Ale stílusra, akárcsak a Kandalló Pubra! Guríts le pár pohárral ebből a ropogós, gazdagon hidegkomlózott klasszikusból, és add át magad a szép emlékeknek.An inalienable part of the craft beer revolution, which remains relevant. This is true both for the American Pale Ale style, as well as Kandalló Pub. So, pour down a couple glasses of this crisp, generously dry-hopped classic, and give into the call of beautiful memories. |ABV: 5.0 |IBU: N/A |rating: 3.59",Fehér Nyúl,Kandalló Ale
beer kind: Pale Ale - American |description:  |ABV: 5.1 |IBU: 23 |rating: 3.59,Zirci Apátsági Manufaktúra,Alevation Rozsos Pale Ale
"beer kind: Pale Ale - American |description: A mókusok kimásztak az üstből, így csak a tűlevélmaradt. Erdei helyett karácsonyi sör lett a vége. |ABV: 5.0 |IBU: 33 |rating: 3.59",Fehér Nyúl,Drink the Christmas Tree 2019
"beer kind: Pale Ale - American |description: Amerikai komlós, illatos, felső erjesztésű világos sör.3 féle komló, 4 féle maláta teszi teljessé ezt az új-hullámos sört. Az aromakomlóktól friss, gyümölcsös ízt kap, melyet a maláták komplexitása egészít ki. Ajánljuk fehér húsokhoz, sült és grillezett ételekhez, zöldségekhez, tartalmasabb saláták mellé. |ABV: 6.0 |IBU: 31 |rating: 3.58",UGAR Brewery,Hopjuliska
beer kind: Pale Ale - American |description:  |ABV: 4.7 |IBU: N/A |rating: 3.58,HORIZONT Brewing,Gimme My Britney
"beer kind: Pale Ale - American |description: A crispy and classique Pale Ale packed with the noble OG threesome: Cascade, Simcoe & Mosaic.“make sure you kop that shit”*BREWED SPECIALLY FOR THE UK MARKET* |ABV: 4.5 |IBU: N/A |rating: 3.57",B*BOP FERMENTORY,KOP THAT
"beer kind: Pale Ale - American |description: Selymes, könnyen csúszó, elegáns sör. Nem teper le az első kortyok után, inkább egész este a barátod szeretne lenni. A rövid, félórás komlózásnak köszönhetően a keserű íz teljesen a háttérbe szorul, tered engedve a Mosaic, a Centennial és az Amarillo komlók gyümölcsös, citrusos aromáinak. |ABV: 4.5 |IBU: 41 |rating: 3.57",Hara’Punk Brewing,Executive Pale Ale
beer kind: Pale Ale - American |description:  |ABV: 4.5 |IBU: N/A |rating: 3.56,For Sale Pub,For Sale Pale Ale
"beer kind: Pale Ale - American |description: Single malt, single hop (Mosaic) APA with a great finish and bitterness. |ABV: 5.3 |IBU: 39 |rating: 3.56",Space Next,Astronaut
beer kind: Pale Ale - Belgian |description:  |ABV: 5.5 |IBU: 21 |rating: 3.52,Pater Marcus Belga Apátsági Söröző és Étterem,Pater Marcus Amber
beer kind: Pale Ale - Belgian |description:  |ABV: 6.0 |IBU: N/A |rating: 3.36,Bors Serfőzde,Little John
beer kind: Pale Ale - English |description:  |ABV: 5.2 |IBU: N/A |rating: 3.54,Lidl Magyarország,Hamis Kilences
beer kind: Pale Ale - English |description:  |ABV: 4.5 |IBU: 20 |rating: 3.46,Zirci Apátsági Manufaktúra,Precessio
beer kind: Pale Ale - English |description:  |ABV: 4.8 |IBU: N/A |rating: 3.41,ANTL,English Style Summer Ale
"beer kind: Pale Ale - English |description: ""Az élet nem főpróba!""(John Furman)Az Etyeki Sörmanufaktúra bemutatkozó söre. Egy nem túl bonyolult, ám annál kifinomultabb pale ale-lel indítottuk el sörfőzdénket a hírnév felé vezető úton. Világos borostyán színű angol típusú felsőerjesztésű sör szép sárgába hajló krémes habbal. Az aszalt gyümölcsök édeskés illata mellett a komló egyáltalán nem tolakodóan van jelen. A korty elején viszont már határozottan képviseli magát az amerikai Centennial komló. A karakteres nyitás után szépen bekúszik a Maris Otter pale ale maláta a maga kekszes ízével, ami tartósan megmarad a szájban a korty lenyelése után is. Ez a sör úgy kerek, ahogy van.5,2%-os alkoholtartalmával tökéletes kísérője egy könnyű grill vacsorának, de az azt követő almáspitének is.Összetevők: Ivóvíz, Maris Otter pale ale maláta, müncheni maláta, búzamaláta, Magnum és Centennial komló, sörélesztő |ABV: 5.2 |IBU: 35 |rating: 3.41",Etyeki Sörmanufaktúra,Premier Pale Ale
beer kind: Pale Ale - Fruited |description: American Pale Ale eperrel együtt erjesztve és amerikai komlókkal duplán hidegkomlózva. |ABV: 5.5 |IBU: N/A |rating: 3.72,Brew Your Mind,Pink Nature
"beer kind: Pale Ale - Fruited |description: Ködös pale ale, hidegkomlózva rengeteg Simcoe, Amarillo és Comet komlókkal, valamint préselt ananászlé és - püré hozzáadásával. Hazy pale ale, packed with Simcoe, Amarillo and Comet hops, and pressed pineapple juice and puree. Fresh! |ABV: 5.0 |IBU: 41 |rating: 3.65",HORIZONT Brewing,Pilot Series #13 - Pineapple Pale Ale
beer kind: Pale Ale - Milkshake |description: Double Fruited Mango Milkshake Pale Ale |ABV: 7.5 |IBU: N/A |rating: 3.79,Mad Scientist,Mango Bay Supreme
beer kind: Pale Ale - Milkshake |description: Lemon-Vanilla Manhattan Cheesecake Pale Ale |ABV: 5.6 |IBU: 16 |rating: 3.65,Hara’Punk Brewing,Jack Lemon
"beer kind: Pale Ale - Milkshake |description: Strawberry. Banana. Milkshake. All in a luscious, thick pale ale with every flavour you could expect from a shake. Plus the beer part. Nice! (contains lactose) // Eper. Banán. Milkshake. Mindez egy sűrű, isteni pale ale-be sűrítve. Érezd egyszerre a gyümölcsöket és a sört! (Laktózt tartalmaz.) |ABV: 5.0 |IBU: 35 |rating: 3.65",HORIZONT Brewing,Pilot Series #19 - Strawberry-Banana Milkshake Pale Ale
beer kind: Pale Ale - Milkshake |description: Double fruited rice-milkshake imperial pale ale with apricots and tahitian vanilla  |ABV: 7.5 |IBU: N/A |rating: 3.64,HopTop Brewery,TejberizsA
"beer kind: Pale Ale - Milkshake |description: Our signature milkshake pale ale. In and outside of Hungary, if you say Mad Scientist, this is the first beer that comes to people's mind since 2016. Beyond the sweetness, the woody and pungent taste of mango is completed by the creaminess of lactose. Let this be your guilty pleasure! |ABV: 5.2 |IBU: 40 |rating: 3.64",Mad Scientist,Mango Bay
beer kind: Pale Ale - Milkshake |description: Raspberry Milkshake Pale Ale |ABV: 4.4 |IBU: N/A |rating: 3.64,Mad Scientist,Málna
beer kind: Pale Ale - Milkshake |description: Tart from the fruit and sweet from the lactose with a hint of vanilla. |ABV: 4.1 |IBU: N/A |rating: 3.63,HORIZONT Brewing,Selfish Games Passion Fruit Milkshake Pale Ale
"beer kind: Pale Ale - Milkshake |description: Epres milkshake pale ale, a szeretet hivatalos itala! |ABV: 5.6 |IBU: 10 |rating: 3.6",Hara’Punk Brewing,Liquid Love
"beer kind: Pale Ale - Milkshake |description: Immense passion fruit flavor surrounded by a creamy milkshake pale ale.Maracuja bomba egy kellemesen krémes, lágy sörbe csomagolva. |ABV: 4.1 |IBU: 18 |rating: 3.57",HORIZONT Brewing,Passion Flick
"beer kind: Pale Ale - Milkshake |description: This is how we like our cheesecake, with delicious strawberry from France, a lot of lactose, vanilla, cinnamon and professionally made actual Graham Crackers  made in the Németh Cukrászda in Hungary. |ABV: 6.2 |IBU: N/A |rating: 3.56",HORIZONT Brewing,Selfish Games Strawberry Cheesecake Pale Ale
"beer kind: Pale Ale - Milkshake |description: Ha már a Night at the Seaside tonkababos-mandarinos ízvilága ennyire tetszett, úgy voltunk vele, hogy kipróbáljuk ugyanezt pepitában: megnézzük, a komlózáshoz kiválóan passzoló mandarinos-citrusos-fűszeres ízvilág mit hoz ki egy Milkshake Pale Ale-ből. Nem csalódtunk. |ABV: 5.5 |IBU: 34 |rating: 3.56",FIRST Craft Beer,Morning At The Seaside
beer kind: Pale Ale - Milkshake |description: Kókusz és ananász teszi lehetővé a függőség új szintjét. |ABV: 5.7 |IBU: N/A |rating: 3.53,Fehér Nyúl,Pineapple Express
"beer kind: Pale Ale - Milkshake |description: A Kappa.19 egy kinézetben NEIPA-ra emlékeztető ale laktózzal, ananásszal, kókusszal és egy leheletnyi fehér rummal készült. Nem savanyú, nem ragadós, hanem tényleg sör – csak épp közben elhozza a trópusok ízét. Egy frissítő, a laktóznak köszönhetően extrán krémes, mégis letisztult tétel, amely látszatra koktél, de kortyolva egyértelműen sör marad. És nem is akármilyen. |ABV: 5.6 |IBU: 42 |rating: 3.47",Szent András Sörfőzde,TesztAndrás Kappa.19
"beer kind: Pale Ale - Milkshake |description: Strawberry Milkshake Pale Ale as a sequel of our signature MANGO BAY Mango Milkshake Pale Ale2023's first batch was 5,8%, 2026's fresh batch is 5,2% |ABV: 5.2 |IBU: N/A |rating: 3.36",Mad Scientist,Strawberry Bay
"beer kind: Pale Ale - New England / Hazy |description: A klasszikus American Pale Ale típusú sörünk Riwaka, Citra és Simcoe komlóval. Ezúttal Nelson Sauvin komló is került bele hidegkomlózáskor.Frissítő, könnyen iható, kellemesen keserű. |ABV: 5.5 |IBU: N/A |rating: 3.85",Brew Your Mind,Yellow Haze - Nelson Sauvin
beer kind: Pale Ale - New England / Hazy |description: Our flagship NE inspired APA with Simcoe and Citra and Riwaka hops. Easy-drinking and refreshing. Aroma of tropical fruits and a nice mellow bitterness. |ABV: 5.5 |IBU: N/A |rating: 3.82,Brew Your Mind,Yellow Haze
"beer kind: Pale Ale - New England / Hazy |description: Collaboration with Hungarian metal band Omega Diatribe.Brewed with Citra, Mosaic and Riwaka hops. |ABV: 5.5 |IBU: N/A |rating: 3.79",InVitro Brewing,Hop Prophet
"beer kind: Pale Ale - New England / Hazy |description: Summer beer brewed with oat flakes and a fair amount of American hops. (Amarillo, Citra, Mosaic) |ABV: 5.5 |IBU: N/A |rating: 3.78",InVitro Brewing,Microdose
beer kind: Pale Ale - New England / Hazy |description: New England inspired APA |ABV: 4.4 |IBU: 35 |rating: 3.75,HORIZONT Brewing,Pilot Series #2 - New England APA
"beer kind: Pale Ale - New England / Hazy |description: WELCOME TO SPECTRUM!VÉGÉHEZ ÉRT A NYÁR ÉS VELE EGYÜTT AZ ÖRÜLT PARTIK IDEJE IS LEJÁRT. VAGY MÉGSEM? MI MINDENESETRE PRÓBÁLUNK POZITÍAK MARADNI ÉS INKÁBB EGYÜTT VAJBOLNI A TERMÉSZETTEL BIZONYÁRA IGY GONDOLTÁK A LALLEMAND-NAL IS, AMIKOR MEGALKOTTÁK POMONA (A GYÜMÖLCSFÁK ISTENNŐJE NÉVRE KERESZTELT ÉLESZTŐJÜKET. SZERINTÜNK CSODÁS LIME, BARACK ÉS ANANÁSZ ÍZEKKEL DOBJA MEG EZT AZ AMÚGY IS JUICY NEIPÁT.____SUMMER HAS ENDED AND THE TIME OF CRAZY PARTIES HAS ENDED WITH IT, OR NOT? HOWEVER, WE TRY TO STAY POSITIVE AND PREFER TO VIBE WITH NATURE LALLEMAND PROBABLY THINK THE SAME WHEN THEY CREATED TED THEIR YEAST NAMED POMONA (GODDESS OF FRUIT TREES). WE THINK IT GIVES A WONDERFUL LIME, PEACH AND PINEAPPLE FLAVOUR TO THIS JUICY NEIPA |ABV: 5.6 |IBU: N/A |rating: 3.75",UGAR Brewery,Spectrum Series - Where's Your Goddess Now?
beer kind: Pale Ale - New England / Hazy |description:  |ABV: 6.2 |IBU: N/A |rating: 3.72,UGAR Brewery,Trailer #013 - Sessionable
"beer kind: Pale Ale - New England / Hazy |description: Super fresh grapfruite attack, also sessionable as hell! Simcoe, Kohatu and Mosaic hops. // Támad a grapefruit! Új, abszolút ""vedelhető"" new england pale ale a Pilot sorozatban. Simcoe, Kohatu és Mosaic komlókkal.  |ABV: 5.5 |IBU: 32 |rating: 3.69",HORIZONT Brewing,Pilot Series #18 - New England Pale Ale
beer kind: Pale Ale - New England / Hazy |description: Purple Basil DDH PALE ALE in collaboration with Pink Boots Society using Yakima Chief's Pink Boots BlendA sequel of last year's MEAN GIRLS Pink Peppercorn Glow New England Pale Ale in collaboration with our friends at G.L.O.W. (DK) Global Ladies Of Wort aka Gangsta Ladies Of Wort to break stigmas surrounding women in the beer industry |ABV: 6.1 |IBU: N/A |rating: 3.68,Mad Scientist,Mean Girls 2
beer kind: Pale Ale - New England / Hazy |description:  |ABV: 5.3 |IBU: N/A |rating: 3.68,Hajnali Sörfőzők,I am pALE
"beer kind: Pale Ale - New England / Hazy |description: Double Dryhoppel Pale Ale with Amarillo, Citra and Nelson Sauvin hops |ABV: 5.3 |IBU: N/A |rating: 3.68",Mad Scientist,Vanguard
beer kind: Pale Ale - New England / Hazy |description: Pink Peppercorn Glow New England Pale Ale in collaboration with our friends at G.L.O.W. (DK) Global Ladies Of Wort aka Gangsta Ladies Of Wort to break stigmas surrounding women in the beer industry |ABV: 5.5 |IBU: N/A |rating: 3.67,Mad Scientist,Mean Girls
"beer kind: Pale Ale - New England / Hazy |description: A durva IPA-któl egy lépéssel hátrébb helyezkedik el keserűségben, viszont hozza az ízbéli gyümölcsös karaktereket. Szokatlan, és egyben különleges eljárással készül, ami nem a spórolásról szól. Úgy nevezett „Hop Tea” technikát alkalmaztunk. Ami lényegében azt jelenti, hogy a hozzáadott komlókat 82°C-on 30 percig vízben áztatjuk. Ettől a keserűség nem válik ki, viszont az aromák nagyon is. Adtunk neki hidegen is ugyanazon komlókból, a teljes összképért. A tökéletességhez pedig New England élesztőt használtunk, ami még jobban kiemeli az ízeket. Atom! |ABV: 5.6 |IBU: 45 |rating: 3.67",Kecskeméti Sörmanufaktúra,NEAPA
"beer kind: Pale Ale - New England / Hazy |description: Saaz, Idaho 7, CYH303 (Phantasm), Citra, Cashmere & SabroHatféle komlóval készült - ezeket szétbontottuk a forraló, whirlpool és hidegkomlózós szakaszokra, így mindegyik a lehető legoptimálisabb időpontban került a főzetbe, hogy a lehető legintenzívebb ízeket adja.  |ABV: 5.2 |IBU: 38 |rating: 3.66",FIRST Craft Beer,Ikaros
beer kind: Pale Ale - New England / Hazy |description:  |ABV: 4.8 |IBU: N/A |rating: 3.61,Vandal Brewing,Hazy Ozeki
"beer kind: Pale Ale - New England / Hazy |description: INFINITY - NE PALE ALEAn easy-drinking New England-style pale ale with citrus notes and fruity flavours. Unfiltered, hazy beer to accompany those endless summer nights.Egy könnyű ivású pale ale, amelyet a new england stílusának megfelelően citrusos illat és gyümölcsös ízvilág határoz meg. Szűretlen, opálos megjelenésű sör, melyet véget nem érő nyári éjszakák kísérőjének ajánlunk. |ABV: 5.0 |IBU: 29 |rating: 3.6",Uradalmi Brewery,Infinity
"beer kind: Pale Ale - New England / Hazy |description: Reincarnation of our Pilot Series #2, New England APA  with a small twist.  |ABV: 5.5 |IBU: N/A |rating: 3.58",HORIZONT Brewing,Selfish Games New England APA Citra & Azacca
beer kind: Pale Ale - New England / Hazy |description: HOUSE OF THE DRAGON Green & Hazy New England Pale Ale |ABV: 6.3 |IBU: N/A |rating: 3.54,Mad Scientist,The Green Council
"beer kind: Pale Ale - New England / Hazy |description: A szezon mit kíván meg? Az őszi lágy napsugarakon érkező sörhullámokat, amik csipkebogyókat dobálnak a hátukon. Számunkra ez jelenti az őszvárást, a nyárnak búcsút mondva. Ez az újhullámos Rosehipster. What does the season call for? Waves of beers in the soft autumn sunshine, tossing rosehips on their backs. For us, it's the anticipation of autumn, saying goodbye to summer.  It's the new wave Rosehipster."" |ABV: 5.0 |IBU: 12 |rating: 3.52",Fehér Nyúl,Rosehipster
beer kind: Pale Ale - New England / Hazy |description: Hazy Belgian Session Pale Ale |ABV: 5.3 |IBU: N/A |rating: 3.47,Mad Scientist,Trashman
beer kind: Pale Ale - New England / Hazy |description: DDH PALE ALE with rosehips and hibiscus in collaboration with Pink Boots Society using Yakima Chief's Pink Boots BlendA sequel of 2021's MEAN GIRLS Pink Peppercorn Glow New England Pale Ale and 2022's MEAN GIRLS 2 Purple Basil DDH PALE ALE in collaboration with our friends at G.L.O.W. (DK) Global Ladies Of Wort aka Gangsta Ladies Of Wort to break stigmas surrounding women in the beer industry  |ABV: 5.1 |IBU: N/A |rating: 3.46,Mad Scientist,Mean Girls 3
"beer kind: Pale Ale - New Zealand |description: Legújabb sörünket az Új-Zélandról is látható sarki fény és a lélegzetelállító táj szépsége ihlette. A Nebulához kizárólag különleges új-zélandi komlókat használtunk: A Waimea, Motueka és Kohatu komlók egyedülálló ízvilágot kölcsönöznek ennek a gyönyörű, szalmasárga sörnek,  kiegyensúlyozott, de határozott keserűség mellett. Ködös, mint a csillagköd, íze pedig a zöldellő tájat és természet gazdagságát tükrözi fenyős, füves, citrusos jegyeivel.---Our newest beer was inspired by the breathtaking landscapes of New Zealand and it's magnificent southern lights. We used hops grown only in New Zealand: Waimea, Motueka and Kohatu. These unique hops create a well balanced but distinct aromatic bitterness. Hazy as the milky way and savors the richness of nature, with it’s piney, earthy and citrusy character. |ABV: 5.7 |IBU: 33 |rating: 3.57",SIMA brewing,Nebula
"beer kind: Pale Ale - New Zealand |description: The White Tree is the symbol of Gondor, representing the strength and renewal of the realm in a refreshing yet crushable pale ale. |ABV: 5.2 |IBU: N/A |rating: 3.56",Mad Scientist,LOTR - White Tree Pale
"beer kind: Pale Ale - Other |description: Szexi ködösség, csodás szín, zabolátlat ízvilág. Ez az Untamed Haze, az első Raw Hazy IPA-nk, Pál Vince sörfőzőnk ötlete alapján. A zamatos, új-zélandi ízvilág a Nelson Sauvin, Motueka ésCitra komlóknak köszönhető, gyümis, nagyon selymes és nagyon finom. Sexy haze, stunning color, untamed flavor. This is Untamed Haze, our first Raw Hazy IPA, inspired by brewer Vince Pál’s idea.The juicy New Zealand flavor profile comes from Nelson Sauvin, Motueka, and Citra hops—fruity, super smooth, and absolutely delicious. |ABV: 6.0 |IBU: N/A |rating: 3.75",HORIZONT Brewing,Selfish Games Untamed Haze
"beer kind: Pale Ale - Other |description: A 2021-es recept felújítva.WingsNew World Pale AleColumbus, Mosaic, El DoradoA jó idő közeledtével egy ivósabb, szabadabb tétel volt a cél. A jelenlegi helyzetben a ""szabadság"" extra értelmet nyer, innen jött az egész ötlet kivitelezésben és megjelenésben. A receptben megálmodott citrus, trópusi gyümölcs aromák illatban és ízben is szerepelni tudnak.  |ABV: 5.8 |IBU: N/A |rating: 3.73",Brewing Vibes Brewery,Wings
"beer kind: Pale Ale - Other |description: It is our Pale Ale. Unfiltered and heavily dry-hopped with hops not growing in the US. Fermented with an ""experimental"" yeast and an old school IPA water profile. It has a pillowy mouthfeel and it comes with elegant notes of grapes and white wine. It is certainly one of the most interesting combination of ingredients that we used so far.  |ABV: 5.7 |IBU: N/A |rating: 3.67",Brew Your Mind,Foreign Land
"beer kind: Pale Ale - Other |description: This pale ale is like the settings of the HM-2 distortion pedal. It's always changes until we find the perfect settings. Pale ale with Hallertau Blanc, Mandarina Bavaria and Mosaic hops. Recommended music: Oldschool Scandinavian Death Metal. |ABV: 5.0 |IBU: N/A |rating: 3.6",InVitro Brewing,H-2M
"beer kind: Pale Ale - Other |description: Pale Ale with Callista and Mandarina Bavaria hops and tangerine peels. Selected from the very best of Germany's harvest, it's made with Callista and Mandarina Bavaria hops, which add grassy and fruity aromas and strong hoppy character to the beer, while sweet orange peel enhances the citrusy flavors. Az ausztrál és új-zélandi komlós sörünk után a sorozatunk elérkezett a német komlókhoz. Németországban kiváló komlók teremnek, de úgy gondoltuk, hogy egy kicsit felturbózásra szorulnak, így kapott egy jó adag mandarint és egy kis édes narancshéjat. A cél az volt, hogy a sör tükrözze a német komlók ízvilágát, de mégis egy különlegesebb, nyári frissítő gyümölcsös Pale Ale legyen.Felhasznált komlók: Callista, Mandarina Bavaria |ABV: 5.8 |IBU: N/A |rating: 3.55",HopTop Brewery,The Most Beautiful Tangerine
"beer kind: Pale Ale - Other |description: Egy remek kis Pastry Ale, amit piskótával és málnával dobtunk fel. Az angol Victoria Sponge Cake, azaz egy gyümölcslekvárral töltött piskótatorta alapján készült. A nice Pastry Ale that we spiced up with some sponge cake and raspberry. Inspired by the British Victoria Sponge Cake.  |ABV: 4.6 |IBU: N/A |rating: 3.52",HORIZONT Brewing,Selfish Games - Wicked Secret
"beer kind: Pale Ale - Other |description: ""GET OVER HERE!"" - bursting fruitiness on the opening, smooth and silky all the way through, with chili hitting in right before the end for one last combo before the final gong!SCORPION is an easy-drinking mango-chili pale ale that knows exactly when and where to strike.A serious beer experience and flawless fun at the same time! |ABV: 5.0 |IBU: N/A |rating: 3.48",Mad Scientist,Mortal Kombat - SCORPION
"beer kind: Pale Ale - Other |description: A mákos gubát szereted? És a tortát? Akkor a Mákos Guba Torta is tetszeni fog!Pláne, ha valaki megcsinálná sörben! Jelentjük, megcsináltuk ezt a pastry ale stílusú desszert sört, melyből nem sajnáltuk a mákot és a vaníliát sem!Cheers! |ABV: 7.0 |IBU: N/A |rating: 3.46",Fraktaal Brewing,Mákos Guba Torta
"beer kind: Pale Ale - Other |description: Oats ain’t just for breakfast anymore, they’re for pale ale excellence too. The high oil content of oats lend a creamy chewiness to the mouthfeel of this beer. Equinox hops take center stage with their elegant complexity of citrus, tropical fruit, and herbal character; you tell us what you pick up. |ABV: 5.7 |IBU: 45 |rating: 3.44",Hedon,The Break Fast Beer
beer kind: Pale Ale - Other |description:  |ABV: 4.7 |IBU: 21 |rating: 3.31,Pécsi Sörfőzde,Pécsi Bio Pale Ale
beer kind: Pale Ale - Other |description:  |ABV: 4.5 |IBU: N/A |rating: 3.22,Anna Cafe,Anna
beer kind: Pale Ale - Other |description:  |ABV: 4.4 |IBU: N/A |rating: 3.05,The Beertailor,Beerka Low Ale
"beer kind: Pale Ale - Other |description: Kazbek, Citra és Chinook komlókkal. |ABV: 4.8 |IBU: 20 |rating: 3.01",Dreher Sörgyárak,Dreher Pale Ale
"beer kind: Pale Ale - XPA (Extra Pale) |description: XPA brewed with Nelson Sauvin, Krush, Wai-iti and Pacific Sunrise hops, our next take on the XPA style, this time in collaboration with our Serbian friends, Docker |ABV: 4.4 |IBU: N/A |rating: 3.67",Mad Scientist,Compound X
"beer kind: Pale Ale - XPA (Extra Pale) |description: Strata, Cascade, Amarillo & Idaho XPA with our friends Frontaal from the Netherlands |ABV: 4.6 |IBU: N/A |rating: 3.6",Mad Scientist,Xophisticated
"beer kind: Pale Ale - XPA (Extra Pale) |description: Still dangerous. Dangerously drinkable! That’s how we roll. The XPA version of our bestseller DIPA carries the same attitude in a crisp, easy-drinking form. Let’s celebrate Liquid Cocaine Day on the 18th of November together with this special one-off! |ABV: 4.5 |IBU: N/A |rating: 3.6",Mad Scientist,Liquid Xocaine
"beer kind: Pilsner - American |description: Amerikai és Magyarországon (Tamásiban) termelt komlóval főzve, majd Peacharine-nel hidegkomlózva. Természetesen szénsavasított, szűretlen ital. |ABV: 5.2 |IBU: N/A |rating: 3.74",Brew Your Mind,West Coast Pils
"beer kind: Pilsner - American |description: Az 1100. főzetünk mérföldkő, és nem is akartuk félvállról venni.Áron sörfőzőnk ötlete nyomán a Herr Lager alapjaira építettünk, de a Gentle Bastard helyett most egy régi kedvenc komlóprofilt hívtunk vissza a Selfish Games 022 West Coast IPA-ból.Ahtanum, Citra és Simcoe komlók hozzák a west coast érzést: citrus, fenyő, enyhe gyantásság és ropogós száraz kortyérzet. Egy tiszta, keserű, mégis könnyen iható west coast pils, amit a Journey 1000 hagyott maga után – most 4,5%-on, frissítő kiadásban.-Our 1100th brew is a milestone we didn’t want to take lightly.Inspired by brewer Áron’s idea, we built it on the base of Herr Lager, but instead of Gentle Bastard we brought back a memorable hop profile from our Selfish Games 022 West Coast IPA.Ahtanum, Citra and Simcoe deliver that classic West Coast vibe: citrus, pine, a touch of resin and a crisp, dry finish. A clean, bitter yet highly drinkable West Coast Pils that follows the path of Journey 1000 – now in a refreshing 4.5% edition. |ABV: 4.5 |IBU: N/A |rating: 3.66",HORIZONT Brewing,Journey 1100
"beer kind: Pilsner - American |description: Ez a West Coast stílusú pilsner a tudomány és a kraft sörfőzés találkozása – a From the Hop széria első tagja. Újhullámos Styrian komlók adják a virágos-fűszeres aromát a karakteres pilsner alaphoz.This West Coast-style pilsner simultaneously celebrates the depth of science and the creativity of craft brewing — not to mention, it's the debut member of our 'From the Hop' series. We've used new-wave Styrian Cardinal and Styrian Dragon hops to bring the signature West Coast character, delivering floral and spicy aroma notes. We find these to be a perfect complement to a solid pilsner base. |ABV: 4.5 |IBU: N/A |rating: 3.58",Fehér Nyúl,Enjoy the Science
"beer kind: Pilsner - Czech / Bohemian |description: A kanadai Category12 Brewing-gal készített pilseni típusú lagerünk a stílushoz méltón pilsen malátából, Saaz komlóval, dupla dekoktálással készült, melyet három hónapig ászkoltunk. Az eredmény egy tükrös, aranyló pilseni, gyönyörű ízvilággal. Brewed in collaboration with Category12 Brewing, Frau Lager is a beautiful, golden, mirror-like pilsner. Made with pilsen malts, Saaz hops, it goes back to the roots of brewing.   |ABV: 5.3 |IBU: N/A |rating: 3.6",HORIZONT Brewing,Selfish Games - Frau Lager
"beer kind: Pilsner - Czech / Bohemian |description: Dekokciós cefrézés, Saaz komló és szakértelem: a klasszikus pilzeni ismérvei.Decoction mash, Saaz hops and craftsmanship: criteria for a classic pils. |ABV: 4.5 |IBU: 38 |rating: 3.58",Fehér Nyúl,Hraballion
beer kind: Pilsner - Czech / Bohemian |description:  |ABV: 4.4 |IBU: 32 |rating: 3.56,Plan B by Unity,LÁGER
"beer kind: Pilsner - Czech / Bohemian |description: First brewed in 2025 as BOHEMIAN MADNESS, brought back again for 2026 to celebrate 10 years of Mad Scientist!Guided by the expertise and inspired by the rich tradition of the Czech Republic’s iconic lager heritage, we rebrewed this beer for our 10th anniversary as BOHEMIAN MADNESS 2026 EDT in collaboration with our friend Radim Zvánovec, Ambassador to the Republic of Lager.The recipe remains unchanged, with one subtle evolution: this time, we chose Saaz Brilliant and Saaz Shine. |ABV: 4.9 |IBU: N/A |rating: 3.55",Mad Scientist,Bohemian Madness 2026 EDT
"beer kind: Pilsner - Czech / Bohemian |description: A ZealBrewing Minden Világos megalkotásával egy kis Csehországot csempésztünk a mindennapokba. A bőségesen adagolt Saaz komlónak köszönhető friss, komlós illat, a hosszantartó, lágy malátaaroma ismerős mindenkinek, aki szereti a cseh söröket.Igazi ivósör, kóstold meg te is még ma! |ABV: 4.7 |IBU: 29 |rating: 3.53",ZealBrewing,Minden világos!
"beer kind: Pilsner - Czech / Bohemian |description: Guided by the expertise and inspired by the rich tradition of the Czech Republic's iconic national brewery, a collaboration with our friend Radim Zvánovec, Ambassador to the Republic of LagerABV: 4,9%Plato: 12,55°IBU: 28,8EBC: 6,2 |ABV: 4.9 |IBU: N/A |rating: 3.53",Mad Scientist,Bohemian Madness
"beer kind: Pilsner - Czech / Bohemian |description: Kollaboráció a cseh Mazák sörfőzdével. Egy tradicionális cseh lager, Agnus és Saturn komlókkal, melyek csak a cseh piacon érhetők el. Roppanó kortyérzet, kellemes, komlós ízjegyek. Collaboration with the Czech Mazák Brewery. A traditional Czech lager with Agnus and Saturn hops, which are only available on the Czech market. Crisp mouthfeel with pleasant, hoppy flavor notes. |ABV: 4.0 |IBU: N/A |rating: 3.53",HORIZONT Brewing,Selfish Games - CzechMate
beer kind: Pilsner - Czech / Bohemian |description:  |ABV: 5.0 |IBU: N/A |rating: 3.51,Apátúr Sörház és Tanműhely,Novícius
beer kind: Pilsner - Czech / Bohemian |description: We went back to the late 19th century to import a traditional pilsener for Krak’n’s pirates. It’s brewed in Czech and follow’s the original way to give full body with deep opal color. The tricks are the unfiltered technology and the extra wheat malt. |ABV: 5.0 |IBU: 15 |rating: 3.5,Krak'n Town,Krak'n Pils
"beer kind: Pilsner - Czech / Bohemian |description: Az Etalon egyszerre tisztelgés a tradíciók előtt, de útmutatás is a hazai kisüzemi sörfőzdéknek – amennyiben már unalmasak a kapros, dinnyés, gumimacis kísérletek és végre csak egy szimplán jó sört kóstolnánk. A kellemes keserűséget és a sör gerincét a malátás jegyek mellett a Kazbek és a Preminant komlók fűszeresebb aromái adják, melyhez alacsony alkoholtartalom (4,2%) és lágy kortyérzet párosul. |ABV: 4.2 |IBU: 27 |rating: 3.47",Szent András Sörfőzde,Etalon
beer kind: Pilsner - Czech / Bohemian |description:  |ABV: 5.5 |IBU: 20 |rating: 3.47,Pécsi Sörfőzde,Pécsi Tavaszi Sör
beer kind: Pilsner - Czech / Bohemian |description:  |ABV: 4.4 |IBU: 35 |rating: 3.45,BAZ Beer,Lager
"beer kind: Pilsner - Czech / Bohemian |description: Classic light Pilsener beer. Its color is very different from the German-style lager beers, as bright pale yellow color due to the typical procedure decoction real golden yellow, in contrast to the typical lager beers.Juicy, fragrant, balanced. Unfiltered , unpasteurized. |ABV: 4.8 |IBU: 40 |rating: 3.44",Kecskeméti Sörmanufaktúra,Kecskeméti PILS12
"beer kind: Pilsner - Czech / Bohemian |description: Az Olimpiára új köntösbe bújtattuk a Pils sörünket, hogy együtt szurkolhassunk egy könnyen iható és frissítő tradicionális pilzeni sörrel a kezünkben. Hajrá!For the Olympics, we've dressed up our Pils beer in a new guise so we can cheer together with an easy-drinking and refreshing traditional Pils beer in our hands.  |ABV: 5.0 |IBU: 12 |rating: 3.44",Fehér Nyúl,Hajrá Magyarok
"beer kind: Pilsner - Czech / Bohemian |description: A Szent András Sörfőzde egyik zászlóshajójának számító Ogre markánsan komlózott pilzeni sörélményt garantál, amelyhez határozott alkoholtartalom és izgalmas aroma párosul. Így született meg a tradicionális, cseh ivósör jellegű mestermunka. Nevét az ötletindítóról, Marosvári „Ogre” Lászlóról, az ország egyik leghíresebb sörszakértőjéről kapta, aki azóta márkasörözőnk, az Ogre bácsi Söröző szakértő vezetője is egyben.Ogre is considered as the flagship of Szent András Brewery, it offers a characteristic impression, rich in hops and Pilsen malt combined with a significant ABV rate. The Ogre was created at Marosvári „Ogre” László’s desire, who is for sure one of the greatest beer enthusiasts in our country and also he is the head of our brand pub named Ogre bácsi from the beginings. This pleasant Czech alike beer was a gap filler on the domestic market, thus it became popular rapidly. |ABV: 5.6 |IBU: 33 |rating: 3.41",Szent András Sörfőzde,Ogre
"beer kind: Pilsner - Czech / Bohemian |description: Könnyen iható, közepesen száraz, rendkívül aromatikus világos lager, a tradicionális ízek kedvelőinek! Saaz komlóval főztük, hát mi mással?Easy to drink, medium-dry, and exceptionally aromatic lager — made for fans of traditional flavours! Brewed with Saaz hops, what else? |ABV: 5.0 |IBU: N/A |rating: 3.41",Fehér Nyúl,Pils
beer kind: Pilsner - Czech / Bohemian |description: Limited edition |ABV: 4.6 |IBU: N/A |rating: 3.39,Dreher Sörgyárak,Kozel Első Komlós
beer kind: Pilsner - Czech / Bohemian |description: Double decocted czech style pilsner beer. OG: 12B |ABV: 4.5 |IBU: 40 |rating: 3.38,HopTop Brewery,Pils 12•
"beer kind: Pilsner - Czech / Bohemian |description: ""A jó katona járandóságából sohasem hiányozhatott a jó sör.""(I. Frigyes porosz király)Ezzel Svejk, a derék katona is bizonyosan egyetértene! Sőt mi is, ezért nem hiányozhat kínálatunkból egy egyszerű, de nagyszerű jó ivósör a hétköznapokra. Bohémia lankás tájairól származik az az árpa és komló, mellyel ezt a tradicionális Pilzenit elkészítettük. Alapját a Bohemian Pilsner maláta adja, melyet világos kristálymalátával tettünk testesebbé, és ez adja a sörünk meleg aranysárga színét. A kerek, de hangsúlyos komlóízt a tradicionális Perle és Saaz komlózás biztosítja.A maláta és a komló csendes harmóniája még a poharad kihörpintése után is hosszan veled marad. Összetevők: Ivóvíz, Bohemian Pilsner és kristálymaláta, Perle és Saaz komlók, sörélesztő |ABV: 4.5 |IBU: 35 |rating: 3.35",Etyeki Sörmanufaktúra,Bohém Pilzeni
beer kind: Pilsner - Czech / Bohemian |description:  |ABV: 4.8 |IBU: N/A |rating: 3.32,hübris,sür
"beer kind: Pilsner - Czech / Bohemian |description: A cseh kézműves sörfőzdék egyesületének elnökének titkos receptje alapján, tradicionális cseh eljárással, hosszan erjesztett, kevesek számára hozzáférhető pilseni alapanyagok felhasználásával készült zamatos sör, tartós habkoronával. Már az első korty után érezni fogod, hogy ilyen izgalmas világos sört még nem ittál. |ABV: 4.5 |IBU: 21 |rating: 3.27",FIRST Craft Beer,Pilsner
"beer kind: Pilsner - Czech / Bohemian |description: Klasszikus cseh pilseni típusú sör, alacsony alkoholtartalommal, amiből jó pár pohárral le lehet gurítani tikkasztó hőségben és csípős hidegben egyaránt. Nagyon kerek, tiszta és ropogós a kortyérzet, a kenyeres, malátás jegyek és a cseh Saaz nemeskomló balanszáról szól ez a sör, kellemes keserűséggel a korty végén.Kóstolj bele a felfrissített, klasszikus pilseni világosunkba most még több krafttal és még csinosabb csomagolással!A MONYO Pils a 2024-es Central European Brewers Conference-n elnyerte a legjobb Lager-nek járó, Gold Medal díjat! |ABV: 4.5 |IBU: N/A |rating: 3.26",MONYO Brewing Co.,Pils
beer kind: Pilsner - Czech / Bohemian |description:  |ABV: 4.5 |IBU: 36 |rating: 3.22,Balatonszentgyörgyi Sörműhely,Pils
beer kind: Pilsner - Czech / Bohemian |description:  |ABV: 5.0 |IBU: N/A |rating: 3.2,The Beertailor,Pilsner
beer kind: Pilsner - Czech / Bohemian |description:  |ABV: 4.5 |IBU: N/A |rating: 3.2,Grape-Vine Kft. (Kézműves Sör),Cseh Típusú Pils
beer kind: Pilsner - Czech / Bohemian |description:  |ABV: 4.7 |IBU: 18 |rating: 3.13,Pécsi Sörfőzde,Pécsi Prémium Szűretlen Pils
beer kind: Pilsner - Czech / Bohemian |description:  |ABV: 4.5 |IBU: N/A |rating: 3.02,Kunst Sörfőzde (Sör Plusz Kft.),Kunst Pilseni Lager
"beer kind: Pilsner - German |description: Német pilsner típusú lager sör Riwaka komlóval hidegkomlózvaA komló aromái (nem csak ebben a sörben) ""halványulnak"", ahogy a sör öregszik/érik, ezért érdemes frissen fogyasztani! |ABV: 4.9 |IBU: N/A |rating: 3.84",Brew Your Mind,German Pils FIVE
"beer kind: Pilsner - German |description: Klasszikus német pilsner típusú lager sör. Tiszta, kellemes, frissítő.  |ABV: 5.0 |IBU: N/A |rating: 3.69",Brew Your Mind,German Pils THREE
beer kind: Pilsner - German |description: Magyarországon (Tamásiban) termelt komlóval. Magyar sörbe magyar komlót!  |ABV: 4.3 |IBU: N/A |rating: 3.69,Brew Your Mind,German Pils FOUR
"beer kind: Pilsner - German |description: Királyka is a light and refreshing German Pilsner that strikes a perfect balance between the sweetness of the malt and the bitterness of the hops. Brewed with Saaz and Hallertau Hersbrücker hops, this beer has a clean, crisp taste and a subtle, floral aroma that's characteristic of the style.At 26 IBUs, the bitterness is moderate, allowing the delicate flavors of the hops and malt to shine through. This beer is easy-drinking and perfect for enjoying on a sunny day or as a refreshing pick-me-up after a long day.Overall, Királyka is a well-crafted German Pilsner that showcases the best qualities of the style. It's a beer that's sure to please both novice and experienced beer drinkers alike with its balanced flavor profile and crisp, clean finish. Cheers! |ABV: 5.5 |IBU: 26 |rating: 3.54",ŐriBird Sörfőzde,Királyka
"beer kind: Pilsner - German |description: A Kisüzem söre egyszerre ötvözi a klasszikus pilseni sörökre jellemző ropogós malátás karaktereket és a német komlók virágos aromáit. A száraz-édes egyensúly eléréséért a sört 65 C°-on lágy vízzel cefréztük, valamint 10 C°-on erjesztettük hagyományos – alsó erjesztésű - lager élesztőtörzzsel. Az összetevők gondos kiválasztásának és a legmodernebb főzdei körülményeknek köszönhetően a sör tiszta, könnyen iható, világos aranyszínű, hosszan tartó, fehér habkoronával, a német sörökre jellemző virágos illattal és könnyed frissítő keserűséggel rendelkezik. |ABV: 4.9 |IBU: 32 |rating: 3.5",Kisüzem,Premium Pilsner
"beer kind: Pilsner - German |description: A KLASSIK egy szűretlen német pilzeni típusú sör. A malátás és élesztős ízjegyek kerülnek előtérbe, amelyet a Tettnanger komló fűszerez teljessé, hogy megvalósuljon a harmónia. |ABV: 5.0 |IBU: 35 |rating: 3.47",KROIS Brewery,Klassik
beer kind: Pilsner - German |description:  |ABV: 5.0 |IBU: 24 |rating: 3.43,Vandal Brewing,Brunsvik
beer kind: Pilsner - German |description:  |ABV: 4.4 |IBU: N/A |rating: 3.43,Vaskakas Brewing,Győri Pils
beer kind: Pilsner - German |description:  |ABV: 4.5 |IBU: N/A |rating: 3.42,HBH Bajor Sörház Kazincbarcika,Szűretlen Világos Sör
beer kind: Pilsner - German |description:  |ABV: 5.0 |IBU: N/A |rating: 3.37,HBH Bajor Sörház Kazincbarcika,Szűrt Világos Sör
beer kind: Pilsner - German |description:  |ABV: 4.7 |IBU: N/A |rating: 3.36,Belatiny Sörmanufaktúra (Nyéki Sör),Nyéki Világos
"beer kind: Pilsner - German |description: Német pilseni stílusú láger sör, amely az újhullámos Polaris komló felhasználásával készült. |ABV: 5.0 |IBU: 25 |rating: 3.33",Guri Sörfőzde,Pils
beer kind: Pilsner - German |description:  |ABV: 4.5 |IBU: N/A |rating: 3.24,Fóti Kézműves Sörfőzde,Fóti Pils
"beer kind: Pilsner - German |description: Az Original Pils receptúráját vettük alapul, picit megváltoztattuk az összetevők arányát, és egy finom, sima, aranylóan gyöngyöző csodát kaptunk. Pils típusú sör, amelyben fenséges harmóniában vegyül a maláta édes íze az egyedi, „Stari” kombinációban kevert aromás és lágyan keserű komlók zamatával. Úgy döntöttünk, hogy ezt nem hagyhatjuk ki és kedvezünk a közepesen komlós jegyeket hordozó világos sör kedvelőinek! |ABV: 5.4 |IBU: N/A |rating: 3.21",Stari Sör,Premium Pils
beer kind: Pilsner - German |description:  |ABV: 4.5 |IBU: N/A |rating: 3.16,Bad Dogs Hungary,Puli Pils
"beer kind: Pilsner - Imperial / Double |description: 11g/liter friss amerikai komlóval, gazdag malátatesttel, klasszikus láger élesztővel és hidegérleléssel készült finomság a tavaszi napokra. |ABV: 9.0 |IBU: 75 |rating: 3.81",MadCat,Paranoid Spring
"beer kind: Pilsner - Imperial / Double |description: A Monarchista egy magas extrakttartalmú, erős komlózottsága miatt az imperial pilsnerek és a világos bakok átmentét képező sör. Gondosan válogatott alkotóelemeinek mindegyike az egykori Monarchia területéről származik.Monarchista is an Imperial-Pilsener craft beer, high in hops and alcohol and it marks a smooth transition between imperial pilsners and helles bocks. It’s made of carefully selected ingredients, all of which were produced in the territory of the former Austro-Hungarian Monarchy.  |ABV: 7.0 |IBU: 30 |rating: 3.44",Szent András Sörfőzde,Monarchista
"beer kind: Pilsner - Italian |description: Welcome to Spectrum! Oh, Italian pilsner! Nem titkoljuk tovább, hogy ezen a nyáron teljesen beleszerettünk ebbe a stílisba. Olyan egyszerű, de mègis magávalragadó. Semmi megfelelési kényszer és bonyoult dráma csak a tiszta, őszinte felfrissülés. Néha ki kell mászni a neipák tengeréből és napozni egy jót.  |ABV: 5.0 |IBU: N/A |rating: 3.69",UGAR Brewery,No Regretti!
"beer kind: Pilsner - Italian |description: Italian Pilsner //So this Italian Pilsner thing. Quite a clickbait title for a dry hopped lager right? But the style is really rooted somewhere in there. Crispy and pale Pilsner with moderate bitterness, full of floral, citrus, black tea notes from the generously added Saphir and Hersbrucker hops.//Szóval olasz stílusú Pilsner. Elég kattintásvadász cím egy hidegkomlózott lagernek, nem? Pedig a stílus gyökereit tényleg errefelé kell keresni. Ropogós és világos Pilsner visszafogott keserűséggel, tele a bátran adagolt Saphir és Hersbrucker komlók virágos, citrusos, fekete teás aromáival. |ABV: 4.9 |IBU: N/A |rating: 3.5",Dealbreaker,Clickbait
"beer kind: Pilsner - New Zealand |description: BPBW 2026 NEW ZEALAND VIENNA PILSNER""What if West Coast Pilsner was born in Vienna brewed with New Zealand hops, or in New Zealand with Vienna malt?""""Mégis milyen lenne a West Coast Pilsner, ha Bécsben születik meg új-zélandi komlókkal, vagy Új-Zélandon bécsi malátával?""Idei fesztiválsörünkkel nem is egyet, hanem legalább kettőt csavarunk egy szokásosan eleve hibrid stíluson. Mégis milyen lenne a West Coast Pilsner, ha Bécsben születik meg új-zélandi komlókkal, vagy Új-Zélandon bécsi malátával? Vagy sokkal inkább: Budapesten bécsi malátával, új-zélandi komlókkal és egy biotranszformációra képes lager élesztővel. A BPBW 2026 hivatalos sörében a Ball, a Hop Revolution, a Jet Can Studio, a Fermentis és a The Swaen segít utánajárni a kérdésnek.With this edition’s festival beer we tweak not one, but at least two on the knobs of an already hybrid style again. What if West Coast Pilsner was born in Vienna brewed with New Zealand hops, or in New Zealand with Vienna malt? But even more so: born in Budapest with Vienna malt, New Zealand hops and a biotransformation powerhouse lager yeast. Ball, Hop Revolution, Jet Can Studio, Fermentis and The Swaen help us find the answer in the official beer of BPBW 2026.Maláták / Malts: Vienna, Pilsner, ChitKomlók / Hops: Motueka, Nelson Sauvin, MoutereÉlesztő / Yeast: SafLager™ SH-45Főzde / Brewery: Mad Scientist |ABV: 5.5 |IBU: N/A |rating: 3.73",BPBW Budapest Beer Week,BPBW 2026
"beer kind: Pilsner - New Zealand |description: Riwaka Dry Hop Māori Pilsner.An unfiltered, old skool and drinkable double decoction Lager dry hopped with a pleasant amount of Riwaka hops. This is the second beer of the RARE series, which are keg only small batches.Also my first lager experiment.Born to chug, forced to piss.  |ABV: 4.8 |IBU: 30 |rating: 3.71",B*BOP FERMENTORY,TITO
"beer kind: Pilsner - New Zealand |description: New Zealand Pilshops: motueka, riwaka |ABV: 5.2 |IBU: N/A |rating: 3.65",UGAR Brewery,Spectrum - Special Guest
"beer kind: Pilsner - New Zealand |description: Polaris is back, crisper, brighter, and fruitier than ever!Renewed for 2025, the new Polaris takes everything you loved about our hop-forward lager and amplifies it: lighter body, extra dry-hop, and that bold NZ character turned all the way up. Expect enhanced notes of grapefruit,  passionfruit, and a whisper of rosemary over a smooth honey-cereal malt base.Many weeks of cold conditioning at near-freezing temperatures prepare Polaris for a double dose of New Zealand hops, providing a bold lime zest nose and round passionfruit aromatics that carry through to the crisp finish.Clean, hoppy, and refreshing – just what this summer needs. |ABV: 5.2 |IBU: 30 |rating: 3.64",Gravity Brewing,Polaris - DDH NZ Pils
"beer kind: Pilsner - New Zealand |description: Aranysárga, kristálytiszta megjelenése mellé egy olyan mennyei ízvilág társul, amit nem szabad kihagyni. A Nelson Sauvin-tól kellemesen fehérboros, a Riwakától pedig enyhén citrusos, gyümölcsös ízjegyeket kapott a sör.  With its golden, crystal-clear appearance comes a heavenly flavor profile that shouldn't be missed out on. From Nelson Sauvin, it gains pleasantly white wine-like notes, while from Riwaka, it receives mildly citrusy, fruity flavor characteristics. |ABV: 4.8 |IBU: N/A |rating: 3.64",HORIZONT Brewing,"Selfish Games - Twisted Fantasy (Nelson Sauvin, Riwaka)"
"beer kind: Pilsner - New Zealand |description: Figyelem, kollab érkezett! Ez a különleges sör a MONYO és az Analog Balaton közös kollabja, amelyben a zene és a kraft sör találkozik egy pohárban.Egy friss, világos pilseni, ahol a klasszikus lágerek letisztult teste találkozik az új-zélandi komlók különleges aromavilágával.  A Riwaka intenzív grapefruitos és trópusi jegyei, valamint a Wakatu lime-os, virágos karaktere üdítően friss, mégis elegánsan kiegyensúlyozott ízélményt adnak.Attention, a collab has arrived! This special beer is a joint collab between MONYO and Ana Balaton, language, music and craft beer meet in one glass.A fresh, light pilsner, where the clean body of classic lagers meets the special aroma of New Zealand hops. The intense grapefruit and tropical notes of Riwaka and the lime, floral character of Wakatu give a refreshingly fresh, yet elegantly balanced taste experience. |ABV: 4.2 |IBU: N/A |rating: 3.63",MONYO Brewing Co.,MONYO X analog balaton - Könnyű
"beer kind: Pilsner - New Zealand |description: (HU)A Kererū nem egy elírás. Nem csak egy madár. Nem csak egy szimbólum. A Kererū egy életérzés.Mármint szerintünk biztosan az - ez az új-zélandi óriás-gyümölcsgalamb ugyanis az a lelkes galamb, ami az izgalmas násztáncok, pontos fészeképítések és ügyes fán fel-leszaladgálások közepette azért csak bedob egy-egy túlérett, lepotyogott gyümölcsöt is, ezzel erősítve a kikapcsolódás, erjesztett italok és ellazulás iránti igény nem csak nemzet-, de fajok közöttiségét is!Legyél Te is Kererū, dönts le egy nagy dobozzal ebből a maximálisan frissre és gyümölcsösre komlózott, NZ Cascade, Motueka, Super Sauvin, Nelson Sauvin és Riwaka komlókkal degeszre tömött új-zélandi Pilsből. A sört az osztrák Vogelsang sörfőzdével közösen terveztük és valósítottuk meg - és minden perce megérte (hukk)!(EN)Not just a bird. Not just a symbol. Kererū is a way of life.Well, at least we certainly think it is - this New Zealand giant fruit pigeon, amidst its exciting courtship dances, precise nest building and skillful running up and down trees, from time to time also throws in an overripe, fallen fruit, thus making the need for fermented drinks and chilling out not just an International, but an interspecies experience!Be a Kererū too, and knock down a big can of this New Zealand Pils, hopped to the maximum freshness and fruityness, packed to the brim with NZ Cascade, Motueka, Super Sauvin, Nelson Sauvin and Riwaka hops. We designed and produced the beer together with the Austrian Vogelsang brewery |ABV: 5.5 |IBU: N/A |rating: 3.6",FIRST Craft Beer,Kererū
"beer kind: Pilsner - New Zealand |description: Állj meg egy pillanatra, élvezd a csendet, igyál egy könnyed sört. Mindenkire ráfér, hogy egyedül legyen a gondolataival, megtalálja önmagát és ellazuljon pár percre. Ez az Új-Zélandi Pilzeni segít ebben. A Pacific Jade, Riwaka, Wai-iti komlóhármas kellemesen megnyugtat, miközben dolgoztatja az ízlelő és szaglószerveidet. Pattints rá egyre és keresd meg magad ;) |ABV: 5.0 |IBU: 40 |rating: 3.58",Etyeki Sörmanufaktúra,Peace of Silence
"beer kind: Pilsner - Other |description: Az ezredik főzetünk Áron sörfőzőnk ötlete alapján a Gentle Bastard komlóprofilját és a Herr Lager malátaprofilját kapta meg. Különleges tétel, hiszen egyszerre komlós, mint egy West Coast IPA, de kellemesen malátás, mint egy Pilseni, de közben meg egyedi és hihetetlenül frissítő. Simcoe, Amarillo, Mosaic Cryo hidegoldalon, Hersbrucker meleg oldalon. Our 1000th brew was inspired by the idea of Áron, our brewer, combining the hop profile of Gentle Bastard with the malt profile of Herr Lager. It’s a special creation—hoppy like a West Coast IPA, pleasantly malty like a Pilsner, yet unique and incredibly refreshing. Simcoe, Amarillo, Mosaic Cryo on the cold side, and Hersbrucker on the hot side. |ABV: 4.6 |IBU: N/A |rating: 3.71",HORIZONT Brewing,Selfish Games Journey1000
"beer kind: Pilsner - Other |description: New wave pilsner style lager, made in collaboration with Sudden Death Brewing |ABV: 4.9 |IBU: N/A |rating: 3.69",Mad Scientist,Supergeil
"beer kind: Pilsner - Other |description: Lager alapra húzott, klasszikus West Coast IPA-vonal: Columbus komló adja a határozott, tiszta keserűgerincet, míg a Cascade komló és Chinook komló hozzák a stílus esszenciáját – fenyős, gyantás, enyhén citrusos aromákkal.Száraz, ropogós kortyérzet, markáns, de jól iható keserűséggel. -Lager-driven take on a classic West Coast IPA—but this isn’t our first meeting. More like picking up an old conversation where it left off.Columbus lays down a firm, clean bitter backbone you can build on. Cascade and Chinook bring the essence of the style: piney, resinous, with a touch of citrus—nothing flashy, just exactly where it needs to be.Dry, crisp mouthfeel with a pronounced yet highly drinkable bitterness.Familiar ground. Just dialed in sharper this time. |ABV: 4.5 |IBU: N/A |rating: 3.67",HORIZONT Brewing,Trip at the Brain
beer kind: Pilsner - Other |description:  |ABV: 4.5 |IBU: 25 |rating: 3.66,Zip's Brewhouse,Bohemian Bamba
"beer kind: Pilsner - Other |description: Dry hopped pils.Isti: Hidegkomlózzunk már végre úgy, egy lagert, hogy az is maradjon.János: A négyzetre emelt cseh lager. |ABV: 4.9 |IBU: 45 |rating: 3.64",Szent András Sörfőzde,TesztAndrás Gamma.07
"beer kind: Pilsner - Other |description: Régi tervünk vált valóra! Hosszas keresgélés, kisérletezés és fejlesztés után elkészítettük azt a sört, amelyhez lakóhelyünk nevét adjuk. Természetesen világos, természetesen láger, természetesen finom, mindennapi ivósör, tisztelegve a helyi hagyományok előtt. Single Hop East Coast Bohamian Pilsner, Mosaic komlóval. Miskolci, az élet Mosaic-ban! |ABV: 5.0 |IBU: 25 |rating: 3.63",Zip's Brewhouse,Miskolci Mosaic
"beer kind: Pilsner - Other |description: A Gamma.10/B, a klasszikus cseh pils, másnéven desítka/tízeske (ami itt a Balling-fokra utal) hidegkomlós, modernizált változata. Míg a hagyományos változat malátaközpontú, ez a sör inkább a cseh komlóról szól. A kellemes keserűséget és a sör gerincét a malátás jegyek mellett a Saaz és a Premiant komlók fűszeresebb aromái adják, melyhez alacsony alkoholtartalom és lágy kortyérzet párosul.Főzte: Mátyus Tamás, Balogh István |ABV: 4.2 |IBU: 25 |rating: 3.61",Szent András Sörfőzde,TesztAndrás Gamma.10/B
beer kind: Pilsner - Other |description: Dryhopped lager. |ABV: 4.7 |IBU: N/A |rating: 3.58,FIRST Craft Beer,Twisted Pils
beer kind: Pilsner - Other |description: Fake Your Pils /Fake Pils/ Golden Ale |ABV: 5.6 |IBU: 30 |rating: 3.55,UGAR Brewery,Fake Your Pils
"beer kind: Pilsner - Other |description: Betyárvilágra kacsintó pils, modern köntösben. Ropogós, tiszta, friss, 100% magyar alapanyagból: dunaújvárosi maláta, kastélyosdombói komló, budapesti élesztő, kőbányai víz.-A pils that nods to Hungary’s betyár outlaw folklore, dressed in a modern cut. Crisp, clean, and refreshing, made with 100% Hungarian ingredients: malt from Dunaújváros, hops from Kastélyosdombó, yeast from Budapest, and water from Kőbánya. |ABV: 4.6 |IBU: 12 |rating: 3.55",HORIZONT Brewing,Pannonian Outlaw
"beer kind: Pilsner - Other |description: A MONYO Sörfőző társaság bemutatja a kőbányai Culágert. Egy klasszikus aranyszínű Pilseni, amelyben a Pilsner maláta jellegzetes édeskés karakterét egészíti ki a típusra jellemző keserűség, amit a Mittelfrüh komlónak köszönhet. Ha elakadsz a melóval, csak hívd segítségül a Culágert! |ABV: 5.1 |IBU: 33 |rating: 3.55",MONYO Brewing Co.,Kőbányai Culáger
"beer kind: Pilsner - Other |description: ""YOU'RE FROZEN!"" - Clean and cool on the opening, with a crisp spruce tip character that keeps the fight under control all the way through, before a chilling twist lands late and makes it truly dangerous!SUB-ZERO is an easy-drinking spruce tips pils that knows exactly how to dominate without losing its cool: a beloved classic style brewed to craft perfection, and the most extreme lager we’ve ever made. |ABV: 5.0 |IBU: N/A |rating: 3.55",Mad Scientist,Mortal Kombat - SUB-ZERO
beer kind: Pilsner - Other |description:  |ABV: 5.5 |IBU: 31 |rating: 3.54,Superside Brewery,Westside
beer kind: Pilsner - Other |description: FEKETE ZAJ × MAD SCIENTIST dry hopped black pils |ABV: 5.0 |IBU: N/A |rating: 3.51,Mad Scientist,Mad In Black
beer kind: Pilsner - Other |description: 2024 version of FEKETE ZAJ × MAD SCIENTIST dry hopped black pils |ABV: 5.0 |IBU: N/A |rating: 3.49,Mad Scientist,Mad In Black 2024
"beer kind: Pilsner - Other |description: Minőségi világos pilzeni típusú sör.A szikrázóan mély, arany színű Maltman Bohemian Pilsener a kedvelt, 1842 óta főzött pilzeni típusú sör receptje szerint készül. Kellemesen malátás, mégis jellegzetesen keserű ízét a gondosan kiválasztott háromféle malátának (Pilzeni, Müncheni és Karamell), valamint a cseh Premiant és Saaz komlóknak köszönheti. Illatában a domináns kenyeres jegyek mellett maláta és üde, virágos komlóillat is felfedezhető. Harmonikus illatvilága, intenzív keserűsége és ropogós teste egyértelműen az izgalmas pilzeni típusú sörök közé emeli.Összetevők: víz, árpamaláta, komló, élesztő. |ABV: 4.9 |IBU: N/A |rating: 3.48",Maltman Craft Beer,Bohemian Pilsener
beer kind: Pilsner - Other |description: Unfiltered Pils with Calisto |ABV: 4.7 |IBU: 25 |rating: 3.47,Fóti Kézműves Sörfőzde,Bitang Joe
beer kind: Pilsner - Other |description:  |ABV: 5.0 |IBU: N/A |rating: 3.47,Szarvasi Kézműves Sörfőzde,Jaroslav Kutilek
beer kind: Pilsner - Other |description:  |ABV: 5.2 |IBU: 7 |rating: 3.46,Zentus Craft Beer,Zentus Premium
"beer kind: Pilsner - Other |description: A bencés szerzetesi hagyomány része a földműveskultúra művelése, amelyet Tihanyban, a Belső tó partján található Apátsági Majorságban folytatnak az itt élő szerzetesek és munkatársaik. Munkájuk gondosságának köszönhetően, a Tihanyi Bencés Apátság gyógynövény kertjéből származó citromfűvel felhasználásával készült sör minden kortyát áthatja az 1000 éves tradíció, biztosítva a minőségi élvezetet.//The Benedictine monastic culture is reaped in agricultural tradition, carried by the monks in the Abbey Majority (Apátsági Majorság). Thanks to their care, every sip of this beer, made with lemongrass from the herb garden of the Benedictine Abbey of Tihany, is steeped in 1000 years of tradition. |ABV: 5.0 |IBU: N/A |rating: 3.42",HopTop Brewery,Tihanyi Apátsági Pils Citromfűvel
beer kind: Pilsner - Other |description:  |ABV: 5.5 |IBU: N/A |rating: 3.41,Rizmajer Kézműves Sörfőzde,Pils of Simcoe
"beer kind: Pilsner - Other |description: Party Animal, a MONYO Land hivatalos kraft söre!Egy jó értelemben vett belépő sört akartunk alkotni: egy könnyű, de jól elkészített lagert, ami tökéletes választás mindazoknak, akik most teszik meg első lépéseiket a kisüzemi kézműves sörök birodalmába - de természetesen azok is szeretni fogják, akik már bent vannak a buliban. 4,5%-os pilsner, enyhén kesernyés, érthető, egyszerű, ivós sör, amiből nyugodt lélekkel és komoly következmények nélkül meg lehet inni jó párat egy forró nyári éjszakán - és észrevétlenül lehet tovább indulni az ipák, apák és porterek világába.---Here’s Party Animal, MONYO Land’s official beerWe wanted to create a gateway beer in a good sense: a light but well-made lager that’s a perfect choice for anyone who is now taking their first steps into the world of craft beers - but this will also be loved by those who are already in the game. 4.5% pilsner, with a nice bitter taste, a simple and easy to drink beer: you can have a few glasses with ease and without serious consequences on a hot summer night - and you can make the next move to the world of IPAs, APAs and Porters. |ABV: 4.5 |IBU: N/A |rating: 3.41",MONYO Brewing Co.,MONYO Lager
beer kind: Pilsner - Other |description:  |ABV: 4.7 |IBU: N/A |rating: 3.41,Élesztő Bar,Élesztő Pils
beer kind: Pilsner - Other |description:  |ABV: 4.5 |IBU: N/A |rating: 3.39,Pater Marcus Belga Apátsági Söröző és Étterem,Pater Marcus Pils
beer kind: Pilsner - Other |description: Easy drinking and tastes awesome |ABV: 5.0 |IBU: N/A |rating: 3.37,Yeast Wörks,Propaganda
"beer kind: Pilsner - Other |description: Főként pilseni malátából és belga maláták ideális keverékéből készített, tipikus házi jelleggel felruházott aranysárga színű, illatában és ízében kellemesen komlózott, kissé száraz, de zamatos 4,6% alkoholtartalmú karakteres sör. |ABV: 4.6 |IBU: N/A |rating: 3.35",Gyertyános Sörfőzde,Pils
beer kind: Pilsner - Other |description: Brewed for Jamie’s Italian Kitchen |ABV: 4.5 |IBU: N/A |rating: 3.34,Fóti Kézműves Sörfőzde,Spíler Pils
beer kind: Pilsner - Other |description:  |ABV: 5.0 |IBU: N/A |rating: 3.33,Zirci Apátsági Manufaktúra,Pils
beer kind: Pilsner - Other |description:  |ABV: 5.0 |IBU: 28 |rating: 3.3,Hedon,Balatonvilágosi
beer kind: Pilsner - Other |description:  |ABV: 5.0 |IBU: N/A |rating: 3.26,Szarvasi Kézműves Sörfőzde,Pilseni
beer kind: Pilsner - Other |description:  |ABV: 4.5 |IBU: N/A |rating: 3.14,Soproni Sörgyár (Heineken Hungária),Arany Hordó
beer kind: Pilsner - Other |description:  |ABV: 5.0 |IBU: N/A |rating: 3.14,Borsodi Sörgyár,Borsodi Nitro
beer kind: Pilsner - Other |description:  |ABV: 4.7 |IBU: N/A |rating: 3.13,Gallica Hungary,Gallica Premium Pils
"beer kind: Pilsner - Other |description: Világos aranyszínű, kristálytiszta sör nagy, fehér habbal. Alapvetően malátás ízvilága enyhe, friss komlóaromával párosul. Kellemes, lágy ízű pilseni sör, a típusra jellemző erősen keserű íz nélkül. Meglepően könnyű testének köszönhetően elsőrendű szomjoltó. |ABV: 5.0 |IBU: N/A |rating: 3.1",Gallica Hungary,Premium Lager
beer kind: Pilsner - Other |description: Forgalmazza: Auchan Magyarország Kft. |ABV: 4.5 |IBU: N/A |rating: 3.05,Auchan Magyarország,Tétova Teve
beer kind: Pilsner - Other |description: Low quality Hungarian beer |ABV: 4.5 |IBU: 20 |rating: 2.86,Akpedo Kft.,Magyarok Söre
beer kind: Pilsner - Other |description:  |ABV: 3.0 |IBU: N/A |rating: 2.82,Borsodi Sörgyár,Greifen
"beer kind: Pilsner - Other |description: A könnyebb pilseni kategóriába tartozik. Tiszta, alig érezhető komlóillat jellemzi e tükrös tisztaságú, aranysárga sört. Kissé kesernyés, enyhén malátaízű, gyengén aromás, közepesen komlós. Jó habzóképességű és habtartósságú, széndioxidban dús. 1998-ban, 2000-ben, 2001-ben és 2002-ben a Monde Selection zsűrije aranyéremmel jutalmazta.  |ABV: 4.3 |IBU: N/A |rating: 2.75",Dreher Sörgyárak,Arany Ászok
beer kind: Pilsner - Other |description:  |ABV: 4.0 |IBU: N/A |rating: 2.73,Pécsi Sörfőzde,Glankrone Pilsener
beer kind: Pilsner - Other |description:  |ABV: 4.0 |IBU: N/A |rating: 2.61,Pécsi Sörfőzde,Szent István
beer kind: Porter - American |description:  |ABV: 5.6 |IBU: 27 |rating: 3.71,HORIZONT Brewing,Vanilla Milk Porter
"beer kind: Porter - American |description: Testes barna sör, amiben a pörkölt és karamellmalátás jegyekkel, amihez Chinook gyümölcsös jegyei párosulnak. |ABV: 6.0 |IBU: 34 |rating: 3.59",Guri Sörfőzde,Black Ball
"beer kind: Porter - American |description: Porterünk egy igazi angol sör, melyben csokoládés malátás ízek dominálnak. Mérsékelt szénsavassága és a komló finom fűszeressége gondoskodik arról, hogy jobban csússzon ez a közepesen testes barna ital. London kikötőjének rakodómunkásai fogyasztották ezt a tápláló sörstílust, hogy jobban bírják a nehéz munkát. |ABV: 5.5 |IBU: 25 |rating: 3.58",Vaskakas Brewing,Porter
beer kind: Porter - American |description:  |ABV: 4.4 |IBU: N/A |rating: 3.4,The Beertailor,Porter
"beer kind: Porter - Baltic |description:  Kapitány úr, meghoztuk a rumot!- Rumot??? Gemenci whiskyt és balti portert ide, detüstént, különben a szenyolettóval húzlak fel titeket.  |ABV: 9.8 |IBU: 44 |rating: 3.85",Fehér Nyúl,Calm Storm - Gemenc BA
beer kind: Porter - Baltic |description:  |ABV: 8.8 |IBU: 50 |rating: 3.8,Balkezes,Bagoly
"beer kind: Porter - Baltic |description: Ízében a Benriach hordó fája, illatában pedig a tőzegfüst az első, ami megragadja a kóstoló érzékeit. A single maltok szerelmeseinek kötelező darab!Taste the woody notes of the BenRiach barrel and smell the peated whisky notes in this BA baltic porter! A must have for lovers of single malts. |ABV: 9.8 |IBU: 44 |rating: 3.8",Fehér Nyúl,Benny
beer kind: Porter - Baltic |description: Ardbeg whisky hordóban érlelt balti porter.Baltic porter aged in Ardbeg whisky barrel. |ABV: 9.8 |IBU: 44 |rating: 3.79,Fehér Nyúl,Scottie Piper
"beer kind: Porter - Baltic |description: Extra erős balti porter intenzív étcsokoládés és kávés aromával, a háttérben aszaltgyümölcsös-süteményes jegyekkel.Extra strong Baltic Porter with intense aroma of chocolate and coffee, with hints of dried fruit and cookies. |ABV: 9.8 |IBU: N/A |rating: 3.77",Fehér Nyúl,Calm Storm
"beer kind: Porter - Baltic |description: Ezúttal is nagyot álmodtunk: fogtuk az egyik kedvenc Baltic Poterünket és harsányan gyümölcsös Calvados hordókba zártuk közel egy esztendőre, hogy a  kellemesen pörkölt malátásás illat- és ízjegyeket szépen kiegyenlítse a hordók gyümölcsös, szinte szőlős-portóis karaktere. Testesnek tűnő, mégis frissítően könnyed sörről van szó, ami valóban minden tekintetben különlegesnek számít még a hordóérlelt sörök között is. Egy teljesen új galaxisba repít, ebben biztos lehetsz! |ABV: 10.3 |IBU: 28 |rating: 3.76",FIRST Craft Beer,Wangshu
"beer kind: Porter - Baltic |description: Éjfekete színű sör, barna habkoronával. Illatban az enyhén rumos beütés mellett aszalt gyümölcsök, kávé és étcsokoládé illatjegyei fedezhetőek fel.Ízben komplex malátásság, selymes textúra, alkoholos melegség jellemzi. Igazi sötét vezér! |ABV: 8.3 |IBU: 36 |rating: 3.76",Uradalmi Brewery,D8
"beer kind: Porter - Baltic |description: Coffee Storm - Calm Storm. Nem bonyolult. Adott volt egy kiváló balti porter, és ezt még tunningoltuk. Kolumbiai specialty kávé bővíti az ízek és aromák sorát. Coffee Storm - Calm Storm. It ain't complicated. We had an outstanding baltic porter and we tuned it even further. Specialty coffee from Colombia expands the flavors and aromas. |ABV: 9.8 |IBU: N/A |rating: 3.75",Fehér Nyúl,Coffee Storm
"beer kind: Porter - Baltic |description: Etyeki X MONYO: A 2025-ös év utolsó kollabja számunkra. A srácokkal már régóta beszéljük, hogy kéne közösen durrantani valamit. Hát eljött ennek is az ideje. Bourbon vanília fagyi, rengeteg szilva, tonkabab egy laza 5,3%-os Baltic Porter alapra pakolva. Mi baj lehetne belőle? Az ünnepi asztalra, a kandalló mellett ücsörögve, egy jó könyv társaságában nagyon adja. Vagy csak üljetek fel velünk a Szárnyas Fejvadász érzésre a címke miatt, és egészségetekre.  |ABV: 5.3 |IBU: 25 |rating: 3.74",Etyeki Sörmanufaktúra,Plum Noir
"beer kind: Porter - Baltic |description: Krémes 8.2%-os baltic porterünk brazil Daterra speciality kávéval. Csokis-kávés-krémes ízek; mandulás, mazsolás, nugátos jegyek. (Nem csak) reggelire. |ABV: 8.2 |IBU: N/A |rating: 3.73",SIMA brewing,Heavy Breakfast
beer kind: Porter - Baltic |description: *Alsóerjesztésű sör*Bottom fermented beer |ABV: 8.0 |IBU: N/A |rating: 3.71,Hajnali Sörfőzők,Hati
"beer kind: Porter - Baltic |description: Az Esthajnal ’20 egy különleges utazás a 19. század kísérletező kedvébe, visszatekintés a típus hajdani megszületésére. Egy ízgazdag csavar, melyet az ünnepi asztal ihletett, de a valódi feketeribizli, a sűrű, kávébarna hab és a tejcsokis, diós stílusjegyek tesznek utánozhatatlanná.Maláták: pilseni-, karamell-, müncheni-, csokoládémalátaKomlók: hallertau perleExtrakt (szárazanyagtartalom): 19,5 BallingÉlesztő: W34//70Egyéb összetevők: valódi feketeribizliEBC: 209fogyasztási hőmérséklet: 10–14 °C |ABV: 8.0 |IBU: 33 |rating: 3.7",Szent András Sörfőzde,Esthajnal '20
"beer kind: Porter - Baltic |description: A Bard's Porterünk és a Honeymator, mézes duplabakunk alapjait átültettük egy Baltic Porter alapra, így kellemesen sózva, láger élesztővel erjesztve, majd 60 napig ászokolva készítettük el a Porterünk 2.0-ás verzióját idén végre can-be és hordóba is kiszerelve. De ismertek már minket annyira, hogy valami kis csavart mindig belecsempészünk mindenbe. Bár adta magát a Honeymator miatt a méz. Így ennél a sörnél sem volt másképpen, került bele napraforgóméz egy helyi kistermelőtől, hogy egy mézes ízt, plusz krémességet varázsoljon a kortyba. We took the base of our Bard's Porter and our Honeymator, a honeyed double-batch, and transferred it to a Baltic Porter base, so we made a nicely salted, lagering yeast fermented, and then aged it for 60 days to create our Porter 2.0 version, finally this year in can and cask. But we're so well known that we always put a twist on everything. Although we gave in to the Honeymator because of the honey. So with this beer it was no different, we added sunflower honey from a local smallholder to add a honey flavour, plus creaminess to the sip. |ABV: 7.5 |IBU: 30 |rating: 3.7",Etyeki Sörmanufaktúra,Baltic Porter
"beer kind: Porter - Baltic |description: Úgy gondoljuk, hogy a maláták sokszínű világát talán legjobban bemutatni tudó stílus ez, hiszen igen nagy spektrumát használhatjuk, a láger élesztőnek köszönhetően pedig nincs semmi észteresség, ami kicsit is torzítaná a képet.A malátalevek Rolls-Royce-a. |ABV: 7.6 |IBU: N/A |rating: 3.61",Tacet Brewery,Götterdämmerung
"beer kind: Porter - Baltic |description: A legmerészebb álmaid ünnepi kiadásban. Palackba zártuk a Karácsonyt benne minden ízével, illatával, szeretetével, amit a bejglid is sóvárogva irigyel. Szemrevaló bíborfekete test és savanykás, de erősen gyümölcsös ízvilág egy furfangokkal teli meggyes-mákos desszertsörben. |ABV: 7.0 |IBU: N/A |rating: 3.6",Szent András Sörfőzde,Esthajnal '21
beer kind: Porter - Baltic |description: Aperol Spritz inspired session baltic porter with huge amount of orange.  |ABV: 5.6 |IBU: N/A |rating: 3.47,HopTop Brewery,Baltic Spritz
beer kind: Porter - Coffee |description:  |ABV: 5.5 |IBU: 20 |rating: 3.65,Mad Scientist,CP-550
"beer kind: Porter - Coffee |description: Coffee Porter brewed with specialty Guetamala Coffee Beans. It's a collaboration with our Budapest based friends, Racer Beans Riding & Roasting Company. |ABV: 5.5 |IBU: N/A |rating: 3.64",MONYO Brewing Co.,MONYO X Racer Beans - Guetemala Ride
"beer kind: Porter - English |description: A rich, creamy, and complex English porter infused, and served with nitrogen. Well-balanced, with distinct chocolate, and coffee character, and a satisfying finish.  |ABV: 4.3 |IBU: 20 |rating: 3.68",Unity Bar & Brewery,Unity X KEG X Till English Porter
beer kind: Porter - English |description:  |ABV: 6.0 |IBU: N/A |rating: 3.65,Fóti Kézműves Sörfőzde,Spíler Dark
beer kind: Porter - English |description: Earl grey porter. |ABV: 7.0 |IBU: 41 |rating: 3.64,Szent András Sörfőzde,Esthajnal '17
"beer kind: Porter - English |description: A Wembley Stadionban lejátszott legendás futballmérkőzés ihlette Hathárom arra vállalkozik, hogy ne csak fociban, de sörben is odacsapjon az angoloknak. Ezzel a könnyű, kellemesen pörkölt ízeket hozó, halványbarna, kekszesen-malátás angol porterrel Hidegkuti, Puskás, Bozsik és az Aranycsapat előtt tisztelgünk, akik  legyőzték a hazai pályán 90 éve veretlen Angliát.Our beer Hathárom, inspired by the legendary football match in Wembley Stadium in 1953, aims to defeat the English not only on the pitch, but in beer too. This light, pale brown, cookie-malted English porter, bringing finely roasted tastes, is our tribute to the players of Hungary's Golden Team including Hidegkuti, Puskás and Bozsik, who had defeated England in 1953, unbeaten on home pitch since 90 years then. |ABV: 4.9 |IBU: 25 |rating: 3.52",Szent András Sörfőzde,Hathárom
beer kind: Porter - English |description:  |ABV: 5.6 |IBU: N/A |rating: 3.47,Bigfoot Sörfőzde,Alcatraz
"beer kind: Porter - English |description: ""Sör nélkül az élet egy hiba lenne.""(Friedrich Nietzsche nyomán)Egy igazán férfias barna sör norvég recept alapján. A cappuccino tejhabjára emlékeztető tartós vastag hab alatt sörfőzdénk legerősebb és legmarkánsabb sörét találja a kóstoló. Már az illatában is érezhető a pörkölt kávé és a csokoládé határozott jelenléte. A malátás jegyek, a visszafogott komlózás és a pörkölt ízek jól megférnek egymás mellett a Bård’s porter egyetlen kortyában.Összetevők: Ivóvíz, Maris Otter pale ale maláta, Cara Amber, csokoládé maláta, Cara Bohemian maláta, pörkölt árpa, Magnum és Cascade komló, sörélesztő |ABV: 6.5 |IBU: 30 |rating: 3.46",Etyeki Sörmanufaktúra,Bård's Porter
"beer kind: Porter - English |description: Argh, szárazföldi patkányok, de lustán hullámzik a tenger! Még a rettegett félszemű is a lóbőrt húzza a fedélzeten. Tikkadt torkok kincse ez a selymes porter, mint a folyékony arany.Megérkezett legújabb sörünk, a Lazy Pirate porter. Illatban a pörkölt maláta, míg ízben egy kis malátás édesség elegyedik az aszalt gyümölcsös aromákkal. Könnyű és ivós porter, száraz lecsengéssel. Aye! |ABV: 5.5 |IBU: 20 |rating: 3.45",MONYO Brewing Co.,Lazy Pirate
"beer kind: Porter - English |description: Az Invisible Bikini megalkotásánál egy hamisítatlan angol porter, vagyis egy barna ivósör lebegett a szemünk előtt, amely szakít a sztereotípiákkal és egyáltalán nem émelyítő, vagy édes. A recept megalkotásakor a maláták királynőjére, a Maris Otter-re támaszkodtunk, valamint a stílus klasszikus összetevőire, mint a hántolt pörköltmaláta, a karamellmaláta és az angol Fuggle komló. A végeredmény egy könnyen iható, kiegyensúlyozott barnasör, aminek ízében és illatában is a kakaó, a keksz, a karamell és a visszafogott kávésság dominál.------Our signature brown porter, Invisible Bikini is ideally suited for the cold winter months! It is brewed with an array of pale, chocolate, and roasted malts and hopped gently with Fuggle. The result is rich with flavor yet maintains an easy drinking complexion. With flavors and aromas of cocoa powder, fudge, and hints of dark chocolate-like bitterness, it’s our interpretation of what we believe a modern brown porterc an be. Enjoy!  |ABV: 5.5 |IBU: 24 |rating: 3.44",MONYO Brewing Co.,Invisible Bikini
beer kind: Porter - English |description:  |ABV: 5.2 |IBU: N/A |rating: 3.37,Maltman Craft Beer,Porter
beer kind: Porter - English |description:  |ABV: 4.5 |IBU: N/A |rating: 3.19,Oasis Brewery,Black Hostess Porter
"beer kind: Porter - Imperial / Double |description: MAD SCIENTIST BARREL PROJECT Imperial Porter Aged in Rye Whiskey BarrelCELLAR MASTER NOTES This beer was aged in a rye whiskey barrel. We chose a simpler base beer to give way to the outstanding spicy notes of the spirit. This beer was aged for more than 500 days, and the peppery, cedrussy notes of the barrel soaked into the beer. In the taste beside the notes of rye, sorghum oak is also present. |ABV: 11.0 |IBU: N/A |rating: 3.85",Mad Scientist,Neat
"beer kind: Porter - Imperial / Double |description: Ez a különleges sör rozsmalátával és kekszmorzsa felhasználásával készült, ami gazdag és egyedi ízvilágot nyújt. A 13%-os alkoholtartalom erőt és mélységet ad neki, tökéletes kísérője lehet egy jó beszélgetésnek vagy egy hideg estének. |ABV: 13.0 |IBU: N/A |rating: 3.84",Fraktaal Brewing,Ryed or Die
"beer kind: Porter - Imperial / Double |description: Magnetar is the double-strength sibling of Pulsar, our Smoked Raspberry Porter. We’ve punched up the raspberry addition even further to keep this big brew in solidly porter territory, with vibrant, aromatic raspberry notes leaping right out of the glass.A bright, refreshing tartness leads on the palate, akin to a Flanders red. Further into the robust porter body, deep chocolate and coffee undertones take over, while toasted cherry wood, primed on Gravity Spirits' Fertodi Raspberry Pálinka, lends subtle vanilla and an extra burst of soft red fruit to the lingering finish. |ABV: 8.4 |IBU: 40 |rating: 3.83",Gravity Brewing,Magnetar - Double Raspberry Porter
beer kind: Porter - Imperial / Double |description:  |ABV: 11.0 |IBU: N/A |rating: 3.81,Reketye Brewing Co.,Naked Banghard
"beer kind: Porter - Imperial / Double |description: Azteca söreink a dél-amerikai kakaóbirodalom rejtélyes, izgalmas világát hozzák magukkal: nagy mennyiségű csokimalátával főztük le Imperial Pastry Porterünket, hogy egy enyhén krémes, kakaós,pörköltmalátás ízvilágú alapsört hozzunk létre – ezt szétválasztva pedig két markánsan különböződesszertélménnyé varázsoltuk. Az Azteca X tonkababbal lett fűszerezve – ez a kívülről magát mazsolának álcázó mag egy egészen sajátos, élénk ízvilágot varázsol a porterünkből, hiszen mandulás, fahéjas és vaníliás ízjegyeket is kiérezhetünk – főleg a mi mértéktelen használatunk utánAzteca come from the mysterious, dangerous cocoa-world of South America - these are Imperial Pastry Porters with a huge amount of chocolate malts to reach a slightly creamy, cocoa, roasted malty base. We divided this base to make two markedly different dessert experiences. Azteca X is flavoured with tonka beans - these fake almond nuts disguising themselves as raisins brings a uniqe, vivid flavour with its almond-cinnamon-vanilla notes (especially after the amount we used). |ABV: 11.0 |IBU: 20 |rating: 3.79",FIRST Craft Beer,Azteca X
"beer kind: Porter - Imperial / Double |description: MAD SCIENTIST BARREL PROJECTImperial Porter aged in Mezcal and Jamaican Rum barrelsGrand Champion of XIII. KSE International Beer ChampionshipCELLAR MASTER NOTESMexican chocolate boat roaming the Jamaican rum sea, beyond the hazelnut forest and raisin mountain. The fragrant of irresistible rum makes it obvious at a blink of an eye what the bottle hides. The spiciness of the classic rum is amplified from the background by the chocolate flavors of mezcal barrel. The whole concept is rounded off by the very delicate smokiness is inherent in the traditional way of making mezcal. |ABV: 11.0 |IBU: N/A |rating: 3.78",Mad Scientist,Pamela Black
"beer kind: Porter - Imperial / Double |description: Imperial Pastry Milk Porterkakaó, csokoládé, vanílila, dió, rum, tonkababcocoa, chocolate, vanilla, walnut, rum, tonka bean |ABV: 9.0 |IBU: N/A |rating: 3.78",HopTails Brewery,Somlói
"beer kind: Porter - Imperial / Double |description: Imperial Pastry Milk Porterkakaó, csokoládé, vanílila, kókusz, rum, tonkababcocoa, chocolate, vanilla, coconut, rum, tonka bean |ABV: 9.0 |IBU: N/A |rating: 3.77",HopTails Brewery,Kókuszkocka
"beer kind: Porter - Imperial / Double |description: Egy jó zserbót karácsonyra? Közel 10% gyümölcstartalom és közel 10 balling maradék cukor: diétások réme. Ha téged nem aggasztanak a plusz kilók, válaszd bátran ezt az Imperial Pastry Portert!A good zserbó cake for Christmas? Near 10% fruit content, near 10 ballign residual sugars: run, if you are on a diet. But if you are not worried about the extra weight, choose this Imperial Pastry Porter in good faith. |ABV: 9.5 |IBU: N/A |rating: 3.74",Fehér Nyúl,Jingle Nuts
"beer kind: Porter - Imperial / Double |description: MAD SCIENTIST BARREL PROJECTOloroso Sherry Barrel Aged Imperial Porter Aged With Tokaji Aszú GrapesCELLAR MASTER NOTES改善 /kʌɪˈzɛn/ Japanese philosophy of continuous improvementIt's scary how time flies, one day you fill your first barrel and kaboom, 40 months pass by. If we look at it less dramatically, Oloroso is a slow barrel, you need the patience to have its taste fully showcased, but worth the waiting. Raisins, nuts and chocolate are the main characteristics while it's quite strong in tannins, too. The best part is that we managed to get some Tokaji aszú grapes, a unique Hungarian terroir variety, infected with botrytis fungi, harvested late, that provides an incredible taste. We aged them in the barrel and now you can witness the magic of patience too... |ABV: 10.0 |IBU: N/A |rating: 3.73",Mad Scientist,Late Bloomer
"beer kind: Porter - Imperial / Double |description: Szerintünk nem biztos, hogy találkoznál egy sötét sikátorban azzal az alakkal a címkén. Ezért inkább igyuk meg, úgy már nem bánt. Sötét mint az éjszaka, de közel a hajnal. Teste van, íze nem kevésbé. Ha sokat iszol beüt, de megéri. |ABV: 7.0 |IBU: 14 |rating: 3.61",Hajnali Sörfőzők,Malt Eater
"beer kind: Porter - Imperial / Double |description: Sűrű, krémes, süteményesen édeskés különlegességet rejtettünk el rumoshordók mélyére, hogy több mint egy év után a rum harsányan gyümölcsös ízei a porter-torta csokisságával tökéletes összefonódásban kerülhessen a poharakba.Rum barrel aged pastry porter with cocoa beans |ABV: 11.0 |IBU: 20 |rating: 3.5",FIRST Craft Beer,Trimobe
beer kind: Porter - Imperial / Double Baltic |description: White Chocolate and Coffee infused pastry Baltic Porter with sour cherry |ABV: 8.5 |IBU: N/A |rating: 3.8,Hajnali Sörfőzők,Rising Phoenix
"beer kind: Porter - Imperial / Double Baltic |description: • EN: Imperial Baltic Porter brewed with prunes, vanilla and cinnamon• HU: Imperial Baltic Porter aszaltszilvával, vanilliával és fahéjjal |ABV: 12.0 |IBU: 29 |rating: 3.75",LöWOLF Craft Beer Co.,Dö B Port
"beer kind: Porter - Imperial / Double Baltic |description: IMPERIAL D8 - IMPERIAL BALTIC PORTERThe double version of D8 with a thick brown head. Both in flavour and taste rum, dried fruit notes, coffee and dark chocolate can be recognized.In the mouth it has a complex, silky texture completed with a gentle alcoholic warmth. A true, robust dark leader.D8 sörünk éjfekete színű dupla változata, barna habkoronával. Illatában, ízében elsősorban a rum, majd aszalt gyümölcs, kávé és étcsokoládé jegyei fedezhetőek fel. A sűrű, krémes kortyérzetet alkoholos melegség egészíti ki. |ABV: 12.0 |IBU: 52 |rating: 3.73",Uradalmi Brewery,Imperial D8
"beer kind: Porter - Imperial / Double Baltic |description: Vesd bele magad a jeges habokra és fedezz fel Új Világokat, hiszen éjfeketén és duzzadó erővel suhan északról a Long Ship, hogy fedélzetére szállhass! Ahogy várható, baltic porter sörünk kellemesen pörköltes illat- és ízjegyeket szállít, szépen körülölelve nádcukros karakterét. Elsőre testesnek tűnik, mégis - a lágerélesztőnek köszönhetően - könnyedén csúszik le - és ki a nyílt vizekre. |ABV: 10.3 |IBU: 28 |rating: 3.7",FIRST Craft Beer,Long Ship
"beer kind: Porter - Imperial / Double Baltic |description: A sör, ami belőled is kihozza a Behemótot! Hosszas kísérletezés végeredményeként legsötétebb vágyainkat zártuk palackba: a – reményeink szerint - tökéletes, mégis közérthető balti portert. Egy robusztus barna sört aszalt gyümölcsökre emlékeztető illatokkal, pörkölt kávés, karamelles ízjegyekkel, ami a 19-ik század egyik legkülönlegesebb sörtípusa előtt tiszteleg. A Pokol ihlette, de minden kortya maga a Mennyország. The beer that brings Behemoth out of you too! As a result of a long experimentation, we bottled our darkest desires: a hopefully perfect, yet understandable Baltic porter. A robust brown beer with aromas reminiscent of dried fruits, roasted coffee and caramel flavors that pay homage to one of the most special types of beer of the 19th century. Inspired by Hell, but every sip is Heaven itself.  |ABV: 8.5 |IBU: 35 |rating: 3.69",Szent András Sörfőzde,Behemót (2021)
"beer kind: Porter - Imperial / Double Coffee |description: Azteca söreink a dél-amerikai kakaóbirodalom rejtélyes, izgalmas világát hozzák magukkal: nagy mennyiségű csokimalátával főztük le Imperial Pastry Porterünket, hogy egy enyhén krémes, kakaós,pörköltmalátás ízvilágú alapsört hozzunk létre – ezt szétválasztva pedig két markánsan különböződesszertélménnyé varázsoltuk. Az Azteca Q vaníliával és a 42 Coffee Roastery-s barátaink által ismét külön nekünk pörkölt WachuWolichu etióp kávéval került ízesítésre, hogy egy letisztult, gyümölcsös-bergamottos ízjegyekkel teltkávés-vaníliás finomsággá állon össze. Azteca come from the mysterious, dangerous cocoa-world of South America - these are Imperial Pastry Porters with a huge amount of chocolate malts to reach a slightly creamy, cocoa, roasted malty base. We divided this base to make two markedly different dessert experiences. Azteca Q is flavoured with vanilla and the Ethiopian Wachu Woluchu coffee (roasted for us by our friends at 42 Coffee Roastery) for a clean coffee-vanilla beer rich with fruity and bergamot notes. |ABV: 11.0 |IBU: 20 |rating: 3.78",FIRST Craft Beer,Azteca Q
beer kind: Porter - Other |description: Orange chocolate porter. |ABV: 9.0 |IBU: N/A |rating: 3.85,Reketye Brewing Co.,Holding You
beer kind: Porter - Other |description: Tonka beans and vanilla porter with a hint of lactose. |ABV: 6.0 |IBU: N/A |rating: 3.82,InVitro Brewing,Noir
beer kind: Porter - Other |description:  |ABV: 9.0 |IBU: N/A |rating: 3.75,Reketye Brewing Co.,Ritual
beer kind: Porter - Other |description: Ginger tiramisu porter. |ABV: 9.0 |IBU: N/A |rating: 3.72,Reketye Brewing Co.,Public Pastry Shop
"beer kind: Porter - Other |description: Scáth (“Shadow” in Irish Gaelic) is a smooth, easy-drinking “proto-stout” built on roasted malts and oats, with rich notes of coffee and dark chocolate.Further character is layered into this prototype by a long wood infusion on whiskey-infused barrel chunks straight out of Dublin: notes of vanilla, Irish whiskey, and soft tannin harmonize beautifully with the coffee and chocolate baseline.No lactose, no flavourings, just creamy and delicious. |ABV: 4.7 |IBU: 21 |rating: 3.69",Gravity Brewing,Scáth - Dublin Porter
"beer kind: Porter - Other |description: Az Alfa.08 egy könnyű, vékonyabb porter (4.9% v/v) a lédús szilva minden zamatával és a bodza frissességével. Ebben a sörben könnyű elmerülni: a visszafogott komlózás, a magas minőségű alapanyagok és a hosszas kísérletezés egyedülálló ízvilágot zárnak a palackba, ez pedig egy izgalmas, könnyed, mégis tartalmas porter. |ABV: 4.9 |IBU: 22 |rating: 3.69",Szent András Sörfőzde,TesztAndrás Alfa.08
"beer kind: Porter - Other |description: Did you know that the colonial India's favorite type of the 19th century wasn't the pale ale but the porter? Therefore Dimbo Lab brewed it's porter hoppier using Simcoe and Mosaic, and stronger than the characteristic British style. |ABV: 6.4 |IBU: 37 |rating: 3.69",Dimbo Lab,India Porter
beer kind: Porter - Other |description: Brownie infused porter:) |ABV: 5.0 |IBU: 24 |rating: 3.67,Synthesis,Mr. Brownie
"beer kind: Porter - Other |description: Sulymos sorozatunk immár 5. tétele egy fűszeres chocolate porter alap, kakaóval, madagaszkári bourbon-vaníliával és sárgabarackkal. A fűszeres sárgabarackkal együtt erjedt alapsört a sulyom édeskés-fahéjas-gesztenyés jegyei kerekítik ki egy igazán ízletes desszert sörré, ami nem hiányozhat egyetlen ünnepi asztalról sem a téli estéken. |ABV: 7.6 |IBU: N/A |rating: 3.66",SIMA brewing,Fekete Kincs Chocolate Porter W/ Apricot
beer kind: Porter - Other |description:  |ABV: 7.0 |IBU: N/A |rating: 3.66,Reketye Brewing Co.,Cocoa Porter
"beer kind: Porter - Other |description: A Gâteau Noir Spiced Milk Porter megalkotásakor a SIMA eleganciát tartottuk szem előtt. Keserűnarancs-héjjal, gyömbérrel, ceyloni fahéjjal és madagaszkári bourbon vaníliával fűszerezett Milk Porterünk az ízekkel harmonikusan dolgozik; bár a fűszerek mindegyike karakteres, a sörben egyikük sem lóg ki. A végeredmény egy kerek, izgalmas, finom mélységekkel teli sör, mely melegebb hőmérsékleten kortyolva nyílik ki igazán. Érdemes hidegen kezdeni, és várni, míg lassan melegedik, így megmutatva fűszerességének kifinomultságát.  |ABV: 6.5 |IBU: N/A |rating: 3.65",SIMA brewing,Gâteau Noir
beer kind: Porter - Other |description: Áfonyás porter |ABV: 6.0 |IBU: N/A |rating: 3.65,Fóti Kézműves Sörfőzde,Fruit Garden - Áfonya
"beer kind: Porter - Other |description: A sör, mint desszert univerzum megnyílt, és van, akinek ez a boldogság egyik dimenziója. Nekik (is) készült ez a kakaóbabbal gazdagon elárasztott bársonyos finomság.Már az első korty leválasztja a tudatot a hétköznapokról, a második után már nem kellenek szavak.A Titkos Összetevő ötletén alapuló sörcsoda. |ABV: 10.0 |IBU: N/A |rating: 3.64",Reketye Brewing Co.,Sacher Torta
beer kind: Porter - Other |description: Robust Coffee Porter with Toasted CoconutsAfter 2016's CCP-550 we brought back the concept with a bit higher ABV in the beginning of 2021 |ABV: 7.7 |IBU: N/A |rating: 3.63,Mad Scientist,CCP-770
"beer kind: Porter - Other |description: Chocolate Chili Mexican Porter//Mexican standoff composed for beer: fellow Hungaricool-winners Demeter Chocolate's cocoa beans and ChiliYard's habanero and cayenne chilis determine this evil yet creamy porter, which we boosted further with vanilla, cinnamon and the coconut-vanilla flavor bomb HBC 472 hops.//Mexikói felállás sörre hangszerelve: a szintén Hungaricool-győztes Demeter Chocolate kakaóbabja és a ChiliYard habanero és cayenne chilijei egy gonoszkodó, mégis krémes porterben érnek össze, melyet vaníliával, fahéjjal és a kókuszos-vaníliás ízű HBC 472 komlóval tettünk még izgalmasabbá. |ABV: 6.3 |IBU: N/A |rating: 3.62",Dealbreaker,Bean Devil
"beer kind: Porter - Other |description: Ezzel a sörbe öntött tortával leptük meg magunkat, illetve titeket második születésnapunk alkalmából. A sör alapja egy klasszikus porter, amit Fekete-erdő torta mintájára ízesítettünk. A cél az volt, hogy egy igazi desszertsört alkossunk, egy harapható, krémes italt, amely eltelít mint egy tortaszelet.A főzetbe került egy nagy adag és nagyon intenzív venezuelai kakaópor. Laktózt, vagyis tejcukrot is tettünk bele, amely garantálja, hogy még krémesebb legyen a sör textúrája. S végül ezt az édes, étcsokis ízvilágot ellenpontoztuk a hozzáadott 100%-os meggypüré enyhén savanykás ízével. Édesszájúaknak ajánljuk. |ABV: 5.3 |IBU: 15 |rating: 3.62",MONYO Brewing Co.,Birthday Cake
beer kind: Porter - Other |description:  |ABV: 5.5 |IBU: 20 |rating: 3.62,Mad Scientist,CCP-550
beer kind: Porter - Other |description: Fruited Chocolate Porter w/Apricot |ABV: 7.6 |IBU: N/A |rating: 3.61,SIMA brewing,Spicy Dreams
"beer kind: Porter - Other |description: Harmadik sörünk alapját a hagyományos brit porterek gazdag, pörkölt, kávés ízei adják. A kandiscukor erősebb testet, a belga élesztő összetett, fűszeres, apátsági söröket idéző karaktert kölcsönöz neki. A kompozíciót az amerikai cascade komló teszi teljessé, jellegzetesen citrusos, virágos jegyeivel. A végeredmény egy komplex, testes barna sör, amiben a visszafogottan édeskés vonásokat pörkölt malátásság és hangsúlyos komlókeserű egyensúlyozza ki. |ABV: 6.7 |IBU: 27 |rating: 3.56",HORIZONT Brewing,Flamand Porter
beer kind: Porter - Other |description:  |ABV: 5.5 |IBU: 22 |rating: 3.56,HORIZONT Brewing,Pilot Series #3 - Habanero Porter
beer kind: Porter - Other |description:  |ABV: 5.0 |IBU: 10 |rating: 3.54,Superside Brewery,Chiliside
"beer kind: Porter - Other |description: Christmas Porter:barley malt, chocolate malt, caffee malt, dates, pine nuts, cinnamon, hops, black sesame, cumin lager yeast |ABV: 7.6 |IBU: 25 |rating: 3.54",Zentus Craft Beer,Fat & Jolly Tinsel Holly
"beer kind: Porter - Other |description: Az Alfa. 05 egy összesen 5 kg Earl Grey teával és bergamott naranccsal készült angol porter kísérlet. Ez nem egy 2017-es Esthajnal remake, annál ivósabb, könnyebb. A teát nem csak belefőztük a sörbe, hanem „hidegteáztunk” is vele.This beer is a part of our small batch special edition called TesztAndrás. Alfa. 05 is an English porter experiment made with 5 kilograms of Earl Grey tea and bergamot. This is not a remake of our Christmas edition beer of 2017 called Esthajnal, its lighter than that. We not only brewed the beer with tea, but also added it in the end (’dry-teaing’). |ABV: 4.9 |IBU: 25 |rating: 3.53",Szent András Sörfőzde,TesztAndrás Alfa.05
beer kind: Porter - Other |description: Unique Hungarian porter from Hara'Punk Brewing. |ABV: 6.1 |IBU: 20 |rating: 3.53,Hara’Punk Brewing,Papap O'Hara
beer kind: Porter - Other |description:  |ABV: 6.0 |IBU: 24 |rating: 3.53,Hopfanatic Brewery,Fekete Erdő
beer kind: Porter - Other |description: A balanced and easygoing Porter infused with the marriage of tonka beans & smoked Danish salt. *BREWED SPECIALLY FOR THE UK MARKET* |ABV: 5.0 |IBU: N/A |rating: 3.53,B*BOP FERMENTORY,PURIST
"beer kind: Porter - Other |description: Sörfőzőnket Dávidot a húga által készített málnás-csokis brownie ihlette meg ennek a sörnek a készítésekor. Ő elégedett, én is az vagyok, mi úgy általában azok vagyunk. Reméljük Te is!One of our brewers, Dávid was inspired to brew this beer after tasting his sister’s chocolate and raspberries brownie. He is satisfied, so am I. Come to think of it, we are in general. Hope you are too! |ABV: 5.2 |IBU: N/A |rating: 3.52",Fehér Nyúl,Brown Berry
beer kind: Porter - Other |description: Első változatához képest változtattunk a karamellmaláta  és a só mennyiségén. Testesebb és magasabb alkoholszázalékú sós-karamellás porter lett a végeredmény. |ABV: 5.7 |IBU: 20 |rating: 3.51,Fehér Nyúl,Soulty 2021
beer kind: Porter - Other |description:  |ABV: 5.5 |IBU: N/A |rating: 3.5,Rizmajer Kézműves Sörfőzde,Fekete Cherry
beer kind: Porter - Other |description:  |ABV: 5.2 |IBU: N/A |rating: 3.5,Sörművek,Henry
beer kind: Porter - Other |description:  |ABV: 6.5 |IBU: 12 |rating: 3.49,Rizmajer Kézműves Sörfőzde,Cingulus
"beer kind: Porter - Other |description: Salted Caramel PorterCímke szöveg: A sós és édes elegye úgy játszik az érzékeiddel, mint a soul zene képzeletbeli ingája az érzelmeiddel. Az egyik véglettől a másikig lenget és soha nem akarod megállítani.Stoutunkat elbúcsúztattuk az idén, de sokan kerestetek alacsony alkoholtartalomú barna sört, ezért főztünk egyet. Azért van benne egy kis csavar is. Új sörünk egy könnyed, 4,3%-os salted caramel porter. Az alacsony alkoholtartalom miatt könnyedén iható, de a rengeteg karamellmalátának köszönhetően egyszerre malátás is. Tengeri só hozzáadásával hoztuk létre a tökéletes sós karamella hatást. A só a receptúrán kívül a sör nevében - Soulty - is visszaköszön.  |ABV: 4.3 |IBU: 20 |rating: 3.45",Fehér Nyúl,Soulty
"beer kind: Porter - Other |description: A porter egy felsőerjesztésű barna sör kellemesen kesernyés ízzel, kávés-csokoládés aromával. Ezzel a típussal nevezhettek házi sörfőzők az I. Soproni Sörversenyre, amelynek győztese Stubna Ágoston lett. Az ő receptje alapján készül az Óvatos Duhaj Porter, egy testes, mégis könnyen iható, krémes sörkülönlegesség. |ABV: 5.2 |IBU: N/A |rating: 3.25",Soproni Sörgyár (Heineken Hungária),Soproni Óvatos Duhaj Porter
"beer kind: Porter - Smoked |description: We love porters as a style: all the dark and caramel malt character of their stout cousins, but lighter-bodied and eminently sessionable.Pulsar layers cherry- and oak-smoked grains onto a medium-roast coffee malt base, smooths them out with a generous helping of oats, and brightens the whole affair with tart red raspberries. |ABV: 5.6 |IBU: 24 |rating: 3.63",Gravity Brewing,Pulsar - Smoked Raspberry Porter
"beer kind: Porter - Smoked |description: Füstölt maláták és Lapsang Souchong tea adja a karakterét ennek a könnyed porternek. Nem mellesleg a IV. Füstös Nyúl Kupa hivatalos söre!Smoked malts and Lapsang Souchong tea are responsible for the character of this easy to drink porter. Also, it is the official beer of the 4th Smoky Rabbit Cup! |ABV: 5.5 |IBU: N/A |rating: 3.6",Fehér Nyúl,Smoky 2022
"beer kind: Pumpkin / Yam Beer |description: Halloweeni különlegességünk ez a sütőtökös ale. Kellemesen édeskés, malátás és persze tökös, egy csipet fahéjjal; kiváló őszi hangulatjavító!Our Halloween special. Pleasantly sweet, malty and obviously rich in pumpkin flavor, with a pinch of cinnamon. |ABV: 5.5 |IBU: N/A |rating: 3.62",Fehér Nyúl,Pump It Up!
"beer kind: Pumpkin / Yam Beer |description: A MONYO Sörfőző Társaság bemutatja a hamisítatlanul amerikai, fűszeres téli sört, a Pumpkin Ale-t. A receptet egy amerikai sörfőzővel kooperációban alkottuk meg. Célunk az volt, hogy összehatásában ez a sör kellemes desszertélményt nyújtson és felidézze az amerikai ""pumpkin pie"" ízvilágát. |ABV: 8.0 |IBU: 13 |rating: 3.54",MONYO Brewing Co.,Pumpkin Ale
beer kind: Pumpkin / Yam Beer |description: MONYO Brewing Radical Series: Pumpkin Baltic Porter |ABV: 6.5 |IBU: 25 |rating: 3.52,MONYO Brewing Co.,I Was Too Drunk To Give A Name.
"beer kind: Pumpkin / Yam Beer |description: Kifaragtuk az ünnepi tököt, majd sört is főztünk belőle. Limitált kiadású, fűszeres red ale-ünk sütőtök pürével, vaníliával és narancshéjjal készült el. Sörünk az édeskés jegyek, a felhasznált maláták karamelles ízei és a sütőtök tökéletes harmóniája. Az intenzív élményt a szegfűbors, a gyömbér és a szerecsendió gyengéden támogatja meg, megalkotva ezzel egy „ijesztően” jól működő végeredményt. |ABV: 5.6 |IBU: 25 |rating: 3.48",Szent András Sörfőzde,Hello Halloween
"beer kind: Pumpkin / Yam Beer |description: A szezonra véres sütőtököt hoztunk! Kis fahéjjal is megszórtuk, hogy szépen összesimuljon minden a kortyokban. Dobozba zártuk a halloweent!We brought bloody pumpkin for the season! We also sprinkled a little cinnamon on it so that everything blends together nicely in every sip. We've canned Halloween! |ABV: 5.2 |IBU: N/A |rating: 3.44",Fehér Nyúl,Pumpin' Blood
beer kind: Rauchbier |description: Imperial rauchbier without any crazyness.  |ABV: 8.1 |IBU: N/A |rating: 3.69,HopTop Brewery,Smokey Blinder
beer kind: Rauchbier |description:  |ABV: 6.0 |IBU: 21 |rating: 3.65,Reketye Brewing Co.,Natürlich Aus Bamberg
"beer kind: Red Ale - American Amber / Red |description: Collaboration with the Hungarian groove metal band Omega Diatribe. Brewed with Comet and Galaxy hops which lend the amber ale notes of citrus, fruit and pine to balance the sweetness of the malt. |ABV: 6.0 |IBU: N/A |rating: 3.7",InVitro Brewing,Mindreader
"beer kind: Red Ale - American Amber / Red |description: Mi újság, Wagner úr? is a rich, kind of malty, slightly sweet amber ale.Hops: Magnum, Styrian Goldings, Fuggle, East Kent Goldings |ABV: 6.5 |IBU: 24 |rating: 3.6",Hara’Punk Brewing,"Mi újság, Wagner úr?"
"beer kind: Red Ale - American Amber / Red |description: Az american red ale iskolapéldája. Visszafogott malátásság, domináns amerikai komlókra jellemző illatok. Nagy test és vörös szín jellemzi. |ABV: 5.0 |IBU: 40 |rating: 3.59",Guri Sörfőzde,Pompeii
beer kind: Red Ale - American Amber / Red |description:  |ABV: 6.2 |IBU: 33 |rating: 3.56,Mad Scientist,Puppet Master
"beer kind: Red Ale - American Amber / Red |description: A medium-bodied, easy to drink red ale with 5% alcohol content.  It has rich, slightly caramelly malt notes  and citrussy flavors from the new world hops.  |ABV: 5.0 |IBU: 25 |rating: 3.54",RothBeer,Red 5
"beer kind: Red Ale - American Amber / Red |description: Illatjegyek• Intenzív illat• Gyümölcsösség – A Centennial, Amarillo és Citra komlók miatt  • Citrusosság – A Citra komló miattÍz jegyek• Kekszesség – A Red X maláta miatt   • Picit pirított – A Special B maláta miatt• Gyümölcsösség – A Centennial, Amarillo és Citra komlók miatt  • Citrusosság – A Citra komló miattKarakter• Kellemesen testes• Jól iható• Hétköznapi• Késő nyári• Frissít, üdít, gyümölcsös, kissé fűszeres a komlótól• Kellemes egyensúlyban a malátásság és a komlóTörténetJanuárban merült fel az ötlet, hogy a Dezső egyik tulajdonosának a legénybúcsújára egy meglepetés sörrel készülünk. A tervezés közben azonban a terv kitudódott, és a legénybúcsú söre helyett a Neked Csak Dezső és a Fenékig.com első közös söre született meg.Az eredeti cél egy vörös american pale ale volt, azaz csak színben akar eltérni egy pale ale-től. Az eredeti elképzelés szerint nem lett volna malátás, kekszes, pirított. Jól iható, inkább vékony, mint közepes testvolt a cél. A lényeg hogy sokat lehessen belőle inni. Mivel a megjelenés az őszre lett időzítve, ezért a recept átdolgozásra került, ennek megfelelően.Ars poetica„mint disznótorkor a sült vér, amolyan aperitif, amire könnyű rácsavarodni... ivósör stílussal, a dohány utca íze, a belvárosi disznólkodás esszenciája! blogger sör, avagy a hóhér akasztása, kóser sör, disznóvér nélkül...”„egy illatos, könnyű amber ale, pont kellemesen melegít a hideg őszi estén, de még megidézi a nyárutót.” |ABV: 5.5 |IBU: N/A |rating: 3.53",Fenékig.com,Dezső Vére
"beer kind: Red Ale - American Amber / Red |description: Aranylóan borostyános Amber ale típusú sör, aminek színét a RedX maláta okozza. Ízének, aromájának kialakításában az amerikai Simcoe komló virágos, illatos; az angol komlók (Fuggles, East Kent Golding) földes jegyei vesznek részt. |ABV: 4.5 |IBU: N/A |rating: 3.5",Reketye Brewing Co.,A Kartársnő
"beer kind: Red Ale - American Amber / Red |description: Ez a dögös vörös egy hidegen komlózott amber ale rozsmalátával és zabpehellyel.Illatában dominál a komló virágossága és a karamell, amit a több fajta karamell malátának köszönhet. Vörös színét kiemeli a kérmes, lágy habkorona.Könnyed, jóivású, de tartalmas rozsos sör, ami a tavaszi erdők frissítő, virágos illatát idézi.Felhasznált komlók: Colombus, Styrian Fox, MagnumThis hot red is a cold-hopped amber ale with rye malt and oatmeal.The nose is dominated by hop florality and caramel, thanks to the multiple varieties of caramel malts. Its red colour is accentuated by a soft, crisp head.A light, easy-drinking but full-bodied rye beer with a refreshing, floral scent of spring woods.Hops used: Colombus, Styrian Fox, Magnum |ABV: 5.3 |IBU: 33 |rating: 3.49",Vaskakas Brewing,Red Fox
"beer kind: Red Ale - American Amber / Red |description: Tőzegen füstölt whiskymalátával főzött és vaníliával fűszerezett red ale. Tőzeg= mocsár, láp, bakkecske feeling;) |ABV: 5.3 |IBU: 25 |rating: 3.48",Synthesis,Big Red Button
"beer kind: Red Ale - American Amber / Red |description: Virágos, gyümölcsös, citrusos, 3 komlós (Mosaic, Citra, Magnum) ale, mely egy könnyed sör, melyből végig lehet inni akár egy egész estét is. |ABV: 5.0 |IBU: 28 |rating: 3.45",Big Face Sörfőzde,Amber Ale
"beer kind: Red Ale - American Amber / Red |description: Tokaji aszúval ászokolt.This is the bottled version of ""Korty"". |ABV: 5.6 |IBU: N/A |rating: 3.44",Serforrás Sörfőzde,Corvinus Rex
beer kind: Red Ale - American Amber / Red |description:  |ABV: 4.8 |IBU: N/A |rating: 3.24,The Beertailor,Red Ale
beer kind: Red Ale - American Amber / Red |description:  |ABV: 4.8 |IBU: 20 |rating: 3.07,Dreher Sörgyárak,Dreher Red Ale
"beer kind: Red Ale - American Amber / Red |description: Könnyen iható, színében és ízében is karakteres ale, amit a nemzetközi sörkultúra mesterei ihlettek. |ABV: 4.5 |IBU: 23 |rating: 2.94",Borsodi Sörgyár,Borsodi Amber Ale
"beer kind: Red Ale - Irish |description: A rejuvenated classic from Gravity and Balkezes, Lunasa leans hard into its Irish red roots, with a lusciously smooth grain body full of nutty granola and soft caramel notes.That timeless foundation spends its long maturation absorbing the complexities of toasted oak, thanks to Gravity's own proprietary wood-infusion technology. Virgin Hungarian oak, seasoned and charred in-house, brings depth to the body and subtle tannin to the finish. |ABV: 6.2 |IBU: 27 |rating: 3.67",Gravity Brewing,Lunasa - Oaked Irish Red
"beer kind: Red Ale - Irish |description: Klasszikus ír vörös - kellemesen fűszeres aroma a komlónak és a karamelmalátáknak köszönhetően, így egy visszafogott, szofisztikált tételt kaptunk. A klasszikus négy alapanyagból a legtöbbet hoztuk ki, nyilván egy kis specialty malátával kiegészítve a maláta mixet, hogy a karamelles ízek érkezzenek teljes felállásban. Szent Patrikra időzítve!Classic Irish red - a pleasantly spicy aroma thanks to the hops and caramel malts, resulting in a restrained, sophisticated batch. We made the most of the classic four ingredients, obviously adding a little specialty malt to the malt mix to bring the caramel flavours to the full line-up. Scheduled for St. Patrick's Day! |ABV: 4.4 |IBU: N/A |rating: 3.58",Fehér Nyúl,Marching Clovers
"beer kind: Red Ale - Irish |description: Sokan hitték azt, hogy a Smaragd sziget kincse a koboldok aranya: pedig valójában az élettel teli, lüktető vörös ale az. Gyere velünk Szent Patrik szigetére, és koccintsunk a szivárvány tövében ezzel az épphogy keserű, karakteres sörrel! Sláinte! |ABV: 5.0 |IBU: 20 |rating: 3.54",FIRST Craft Beer,Irish
beer kind: Red Ale - Irish |description: Batch no #1000 | The 3 founders wanted to revisit their 1st batch with the 1000th batch |ABV: 5.1 |IBU: N/A |rating: 3.54,Mad Scientist,Limerick batch no #1000
"beer kind: Red Ale - Irish |description: A ruby-red colored beer which has a distinct malt/hop balance.  Caramel aroma, specialty-roasted malts, a light, biscuity after-taste.  This beer has a unique complexity which will make your mouth water from the first sniff!  Take a trip to Ireland in every sip. |ABV: 5.1 |IBU: 27 |rating: 3.51",TIMCO Brewing,VÖRÖS Irish Red
beer kind: Red Ale - Irish |description: Our goal with Limerick was to have an easy drinking well balanced Irish red to drink after work when you are in no mood for the artsy-fartsy fancy stuff. Limerick just takes you exactly where you want to be taken.  |ABV: 5.1 |IBU: N/A |rating: 3.5,Mad Scientist,Limerick
beer kind: Red Ale - Irish |description: Oak aged irish red ale |ABV: 5.1 |IBU: 24 |rating: 3.49,Mad Scientist,Limerick - Oak Aged
"beer kind: Red Ale - Irish |description: Ír Vörös Ale stílusú sör. Mély borostyán szín és törtfehér hab jellemzi. A maláta aromája és kortyérzete kezdetben édeskés majd száraz, pörkölt karamellszerű jegyekben végződik.Az íreknél a kocsmákba, pubokba járás nem csak a megmámorosodásról szól. A sörözés igazi társadalmi eseménynek számít. Úgy söröznek, mintha minden nap ünnepelnének valamit. Ezen jó szokásuk előtt tisztelegve készítettük el a FIRST Irish Red Ale-t hogy kortyolása közben mindig jusson eszükbe az írek optimizmusa és szerencséje. |ABV: 4.2 |IBU: N/A |rating: 3.48",FIRST Craft Beer,Irish Red Ale
beer kind: Red Ale - Irish |description:  |ABV: 4.7 |IBU: 20 |rating: 3.46,Vandal Brewing,Vörös Ördög
beer kind: Red Ale - Irish |description:  |ABV: 4.5 |IBU: N/A |rating: 3.43,Zsombói Sörfőzde,Ír Vörös
beer kind: Red Ale - Irish |description:  |ABV: 5.5 |IBU: N/A |rating: 3.41,Sörművek,Rebi
beer kind: Red Ale - Irish |description:  |ABV: 4.8 |IBU: N/A |rating: 3.4,Legenda Sörfőzde,Vörös Csepel
beer kind: Red Ale - Irish |description:  |ABV: 6.1 |IBU: 21 |rating: 3.35,Szarvasi Kézműves Sörfőzde,Ír Vörös Sör
"beer kind: Red Ale - Irish |description: Kellemes aromájú, lágy, ale típusú, mélyvörös színben pompázó sör, amelyben a karamellmaláta, a különleges komlók és a speciális élesztő adta íz- és illatjegyek nagyszerű egyensúlyt alkotnak. Ajánljuk azoknak a hölgyeknek és uraknak, akik nem kedvelik a keserű, erősen komlózott söröket. |ABV: 6.0 |IBU: N/A |rating: 3.32",Stari Sör,Rubin Hood
beer kind: Red Ale - Irish |description:  |ABV: 5.0 |IBU: N/A |rating: 3.29,Széles & Széles Kft. (Palóc Sör),Vidróczki
"beer kind: Red Ale - Other |description: Not your typical red ale.It starts out simply enough: a pure, coppery Irish red malt base. A trio of US hops lends a bright, west coast twist to the nose, before driving caramelised orange peel into the malt body. The final turn comes from a hearty dose of pale and dark rye, which dries those burnt sugar notes into a toasted grain finish that always leaves us reaching for another. |ABV: 5.1 |IBU: 40 |rating: 3.59",Gravity Brewing,Red Shift - Red Rye
beer kind: Red Ale - Other |description:  |ABV: 5.5 |IBU: N/A |rating: 3.59,Reketye Brewing Co.,Erre Még Meghívlak
"beer kind: Other |description: Ezt az ale-t az őszi napokra terveztük, így a komlós jegyek a háttérbe szorulnak; helyüket a hozzáadott Rooibos és Honeybush teák veszik át!We designed this ale for those autumn days. So the hoppy notes are pushed to the back, and their place in the flavor profile is replaced by those of Rooibos and Honeybush tea! |ABV: 5.8 |IBU: N/A |rating: 3.57",Fehér Nyúl,And Now For...
beer kind: Red Ale - Other |description: Rooibos tea and hibiscus infused red ale. |ABV: 6.5 |IBU: 25 |rating: 3.53,UGAR Brewery,Clear Maroon
"beer kind: Rye Beer |description: A Templárius valódi küldetése, hogy a 20,5 Balling-fokos sűrű testet a száraz, mégis kellemesen virágos jegyekkel egyesítse. Igazi ereje a részletekben rejlik. Egy jellegzetesen kenyeres, de markánsan komlózott imperial rozs ale a templomosok legendákba illő erejével. |ABV: 9.0 |IBU: 55 |rating: 3.71",Szent András Sörfőzde,Templárius
beer kind: Rye Beer |description: Double dry hopped rye ale. |ABV: 5.5 |IBU: N/A |rating: 3.63,Reketye Brewing Co.,Horny Pony
beer kind: Scotch Ale / Wee Heavy |description: Ex-Islay Barrel-Aged Scottish Wee Heavy |ABV: 10.5 |IBU: 20 |rating: 3.78,Mad Scientist,Drowned God
"beer kind: Scotch Ale / Wee Heavy |description: A wee heavy for whisky lovers.Why 'triple scotch'? We start with a wee heavy base, full of deep caramel flavors developed in the kettle. Specialty UK malts give us a classic scotch ale profile, toasty and subtly fruity like a good Highland. Finally, barrel-smoked malt lends the body a touch of soft oak and Speyside casks.The result is cool in the glass and warm in the throat, and as close to a pint of whisky as we've found. |ABV: 7.0 |IBU: 28 |rating: 3.7",Gravity Brewing,Meteor - Triple Scotch Ale
"beer kind: Scotch Ale / Wee Heavy |description: A sörről: A wee heavy típus, azaz az erős skót ale a malátáról szól. Magas alkoholtartalmú, így egyszerre kis (skót nyelven wee) mennyiséget szolgáltak fel belőle. A Sink borostyán színű, gazdagon malátás, karamellás, édes, kissé füstös sör, a korty végén enyhe alkoholos melegséggel.Címke szöveg:Biró Zsombor Aurél 1998-ban született Budapesten, jelenleg a Színház- és Filmművészeti Egyetem filmíró szakos hallgatója. Próza- és forgatókönyvírással foglalkozik |ABV: 7.0 |IBU: 21 |rating: 3.69",Fehér Nyúl,Sink
"beer kind: Scotch Ale / Wee Heavy |description: The secret recipe of the Highlands.This type is the king of the Scottish beers, mentioned as Wee Heavy, hence our name choice. It is a dark brown, strong beer, with the rich caramel malt notes in the foreground and earthy, floral characters of the Kent hop in the background.Won sliver medal at Meiningers International Craft Beer Awards 2016. |ABV: 7.5 |IBU: 25 |rating: 3.63",RothBeer,Wee Heavy
beer kind: Scotch Ale / Wee Heavy |description: Scotch Whisky Barrel Aged Wee Heavy |ABV: 8.6 |IBU: 16 |rating: 3.63,MONYO Brewing Co.,The Ginger Unicorn Licks My Bagpipe.
"beer kind: Shandy / Radler |description: Sör, gyümölcs.Szerintünk a radler egy zseniális nyári sör, ha egyszerű, tisztességes alapanyagokból készül,és már az első korttyal képes eltörölni egy nehéz hét minden nyűgjét. Bízunk benne, hogy az első, kizárólag grapefruitot kapott radlerünk nektek is olyan jól fog esni, mint a próbafőzések során nekünk! (A 60%-a a Fake Pils nevezetű golden aleünk, a maradék 40% pedig extra minőségű, 100%-os grapefruit sűrítményből készült gyümölcslé.) |ABV: 3.5 |IBU: N/A |rating: 3.66",UGAR Brewery,Grapefruit Radler
"beer kind: Shandy / Radler |description: Isotonic Radler.A refreshing and fizzy Lager heavily infusioned with freshly squeezed Sicilian lemons, ginseng, electrolytes and a pinch of pakistani Halite salt.A part of the “U R the perfect verse over a tight beat SERIES”. |ABV: 3.5 |IBU: N/A |rating: 3.6",B*BOP FERMENTORY,you are the TRIBE to my QUEST
beer kind: Shandy / Radler |description: A pleasant Hungarian radler brewed with notes of citrus and grapefruit.  |ABV: 3.1 |IBU: N/A |rating: 3.49,hübris,rüdler
beer kind: Shandy / Radler |description:  |ABV: 2.0 |IBU: N/A |rating: 3.34,Dreher Sörgyárak,Arany Ászok Hűsítő Vérnarancs
beer kind: Shandy / Radler |description:  |ABV: 4.0 |IBU: 16 |rating: 3.27,Dreher Sörgyárak,Dreher Citrus
beer kind: Shandy / Radler |description:  |ABV: 1.4 |IBU: N/A |rating: 3.25,Pécsi Sörfőzde,Pécsi Radler Citrom
beer kind: Shandy / Radler |description:  |ABV: 2.0 |IBU: N/A |rating: 3.16,Dreher Sörgyárak,Arany Ászok Hűsítő Citrom
beer kind: Shandy / Radler |description:  |ABV: 2.0 |IBU: N/A |rating: 3.15,Borsodi Sörgyár,Borsodi Friss Grapefruit
beer kind: Shandy / Radler |description:  |ABV: 1.4 |IBU: N/A |rating: 3.12,Pécsi Sörfőzde,Pécsi Radler Meggy
"beer kind: Shandy / Radler |description: Az igazi gyümölcsből készült 1,4% alkoholtartalmú ital igazi felfrissülést nyújt a gyümölcsös sörök kedvelőinek. A Soproni Radler Meggy-Citrom a természetes meggy és frissító citrom keveréke, kiváló minőségű világos sörrel, mely nagyszerű választás a kikapcsolódáshoz. |ABV: 1.4 |IBU: N/A |rating: 3.11",Soproni Sörgyár (Heineken Hungária),Soproni Radler Meggy-Citrom
"beer kind: Shandy / Radler |description: Az igazi gyümölcsből készült 1,4% alkoholtartalmú ital igazi felfrissülést nyújt a gyümölcsös sörök kedvelőinek. |ABV: 1.4 |IBU: N/A |rating: 3.05",Soproni Sörgyár (Heineken Hungária),Soproni Radler Citrom
beer kind: Shandy / Radler |description:  |ABV: 1.5 |IBU: N/A |rating: 2.99,Borsodi Sörgyár,Borsodi Friss Citrom
beer kind: Smoked Beer |description: Smoked Porter |ABV: 5.5 |IBU: 35 |rating: 3.62,Rizmajer Kézműves Sörfőzde,424
"beer kind: Smoked Beer |description: Szmóki kettő? Nem, ""Szmóki""a négyzeten! Emlékeztek még a tavalyi Smoky Rabbit sörünkre? Idén négyzetre emeltük és még jobban áll neki a füst. „Valahogy ezt a füstös flow élményt kellene palackba zárni!” - mélázott el Benedek a smoker mellett állva, kicsivel napfelkelte előtt. „Fogd meg a söröm!”- szólt András. A többi már történelem. |ABV: 6.6 |IBU: N/A |rating: 3.6",Fehér Nyúl,Smoky²
beer kind: Smoked Beer |description: Hop: Aurora |ABV: 6.5 |IBU: N/A |rating: 3.6,Legenda Sörfőzde,Bazooka
beer kind: Smoked Beer |description:  |ABV: 6.0 |IBU: N/A |rating: 3.52,Guri Sörfőzde,Genezis
"beer kind: Smoked Beer |description: Pyromania is a top-fermented, smoked brown ale. We put a small amount of beech smoked malt in it, which gives a moderate smoky, bacony character, so it becomes a richer and  more complex excitement. Egy igazi magyar klasszikus. Testes, malátás, füstös barna sör, amit a tradicionális ízek és a modern sörök kedvelői egyaránt élvezhetnek. Egy igazi kulináris kirándulás.  |ABV: 7.5 |IBU: 35 |rating: 3.5",RothBeer,Pyromania
"beer kind: Smoked Beer |description: A Gamma.41 füstölt kolbász kenyérrel egy füstös sör 50% füstölt malátával, vastagabb testtel, pirospaprika őrleménnyel, paprikasűrítménnyel, köménymaggal és fokhagymával, hiszen Békésben nem csak a kerítés van kolbászból! |ABV: 5.6 |IBU: 12 |rating: 3.46",Szent András Sörfőzde,TesztAndrás Gamma.41
"beer kind: Sorghum / Millet Beer |description: Megbolondítottuk felsőerjesztésű világos ciroksörünket áfonyával,ami kifejezetten jól illik a cirok egyedi ízvilágához. A végeredmény,pedig egy 4,8% alkoholtartalmú, kellemesen édes, gyümölcsös,frissítő sör. |ABV: 4.8 |IBU: N/A |rating: 3.57",Kobrunn,KOBRUNN SORG - Áfonyás Ale
beer kind: Sorghum / Millet Beer |description: Millet beer |ABV: 5.0 |IBU: N/A |rating: 3.38,Bandusz (Köleses Sör),Dupla Köleses Sör
"beer kind: Sorghum / Millet Beer |description: KOBRUNN SORG - Pale Ale egy könnyű, frissítő,ropogós felsőerjesztésű világos sör, amihez tulajdonképpen csakaromakomlókat használunk, ami virágos, fűszeres illatokkal egészítikki sörünket, visszafogott keserűséggel. |ABV: 5.2 |IBU: N/A |rating: 3.31",Kobrunn,KOBRUNN SORG - Pale Ale
beer kind: Sorghum / Millet Beer |description: with millet |ABV: 5.0 |IBU: N/A |rating: 3.31,Bandusz (Köleses Sör),Köleses Sör
beer kind: Sour - Berliner Weisse |description: Cold brew coffee Berliner Weisse. Kettle-soured berliner weisse style beer fermented with speciality ethiopian and guatemala antigua coffee beans. |ABV: 3.9 |IBU: 10 |rating: 3.74,TuffBuzz,Sourbucks
beer kind: Sour - Berliner Weisse |description:  |ABV: 4.3 |IBU: 14 |rating: 3.65,FIRST Craft Beer,Berry Beary
"beer kind: Sour - Berliner Weisse |description: Ádám sem tudott ellenállni az édeni csábításnak! Te miért tennéd? Érezd, ahogy a szenvedély rajtad is eluralkodik. |ABV: 5.3 |IBU: N/A |rating: 3.65",Hajnali Sörfőzők,Fruit Fantasies
beer kind: Sour - Berliner Weisse |description: Fermented with berry. |ABV: 4.5 |IBU: N/A |rating: 3.57,Csupor Craft Beer,kØcSØg
"beer kind: Sour - Berliner Weisse |description: kicsit sárga, kicsit savanyú, de a miénk! hübris savanyü felsőerjesztésű sör. |ABV: 3.6 |IBU: 8 |rating: 3.55",hübris,savanyü
beer kind: Sour - Berliner Weisse |description:  |ABV: 3.5 |IBU: N/A |rating: 3.54,Mad Scientist,Magyar Uborkasaláta
"beer kind: Sour - Berliner Weisse |description: - Igyunk egy málnával, sárgadinnyévelés mentával ízesített Florida Weisse-t.- Az mi? - Mimi.- Ezt kérdezem én is. - Most mondtam. Mimi!- Amit inni akarsz! - MIMI!!!!- Mindegy, igyunk... |ABV: 3.9 |IBU: 5 |rating: 3.52",Fehér Nyúl,MIMI
beer kind: Sour - Berliner Weisse |description: Berliner weisse tárkonnyal. |ABV: 3.7 |IBU: 12 |rating: 3.51,Reketye Brewing Co.,Braindance
beer kind: Sour - Flanders Oud Bruin |description: Oud Bruin Blend Aged In Red Wine Barrels For 24 Months |ABV: 7.2 |IBU: N/A |rating: 3.85,MadX,The Things We Do For Love
beer kind: Sour - Flanders Red Ale |description: Wine Barrel Aged Flanders Red Ale with Sour Cherries |ABV: 6.5 |IBU: N/A |rating: 3.85,MadX,Ticket To Anywhere
"beer kind: Sour - Flanders Red Ale |description: Barrel Aged Flanders Red Ale with Sour Cherries, Raspberries and Cacao Nibs |ABV: 5.1 |IBU: N/A |rating: 3.84",MadX,Nothing To Lose
beer kind: Sour - Flanders Red Ale |description: Barrel Aged Flanders Red Ale With Sour Cherries And Vanilla |ABV: 6.0 |IBU: N/A |rating: 3.82,MadX,You Gotta Make A Decision
beer kind: Sour - Flanders Red Ale |description: Barrel aged flanders red ale with sour cherries and raspberries |ABV: 5.1 |IBU: N/A |rating: 3.78,MadX,Maybe Together We Can Get Somewhere
"beer kind: Sour - Flanders Red Ale |description: Első Flanders Red stílusú sörünk, ami a klasszikus flamand recepten alapul.Mi is szerettük volna a saját Flandersünket megcsinálni, de persze a saját szájízünk szerint. A koncepció az volt, hogy az alapból is savanyú, ízében enyhén boros jegyekkel bíró alapsört megtoljuk egy adag olyan gyümölccsel, ami nagyon passzol a gyümis/boros alaphoz. Ezért esett a választásunk a meggyre, ami tökéletesen belesimul az alapsörbe, csodálatosan kiegészíti az ízjegyeit.A végeredmény egy stílusának megfelelően borostyán színű, tükrös sör, aminek enyhén boros, gyümölcsös ízjegyei nagyon szépen hozzák az eredeti stílus által támasztott elvárásokat. |ABV: 5.4 |IBU: N/A |rating: 3.58",HORIZONT Brewing,Sour Series - Cherries On Acid
"beer kind: Sour - Flanders Red Ale |description: MONYO x Brigád Mór collab! Oak Aged Imperial Flanders Red ale brewed with Ezerjó must. Mindig is ahhoz tartottuk magunkat, hogy a legkomolyabb borászatok portfoliójába is belefér egy kis sör és egy csipetnyi bohókásság. Így született meg évekkel ezelőtt a Hungarian Terroir sorozatunk, melyben söreinket különféle borászatok fürtjeivel együtt érlelve keltettük életre.Sajnos viszont minden jónak egyszer vége szakad. Így lett a Terroir szériával is, melynek most utolsó tagját a móri Brigád Pincével közösen készítettük el. Az eredmény egy Ezerjóból készült Flanders Red Ale sör lett, ami talán soha nem ízlelt harmóniát szült a bor és a sör házassága közt.Borostyános színvilágához cherrys aroma párosul, amire hajnali ködként száll rá egy adag vanília. Egy pici lecsengés, így lesz végül kerek ez a móri sör-bor különlegesség. Meghozta a kedvedet egy hörpintésre? Dobj egyet a kosaradba, vagy kóstold meg bármelyik rendezvényünkön a MONYO TapRoomban! |ABV: 8.1 |IBU: N/A |rating: 3.57",MONYO Brewing Co.,Hungarian Terroir: Mór - Oak Aged Imperial Flanders Red Ale 2022
"beer kind: Sour - Fruited |description: Apricot Maracuja Basil Agua Fresca Nu Sour.This batch is a joint between Amandla and Ghidorah— two iconic sour beer of mine. A tart, juicy and creamy Nu Sour conditioned on fresh Genovese basil instead of hops, insanely amounts of magical juicy Ecuadorian maracuja, smooth Hungarian apricot, and a pinch of Inca sun salt. |ABV: 4.5 |IBU: N/A |rating: 3.85",B*BOP FERMENTORY,AMANDORAH
beer kind: Sour - Fruited |description: Barrel Aged Sour Ale With Sour Cherries brewed with our friends Holy Goat during BPBW Budapest Beer Week |ABV: 5.9 |IBU: N/A |rating: 3.85,MadX,Holy Funk
"beer kind: Sour - Fruited |description: Rengeteg gyümölcs (málna és meggy), egy csipetnyi mexikói vanília és laktóz, határozott savanyúsággal. |ABV: 6.0 |IBU: N/A |rating: 3.84",Brew Your Mind,Fruit Works: Raspberry + Sour Cherry
"beer kind: Sour - Fruited |description: Apricot, basil, tonka beans |ABV: 7.0 |IBU: N/A |rating: 3.84",HopTails Brewery,SimplePoint
"beer kind: Sour - Fruited |description: Rengeteg gyümölcs (málna, feketeszeder, áfonya), egy csipetnyi laktóz határozott savanyúsággal. Lucky Cap Geisha kávéval. |ABV: 5.5 |IBU: N/A |rating: 3.83",Brew Your Mind,Fruit Works - Raspberry + Blackberry + Blueberry - Coffee
"beer kind: Sour - Fruited |description: Rengeteg narancs, egy csipetnyi vanília és laktóz egy határozottan savanyú sörben. |ABV: 7.4 |IBU: N/A |rating: 3.83",Brew Your Mind,Fruit Works - Orange
beer kind: Sour - Fruited |description: An imperial fruit sour ale with premium red&blackcurrant puree and blueberries. A real fruit bomb with creamy mouthfeel and refreshing sourness. Highly recommended. Contains lactose. |ABV: 7.5 |IBU: 15 |rating: 3.83,HORIZONT Brewing,Sour Series - Imperial Sour Ale with Blackcurrants And Blueberries
"beer kind: Sour - Fruited |description: Higher Dimension Lean Nu Sour.A cosmic Nu Sour conditioned on Bangladeshi jackfruit, fresh cactus water, ginger, flamingo sparkles, butterfly pea flowers and a pinch of Bolivian rose salt.Brewed to celebrate my friends Jazzbois newest album “Higher Dimension Waiting Room”. |ABV: 4.5 |IBU: N/A |rating: 3.82",B*BOP FERMENTORY,GOMBA SLAP
"beer kind: Sour - Fruited |description: Meridian is a refined, refreshing sour with tons of sweet, juicy strawberries and hints of warming Kampot pepper spice.The malt base is rye-accented, which gives the beer a touch of crunchy grain character. We heighten this sensation with an in-house infusion of Cambodian red Kampot pepper to deliver an intriguing peppercorn aroma along with complementary red fruit notes on the palate. |ABV: 6.3 |IBU: 9 |rating: 3.81",Gravity Brewing,Meridian - Autumn Sour
"beer kind: Sour - Fruited |description: A Category12 Brewing, kanadai főzdével készítettük el az év két legizgalmasabb kollabját. Ez a tétel egy áfonyás, tőzegáfonyás, juharszirupos savanyú, melyet a vanília egészít ki és a búzapehely-laktóz kombó tesz igazán selymessé és krémessé. Our first collaboration with our friends from the Canadian Category12 Brewing is a sour ale made with blueberry, cranberry, maple syrup reselmbling the perfect Canadian breakfast. Thanks to the added vanilla, wheat flakes and lactose, this beer is perfectly smooth, creamy and very nice to drink. |ABV: 9.2 |IBU: N/A |rating: 3.81",HORIZONT Brewing,Sour Series Canadian Breakfast Sour
beer kind: Sour - Fruited |description: Nordic Sour Ale with Cherries and Black Currant |ABV: 8.3 |IBU: N/A |rating: 3.8,MadX,Lorem Ipsum
"beer kind: Sour - Fruited |description: Rengeteg sárgabarack és feketeribizli, egy csipetnyi vanília és laktóz - határozott savanyúsággal. |ABV: 5.7 |IBU: N/A |rating: 3.8",Brew Your Mind,Fruit Works - Apricot + Blackcurrant
beer kind: Sour - Fruited |description:  |ABV: 4.0 |IBU: 1 |rating: 3.8,One Beer,CSERRI KÓK
"beer kind: Sour - Fruited |description: Rengeteg guava, egy csipetnyi vanília és laktóz egy határozottan savanyú sörben. |ABV: 5.5 |IBU: N/A |rating: 3.8",Brew Your Mind,Fruit Works - GUAVA
"beer kind: Sour - Fruited |description: Sárgabarack, Őszibarack, Vanília, TonkababApricot, Peach, Vanilla, Tonka bean |ABV: 7.0 |IBU: N/A |rating: 3.79",HopTails Brewery,PeachPoint
"beer kind: Sour - Fruited |description: Tetemes mennyiségű keksz és laktóz, no meg friss lime és valódi vanília: nem mindennapi kombináció, amit részben a lime pie desszert, részben a Lime Tears sörünk inspirált.A generous amount of biscuits and lactose, as well as fresh lime and real vanilla: an unusual combination, partly inspired by the lime pie dessert and partly by our Lime Tears beer. |ABV: 6.0 |IBU: N/A |rating: 3.79",Fehér Nyúl,Lime Lane
"beer kind: Sour - Fruited |description: A Sour Ale fermented with red williams pear, rosemary and lactose. My first beer I ever brewed, one of Hungary’s first fruited Sour Ales. |ABV: 6.2 |IBU: N/A |rating: 3.79",B*BOP FERMENTORY,William Shakes Pear
"beer kind: Sour - Fruited |description: Refreshing raspberry with lime, spiced up with a little bit of mint. Collaboration with Heist Brew Co. |ABV: 5.1 |IBU: 13 |rating: 3.79",HORIZONT Brewing,"Raspberry, Lime & Mint Sour Ale"
"beer kind: Sour - Fruited |description: Breakfast Sour is the real breakfast for champions. Basicaly it's morning cereal with fruits, chocolate, coffee and yoghurt. We kettlesoured the beer with yoghurt from a hungarian dairy producer and added rapsberry, blackberry and blueberry during the fermentation. The ready to go beer then was sitting on coffee and cocoa nibs to have the full breakfast experience. |ABV: 6.7 |IBU: N/A |rating: 3.79",HORIZONT Brewing,Sour Series - Breakfast Sour
"beer kind: Sour - Fruited |description: Kávé és gyümölcs? Naná!A grapefruit és a cold brew találkozás egy Tart Ale-ben. Egyszerre frissítő és izgalmas: a grapefruit citrusos karaktere a kávé mély, pörkölt jegyeivel harmónizál. Már az első kortynál kiderül, mennyire könnyen csúszik. Szinte olyan, mintha egy üdítőt innál, mégis tele van komplex ízekkel.Könnyed, mindössze 3,5%-os sör, de a karakteres gyümölcsös és kávés ízek rajongói egész évben kedvükre találják benne a kedvencüket, vagy amíg a készlet tart.Tárold hűtve, fogyaszd frissen! |ABV: 3.5 |IBU: N/A |rating: 3.79",MONYO Brewing Co.,Bitter For the Better
beer kind: Sour - Fruited |description: Barrel Aged Golder Sour Ale with Blackcurrant and Blackberry |ABV: 5.5 |IBU: N/A |rating: 3.79,MadX,Brace For Impact
"beer kind: Sour - Fruited |description: MARACUJA & PEACH INFUSED SOUR WITH TONKABEANSElhiheted, hogy ezt a sour ipát annyira vártad már, mint 95-ben a Szárnyas fejvadászt és a Dredd bírót a kábeltévében.Összetevők: víz, árpamaláta, búzamaláta, zabmaláta, búzapehely, zabpehely, kajszibarack velő, maracuja velő, sörélesztő, komló, tonkababMaláták: golden promise, oat malted, oat flake, wheat malt, dextrin maltKomlók: Mosaic |ABV: 8.2 |IBU: N/A |rating: 3.78",UGAR Brewery,Synth Pop Sour
beer kind: Sour - Fruited |description:  |ABV: 5.0 |IBU: N/A |rating: 3.78,InVitro Brewing,Crimson
"beer kind: Sour - Fruited |description: Gin Fizz Sour.A gin fizz inspired refreshing and drinkable Sour Ale fermented with Sicilian lemons, key lime purée, Agárdi gin soaked fresh juniper berries, Persian blue salt and a blend of well selected gin botanicals.Brewed to celebrate the sweet lord of hip hop beats Jay Dee aka J Dilla. |ABV: 4.3 |IBU: N/A |rating: 3.78",B*BOP FERMENTORY,DILLA
"beer kind: Sour - Fruited |description: Laza Sour, Philly Sour élesztővel savanyítva és erjesztve. Rengeteg körtét kapott a sör, főzés közben és hideg oldalon pedig megküldtük szegfűszeg, fahéj duóval.Fűszeres, könnyed, gyümölcsös, itatós (vedelős) tétel lett, amit a fertőrákosi Krois Brewery-vel készítettünk közösen. |ABV: 4.8 |IBU: 10 |rating: 3.78",Etyeki Sörmanufaktúra,Pear of the God
"beer kind: Sour - Fruited |description: Our final Pilot beer (don't worry will come up with a new line next year). As a fitting fairwell, this imperial sour clocks in at 8,5%, with 800 kilos of added apricot puree. Liquid jam in your glass! // Az utolsó Pilotnál nagyot gurítunk: a 20-as egy imperial sour 8,5%-ös alkohollal, melybe 800 kg sárgabarackpürét és -velőt tettünk. A mama lekvárja kiugrik a poharadból! |ABV: 8.5 |IBU: N/A |rating: 3.77",HORIZONT Brewing,Pilot Series #20 - Imperial Apricot Sour
beer kind: Sour - Fruited |description:  |ABV: 6.4 |IBU: N/A |rating: 3.76,UGAR Brewery,Spectrum Series - Don't Forget the Sauce!
beer kind: Sour - Fruited |description:  |ABV: 5.0 |IBU: N/A |rating: 3.76,INCZELLAR,Kanka
beer kind: Sour - Fruited |description:  |ABV: 5.3 |IBU: N/A |rating: 3.76,FIRST Craft Beer,Fruit Flies (Into My Mouth)
"beer kind: Sour - Fruited |description: Ribizli, áfonya, kakaó és vanília. Neked is így néz ki a reggeli zabkásád? A hangsúly a gyümölcsökön van, amit szofisztikáltan egészít ki a kakaó, a vanília pedig kiemeli és frissé teszi a gyümölcsök illatát. Ezt egészíti ki a zab és a laktóz, amik gondoskodnak a sör krémességéről. Cheers! |ABV: 5.7 |IBU: N/A |rating: 3.76",Fraktaal Brewing,Endless Splash
"beer kind: Sour - Fruited |description: Mandarin Bloodorange Cocoa Vanilla Fudge Sour. A thick and creamy sour infused with mandarin, italian Tarocco bloodorange, dried orange peel, venezuelan cocoa beans and french vanilla fudge. Cookie love, cookie life. A collaboration with Balkezes. |ABV: 6.5 |IBU: N/A |rating: 3.76",B*BOP FERMENTORY,Pheromon Juus
"beer kind: Sour - Fruited |description: Meggyel, feketeribizlivel és tonkababbal készült el ez a kifejezetten fanyar, sűrű, egészen smoothie-szerű savanyúságunk. Testes darab, de a gyümölcsösség és a tonkabab fűszeressége tökéletesen kiegészítik egymást!---This tart, thick and almost smoothie-like sour ale was made with sour cherry, blackcurrant and tonka beans. A thick boi, but the fruitiness and the spicefulness of the tonka beans percectly compliment each other! |ABV: 9.0 |IBU: N/A |rating: 3.75",FIRST Craft Beer,The Fruit Locker
"beer kind: Sour - Fruited Berliner Weisse |description: Egy szemtelenül frissítő, alacsony alkoholtartalmú berliner weisse csordultig pakolva valódi eperrel. Ez a limitált kiadású, TesztAndrás kísérleti sör a típusra jellemző tejsavasan savanyú jegyek és a zamatos eper érzéki játéka. Kellemesen szénsavas testtel, lendületes savgerinccel. |ABV: 3.8 |IBU: 15 |rating: 3.83",Szent András Sörfőzde,TesztAndrás Lambda.14
"beer kind: Sour - Fruited Berliner Weisse |description: Berliner Weisse kígyóuborkával, lime héjjal, gin fűszerekkel és kveik élesztővel.Berliner Weisse with cucumber, lime zest, gin spices and kveik yeast. |ABV: 4.2 |IBU: 6 |rating: 3.82",INCZELLAR,Cucumber Gin Fizz
"beer kind: Sour - Fruited Berliner Weisse |description: Sourbucks Raspberry is a berliner weisse style beer with cold ""brewed"" coffe beans and a ton of raspberries. It's the fruited version of our original concept called - surprisingly - Sourbucks, which is brewed without fruits, just the beer iself and the cold soaked coffee beans. Besides keeping it ""cold-brewed"" with specialty coffee produced by the Hungarian roastery Casino Mocca we've added 15% raspberry to this edition. Cheers! |ABV: 5.0 |IBU: 10 |rating: 3.81",TuffBuzz,Sourbucks Raspberry
"beer kind: Sour - Fruited Berliner Weisse |description: Double fruited imperial berliner weisse with madagascar vanilla, red- and blackcurrant. Drink fresh, do not age, keep cold.The first batch was 7,8%, from the 2nd batch it's just 6,5% |ABV: 6.5 |IBU: 1 |rating: 3.81",HopTop Brewery,Currantly Locked Down
"beer kind: Sour - Fruited Berliner Weisse |description: Breakfast Smoothie Inspired Berliner Weisse w/ Blackcurrant, Passion Fruit, Calamansi |ABV: 4.9 |IBU: N/A |rating: 3.79",Mad Scientist,Unsafe Space
"beer kind: Sour - Fruited Berliner Weisse |description: Sokszor lehet hallani, mennyire fontos, hogy törődj magaddal és ennek különböző, furcsa megfogalmazásai. (Én idő?) Mi csak annyit szeretnénk mondani, hogy ezzel a berliner weisse sörrel, amiben az erdei bogyósgyümölcsök a vanília és laktózfelhőkön rezegnek, biztosan jól kalibrálhatod örömközpontod. |ABV: 6.0 |IBU: N/A |rating: 3.76",Reketye Brewing Co.,Pop My Berry
"beer kind: Sour - Fruited Berliner Weisse |description: A real refreshing fruited Berliner Weisse with Guava and Passionfruit. This creamy, fruitbomb will not alter your judgement, even after the 6th pint you'll know this is good choice to drink!  |ABV: 3.5 |IBU: 15 |rating: 3.75",HORIZONT Brewing,Sour Series - Berliner Weisse With Guava And Passionfruit
beer kind: Sour - Fruited Berliner Weisse |description: Tart and sweet with strawbeeries lime and tarragon. BPBW2023 RELEASE |ABV: 6.0 |IBU: 15 |rating: 3.75,Reketye Brewing Co.,Limeberry Twist
"beer kind: Sour - Fruited Berliner Weisse |description: Könnyed, frissítő Berliner Weisse kígyóuborkával, lime héjjal és kveik élesztővel.Easy-drinking, refreshing Berliner Weisse with cucumber, lime zest and kveik yeast. |ABV: 4.2 |IBU: 6 |rating: 3.75",INCZELLAR,Cucumber Fever
"beer kind: Sour - Fruited Berliner Weisse |description: Cold Brew Coffee Blood Orange Berliner Weisse//""Berlin, Berlin, this city is sin. You never get out the way you walked in""Like an old friend, whose call you can't refuse and truth is, you don't even want to. This time Impresso Micro Roastery's Colombia Finca El Faldon coffee holds your hand in this outlandish maze.//""Berlin, Berlin, a bűnös város. Ki egyszer belép, nyakig sáros!""Mint egy régi ismerős, akinek hívására nem tudsz nemet mondani, de valójában nem is akarsz. Ezúttal az Impresso Micro Roastery Colombia Finca El Faldon kávéja fogja a kezed ebben a furcsa útvesztőben. |ABV: 5.0 |IBU: N/A |rating: 3.74",Dealbreaker,Berlin Showdown
"beer kind: Sour - Fruited Berliner Weisse |description: A Double Berliner weisse with blaccurrant and tonka beans. Ettől a ribizlivel jól megpakolt, tonkababbal fűszerezett sourtól garantáltan húzni fogod a szádat. |ABV: 6.0 |IBU: N/A |rating: 3.74",Hajnali Sörfőzők,Acid Stroke
beer kind: Sour - Fruited Berliner Weisse |description:  |ABV: 5.5 |IBU: N/A |rating: 3.74,Malty Way,Mars Lander
beer kind: Sour - Fruited Berliner Weisse |description:  |ABV: 6.0 |IBU: N/A |rating: 3.73,Reketye Brewing Co.,Pop My Raspberry
"beer kind: Sour - Fruited Berliner Weisse |description: A #szuperhősítő gyümölcsös Berliner Weisse következik. Sose félj, míg engem iszol. A ribizli a legjobb gyümölcs a világon. Pici, mégis annyi íz és annyi erő. Savanyú, de édes. Bosszantóan piros, de ijesztően fekete. Ribizlizik a hátam. |ABV: 6.4 |IBU: N/A |rating: 3.72",Superside Brewery,Blackcurrant Berliner Weisse
beer kind: Sour - Fruited Berliner Weisse |description: Double Fruited Berliner Weisse With Raspberry |ABV: 4.5 |IBU: N/A |rating: 3.72,Mad Scientist,Very Raspberry
"beer kind: Sour - Fruited Berliner Weisse |description: Berliner Weisse with Sour Cherry & Blackcurrant. Collaboration brew with Lux In Tenebris, Moscow. |ABV: 6.6 |IBU: N/A |rating: 3.72",MONYO Brewing Co.,In the Red
"beer kind: Sour - Fruited Berliner Weisse |description: Ananász és málna hozzáadásával készült világos, savanyú sör. |ABV: 4.5 |IBU: 4 |rating: 3.72",Zip's Brewhouse,Razzberry Lemonade
"beer kind: Sour - Fruited Berliner Weisse |description: A Pál Utcai Fiúk grundja a sörfőzők játszóterére költözött. Ebből lett Weisz, ami egy alacsony alkoholtartalmú berliner weisse az érett körte gyümölcsös ízével, frissességével. Sörünk a típusra jellemző tejsavas fanyarság és a zamatos körte könnyed harmóniája, kellemesen szénsavas testtel, lendületes savgerinccel. |ABV: 3.7 |IBU: 7 |rating: 3.72",Szent András Sörfőzde,Weisz
"beer kind: Sour - Fruited Berliner Weisse |description: Stílus az, amikor önmagát utánozza az ember. Sörünk TesztAndrás-kísérletként debütált, de olyannyira sikeres lett, hogy bekerült az állandó kínálatba. Rózsi egy alacsony alkoholtartalmú berliner weisse a típusra jellemző tejsavas fanyarsággal, kellemesen szénsavas testtel és a zamatos eper érzéki játékával. |ABV: 3.7 |IBU: 7 |rating: 3.71",Szent András Sörfőzde,Rózsi
"beer kind: Sour - Fruited Berliner Weisse |description: Berliner Weisse with Lychee puree, Lime puree, Yuzu puree & Jalapeño collab brewed with our friend Alex of OneTwo from Timișoara |ABV: 6.2 |IBU: N/A |rating: 3.71",Mad Scientist,Lucifer's Rocking Chair
"beer kind: Sour - Fruited Berliner Weisse |description: Megérkezett a “Summer Series” névre keresztelt nyári sorozatunk harmadik és egyben záró tagja, egy szuper gyümölcsös és frissítő berliner weisse, a Mango Margaret. A receptet Vidó Márk sörfőzőnk álmodta meg. Az ""alapsör"" egy klasszikus Berliner Weisse (savanyított búzasör), amit a sorozat többi tagjához hasonlóan ismét rengeteg gyümölccsel dobtunk fel. A 2000 liter sörbe közel 500kg mangó - és kalamansi* pürét adagoltunk több lépcsőben (*Ázsiában őshonos citrusféle). A Mango Margaret (3.8% vol.) megjelenésre zavaros, gyümölcslé-szerű, ""juicy"". Illatban a trópusi gyümölcsök, citrushéjak és a grapefruit dominál. Ízben citrusok, mangó és masszív kalamansi, fanyar és savanyú sör hosszú lecsengéssel, kicsit gabonás-kenyeres jelleggel. Az új nyári koktélod.--The latest and last member of our ""Summer Series"" here, it's a super fruity refreshing berliner weisse, called the Mango Margaret. The recipe is created by our crazy talented brewer, Márk Vidó. The base is a classic Berliner Weisse (sour wheat beer) that got a twist by a lot of fruits, like the other members of this series. The total of 2000 liter beer was pimped up in several phases with almost 500 kg mango & calamansi* puree (*Citrus is native to Asia). The appearance of the Mango Margaret (3.8%) is hazy, juicy, its fragrance is dominated by tropical fruits, citrus peels and grapefruit. It tastes citrusy, with a tone of mango and calamansi that completes in an astringent sour beer with long aftertaste. |ABV: 3.8 |IBU: N/A |rating: 3.7",MONYO Brewing Co.,Mango Margaret
"beer kind: Sour - Fruited Berliner Weisse |description: Cold Brew Coffee Raspberry Berliner Weisse//So San Diego Showdown. We could say this was the only exit from that maze we entered in Berlin, but truth is, all happened in reverse order. Tons of raspberry, Impresso's Colombia El Embrujo Natural coffee, touch of coconut and lime help feed the chaos; just to see how the pieces come together in the end.Ingredients: water, barley and wheat malts, wheat flakes, raspberry, lime, toasted coconut flakes, coffee, hops, Lactobacillus culture, yeast//Szóval San Diego Showdown. Mondhatnánk, hogy a berlini útvesztőből csak itt lyukadhattunk ki, de hát igazság szerint pont fordítva történt. Rengeteg málna, az Impresso Colombia El Embrujo Natural kávéja, némi kókusz és lime segít még tovább növelni a káoszt; hogy a végén aztán minden összeálljon.Összetevők: víz, árpa- és búzamaláta, búzapehely, málna, lime, pirított kókuszpehely, kávé, komló, Lactobacillus kultúra, élesztő |ABV: 5.0 |IBU: N/A |rating: 3.7",Dealbreaker,San Diego Showdown
beer kind: Sour - Fruited Berliner Weisse |description: Imperial Berliner Weisse with sour cherry and blueberry  |ABV: 4.7 |IBU: N/A |rating: 3.7,HopTop Brewery,Rainbow Sour
beer kind: Sour - Fruited Berliner Weisse |description: Blueberry Cheesecake Berliner Weisse |ABV: 6.0 |IBU: 10 |rating: 3.7,Reketye Brewing Co.,Pop My Blueberry
"beer kind: Sour - Fruited Berliner Weisse |description: Ez nem csak egy szimpla sör. Ez egy konkrét merénylet a német tisztasági törvény ellen. Már a forralás előtt beleborított 20 kiló joghurt kiverné a biztosítékot a sörrendőrségnél, de az a mennyiségű fekete szeder, amit még belelapátoltunk, olyan hatással rántja össze az arcod, mint egy nagy köteg TNT egy völgyhidat. De nem kell félni, az összerántás őszinte mosolyt formál majd az arcodon. A közérthetőség kedvéért hidegkomlóztuk is, hogy igazi könnyen fogyasztható, nyári sör legyen. |ABV: 4.2 |IBU: 7 |rating: 3.69",Reczer Ser,Collabrew Series #4 - Sabotage
beer kind: Sour - Fruited Berliner Weisse |description: Strawberry Cheesecake berliner weisse |ABV: 6.0 |IBU: N/A |rating: 3.69,Reketye Brewing Co.,Pop My Strawberry
"beer kind: Sour - Fruited Berliner Weisse |description: Fresh, fruity, juicy. A refreshing berliner weisse brewed up in collaboration with the legendary Kjetil Jikiun from Axiom Brewery is a good example what everyone is looking for. Drinkability and fun. We added a huge amount of sea buckthorn puree (around 20% of the whole batch) and tried some interresting yeast strains to sour it with. Enjoy fresh! // Frissítő, gyümölcslé szerű megjelenés, fanyar és izgalmas. Hatalmas adag homoktövis adja meg a végső löketet. Az Axiom Breweryvel közösen készített sörünk, a sörfőző a norvég legenda Kjetil Jikiun.  |ABV: 3.2 |IBU: N/A |rating: 3.68",HORIZONT Brewing,Sour Series - Sea Buckthorn Berliner Weisse
"beer kind: Sour - Fruited Berliner Weisse |description: Merész ízek, örök fiataloknak. Siller egy alacsony alkoholtartalmú berliner weisse a típusra jellemző tejsavas fanyarsággal, lendületes savgerinccel. Sörünk a kellemesen szánsavas test, a lágy buborékosság és a szentandrási kreativitás tökéletes harmóniája csordultig pakolva szederrel és feketeribizlivel. |ABV: 3.7 |IBU: 7 |rating: 3.66",Szent András Sörfőzde,Siller
"beer kind: Sour - Fruited Berliner Weisse |description: A Lambda.18 egy alacsony alkoholtartalmú könnyed nyári búzasör a típusra jellemző tejsavas fanyarsággal, izgalmas savgerinccel. Sörünk a kellemesen szánsavas test, a lágy buborékosság és a szentandrási kreativitás tökéletes harmóniája csordultig pakolva naranccsal és mandarinnal. Viszlát limonádé, helló új citrusos TesztAndrás! |ABV: 3.7 |IBU: 10 |rating: 3.66",Szent András Sörfőzde,TesztAndrás Lambda.18
beer kind: Sour - Fruited Berliner Weisse |description: with maracuja & kiwi fruit |ABV: 5.3 |IBU: N/A |rating: 3.66,Brew Your Mind,Fruit Works - Kiwi & Maracuja Berliner Weisse
"beer kind: Sour - Fruited Berliner Weisse |description: Idei második kollaborációnkban ötvöződik két szenvedélyünk: a specialty kávé és a kraft sör. Történt ugyanis, hogy kiderült: a Hygge baristái évek óta jó barátságot ápolnak a világ talán leghíresebb mikropörkölő üzemével, a dán Coffee Collective-vel és régi vágyuk már, hogy előbbi felhasználásával készítsenek egy kávés sört. Mi pedig nem tudtunk nemet mondani arra, hogy a Mikkeller vagy a Hills Farmstead után velünk dolgozzanak együtt, így elkezdtünk recepteken ötletelni – és végül megszületett a Mange Tak. A berliner weisse tejsavas savanyúságához tökéletesen passzol a kenyai Kieni kávé csersavas-citrusos karaktere, a rengeteg zamatos áfonya és a madagaszkári vanília pedig további mélységeket és szép balanszot ad a végeredménynek. Ráadásul frissítő karakteréhez hűen csak 3.3%-os az alkoholtartalma, így „egészestés” tételnek is ideális.----Our friends at Hygge are masters at the art, science, and complexity of coffee roasting, tasting, and extraction. For Mange Tak, we worked in conjunction with them to select a coffee that would perfectly support and complement our base berliner weisse. In the end, we’ve selected a Kenyan Kieni coffee from one of the most respected microroasteries, the danish Coffee Collective. It’s unique acidity pairs well with the chosen beer style, and to enhance it’s intense fruity aroma, we’ve also added copious amount of fresh blueberries and Madagascar vanilla to it. The result is truly greater than the sum of its parts.  |ABV: 3.3 |IBU: N/A |rating: 3.66",MONYO Brewing Co.,Mange Tak
"beer kind: Sour - Fruited Berliner Weisse |description: Berliner Weisse with ton of ""Újfehértói fürtös"" Hungarian Sour Cherry. |ABV: 4.3 |IBU: N/A |rating: 3.66",MONYO Brewing Co.,Ich Bin Ein Hipster.
"beer kind: Sour - Fruited Berliner Weisse |description: Maracuja Berliner Weisse//Fruity, sour, vibrant and ethereal: resistance is futile so even trying is pointless. True unconditional love at first sip.Unconditioned Love is the remixed reincarnation of Ms. WorldWild, a classic by TuffBuzz, Peter's original project loaded with even more maracuja this time.//Gyümölcsös, savanyú, vibráló és könnyed: minden ellenállás hasztalan, és pont ezért próbálkozni sem érdemes. Feltétel nélküli igaz szerelem első kortyra.Az Unconditional Love még Pai eredeti projektje, a TuffBuzz Ms. WorldWild klasszikusának újrakevert, még több maracujával főzött reinkarnációja. |ABV: 3.6 |IBU: 5 |rating: 3.66",Dealbreaker,Unconditional Love
"beer kind: Sour - Fruited Berliner Weisse |description: Fruited Berliner Weisse with Mango, Green Tea & Yuzu |ABV: 4.7 |IBU: N/A |rating: 3.65",Mad Scientist,Tokyo Soirée
beer kind: Sour - Fruited Berliner Weisse |description:  |ABV: 4.6 |IBU: N/A |rating: 3.65,Hajnali Sörfőzők,Fruit Fantasies II
"beer kind: Sour - Fruited Berliner Weisse |description: Berliner Weisse kígyóuborkával, kenyai és nicaraguai cold brew kávéval, és eredeti norvég kveik élesztővel. A kenyai és nicaraguai világos pörkölésű kávébabokat az Arch&Beans Kávéművek pörkölte.Berliner Weisse with cucumber, Kenyan and Nicaraguan cold brew coffee, and original Norwegian kveik yeast. The Kenyan and Nicaraguan light roast coffee beans were roasted by Arch&Beans Coffee Works. |ABV: 4.2 |IBU: 6 |rating: 3.65",INCZELLAR,Cucumber Fever Explorer
beer kind: Sour - Fruited Berliner Weisse |description: Yuzu Lemonade Sour |ABV: 4.3 |IBU: N/A |rating: 3.63,Mad Scientist,Tokyo Sour
"beer kind: Sour - Fruited Berliner Weisse |description: Az idei első Summer Series tag megérkezett, hello Berry Bradley! Könnyű és frissítő Berliner weisse rengeteg meggyel, fekete ribizlivel és piros ribizlivel főzve. |ABV: 3.2 |IBU: N/A |rating: 3.63",MONYO Brewing Co.,Berry Bradley
beer kind: Sour - Fruited Berliner Weisse |description: Cherry cheesecake berliner weisse. |ABV: 6.0 |IBU: 10 |rating: 3.63,Reketye Brewing Co.,Pop My Cherry
"beer kind: Sour - Fruited Berliner Weisse |description: Egy lime-os, savanyú tétel nyárra, amit feltuningoltunk egy jó adag mentával, és egy picike citromfűvel. A végeredmény egy nagyon kellemes cucc lett, ami annak ellenére, hogy savanyú, akár egy lime-os limonádé, durván itatja magát. Elég jó levezetése lehet egy forró nyári napnak, ami akár egy szimfónia, pihenteti és kikapcsolja az elmét és a testet is egyben.We wanted to create a quite sour brew reminiscent of Ice Tea Sour, which we’ve boosted with a good dose of mint and a touch of lemon balm.The result is a very pleasant drink that, despite being sour like a lime lemonade, is incredibly drinkable. |ABV: 3.0 |IBU: N/A |rating: 3.63",HORIZONT Brewing,Sour Series - Cooldown Symphony
"beer kind: Sour - Fruited Berliner Weisse |description: A korábban ""Rózsi"" néven futó Epres Búza egy alacsony alkoholtartalmú, német stílusú, berliner weisse búzasör a típusra jellemző tejsavas fanyarsággal, kellemesen szénsavas testtel és a zamatos eper érzéki játékával. Savanykás, de erősen gyümölcsös ízek, nem csak hölgyeknek.2025 előtt: 4.9%2025 után: 3.7% |ABV: 3.7 |IBU: 7 |rating: 3.62",Szent András Sörfőzde,Epres Búza
"beer kind: Sour - Fruited Berliner Weisse |description: Kollaborációs főzet a német Brauerei Flüggével. Kávés Berliner Weisse, amiben az enyhén pörkölt kávé aromái párosulnak a savanyított sör fűszerességével.Collaboration brew with the German Brauerei Flügge. Coffee Berliner Weisse, in which the mildly roasted coffee’s aromas pair with the sour base beer’s spiciness. |ABV: 4.5 |IBU: 6 |rating: 3.62",Fehér Nyúl,Hoppeln & Zwitschern
"beer kind: Sour - Fruited Berliner Weisse |description: Volt egy víziónk, ahol a málna és a kávé találkozik. Egy hely, ahol a fanyar és az édes kávébabokba ütközik és valami történik. Ez a vízió egy formulába öntődött. A könnyed Berliner Weisse alapba belesimul a málna és a specialty kávé, a következő korty pedig az álmaidban ér utol.We had a vision where raspberry and coffee meet. A place where tartness and sweetness collide with coffee beans — and something happens. This vision turned into a formula. Raspberry and specialty coffee blend into a light Berliner Weisse base, and the next sip finds you even in your dreams. |ABV: 3.3 |IBU: N/A |rating: 3.62",Fehér Nyúl,Vision
"beer kind: Sour - Fruited Berliner Weisse |description: Smoothie Style Berliner Weisse w/ pear, chokeberry, strawberry, blackcurrant, blackberry, elderberry, cacao nibs & coconut yogurt |ABV: 5.0 |IBU: N/A |rating: 3.61",Mad Scientist,Identity Enhancer
"beer kind: Sour - Fruited Berliner Weisse |description: A nyár leglazább söre megérkezett!A kollabok éve folytatódik, ezúttal egy külföldi partnerünkkel, a dán Tasters-el alkottunk közösen valami újat és izgalmasat.Az Elder Power egy mindössze 3.8%-os Berliner Weisse (savanyított búzasör), amihez jókora adag bodzavirágot és pink guava gyümölcspürét adagoltunk. Könnyű, fanyar és frissítő gyümölcsbomba, a korty végén pedig a malátás jegyek is szépen jönnek. Az alacsony alkoholtartalma miatt a legforróbb nyári napokat is könnyebben elviselhetővé teszi. Frissülj fel vele! |ABV: 3.8 |IBU: N/A |rating: 3.61",MONYO Brewing Co.,MONYO X Tasters - Elder Power
"beer kind: Sour - Fruited Berliner Weisse |description: Double Fruited Berliner Weisse With Mango, Banana & Vanilla |ABV: 5.9 |IBU: N/A |rating: 3.6",Mad Scientist,Jungle VIP
beer kind: Sour - Fruited Berliner Weisse |description:  |ABV: 6.0 |IBU: N/A |rating: 3.59,Reketye Brewing Co.,Pop My Grapefruit
"beer kind: Sour - Fruited Berliner Weisse |description: Fruited Berliner Weisse w. Cold Brew Coffee//You wake up in an orchard and coffee pulsates in your brain. Our collaboration with fellow Hungaricool-winners is a sour beer brewed with raspberry syrup from Spritz, cranberry juice from Funky Forest and twisted with Boro Coffee's Brazilian and Nicaraguan coffee beans. A trip you'll never forget.//Egy gyümölcsösben ébredsz és kávé folyik az agyvized helyén is. Ezt a savanyú sört a szintén Hungaricool-győztes Spritz málnaszörpjével és a Funky Forest tőzegáfonyájával alkottuk meg, majd végül a Boro Coffee brazil és nicaraguai kávéival csavartuk szét. Ezt a kalandot sosem felejted. |ABV: 4.7 |IBU: N/A |rating: 3.59",Dealbreaker,Wake-up Shot
"beer kind: Sour - Fruited Gose |description: Egy igazi nyári, gyümölcsös, könnyed sör. Illatában uralkodik benne a mangó, de ez nem is meglepő, hiszen rengeteg mangópürét lőttünk bele a erjesztő tartályba. Tudtuk, hogy egy kis sav is kell majd mellé, ezért ha már felültünk a gyümölcsös vonatra, akkor a szokásos megoldások helyett inkább egy kevés citrommal tettük enyhén fanyarrá, amit egy kis laktózzal finomhangoltunk. |ABV: 4.5 |IBU: 10 |rating: 3.83",Hara’Punk Brewing,Managoo
"beer kind: Sour - Fruited Gose |description: Mirage Show is a tropical sour bursting with mango, peach, and a creamy touch of coconut. Juicy, smooth, and just the right amount of tart — like a fruity daydream in a glass. |ABV: 3.4 |IBU: N/A |rating: 3.82",HopTop Brewery,Mirage Show
"beer kind: Sour - Fruited Gose |description: Fruited Gose With Raspberry & VanillaAfter the success of Blackcurrant Trifle Junior's first batch, we wanted to create the magic again for the Summer of 2024 with the fruit that fitted the recipe the most. This is what a proper sour should taste like, no gimmicks, no artificial flavors, just crisp fruit puree and real vanilla! |ABV: 6.2 |IBU: N/A |rating: 3.82",Mad Scientist,Raspberry Trifle Junior
beer kind: Sour - Fruited Gose |description:  |ABV: 3.2 |IBU: N/A |rating: 3.81,One Beer,Sugar Lips Passion Fruit Edition
"beer kind: Sour - Fruited Gose |description: Fruited Gose With Blackcurrant & VanillaThe Blackcurrant Trifle Junior is both sweet and sour at the same time, with a bursting fruity mouthfeel and a semi-dry red wine finish that is just screaming for the next sip. Our favorite fruit hasn’t let us down this time either, and the playfulness due to the “restrained” abv guarantees that it won’t be just a one-can adventure!The first batch was 6,3%The second has the abv of 6,7% |ABV: 6.7 |IBU: N/A |rating: 3.81",Mad Scientist,Blackcurrant Trifle Junior
"beer kind: Sour - Fruited Gose |description: imperial gose with mango, passion fruit & peach |ABV: 7.9 |IBU: N/A |rating: 3.8",Brew Your Mind,"Fruit Works - Mango, Passion Fruit & Peach"
"beer kind: Sour - Fruited Gose |description: The saltiness that hides in the background balances out the acidity of the generous amount of raspberries we added to this beer, creating a harmonic drinking experience. |ABV: 6.5 |IBU: N/A |rating: 3.8",Brew Your Mind,Fruit Works - Raspberry Gose 2020
"beer kind: Sour - Fruited Gose |description: Feketeribizli, Gyömbér, TonkababBlackcurrant, Ginger, Tonka beans |ABV: 6.0 |IBU: N/A |rating: 3.79",HopTails Brewery,Common Ground
"beer kind: Sour - Fruited Gose |description: We made this beer to make Your (and our ?) summer even better! Moderately salty, pretty sour and packed with a LOT of mango and raspberries balanced out with a pinch of lactose. Super refreshing. Enjoy! |ABV: 5.0 |IBU: N/A |rating: 3.79",Reketye Brewing Co.,I Want To Go Sailing With You
beer kind: Sour - Fruited Gose |description:  |ABV: 8.4 |IBU: N/A |rating: 3.78,Reketye Brewing Co.,Double Sailing
"beer kind: Sour - Fruited Gose |description: Az eleve szuper mangós Managoo sörünkben megdupláztuk a mangó mennyiségét egy főzet erejéig. A többi hozzávaló mennyiségén is csavartunk természetesen, így született meg a Hara'Punk házi mangó shake-je, a dupla Managoo, vagyis a Managoo Deluxe. |ABV: 6.4 |IBU: 9 |rating: 3.76",Hara’Punk Brewing,Managoo Deluxe
beer kind: Sour - Fruited Gose |description: Double Fruited Soursop Margarita Gose |ABV: 5.6 |IBU: N/A |rating: 3.75,Mad Scientist,Hustle Culture
"beer kind: Sour - Fruited Gose |description: Fruited Pastry Gose with Blueberry, Sudachi and Vanilla//We've been cooking this collab up with our chef friend Norbert Piszkor for so long it might have just been a dream. Still, the beer is finally here: an insane amount of blueberry, a special Japanese citrus called sudachi, Madagascar Bourbon vanilla, a pinch of lactose and salt from Praid set the tone in our first gose.//Olyan régóta terveztük ezt a kollabot Piszkor Norbi séf barátunkkal, hogy talán csak álmodtuk. A sör most mégis itt van: végtelenül sok áfonya, egy különleges japán citrusféle, a sudachi, madagaszkári Bourbon vanília, egy csipet laktóz és parajdi só tartja végig teljes lángon első gose sörünket. |ABV: 4.9 |IBU: N/A |rating: 3.75",Dealbreaker,Track Tokushima
beer kind: Sour - Fruited Gose |description: Imperial Gose With Lime and Coconut |ABV: 8.1 |IBU: N/A |rating: 3.75,Mad Scientist,Coconut Margarita
"beer kind: Sour - Fruited Gose |description: A truly refreshing, very summery, and vibrant sour. Packed with strawberry puree, and pureed cucumbers. Sour, yet creamy, and full. NO LACTOSE |ABV: 6.0 |IBU: 10 |rating: 3.74",Unity Bar & Brewery,Strawberry X Cucumber Sour
"beer kind: Sour - Fruited Gose |description: Feketeribizli, Bazsalikom.Blackcurrant, Basil. |ABV: 4.5 |IBU: N/A |rating: 3.74",HopTails Brewery,Black Basilisk
"beer kind: Sour - Fruited Gose |description: BPBW2023 RELEASE Brother of Wreckonize! A Nu Gose brewed with rosemary, juniper berries, coriander seeds and angelica roots instead of hops, infused with smoked celery and apples with orange peel and cactus water. WHAT? YES! |ABV: 6.0 |IBU: N/A |rating: 3.74",Reketye Brewing Co.,Realize
"beer kind: Sour - Fruited Gose |description: Megérkezett a “Summer Series” névre keresztelt nyári sorozatunk második tagja, egy szuper gyümölcsös és frissítő gose (ejtsd: góze), a Strawberry Steve. A gose eredetileg egy tradicionális német sörtípus, sós-korianderes savanyú búzasör. Az USA-ban található kraft sörfőzdék ezt a stílust is felfedezték és újraértelmezték az elmúlt évtizedekben, legtöbbször rengeteg gyümölcs felhasználásával dobják fel az alap stílust.A mi változatunk is az újhullámos gose vonalra illeszkedik. Az alapsört a főzés alatt koriandermaggal és rózsaszín himalája sóval fűszereztük, majd az erjesztőtartályban történt a gyümölcs addíció. A 2000 liter sörbe összesen 400 liter eperlé, illetve 80kg eperpüré került, amit egy kis lime-mal bolondítottunk meg. A végeredmény szerintünk egy nagyon kerek és egyensúlyban lévő sör lett, amiben minden extra összetevő kiérezhető. Alacsony alkoholtartalma és a fanyarsága miatt forró nyári estékre ajánljuk leginkább.---The second member of our seasonal Summer Series is here! The Strawberry Steve is a super-fruity, refreshing gose. Our version fits this new wave style. Wort was spiced up with coriander seed and pink Himalayan salt, then the fruit addition took place in the fermentation tank: for a batch of 2000 liters, there are 400 liters of strawberry juice, 80 kg of strawberry purée and some lime just for the taste and fun.We think the result is a nice, balanced beer, we can sense all ingredients. |ABV: 4.1 |IBU: N/A |rating: 3.74",MONYO Brewing Co.,Strawberry Steve
"beer kind: Sour - Fruited Gose |description: A Dr. GuGo egy Guavás Gose, kiváló választás hőségriadó ellen. 3,7%-os alkoholtartalmával igazán kellemes, lightos frissítő. Lactobacillussal savanyított, korianderrel forralt, jókora adag guavával együtt erjesztett sörünk zamatait a pink himalaya só domborítja ki. Annyira, hogy egyből még egyet kívánsz belőle. (Nem csak) házi doktorunk ajánlásával. |ABV: 3.7 |IBU: N/A |rating: 3.73",SIMA brewing,Dr. GuGo
beer kind: Sour - Fruited Gose |description: Blackberry and blackcurrant sour with mint and vanilla |ABV: 3.8 |IBU: N/A |rating: 3.73,HopTop Brewery,Velvet Raptor
beer kind: Sour - Fruited Gose |description: Summer Series #6: Gose brewed with Guava & Strawberry |ABV: 4.0 |IBU: N/A |rating: 3.73,MONYO Brewing Co.,Guava Grace
"beer kind: Sour - Fruited Gose |description: Fruited Gose With Raspberry, Rhubarb and Cinnamon brewed together with Josh from Rascals during BPBW Budapest Beer Week 2024 (following up our collaboration Loco Sour brewed in Dublin) trying to recreate the typical Irish dessert Rhubarb & Raspberry Crumble |ABV: 5.8 |IBU: N/A |rating: 3.73",Mad Scientist,Go Loko
beer kind: Sour - Fruited Gose |description:  |ABV: 5.0 |IBU: N/A |rating: 3.72,Félegyházi Sörműhely,Málnás Gose
beer kind: Sour - Fruited Gose |description:  |ABV: 5.0 |IBU: N/A |rating: 3.72,Reketye Brewing Co.,Still Want To Go Sailing With You
"beer kind: Sour - Fruited Gose |description: Óriási sikert aratott az új MOJO WORKIN'24 széria debütáló tagja, a DDH Double New England IPA. Most pedig már érkezik is a második tag. Fedezd fel ezt a különleges ízvilágú gose-t, ami egyedi módon ötvözi a hagyományos sós-savanyú sör jellegzetességeit az egzotikus fűszerekkel és gyümölcsökkel.A curry pikáns aromája, a frissítő lime savanykássága és a sárgabarack édes íze harmonikus egyensúlyt teremt. Ez a sör tökéletes választás azoknak, akik szeretik a különleges ízkombinációkat és nyitottak az új gasztronómiai élményekre.A curry, lime és sárgabarack összhangja egyedi ízélményt nyújt, amelyet a gose jellegzetes sós-savanyú karaktere tesz kerek egésszé.De mi az a MOJO WORKIN'24 széria? Kompromisszum nélküli kraft sörök a legújabb trendeknek megfelelően. Limitált kiadású, szuperprémium sorozat, amely mindig reflektál aktuális évszakra. Ráadásul egy teljesen új és egyedi arculatba csomagoltuk őket, amelyhez egy csipetnyi aranyat is felhasználtunk.  |ABV: 4.0 |IBU: N/A |rating: 3.72",MONYO Brewing Co.,MOJO WORKIN'24: Curry X Apricot X Lime Gose
beer kind: Sour - Fruited Gose |description: BPBW 2023 Release collab with out friends from Bulgaria. Strawberry and Maracuja in silly amounts |ABV: 5.5 |IBU: 15 |rating: 3.71,Reketye Brewing Co.,Emotional Damage
"beer kind: Sour - Fruited Gose |description: Egy nagyon menő tavaszindító tétel. Gose, tehát savanyú sör egy pici sóval, amit megbolondítottunk egy rakat uborkával, egy kis gyömbérrel és lime-mal.  |ABV: 4.1 |IBU: N/A |rating: 3.71",HORIZONT Brewing,Sour Series - Time For A Restart
beer kind: Sour - Fruited Gose |description: Triple Fruited Gose with Strawberry & Purple Basil |ABV: 5.5 |IBU: N/A |rating: 3.7,Mad Scientist,Superfreak
"beer kind: Sour - Fruited Gose |description: Könnyed, balanszos savanya egy raklap maracujával. Sárgább, mint a napsugár. Mi így várjuk a nyarat! |ABV: 3.7 |IBU: N/A |rating: 3.7",SIMA brewing,Yellow Mellow
beer kind: Sour - Fruited Gose |description: Mango infused gose. |ABV: 4.5 |IBU: N/A |rating: 3.69,UGAR Brewery,Tropical Speedo - Mango
"beer kind: Sour - Fruited Gose |description: Double Fruited Sour Ale With Guava, Cactus Fig & Lime collab  with our friends at Stigbergets (SWE) |ABV: 6.3 |IBU: N/A |rating: 3.69",Mad Scientist,Double Rainbow All the Way Across the Sky
beer kind: Sour - Fruited Gose |description: Mentás-ribizlis-hibiszkuszos Gose. |ABV: 5.0 |IBU: N/A |rating: 3.69,Reketye Brewing Co.,HisBicus
"beer kind: Sour - Fruited Gose |description: Rhubarb pie in a glass.Every year as the weather warms, we look to crisp, tart rhubarb for inspiration. No strawberries here -- only rhubarb's delicate spice mingled with a big dose of gooseberries and a touch of orange.For 2025, gooseberries layer their fresh garden aromas onto the rhubarb's savoury backbone, while orange zest notes linger in the finish.Accented with pure halite salt and fresh NZ Pacifica hops, the result is a bright, effervescent sour that sparkles on the tongue and encourages another slice. |ABV: 5.0 |IBU: 10 |rating: 3.69",Gravity Brewing,Equinox - Spring Sour
beer kind: Sour - Fruited Gose |description:  |ABV: 6.2 |IBU: N/A |rating: 3.69,Dimbo Lab,Black Currant Sour Milkshake Gose
"beer kind: Sour - Fruited Gose |description: Az indiai lassi ihlette mangós gose, laktózzal. 1000 liter készült, amibe 100 kg mangópürét tettünk. Igazi gyümölcsbomba.Inspired by the indian lassi, this mango infused gose brewed with lactose is a real fruit bomb. We brewed 1000 liter and added 100 kg of mango purée to it. |ABV: 5.8 |IBU: 6 |rating: 3.69",Fehér Nyúl,Mannarea
"beer kind: Sour - Fruited Gose |description: A pleasantly sour, sessionable beer. Hops are not dominating. The added see salt, coriander and mango provide us with a really interesting taste. |ABV: 5.5 |IBU: 7 |rating: 3.68",HopTop Brewery,Mangose
"beer kind: Sour - Fruited Gose |description: Megpakoltuk azt a bizonyos táskát, így került bele zöldszőlő-lé, meggy, feketeberkenye, kaffir lime levél, kávé és hogy legyen egy kedves lecsengése, némi vanília is. |ABV: 4.5 |IBU: N/A |rating: 3.68",Ezittaz Brewery,Savanyú Szamuráj
"beer kind: Sour - Fruited Gose |description: Punkberry Splash is a vibrant pineapple-strawberry sour with a tangy twist. Fresh, fruity, and refreshingly tart—it's a bold splash of summer in every sip. |ABV: 3.5 |IBU: N/A |rating: 3.68",HopTop Brewery,Punkberry Splash
"beer kind: Sour - Fruited Gose |description: Landoltunk egy világba, ahol megremegett a föld, kitört a belseje, majd újra csend lett, és csak az édes, fűszeres harmat maradt. Sárgabarackokat lövellt ki a hegy magából, és fa méretű rozmaringok sorakoztak mindenfelé! Elhoztuk, most itt van, színes, fanyar, rozmaringos, krémes, barackos és SÁRGA. Színből született és színné lett. We landed in a world where the ground trembled, its insides erupted, and then there was silence once again, leaving only a sweet, spicy dew. The mountain shot out apricots, and tree-sized rosemary lined the landscape! We brought it back, and now it's here: colorful, tart, rosemary-infused, creamy, peachy, and YELLOW. Born from the colour and became the colour. |ABV: 3.9 |IBU: N/A |rating: 3.67",Fehér Nyúl,Wonderlanding
"beer kind: Sour - Fruited Gose |description: A BeerPorn.hu sörmagazin is elérkezett az X-hez. 10 évesek lettek, ennek örömére megalkottuk a Guilty Pleasure-t. Kellemesen fanyar, erősen savanyú, száraz kortyérzet, 5,4-es alkohol, pici só. Na mi lehet ez? Pirosribizli + rozmaring násza egy gose alapon. |ABV: 5.4 |IBU: 10 |rating: 3.66",Etyeki Sörmanufaktúra,Guilty Pleasure
"beer kind: Sour - Fruited Gose |description: Made with lemon zest, pink peppercorn, coriander seed, mango and blackberry puree.Tart and slightly salty thirst-quencher, ideal for hot summer days. |ABV: 6.0 |IBU: N/A |rating: 3.66",InVitro Brewing,Not A Fairy Tale
beer kind: Sour - Fruited Gose |description:  |ABV: 5.0 |IBU: N/A |rating: 3.66,Félegyházi Sörműhely,Pina Colada Sour Ale
beer kind: Sour - Fruited Gose |description: Friss lime héjával és levével ízesített gose. Igazi nyári frissítő.Gose with fresh lime peel and juice. A true summer  refreshment. |ABV: 5.5 |IBU: 10 |rating: 3.65,Fehér Nyúl,Lime Tears (2022 - old recipe)
"beer kind: Sour - Fruited Gose |description: Lime GoseItt a görög joghurttal savanyított ""madness"" sorozat következő epizódja! Irtózatos mennyiségű limeal, alacsony alkoholtartalommal és egy pici tengeri sóval.Ha valaki ütősebbre szeretné gyűrni, akkor egy feller tequilával meg lehet bolondítani (hagytunk neki helyet benne :P). Mi ugye a hazai törvényeknek eleget téve nem tehetünk a sörbe más alkoholt. Ti viszont igen. |ABV: 3.5 |IBU: N/A |rating: 3.65",Mad Scientist,Margarita Madness
beer kind: Sour - Other |description: Barrel Aged Raw Golden Sour Beer with Spruce Tips and Juniper Berries brewed together with our friends at CoolHead Brew from Finland |ABV: 6.7 |IBU: N/A |rating: 3.83,MadX,Needles And Pins
"beer kind: Sour - Other |description: The 2021 version of our Barrel Aged Golden Sour Ale with Purple Basil, released in the April of 2022 |ABV: 5.9 |IBU: N/A |rating: 3.81",MadX,Fantastic Yeasts And Where To Find Them Purple Basil 2021
beer kind: Sour - Other |description: The 2022 version of our Barrel Aged Golden Sour Ale with Elderflower |ABV: 6.0 |IBU: N/A |rating: 3.81,MadX,Fantastic Yeasts And Where To Find Them Elderflower 2022
"beer kind: Sour - Other |description: Citromail Gang Nu Sour.A gin fizz inspired refreshing and drinkable Nu Sour Ale fermented with Sicilian lemons, key lime purée, a blend of well selected gin botanicals: juniper berries, Norwegian angelica roots, coriander seeds, ginger, rosemary and Pakistani diamond salt.Brewed to celebrate Beton.Hofi’s new album Playbánia. |ABV: 4.5 |IBU: N/A |rating: 3.81",B*BOP FERMENTORY,BAGIRAH
"beer kind: Sour - Other |description: A Singapore Sling cocktail inspired smooth, tart and delicate Imperial Nu Sour Ale fermented with amounts of Morello cherries, Palo Santo wood, fresh sage, a light blend of gin botanicals and Korean juk-yom bamboo salt. Made specially for LEO Rooftop Bar & LEO Bistro. |ABV: 8.5 |IBU: N/A |rating: 3.81",B*BOP FERMENTORY,TWISTED HIGHNESS
beer kind: Sour - Other |description: Barrel Aged Golden Sour Ale with Porcini MushroomsThe 3rd release of our 'Fantastic Yeasts And Where To Find Them' series |ABV: 7.0 |IBU: N/A |rating: 3.79,MadX,Fantastic Yeasts And Where To Find Them Porcini
"beer kind: Sour - Other |description: A Tepache egy tradicionális mexikói ital, amit más néven “felnőtt üdítőnek” is neveznek. Erjesztett ananász héjából készül, némi fahéj, szegfűszeg és muscovado cukor hozzáadásával. Ezt a latin-amerikai különlegességet csempésztük bele ebbe a magasabb alkoholtartalmú savanyú sörbe, rengeteg gyümölcs és fűszer hozzáadásával. Ha nagyon kemény vagy, tequilával kíséred amigo. |ABV: 7.2 |IBU: 7 |rating: 3.79",Kecskeméti Sörmanufaktúra,TEPACHE
"beer kind: Sour - Other |description: A wild sour ale with Brettanomyces aged in white wine barrels with blackberry puree. Funky, wild ale notes with blackberry flavors and subtle wine-like, oak aftertaste. This is closest to a flanders red in flavors and complexity but with fruits added. This 2 year long project involved a Saison base for this beer, a long fermentation with brettanomyces and pediococcus and an aging for 6 months in white wine barrels with fruit purees added. The result is a real special beer recommended for special occasions, to share or to enjoy on your own. |ABV: 5.5 |IBU: 20 |rating: 3.79",HORIZONT Brewing,Sour Series 002 - Blackberry Brett Sour Ale
"beer kind: Sour - Other |description: A BOCK pincészet vörösboros hordóiban érlelt dark sour ale, krémes, enyhén savas testtel, az eper és meggy kellemes ízjegyeivel, melyeket a vanília tesz teljessé. Aged in the red wine barrels of BOCK winery. A beautiful dark sour ale made with strawberry, cherry and vanilla.  |ABV: 9.9 |IBU: N/A |rating: 3.77",HORIZONT Brewing,Sour Series Black Forest Sour Ale Aged In Bock Red Wine Barrels
"beer kind: Sour - Other |description: Sour Ale citromhéjjal, gyömbérrel és borókabogyóval.Sour Ale with lemon zest, ginger and juniper berries. |ABV: 4.6 |IBU: 6 |rating: 3.74",INCZELLAR,To Be So Da
"beer kind: Sour - Other |description: Cabroncita, azaz ""Kábronszitá"" a kompromisszumokat nem ismerő nő, aki kedves és harapós egyszemélyben. Körülbelül így kell elképzelni a Kísérleti Nyúl sörünk személyiségét, ami egy ananásszal és mangóval készült gyümölcsös savanyított kveik, Trinidad Scorpio chilivel.Cabroncita is a non-compromising lady, who is friendly but fierce at the same time. This is more or less how you should approach this Experimental Rabbit, which is a sourkveik infused with pineapple, mango and Trinidad Scorpio chili.  |ABV: 7.0 |IBU: 32 |rating: 3.73",Fehér Nyúl,Cabroncita
beer kind: Sour - Other |description: Peated Whiskey Nitro Sour collab w/ B*BOP Fermentory |ABV: 8.4 |IBU: N/A |rating: 3.72,Mad Scientist,Ghost Note
"beer kind: Sour - Other |description: Imperial sour ale típusú szűretlen felsőerjesztésű sör citromhéjjal, gyömbérrel és borókabogyóval.Imperial sour ale with lemon zest, ginger and juniper berries.  |ABV: 7.0 |IBU: N/A |rating: 3.69",INCZELLAR,Dupla TO BE SO DA
"beer kind: Sour - Other |description: Frissítő és könnyed savanyú sör, rengeteg Citra és Nelson Sauvin komlóval hidegkomlózva. Refreshing and easy, tart sour ale, dry hopped with a good amount of Citra and Nelson Sauvin hops.  |ABV: 4.4 |IBU: 25 |rating: 3.68",HORIZONT Brewing,Pilot Series #12 - Dry Hopped Sour Ale
beer kind: Sour - Other |description:  |ABV: 6.5 |IBU: N/A |rating: 3.68,UGAR Brewery,Orange Espresso Sunrise
"beer kind: Sour - Other |description: sour ale /w organic soaked elderflower, lactobacillus + original Kveik - Norwegian Farmhouse YeastPart of Sour Sisters |ABV: 3.5 |IBU: 6 |rating: 3.66",Zentus Craft Beer,Zentus Elder Sister
"beer kind: Sour - Other |description: (Wild Berry) Breakfast SOUR ALE • EN: It’s a SOUR ALE inspirated by the Wild Berries like Chokeberry, Strawberry, Blackberry, Elderberry, Blackcurrant and we also added some lactose to make the mounthfeel even skiller.• HU: A „JUICY FOREST” az első savanyú sörünk, olyan erdei bogyós gyümölcsök inspiráltak, mit például a szeder, feketeribizli, eper, berkenye, bodza. A savanykás jegyeket mellett a kortyérzetet némi laktóz hozzáadásával tettük selymesebbé. |ABV: 5.0 |IBU: 11 |rating: 3.64",LöWOLF Craft Beer Co.,Juicy Forest
"beer kind: Sour - Other |description: Barrel aged imperial sour with tangerine and chocolate, and a little bit of vanilla. |ABV: 9.3 |IBU: 8 |rating: 3.64",HORIZONT Brewing,Sour Series - Barrel Aged Imperial Sour Ale with Tangerine & Chocolate
beer kind: Sour - Other |description:  |ABV: 4.3 |IBU: N/A |rating: 3.64,Reketye Brewing Co.,Primula Veris
beer kind: Sour - Other |description: Sour plum-vanilla stout. |ABV: 7.9 |IBU: N/A |rating: 3.64,HopTop Brewery,Wicked Purple
"beer kind: Sour - Other |description: Sour golden ale brewed with lactose, coconut, cottage cheese, cold brew cocoa beans and bergamott juice.  |ABV: 6.5 |IBU: 10 |rating: 3.63",Reketye Brewing Co.,Childhood Memories
"beer kind: Sour - Other |description: (HUN) Barátainkkal a Christianiaból egy új kísérletbe fogtunk: kerestünk két stílust és koncepciót, melyet csak egy, általunk kiötletelt láncszem köt össze: ebben az esetben ez a kekszes ízesítés lett.A Mellow It Down a páros egyik fele, mely egy savanyú alapból varázsol banános-kekszes, gyümölcsös-fűszeres szomjoltót a hozzáadott banánpüré, szegfűbors, graham aroma - és természetesen az elmaradhatatlan christianiai kendermag segítségével!---(ENG) With our friends from Christiania, we embarked on a new experiment: we looked for two styles and concepts that were connected only by a link we came up with: in this case, the biscuit flavoring.Mellow It Down is one half of the duo, which transforms a sour base into a banana-biscuit, fruity-spicy thirst quencher with the help of added banana puree, allspice, graham aroma - and of course the indispensable Christiania hemp seeds! |ABV: 8.0 |IBU: N/A |rating: 3.62",FIRST Craft Beer,Mellow It Down
beer kind: Sour - Other |description: Menthol & Lime infused sour ale.  |ABV: 4.5 |IBU: 12 |rating: 3.61,Reketye Brewing Co.,Menthology
beer kind: Sour - Other |description:  |ABV: 6.2 |IBU: N/A |rating: 3.61,HORIZONT Brewing,Sour Series - Mazagran Inspired Sour Ale
beer kind: Sour - Other |description:  |ABV: 5.3 |IBU: N/A |rating: 3.6,Legenda Sörfőzde,Brettannia Brut
"beer kind: Sour - Other |description: Plum Dumpling Imperial Pastry Gose aged in Antilles Rum barrels as a collaboration with our friends at Erlings Flaskebutik Aarhus, Denmark.Following TINY BARREL PROJECT SPIRITLORD RUM, TINY BARREL PROJECT SPIRITLORD COGNAC and TINY BARREL PROJECT BISCUIT BEHEMOTH here's our 4th TINY BARREL PROJECT release in our new category between the Specials series and Barrel Project in 330ml cans.  |ABV: 10.0 |IBU: N/A |rating: 3.59",Mad Scientist,Tiny Barrel Project Szilvás Gombóc Rum
"beer kind: Sour - Other |description: A karácsonyi hangulat szerves része a forralt bor, de mi van, ha te sörös arc vagy? Itt a megoldás! Készítettünk egy savanyított sört fekete ribizlivel, áfonyával és meggyel, no meg persze klasszikus téli fűszerekkel; narancshéjjal, fahéjjal, szegfűszeggel és csillagánizzsal.Mulled wine is a staple of Christmas spirit, but what if you are a beer geek? Here is the solution! We brewed a sour ale with black currant, sour cherry and huckleberry, and of course the classic winter spices such as orange peel, cinnamon, cloves and star anise. |ABV: 6.4 |IBU: N/A |rating: 3.59",Fehér Nyúl,Glühck
"beer kind: Sour - Other |description: Gin Fizz Nu Sour.A gin fizz inspired refreshing and tart Nu Sour Ale fermented with Sicilian lemons, key lime purée, a blend of well selected gin botanicals; juniper berries, Norwegian angelica roots, coriander seeds, ginger, rosemary and Pakistani diamond salt. Analogue is a renewed, reincarnated batch of Dilla & Bagirah.Analog beer in a digital world.  |ABV: 4.6 |IBU: N/A |rating: 3.59",B*BOP FERMENTORY,ANALOGUE
"beer kind: Sour - Other |description: Spice it up! Dry-hopped botanical sour brewed with the typical gin spices. These spices include juniper berries, citrus peels, coriander and cardamom among others. Whether you love gin, or just into sour beers, with a funky twist, this beer is for you.  |ABV: 4.5 |IBU: 14 |rating: 3.59",HORIZONT Brewing,Unicorns On Acid
"beer kind: Sour - Other |description: Hoppy refresher, a sour ale dry hopped with Idaho7, 15g/L! Fressh! In collaboration with our friends from Balkezes // Egy fanyar frissítő a komlós sörök kedvelőinek: hidegkomlózott savanyú ale, 15g/L-nyi Idaho7 komlóval. Kollaborációban barátainkkal, a Balkezessel. |ABV: 5.0 |IBU: N/A |rating: 3.58",HORIZONT Brewing,SEVEN
"beer kind: Sour - Other |description: Idén is elkészült (pontosabban a '24-es szüret után) az Edeck szériánk söre. Most is a Nádas Borműhely kiváló borászával, Nádas Szilárddal dolgozott együtt remek fősörfőzőnk, Huszti Márk és készítették el ezt a tételt. Viktória Gyöngye must került hozzánk idén, ami egy nagyon jó pezsgőalapnak volt szánva, így adta magát, hogy egy savanyú alapra ültessék fel a srácok. Mindezt, hogy legyen benne még csavar, meghidegkomlózták Nelson Sauvinnal.  |ABV: 7.1 |IBU: 20 |rating: 3.56",Etyeki Sörmanufaktúra,Viktória Gyöngye Sour Ale
"beer kind: Sour - Other |description: Sour brown ale with dried orange peel and fresh ginger. The dark malty marks replaces the gingery sourness, then the orange finish closes the taste. Hops used: Colombus, Challenger |ABV: 5.2 |IBU: 35 |rating: 3.55",HopTop Brewery,If I Had a BEAR
"beer kind: Sour - Other |description: Míg Giacomo Puccini operája időtlen dallamaival, a mi Pillangókisasszonyunk a fiatalság szimbólumával, a cseresznyefa virágával repít minket Japán távoli szigetére. |ABV: 4.7 |IBU: 10 |rating: 3.55",Tacet Brewery,Pillangókisasszony
"beer kind: Sour - Other |description: Egy izgalmas trió egyvelege ez a sör, hiszen édes, savanyú és sós egyszerre, de legfőképpen savanyú. Az összetevői között fellelhető a smokerben sült alma, a virágméz és a fahéj egyaránt! Címke szöveg:Láng Orsolya 1987-ben született, Erdélyben nőtt fel, jelenleg Budapesten él. Rajzol és ír, fényképez és filmet rendez. Általában szereti a jó dolgokat. Három könyve jelent meg: Tejszobor (kisregény), Bordaköz (versek), Pályamatricák (útijegyzetek). |ABV: 3.8 |IBU: 8 |rating: 3.54",Fehér Nyúl,Trinitas
"beer kind: Sour - Other |description: Savanykás alap felpezsdítve az aszalt paradicsom zamatával, a rózsabors, koriander és lime héj frissítően fűszeres jegyeivel és a Trinidad Scorpio chili határozott, de nem tolakodó csípősségével. Kezdődhet a tánc!A sour base made whole by the flavor of sun-dried tomatoes, the refreshingly spicy notes of pink pepper, coriander and lime peel and the distinct, but not intrusive hotness of Trinidad Scorpio chili. Let’s dance! |ABV: 4.7 |IBU: N/A |rating: 3.54",Fehér Nyúl,Salsa Sour
"beer kind: Sour - Other |description: Espresso tonik inspirálta Berliner Weisse, kenyai Karatina AB kávéval ízesítve.Espresso tonic inspired Berliner Weisse, flavored with Kenyan Karatina AB coffee. |ABV: 4.2 |IBU: N/A |rating: 3.53",Fehér Nyúl,Spark
"beer kind: Sour - Other |description: Mennyei citromtorta sütés nélkül? Egyszerű! Csak szisszents fel egy Viharsarok Citromtortát, amiben ott a lágy és fanyar citromkrém és az omlós vajas tészta. Üde és édes, savanykás és sós — a klasszikus desszert minden ízét megtalálod ebben a krémes Milkshake Pale Ale-ben, amely valódi citromhéjjal és vanília kivonattal készül. |ABV: 7.7 |IBU: N/A |rating: 3.45",Viharsarok Sörfőzde,Citromtorta
"beer kind: Sour - Other |description: Imperial Long Drink Sour Ale w/ Grapefruit, Juniper Berries, Cardamom & Orange Zest collab with our friends Tuju from Lappeenranta, Finland""By the power of Grayskull!"" |ABV: 10.0 |IBU: N/A |rating: 3.35",Mad Scientist,Grayskull
beer kind: Sour - Other Gose |description: HopTails X Reketye - Far East Gose with Manju salt and Lime and Mango  |ABV: 5.0 |IBU: N/A |rating: 3.81,Reketye Brewing Co.,Seppuku
"beer kind: Sour - Other Gose |description: Smoked Celery Apple Gimlet Nu Gose.A tart and fizzy Nu Gose fermented with smoked celery, juicy apples, Sicilian lemons, a blend of well selected gin botanicals instead of hops: juniper berries, Norwegian angelica roots, coriander seeds, ginger, rosemary and a pinch of Pakistani diamond salt. Brewed to celebrate the legendary Smif-N-Wessun.  |ABV: 6.0 |IBU: N/A |rating: 3.73",B*BOP FERMENTORY,WREKONIZE
"beer kind: Sour - Other Gose |description: Imperial Gose w/ rootbeet, pomegranate and sour cherry.A collab-brew of Reketye Brewing and SIMA brewing |ABV: 7.5 |IBU: N/A |rating: 3.71",SIMA brewing,Plot Twist
"beer kind: Sour - Other Gose |description: Egy sör, ami segít átlendülni a karácsonyi készülődésen, ami erőt ad és megnyugtat, akár szilveszter este is. Mondjuk egy kellemesen fanyar, earl grey teával, barackkal és vaníliával megbolondított gose. És ez itt pont az! |ABV: 4.9 |IBU: N/A |rating: 3.7",Ezittaz Brewery,Mariah’s Choice
beer kind: Sour - Other Gose |description: Gose style beer with dill and lemongrass. |ABV: 3.0 |IBU: N/A |rating: 3.69,HopTop Brewery,Make No Sense
"beer kind: Sour - Other Gose |description: Számtalan gyümölcsös gose után itt volt az ideje, hogy főzzünk egy, a történelmi sörtípushoz közelebb álló tételt. La Donna esetében a klasszikus koriander mellé gyömbért adagoltunk, így a savanyúság mellé izgalmas fűszeresség párosul.After numerous fruited versions, it was time to brew a gose that is closer to traditional varieties. Besides the classic coriander, ginger was added to the brew, adding an exciting spiciness to the sour base. |ABV: 4.1 |IBU: 5 |rating: 3.68",Fehér Nyúl,La Donna
beer kind: Sour - Other Gose |description:  |ABV: 4.5 |IBU: N/A |rating: 3.67,Reketye Brewing Co.,Ginfused
"beer kind: Sour - Other Gose |description: Fruited Gose with arugola, green peppercorns, kiwi and celery |ABV: 5.0 |IBU: N/A |rating: 3.66",unCertain Brewing Co.,Gaia
beer kind: Sour - Other Gose |description: Igazi felüdülés a melegben; a sós-savanyú gose alapot kiválóan egészíti ki a frissen reszelt gyömbér intenzív aromája és íze.A real treat in the summer heat: the salty-sour gose base serves as the perfect canvas for the freshly grated ginger’s intense aroma and flavor. |ABV: 3.5 |IBU: N/A |rating: 3.65,Fehér Nyúl,Mirage
"beer kind: Sour - Other Gose |description: Egy kicsit csavartunk a dolgon, hiszen az eredeti gose kevésbé komlózott és talán markánsabban sós. Mi a világ egyik legkülönlegesebb fajtáját használtuk fel a hidegkomlózáshoz: a Motueka-t. |ABV: 4.5 |IBU: 20 |rating: 3.63",Reketye Brewing Co.,Lacto Acid Bacteria
beer kind: Sour - Other Gose |description: Traditionally soured Gose with sichuan peppers. |ABV: 5.1 |IBU: N/A |rating: 3.63,Mad Scientist,Chinatown
beer kind: Sour - Other Gose |description:  |ABV: 4.5 |IBU: N/A |rating: 3.62,UGAR Brewery,Green Speedo
beer kind: Sour - Other Gose |description: Gose with Hibiscus and levander.smooth and beautyfull BPBW2013 Release |ABV: 5.0 |IBU: 10 |rating: 3.62,Reketye Brewing Co.,Lost In Lavenderia
"beer kind: Sour - Other Gose |description: Legújabb söreinket Fekete Tamás házi sörfőzővel kollabban készítettük. Ebben sörben a rózsabors frissítően balzsamos íze találkozik egy hidegkomlós Gose sós, citrusos ízvilágával. A könnyed, nyári sörkülönlegességek rajongóinak ajánljuk. Fogyaszd frissen és hidegen! |ABV: 5.0 |IBU: N/A |rating: 3.6",Viharsarok Sörfőzde,Rózsaborsos Vakáció
"beer kind: Sour - Other Gose |description: Rengeteg eper, megfűszerezve egy nagy adag bazsalikommal, és gose lévén nem hiányozhat a tengeri só és a koriander sem. |ABV: 4.5 |IBU: 8 |rating: 3.6",Vaskakas Brewing,Berry White
beer kind: Sour - Other Gose |description:  |ABV: 4.5 |IBU: N/A |rating: 3.58,UGAR Brewery,Need For More Speedo
beer kind: Sour - Smoothie / Pastry |description: Piña Colada inspired Ice Cream Smoothie Sour with Pineapple-Apricot-CoconutRoll it before you rock it! |ABV: 5.5 |IBU: N/A |rating: 3.84,Mad Scientist,Yes I Like Piña Coladas
"beer kind: Sour - Smoothie / Pastry |description: 6 év után fájó szívvel ugyan, de elhagyjuk a Főzdeparkot. Ezt a búcsút pedig szeretnénk emlékezetessé tenni. Ezért összeálltunk egy utolsó nagy kollabra a Maglódi úti főzdékkel, barátainkkal és közösen alkottuk meg a Főzdepark Farewell sört.Abban az elején megegyeztünk, hogy egy Pastry Sour Ale lesz a kiindulási alap, aztán a koncepció szerint mind a négy főzde (HopTop, Mad Scientist, Horizont, MONYO) ajánlott egy összetevőt a végső recepthez. Így született meg ez az egyszeri főzet Pastry Sour Ale málnával, citrommal, tonkababbal és vajas keksszel.Illatában intenzíven a málna jelenik meg egy kis citrusossággal, amit a tonkabab marcipános-mandulás aromája egészít ki. Ízben kiegyensúlyozott a savanyú-fanyarság és a laktózos édesség. Rengeteg málna, egy csipetnyi citrom, a lecsengése pedig szintén citromos-lime-os, savanykás és málnás. Nagy, krémes és ""laktózos"" a kortyérzet.Az eredmény szerintünk méltó lett ehhez az alkalomhoz, kóstold meg TE is! |ABV: 7.0 |IBU: N/A |rating: 3.84",MONYO Brewing Co.,Főzdepark Farewell
"beer kind: Sour - Smoothie / Pastry |description: [BPBW EXCLUSIVE] The White Rabbit Brewery should only be allowed to brew white beer, right? In an alternative universe, yeah, but we still tried. Here's our white chocolate, coconut, and banana smoothie sour.  |ABV: 4.5 |IBU: N/A |rating: 3.83",Fehér Nyúl,Smooth White Rabbit
"beer kind: Sour - Smoothie / Pastry |description: Mangó, Vanília, TonkababMango, Vanilla, Tonka bean |ABV: 6.5 |IBU: N/A |rating: 3.83",HopTails Brewery,MangoPoint
"beer kind: Sour - Smoothie / Pastry |description: Robog tovább a MOJO WORKIN'24 széria!A sorozat következő tagja egy folyékony desszertsör, amihez rengeteg zamatos mangópürét használtunk fel, amit az édeskés juharsziruppal egészítettünk ki. A sör egy igazi pastry sour ale, vagyis egyaránt megtalálhatóak benne a savanykás és a desszertes jegyek. Mintha egy fanyar mangós szeletet leöntöttünk volna egy jó nagy adag juharsziruppal. Sűrű, krémes, komplex. De mi az a MOJO WORKIN'24 széria? Kompromisszum nélküli kraft sörök a legújabb trendeknek megfelelően. Limitált kiadású, szuperprémium sorozat, amely mindig reflektál aktuális évszakra. Ráadásul egy teljesen új és egyedi arculatba csomagoltuk őket, amelyhez egy csipetnyi aranyat is felhasználtunk.The MOJO WORKIN'24 series rolls on!The next installment in the series is a liquid dessert beer, for which we used a lot of juicy mango puree, complemented by sweet maple syrup. This beer is a true pastry sour ale, featuring both tart and dessert-like characteristics. It's as if a tangy mango slice was drenched in a generous amount of maple syrup. Thick, creamy, complex.But what is the MOJO WORKIN'24 series? Uncompromising craft beers that conform to the latest trends. A limited edition, super-premium series that always reflects the current season. Moreover, we've packaged them in a completely new and unique design, using a touch of gold. |ABV: 6.5 |IBU: N/A |rating: 3.82",MONYO Brewing Co.,MOJO WORKIN'24 Mango X Maple Syrup Pastry Sour Ale
"beer kind: Sour - Smoothie / Pastry |description: Double Fruited Raspberry Smoothie Berliner Weisse, first batch in the August of 2019 with 4% of abv, second batch in the April of 2021 with 5,5% |ABV: 5.5 |IBU: N/A |rating: 3.82",Mad Scientist,Double Raspberry Madness
"beer kind: Sour - Smoothie / Pastry |description: Low ABV Ice Cream Smoothie Sour with Peach, Apricot and Oolong tea				 |ABV: 2.2 |IBU: N/A |rating: 3.82",Mad Scientist,Oolong Lagoon
"beer kind: Sour - Smoothie / Pastry |description: Low ABV Smoothie Style Sour Ale with Apricot, Blackcurrant & Yuzu |ABV: 3.4 |IBU: N/A |rating: 3.82",Mad Scientist,Artist Juice
beer kind: Sour - Smoothie / Pastry |description: 2025 edition of the infamous Blackcurrant Trifle imperial pastry sour |ABV: 8.4 |IBU: N/A |rating: 3.82,Mad Scientist,Blackcurrant Trifle 2025 EDT
"beer kind: Sour - Smoothie / Pastry |description: Drink Choco. Get Loco.White chocolate, juicy peaches, raspberries, and a generous helping of ice cream madness come together in this creamy ice cream smoothie sour ale. Dessert-like and fruity, with a tangy freshness, it disappears from the glass surprisingly quickly. |ABV: 5.0 |IBU: N/A |rating: 3.81",MONYO Brewing Co.,MOJO WORKIN'26: Choco Loco Blanco - Ice Cream Smoothie Sour Ale
beer kind: Sour - Smoothie / Pastry |description: Plum dumpling imperial pastry gose. The first batch has been 12% but for a better experience we lowered it to 10%. |ABV: 10.0 |IBU: N/A |rating: 3.81,Mad Scientist,Szilvás Gombóc
"beer kind: Sour - Smoothie / Pastry |description: Tangerine Drizzle Cake Imperial Pastry Sour Ale with Tangerine, Vanilla and Lactoze |ABV: 9.0 |IBU: N/A |rating: 3.81",Mad Scientist,Tangerine Drizzle Cake
"beer kind: Sour - Smoothie / Pastry |description: First Smoothie Sour Ale from us, we used a lot of papaya, mango and guava for this creamy sweet but sour,  smoothie inspired sour ale. |ABV: 8.0 |IBU: N/A |rating: 3.8",HORIZONT Brewing,"Sour Series - Papaya, Mango & Guava Smoothie Sour Ale"
"beer kind: Sour - Smoothie / Pastry |description: Ice Cream Smoothie Sour with Blackcurrant, Black Cherry, Strawberry and Blue Grape collab with our main man, inspiration and friend, Chris of TULETORN (EST) brewed together during BPBW Budapest Beer Week 2024 |ABV: 5.7 |IBU: N/A |rating: 3.79",Mad Scientist,House On Fire
"beer kind: Sour - Smoothie / Pastry |description: Azok, akik felnevettek a kekszes epertorta olvasásakor, reméljük, már megkóstolták a sört - hiszen nem füllentünk, az eper és reberbara ízessé, gyümölcsössé; a keksz sűrűvé, süteményessé;a joghurt pedig frissítően savanyúvá varázsolja ezt a lassan desszertkategóriába is sorolhatókülönlegességet. Gyönyörködjünk együtt színeiben, illatában és hagyjuk, hogy elnyeljenek ízei,akárcsak a habos sütemény. 18 éven felüli örök gyerekeknek szeretettel ajánljuk! |ABV: 8.0 |IBU: 12 |rating: 3.79",FIRST Craft Beer,Strawberry Shortcake
"beer kind: Sour - Smoothie / Pastry |description: Temérdek gyümölcs – málna, kókusz és fekete áfonya – egy berliner weisse alapon, laktózzal és vaníliával kiegészítve. Igazi smoothie élmény, sörbe burkolva!Huge load of fruits - raspberry, coconut and blueberry - in a berliner weisse base, with lactose and vanilla. A real smoothie experience, masked as beer! |ABV: 5.6 |IBU: N/A |rating: 3.79",Fehér Nyúl,Purple Meme
"beer kind: Sour - Smoothie / Pastry |description: A Kappa.04 az első, már-már cukrászati szempontból is irigylésre méltó Szent András pastry ale, ami az osztrák barátaink világhírű almásrétesének, - ahogy ők nevezik: Apfelstrudel - mintájára készült el. Ezt a rétest többnyire vaníliafagylalttal szolgálják fel, így a valódi vanília őrlemény a Kappa.04-ből sem hiányozhat. Savanykás almás jegyek, édeskés fahéj és intenzív vaníliaillat egy nem túl édes, de sörként és sütiként is fenséges desszertsörben. |ABV: 4.2 |IBU: 25 |rating: 3.78",Szent András Sörfőzde,TesztAndrás Kappa.04
"beer kind: Sour - Smoothie / Pastry |description: Imperial Pastry Sour Ale With Plum, Vanilla, Walnuts, Cocoa Beans, Salt, Cinnamon, Lactose & Orange ZestSzilvás Gombóc imperial pastry sour with plum, cinnamon, and bourbon vanilla as a liquid take on one of the most iconic Hungarian plum dumpling desserts has been a bestseller as our first pastry sour, and after the sequels Szilvás Gombóc Double Cinnamon EDT, Tiny Barrel Project Szilvás Gombóc Rum and Szilvás Gombóc Triple Vanilla EDT now it's time for the ultimate edition! No artificial aromas, just natural ingredients. |ABV: 11.0 |IBU: N/A |rating: 3.78",Mad Scientist,Szilvás Gombóc Gold EDT
"beer kind: Sour - Smoothie / Pastry |description: Imperial Pastry Sour Ale with Lemon, Mandarin and Orange (lemon puree, mandarin puree, malted oat, lactose, orange concentrate, lemon peel, vanilla and salt)The official dessert of Queen Elizabeth's Platinum Jubilee |ABV: 7.5 |IBU: N/A |rating: 3.78",Mad Scientist,Royal Lemon Trifle
"beer kind: Sour - Smoothie / Pastry |description: We have not tamed a monster yet, but it’s our time now. |ABV: 7.6 |IBU: N/A |rating: 3.77",UGAR Brewery,Spectrum Series - Domesticated Beast Passion Fruit And Raspberry Parfait
"beer kind: Sour - Smoothie / Pastry |description: Blend of Four Roses Bourbon & Jamaican Rum Barrel Aged Sour Cherry Pie Imperial Pastry Sour AleWe have filled 2 barrels with one of our signature Hungarian cherry pie-inspired imperial pastry sour ale MEGGYES PITE and we have chosen not to release the result as BARREL PROJECT bottles, but in 330ml cans. Obviously, you can expect a thicker and silkier mouthfeel, where the winner of the epic battle between the characteristics of the barrel and the extra added vanilla is no one else, but you! |ABV: 8.0 |IBU: N/A |rating: 3.77",Mad Scientist,Barrel Aged Meggyes Pite
"beer kind: Sour - Smoothie / Pastry |description: Az alap egy epres, szedres, guavás és lime-os pastry sour, amibe vaníliát is tettünk, hogy összehozza a gyümölcsök tagadhatatlanul vadító ízjegyeit, és persze laktózt is, hogy a savanykássága egy kis édességgel párosuljon és adja meg azt az ízélményt, amit belegondoltunk a sörbe. És akkor persze az alapsör kapott egy jó nagy adag ehető csillámot, ami kitöltéskor gyönyörű arany színűre varázsolja a sört. ENStrawberry, blackberry, guava, lime and vanilla give the perfect taste-orgy, while the golden glitters softly dance around in the bittersweet Pastry Sour Ale. With a 4,5%ABV, it's an easy to drink beer, with so much magic happening, that you're going to be amazed!  |ABV: 4.5 |IBU: N/A |rating: 3.77",HORIZONT Brewing,Sour Series - Unicorn Magic - Sparkle Edition
beer kind: Sour - Smoothie / Pastry |description: Imperial Pastry Sour with Cranberry & Vanilla collab with our friends from Tuju (FI)				 |ABV: 10.5 |IBU: N/A |rating: 3.77,Mad Scientist,Vispipuuro
beer kind: Sour - Smoothie / Pastry |description:  |ABV: 4.8 |IBU: N/A |rating: 3.76,Reketye Brewing Co.,Only You
beer kind: Sour - Smoothie / Pastry |description: Double Fruited Blackcurrant Passion Fruit and Calamansi Smoothie Sour Ale |ABV: 5.5 |IBU: N/A |rating: 3.76,Mad Scientist,DIS TEW MUCH
"beer kind: Sour - Smoothie / Pastry |description: A Kappa.11 a magas alkoholtartalma ellenére is könnyen iható desszertsör, amiben a kedvenc málnás-csokis sütinket találjuk meg, csupán folyékony verzióban - legyen szó egy brownie-ról, egy gyümölcsös tejcsokoládéról, vagy a kedvenc csokitortánkról. Ez a süteményes ízeket felvonultató pastry ale kellemes játszik a savanykás-édes ízek összhangjával. Míg a tekintélyes malátaaddíció és csokoládé az édeskés ízekért felelős, a málna a savakat domborítja ki a kortyérzetben. Egy őszi bekuckózáshoz, esti nagy beszélgetésekhez, vagy egy finom süti mellé nem lehet mellé lőni vele. |ABV: 8.0 |IBU: 21 |rating: 3.75",Szent András Sörfőzde,TesztAndrás Kappa.11
"beer kind: Sour - Smoothie / Pastry |description: French Toast Inspired Pastry Sour Ale With Raspberries, Blueberries, Strawberries And CinnamonWe like pastry sours indeed, but with the classic Hungarian releases Szilvás Gombóc-Rákóczi Túrós-Meggyes Pite the fun never stopped, only started: our French Toast is a delicious breakfast entree that is loved by many, caramelized, fruited and oh so enjoyable! Lactose makes it creamy, vanilla makes it rounded, cinnamon spices it up, and the fruits are, well, the cherry on top! |ABV: 6.0 |IBU: N/A |rating: 3.75",Mad Scientist,French Toast
beer kind: Sour - Tomato / Vegetable Gose |description: Someone form Space Next freed Dimbo from the Lab. during. During the action he added tomato and lime leafs to the beer tanks. Unsecured sources reported that they found TomatoKAOS paintings on the wall. Police is investigation is going on because of harmed gastronomy. |ABV: 4.2 |IBU: N/A |rating: 3.66,Space Next,Tomato Kaos
"beer kind: Sour - Tomato / Vegetable Gose |description: Sounds crazy but trust us, this beer is something unique you probably never tried or thought of trying but, if you ever wanted to try how tomato and freshly picked basil works in a salted sour wheatbeer then here is your chance. |ABV: 4.6 |IBU: N/A |rating: 3.65",HORIZONT Brewing,Sour Series - Margherita Pizza Gose
"beer kind: Sour - Tomato / Vegetable Gose |description: Vegetable gose with dill, garlic and cucumbers. |ABV: 4.8 |IBU: 5 |rating: 3.63",HopTop Brewery,TZATZIKI
beer kind: Sour - Tomato / Vegetable Gose |description:  |ABV: 3.6 |IBU: N/A |rating: 3.59,HopTop Brewery,Vega Mix
"beer kind: Sour - Tomato / Vegetable Gose |description: A KillerSick thrash metal bandával közösen készült sörünk. Egy masszív búzamaláta alap, amit savanyítottunk majd belga wit élesztővel erjesztettünk le. Mindezek után adtunk neki rengeteg paradicsomot, oregánót és bazsalikomot.A névválasztás sem véletlen, a srácok We are Toxic című száma ihlette a sört, amit Huszti Márk fősörfőzőnk készített el, és brutális lett, legalább annyira mint a címke :D |ABV: 5.2 |IBU: N/A |rating: 3.57",Etyeki Sörmanufaktúra,We Are Toxic
"beer kind: Sour - Tomato / Vegetable Gose |description: A very unique, vegetably gose with a good portion of beetroot, spiced with a pinch of pink pepper and sea salt. |ABV: 5.0 |IBU: 8 |rating: 3.55",HopTop Brewery,Beet Blood
"beer kind: Sour - Tomato / Vegetable Gose |description: What's more iconic than pizza and beer together? In this new episode of combinating them together we added a little beech wood smoked malt to enhance the traditional flavors of the classic Margherita pizza. Just the basics, tomato with freshly picked basil in a gose. |ABV: 4.6 |IBU: N/A |rating: 3.36",HORIZONT Brewing,Sour Series Wood-Fired Margherita Pizza
"beer kind: Sour - Tomato / Vegetable Gose |description: BBQ szósz-ihlette gose paradicsommal és fűszerekkel, kollégánk, Viktor ötlete és receptje alapján. BBQ inspired gose made with tomato and spices, based on the crazy idea of our colleague, Viktor. |ABV: 4.9 |IBU: N/A |rating: 3.3",HORIZONT Brewing,Sour Series - Grillmaster's Delight
"beer kind: Sour - Tomato / Vegetable Gose |description: A megszokott pizzás sör-sorozatunk 2025-ös tétele, egy szép adag füstölt malátával a sonkás, és egy adag gombával a gombás ízvilágért! Our beloved Pizza Series makes a comeback with this ""Prosciutto & Funghi"" version. With a nice amount of roasted malts for the Prosciutto taste and an even nicer amount of mushroom for the ""Funghi"" taste! Buon Appetito |ABV: 4.5 |IBU: N/A |rating: 3.25",HORIZONT Brewing,Sour Series - Papa Prosciutto & Funghi
"beer kind: Sour - Traditional Gose |description: A Unity Bar ＆ Brewery és a KEG Sörművház közös projektje. ""Hosszú hónapok óta érezzük, hogy hiányzik a választékunkból egy stabil minőségű, állandó savanyú sör, amely szintén nem drága, tényleg alapízű és valóban savanyú. Könnyebbséget jelent ebben a projektben nekünk, hogy pultos brigádunk néhány tagja aktív, vagy éppenséggel inaktív sörfőző, így gyakorlati oldalról is megtámasztott a folyamat. Így jutottunk arra a döntésre, hogy kell a KEG-be egy olyan Gose, amely négy dolgot biztos tud: sós, savanyú, korianderes és alsó középkategóriás áron adható, és nem akar túlmutatni a fajtajellemzők biztosította kereteken. "" |ABV: 4.7 |IBU: 10 |rating: 3.61",Plan B by Unity,KEG X UNITY Gose v1
"beer kind: Sour - Traditional Gose |description: Az Ugar Brewery extrafriss, a nyár utolsó perzselő sugaraihoz főzött söre pont olyan, mint névadója, az alföldi strandok és focipályák hőse: Fecskekapitány!A főzdében igyekeztek olyan karaktert alkotni, amivel különcsége ellenére – vagy pont azért – sokan tudnak azonosulni. Az új sör egy gose, amely kellemesen, éppenhogy sós, jólesően savanyú, és játékosan komlós. |ABV: 4.5 |IBU: N/A |rating: 3.59",UGAR Brewery,Red Speedo
beer kind: Sour - Traditional Gose |description:  |ABV: 5.0 |IBU: N/A |rating: 3.48,Félegyházi Sörműhely,Gose
beer kind: Specialty Grain |description:  |ABV: 4.8 |IBU: 29 |rating: 3.3,Körös-Maros Biofarm Kft.,Elixbeer Alakor
"beer kind: Spiced / Herbed Beer |description: Az Almás Rétes az első, már-már cukrászati szempontból is irigylésre méltó Szent András pastry ale, ami az osztrák barátaink világhírű almásrétesének, - ahogy ők nevezik: Apfelstrudel - mintájára készült el még Kappa.04 TesztAndrás kísérletként. Sörünk olyannyira sikeres lett, hogy mostantól megtaláljátok az állandó kínálatban is. Az osztrák rétest többnyire vaníliafagylalttal szolgálják fel, így a valódi vanília őrlemény ebből a sörből sem hiányozhat. Savanykás almás jegyek, intenzív fahéj és édeskés vaníliaillat egy nem túl édes, de sörként és sütiként is fenséges desszertsörben. |ABV: 4.2 |IBU: 25 |rating: 3.79",Szent András Sörfőzde,Almás Rétes
"beer kind: Spiced / Herbed Beer |description: A Collabrew Series harmadik tagját, stílusosan három tag álmodta meg. Egy sörfőző, egy gerilla, és az „Untappd srác”. Sok hétköznapi dologra nem nagyon lehet számítani ebből a felállásból. Itt van például ez a saison. Nem elég, hogy több mint 40% búzamalátával készült, még borítottunk bele egy szakajtónyi rózsaborsot is. Persze a hidegkomlózás sem maradhatott el. Mosaic komlót és még egy kis rózsaborsot kapott, mert abból ugye sosem elég. A végeredmény pedig egy késő tavaszi, igazi, elképesztő szomjoltó serital lett!Javasolt fogyasztási hőmérséklete 10°C. |ABV: 6.2 |IBU: 25 |rating: 3.66",Reczer Ser,Collabrew Series #3 - Kollabors
"beer kind: Spiced / Herbed Beer |description: A Nyúlon Túl nem csak egy „ártalmatlan kis nyuszika” söre, de az idei barbecue-szezonnyitó sztárja is. A red ale és sört megfűszerező közepesen erős, bükkfán füstölt, chiliszósz harmóniája nem csak a húsok ízét dobja fel, de magát a főzést is. Sörünkhöz a békés megyei Kígyóscsili aranyérmes chipotle szószát adtuk, hogy legyen szó bármilyen helyzetről, mi izzítsuk a hangulatot. |ABV: 4.9 |IBU: 42 |rating: 3.6",Szent András Sörfőzde,Nyúlon Túl '19
"beer kind: Spiced / Herbed Beer |description: Az Esthajnal sorozat második darabjában, az Esthajnal ’14-ben az ünnepi hangulat mellett magát a karácsonyfát is palackba töltöttük. Sörünkbe annyi lucfenyőhajtás került, hogy a főzőház is majdnem megsínylette a folyamatot. Az eredmény magáért beszél, elkészíteni nektek a kihívások ellenére is megérte. |ABV: 6.0 |IBU: 45 |rating: 3.57",Szent András Sörfőzde,Esthajnal '14 - Batch #2
"beer kind: Spiced / Herbed Beer |description: Ki ne hallott volna a Collabrew szériáról a Reczer Sertől? Emlékeztek a legendás trió, Utassy Roli, Rage és Reczer Gabi összeállására, amikor megalkották a Kollaborsot? Naná, hogy igen!Abba a szerencsés helyzetbe kerültünk, hogy zöld utat kapott egy újabb főzet belőle, ezer hála érte srácok!Most az etyeki sörguruk (Márk és Kende) álltak össze a Wicked Water arcaival (Rage és Zoli), leporolták ezt a receptet. Picit igazítottak rajta a saját szájízük szerint, és elkészítették újra ezt a tételt. Pattintsatok rá és üljetek fel a nosztalgiavonatra! Egs!És mi is ez a sör? Egy masszív búzaalapú White Saison, ami rengeteg rózsaborssal lett megfűszerezve, mellé egy laza 6,1%-os alkoholtartalommal áldottuk meg. |ABV: 6.1 |IBU: 20 |rating: 3.57",Etyeki Sörmanufaktúra,Pepper Rangers
beer kind: Spiced / Herbed Beer |description:  |ABV: 7.0 |IBU: N/A |rating: 3.55,Bors Serfőzde,Vitalis
beer kind: Spiced / Herbed Beer |description:  |ABV: 5.5 |IBU: N/A |rating: 3.53,Reketye Brewing Co.,batatAle
beer kind: Spiced / Herbed Beer |description:  |ABV: 8.1 |IBU: 22 |rating: 3.52,Hedon,Napalm
beer kind: Spiced / Herbed Beer |description: Jázminnal és zöld teával. |ABV: 4.5 |IBU: N/A |rating: 3.45,Fóti Kézműves Sörfőzde,Geisha
"beer kind: Spiced / Herbed Beer |description: Eleinte év végi ünnepekre, majd később a nagy fogyasztói igény hatására egész éven át készített, gesztenyeliszt és bourbon vanília hozzáadásával előállított különlegesség. A sör színében aranybarna, ízében a gesztenyéhez méltó jegyekkel lett felruházva. A gesztenyét kedvelő fogyasztók körében a sör minden kortya kellemes hangulatot teremthet számunkra. |ABV: 5.5 |IBU: N/A |rating: 3.43",Gyertyános Sörfőzde,Gesztenye
beer kind: Spiced / Herbed Beer |description: Mézes gyömbéres  |ABV: 4.5 |IBU: N/A |rating: 3.25,Sörművek,Gigi
beer kind: Spiced / Herbed Beer |description:  |ABV: 5.5 |IBU: 12 |rating: 3.09,Rizmajer Kézműves Sörfőzde,Mézes-Narancsos Gyömbér
"beer kind: Stout - American |description: ChuckTR (Asterisk Mountain Brewers) egyike a legtehetségesebb hazai sörfőzőknek, így amikor felvetődött a kollaboráció ötlete, azonnal igent mondtunk rá. Végül a Wicked Nuclear Rahoron nevű receptjének pekándiós változatát „skáláztuk fel”, így született meg ez a csokoládéval, vaníliával és persze pekándióval főzött American milk stout. A stílusnak megfelelően alaposan megkomlóztuk, így ideális balanszban vannak az édes és keserű ízjegyek, nem válik émelyítővé az élmény, inkább mintha egy folyékony desszertet kortyolnál.--ChuckTR (aka Asterisk Mountain Brewers) is one of the most talented homebrewers of the local scene. So when he asked us whether we’d be interested in a collaboration we immediately knew the answer. We took his already well-known and loved Russian Imperial Stout, Wicked Nuclear Rahoron and tweaked the recipe until we were both happy with the results. That’s how Nut To Butt, an American milk stout brewed with pecan, chocolate and Madagascar vanilla came together. We heavily hopped it to achieve an ideal balance between pine-y and sweet flavours; it’s like drinking a liquid dessert. |ABV: 6.0 |IBU: N/A |rating: 3.83",MONYO Brewing Co.,Nut To Butt
beer kind: Stout - American |description:  |ABV: 7.2 |IBU: 20 |rating: 3.76,HORIZONT Brewing,Pilot Series #7 - Coconut Stout
"beer kind: Stout - American |description: A Black Mamma egy könnyű fekete kávés stout, visszafogott keserűséggel, de lehengerlő kávéillattal, csak kávéfogyasztóknak. Könnyen csúszik, de minden korsóban két presszó mocorog. Hajnalig iható, pörgős, könnyed 6%-os lopakodó. |ABV: 6.0 |IBU: N/A |rating: 3.7",Yeast Wörks,Black Mamma
"beer kind: Stout - American |description: Hármas együttműködésben megalkotott, “duplán kávés” stout – a recept Gárdos Zsolt baristával közös művünk, Etióp Sidamo kávéját pedig a Blckest pörkölte. Az eredmény egy karakteres, kiegyensúlyozott frissítő: kávé és sör tökéletes összhangja. Egy emberként szeretjük. |ABV: 6.4 |IBU: 37 |rating: 3.68",Fehér Nyúl,Baristaut
"beer kind: Stout - American |description: A karácsonyi édességek kísérője, de akár helyettesítője is lehet a Szent András Sörfőzde Esthajnal-sorozatának negyedik darabja, az Esthajnal '16. Ünnepi desszertsörünkben a menta frissítő lendülete találkozik a csokoládé adta élvezetekkel és a stoutok krémes, bársonyos ízkarakterével. Az Esthajnal '16-ot sörfőzőmesterünk úgy alkotta meg, hogy az ünnepek alatt mindig legyen jó ok egy meghitt, karácsonyi sörözéshez. |ABV: 7.0 |IBU: 50 |rating: 3.67",Szent András Sörfőzde,Esthajnal '16
"beer kind: Stout - American |description: Tejcsokis, citrusos illatok alól bontakozik ki a komplex ízélmény, melyet az amerikai komlók és a pörkölt maláták biztosítanak. A hidegkomlózás miatt kevésbé komlós keserű, viszont sokkal illatosabb és zamatosabb. Krémesen csúszó desszertsör. |ABV: 6.5 |IBU: N/A |rating: 3.66",Skyland Sörfőzde,The Blackening
"beer kind: Stout - American |description: Hét fajta maláta keveréke adja a az édes/kávés/kesernyés ízkombinációt. Az első kortyok után nehéz is eldönteni, hogy édes, vagy keserű ízt érezni?! Gyönyörű, krémes habja van, szinte harapni lehet. A fűszerezést kétfajta komlóval végezzük. |ABV: 6.7 |IBU: 38 |rating: 3.65",Fűtőház Sörfőzde,327-139
"beer kind: Stout - American |description: Összetevők: müncheni maláta, pilseni maláta, carafa III, carafa I, zabpehely, Magnum komló, Chinook komló, ale élesztő. |ABV: 5.9 |IBU: 41 |rating: 3.61",SteamCraft Brewery,Dark Steam
beer kind: Stout - American |description:  |ABV: 6.2 |IBU: 30 |rating: 3.6,Zentus Craft Beer,Ebony Cougar
"beer kind: Stout - American |description: stout marc felhasználásávalamerican stout craft beer with Marcszűretlen pasztőrözetlen/unfiltered unpasteurizedA Szekszárdi Márc egy ősi recept alapján, mézből és cukorból készített szörp, Petrits József mézeskalácsos mester öröksége alapján.összetevők: ivóvíz, árpamaláta, karamell maláta, csokoládé maláta, pirított árpa, Márc (cukor,víz,méz,karamell), komló, sörélesztőingredients: water, barley malt, crystal malt, chocolate malt, roasted barley, Marc (sugar,water,honey,caramel), hops (Magnum, Styrian Goldings, Cascade), yeast |ABV: 7.0 |IBU: 23 |rating: 3.6",Zentus Craft Beer,Darkness Be My Friend
"beer kind: Stout - American |description: Kellemesen komlós, American stout, 6,2%-os alkoholtartalommal, Till Áron sörfőző receptje alapján. A stoutra jellemző kávés ízjegyek találkozása a komló kesernyésségével és a bergamot jellegzetesen citrusos ízvilágával egy teljesen új, páratlan íz-orgiává teljesedik ki, főleg a sör hőfokának változásával. Ajánljuk nem teljesen lehűtve fogyasztani.This American Stout is the perfect meet-cute of coffee notes from the stout, the HBC-630's hoppy flavor and the sour notes of the Ear Grey and bergamot oil. The extraordinary taste reaches its full potential once the beer reaches the best temperature, which is definitely not ice-cold. |ABV: 6.2 |IBU: 17 |rating: 3.53",HORIZONT Brewing,Selfish Games - Beantown Tea Party
"beer kind: Stout - American |description: This is not just a beer; it’s the result of an exciting experiment that opens new dimensions in flavor! We’ve reimagined MONYO’s previous mango-maple syrup recipe with a silky and intense stout base. It was Szilárd’s idea to combine the rich, roasted notes of dark malts with the tropical freshness of mango and the sweet, caramel-like depth of maple syrup. And he was absolutely right!A sip of this specialty is like tasting a dessert: full-bodied, creamy, and playfully fruity. The seriousness of the stout and the sweetness of the mango-maple syrup duo invite your taste buds to a harmonious dance where roasted, sweet, and fruity notes unite perfectly.Try it and step with us into a new universe of flavors! |ABV: 6.2 |IBU: N/A |rating: 3.41",MONYO Brewing Co.,MONYO x One Beer: Mango x Maple Syrup Stout
"beer kind: Stout - Coffee |description: SERVED ON NITROSingularity is an ode to boozy, creamy coffee. A big coffee and chocolate malt body, full of toffee and raw sugar notes, serves as the foundation, balanced with a touch of lactose. We then cold-infuse a specially-selected blend of single-origin beans from Budapest's own Bagira Coffee: two Brazilian roasts for creamy, nougaty espresso character, and an El Salvadorian dark roast for tobacco and red fruit notes.Served on nitro for a luxuriously smooth pour. |ABV: 7.2 |IBU: 41 |rating: 3.85",Gravity Brewing,Singularity NITRO - Irish Coffee Stout
"beer kind: Stout - Coffee |description: SERVED ON NITROExoplanet is a quarterly series purpose-built to highlight single-origin coffees from Budapest's own Bagira Coffee.The foundation is a cleaner, softer stout which lets our coffee selections shine through: a bold dark malt baseline tempered with tons of silky oat body and a touch of lactose.San Ignacio hails from several nano-scale producers within Peru's Cajamarca region, where high altitudes, fertile volcanic soil, and tropical rains create perfect growing conditions. Here, small farmers prioritize quality and sustainability, handpicking the beans before gently wash-processing and fermenting them. Bagira's light roast perfectly accentuates this bean’s delicate notes of freshly-baked brownies, blueberry jam, and plum compote. |ABV: 6.0 |IBU: 24 |rating: 3.84",Gravity Brewing,Exoplanet: San Ignacio - Single Origin Coffee Stout
"beer kind: Stout - Coffee |description: Megfogalmazódott bennünk egy olyan sör gondolata, amivel átlépjük a saját korlátainkat. Rozsos stout, kávéval és bourbon hordó chips-szel. Erős, királyi darab, a tsunami elsöprő erejével. Egészségetekre! |ABV: 15.2 |IBU: 50 |rating: 3.83",Hopfanatic Brewery,Tsunami
"beer kind: Stout - Coffee |description: A Balkezes Urakkal ’Pimp my tank’ névrekereszteltük a projektet, melyben a másodikvilágháborús, már harcedzett T30 harckocsifejlesztésébe fogtunk. Vázig bontottuk agépszörnyet, kicsit hegesztettünk amalátaalapon, kidobtuk a tejcukrot,megerősítettük a koffein vonalat. Nem isakárhogy. Külső segítségként bevontuk egyújhullámos kávépörkölő manufaktúrát, amiolyan brazil koffein lövegeket készítettnekünk, ami felér egy fejlövéssel. Így álltössze a pusztító páncélos, a Tropical Tiger! |ABV: 6.5 |IBU: 40 |rating: 3.78",Reczer Ser,Collabrew Series #10 - Tropical Tiger
"beer kind: Stout - Coffee |description: Barátaink a 42 Coffee Roasterytől egy újabb intergalaktikus hírnevű kávéval örvendeztetettek minket: ezúttal az egyedi pörkölésű El Salvador Bourbon Black Honey kávét pörgettük át 24 órán keresztül legújabb milk stoutunkon. A közel 250 espressonyi kávétkrémes, szinte édes milk stouttal vegyítve kaptuk meg ezt a pörköltkávés, kicsit mézes sört mely egy fekete lyuk gravitációjávalvonzza az ízlelőbimbókat. Bögréből is tökéletes! |ABV: 6.2 |IBU: N/A |rating: 3.7",FIRST Craft Beer,Fake Macchiato
"beer kind: Stout - Coffee |description: Meglepő bejelentést tett október elején a szekszárdi Bodri Pincészet: piacra dobták az Optimus Stoutot. A sör azt a sort folytatja, amelybe az Optimus Étterem, az Optimus Lucky Cap kávé és persze az Optimus Cuvée tartozik.Az Optimus a Szekszárdi borvidék első olyan étterme volt, amely borászatnál működik, a’la carte konyhával, és egész évben nyitva van. Ugyancsak az Optimus névvel illetik a Bodri pincészet egyik zászlósborát, az Optimus Cuvéet, és a sorozat része a borhoz komponált kávé, az Optimus Lucky Cap blend is. A legújabb tagja a prémium családnak pedig az Optimus Stout, amelyet a Horizont Brewing főzött a szekszárdi borászat számára, és amivel sikerült meghökkenteni a boros közeget. |ABV: 6.0 |IBU: N/A |rating: 3.65",Bodri Pincészet,Optimus Stout
beer kind: Stout - Coffee |description:  |ABV: 7.8 |IBU: N/A |rating: 3.61,UGAR Brewery,Tiborg Deluxe - Ethiopian Style
beer kind: Stout - Coffee |description: Collab with 42 Coffe Hungary |ABV: 6.1 |IBU: N/A |rating: 3.61,hübris,Szümpla
beer kind: Stout - Coffee |description:  |ABV: 7.0 |IBU: N/A |rating: 3.61,Félegyházi Sörműhely,Extra Coffee Stout
"beer kind: Stout - Coffee |description: Bár az ünnepi szokások eltérőek, szenteste másnapján az alábbi dolgok vesznek körül. Van aki a romok eltakarítasának áll neki rögtön, van aki csöndesen süpped egy új könyvvel a kanapéba.Bármelyik táborba is tartozol, ezzel a csúszós, málnával és lágy brazil kávéval bőven megkínált stouttal nem indulhat rosszul a reggeled! |ABV: 8.8 |IBU: N/A |rating: 3.6",UGAR Brewery,Merry Berry!
"beer kind: Stout - Coffee |description: A cup of joe in the morning? Specialty roasted coffee and selected cocoabeans makes this brew intense and reviving, the tons of oatflakes makes it super creamy, like your favorite capuccino. So, fancy a cup of joe in the morning? (Or at any time of the day...)Egy feketét reggelire? Az egyedi pörkölésű kávétól markáns és ébresztő, a hozzáadott rengeteg zabpehelytől pedig krémes és selymes, mint a kedvenc cappuccino-d. Na, akkor egy feketét reggelire? (Vagy bármikor…) |ABV: 6.0 |IBU: 35 |rating: 3.59",HORIZONT Brewing,Morning Joe
beer kind: Stout - Coffee |description: Dark ale with coffee |ABV: 6.1 |IBU: 14 |rating: 3.58,Szarvasi Kézműves Sörfőzde,Kotyogós
"beer kind: Stout - Coffee |description: Jó ideje törtük a fejünket, hogy főzni kellene egy alacsony alkoholtartalmú, de mégis testes, kávés stoutot. Ez lett a Glam Stout, aminek ízesítéséért brazil El Salvador specialty kávé felel.We have been thinking about brewing a low ABV, yet full-bodied coffee stout for a while now. The result is the Glam Stout, infused with Brazilian El Salvador specialty coffee. |ABV: 4.9 |IBU: N/A |rating: 3.4",Fehér Nyúl,Glam Stout
"beer kind: Stout - Coffee |description: A Catacombs Coffee Stoutnál mögött az volt a gondolat, hogy szerettünk volna egy komolyabb, de közérthetőbb stílust még népszerűbbé tenni itthon. A kávé adja magát, mivel a sötét stout alap már eleve adhat ilyen asszociációkat, amire a specialty kávéval csak még jobban ráerősítettünk, miközben nem viszi el mégsem túlságosan extrém irányba az ízélményt. Itt mindkét csapat fantáziája szabadon szárnyalhatott, ez egy hálás feladat és kiérződik a sörből is. Lágy malátásság és szénsavasság, valamint kávés, kakaós, keserű csokis, karamellás és enyhén a komlótól keserű íz jellemzi. |ABV: 6.0 |IBU: N/A |rating: 3.37",Kőbánya X,Catacombs Coffee Stout
"beer kind: Stout - English |description: Önmatt. A feladvány, amelyben a sötétet arra kényszerítjük, hogy mattot adjon. Az erőteljes, krémes, kávés, csokis fekete sör adott, a feladat adott. Kezdődjön a játék, és gratulálunk a győztesnek! |ABV: 5.0 |IBU: 30 |rating: 3.61",ZealBrewing,Ön Matt
"beer kind: Stout - English |description: A 2012-es miskolci sörversenyre készítettük, megcélozva vele egy a Tuck Baráthoz méltó fekete ALE (Stout) változatot. Nyolc fajta maláta keverékével van cefrézve. Különleges íz világát a speciális komlózásnak köszönheti. A színe mély fekete, EBC 52-es. 14C°-on fogyasztandó. |ABV: 6.0 |IBU: N/A |rating: 3.44",Bors Serfőzde,Sherwood
beer kind: Stout - Foreign / Export |description:  |ABV: 7.5 |IBU: 75 |rating: 3.72,armando_otchoa,Deep Throat - Irish Bitchies
beer kind: Stout - Foreign / Export |description:  |ABV: 6.0 |IBU: N/A |rating: 3.67,Reketye Brewing Co.,De Molen Collab
beer kind: Stout - Foreign / Export |description:  |ABV: 6.5 |IBU: N/A |rating: 3.57,Hedon,Katalin Cárnő
"beer kind: Stout - Foreign / Export |description: A proper foreign stout with velvety, creamy foam. Cold roasted coffee, smoky scents and flavors are dominant. As the beer warms up a light chocolate flavor can be tasted. |ABV: 6.0 |IBU: 45 |rating: 3.46",HopTop Brewery,Midnight Express
beer kind: Stout - Imperial / Double Coffee |description: Imperial stout from our brewery with a lot of coconut and locally roasted coffee. |ABV: 10.8 |IBU: N/A |rating: 3.83,HORIZONT Brewing,Selfish Games Royal Indulgence
beer kind: Stout - Imperial / Double Coffee |description: Imperial Latte Stout with a huge amount of La Claudina columbian light roast coffee.  |ABV: 12.0 |IBU: 40 |rating: 3.82,HopTop Brewery,Apocalypse Coffee
"beer kind: Stout - Imperial / Double Coffee |description: Imperial Coffee Stout brewed with Bolivian ""Los Rodriguez"" coffee beans, roasted by Coffee Collective (DK). |ABV: 10.0 |IBU: N/A |rating: 3.81",MONYO Brewing Co.,Los Rodriguez
"beer kind: Stout - Imperial / Double Coffee |description: Our core stout Morning Joe in double edition with more coffee, more cocoa nibs and higher ABV. Enjoy anytime. |ABV: 9.0 |IBU: N/A |rating: 3.69",HORIZONT Brewing,Selfish Games Double Morning Joe
beer kind: Stout - Imperial / Double Milk |description: Kentucky bourbon barrell aged milk imperial stout  |ABV: 11.5 |IBU: N/A |rating: 3.85,HopTop Brewery,RudeBoy
beer kind: Stout - Imperial / Double Milk |description: Barbados rum barrel aged milk imperial stout  |ABV: 11.6 |IBU: N/A |rating: 3.84,HopTop Brewery,Sex On the Barrel
"beer kind: Stout - Imperial / Double Milk |description: MAD SCIENTIST BARREL PROJECTGin Barrel-Aged Imperial Milkstout With Spruce Tips, Woodruff, Juniper Berries And Forest FruitsCELLAR MASTER NOTESIt's the dawn of the witchLet go, our spells will lead you higherMore than a year has passed since Night of the Witch cast its pine-scented spell, now the forest reveals a different path. We kept the spruce tips and juniper berries but left the nuttiness behind, conjuring an even more herbal, fruit-kissed incarnation. This time, woodruff takes the lead, a mystical herb with ancient roots, once used in potions, now lending its soft cinnamon, vanilla, and grassy charm. To deepen the magic, we added a handful of dark berries to this potion. It’s an enchanting start to work more frequently with herbs, we hope it will charm you, too. |ABV: 11.0 |IBU: N/A |rating: 3.84",Mad Scientist,Dawn of the Witch
"beer kind: Stout - Imperial / Double Milk |description: SugarDaddy. Imperial Mocha-Toffee Brownie Milk Stout. This is a TuffBuzz x Mad Scientist collaboration beer. ABV 11%.Ingredients: water, malted barley/wheat, yeast, coffee, cocoa, falked wheat, orange blossom extract, vanilla, dark muscovado, carmel, lactose, hops (centennial, lemondrop, pacifica, ahtanum). |ABV: 11.0 |IBU: 71 |rating: 3.81",TuffBuzz,Sugar Daddy
"beer kind: Stout - Imperial / Double Milk |description: MAD SCIENTIST BARREL PROJECTIslay Whisky Barrel-aged Smoky Imperial Milk Stout With Habanero ChilliesCELLAR MASTER NOTESAs a dragon shout, this monstrous release arrives with smoke and fire and leaves no tastebuds untouched. When we brewed this beer almost 2 years ago we had a clear concept to make something like a chocolate-smoke-chili cream liquor so we used tons of lactose, got the smokiest barrel we could and used Habanero chilies to add some heat and more smoke. If you like to compare beers, taste it along with the Asleep in the Deep, it has the same base but the additions and barrels make 2 whole different worlds. But beware, don't take too much fire damage! |ABV: 12.9 |IBU: N/A |rating: 3.8",Mad Scientist,Dovahkiin
"beer kind: Stout - Imperial / Double Milk |description: MAD SCIENTIST BARREL PROJECTBarrel Aged Imperial Milk StoutCELLAR MASTER NOTESBarrelX or Idk but cool anyway.You, beautiful people, loved the NYE2021 blend so much on tap that we decided to create a batch to be bottled as well. This marriage has been set between our previous Barrel Project release ""Asleep In The Deep"" which arrives with loads of chocolate together with hazelnut and a mixed fermented, wine barrel-aged, black raspberry-infused hawthorn mead. As you can expect, complexity attacks from several directions in the shape of chocolate sweetness, deep fruitiness, playful acidity, nuts, nuts, nuts and more!Saying it's a Black Forest cake would be too obvious and we even used this term before but what could be said? It's pretty much like that and beyond! |ABV: 12.4 |IBU: N/A |rating: 3.8",Mad Scientist,Year of the Tiger
"beer kind: Stout - Imperial / Double Milk |description: One half of our - three way - collab with Heist Craft from Clowne, UK. Darkness.. is a beautiful chocolate cake imperial stout, for which we used a good amount of cocoa beans, chocolate powder and some lactose. Boiled for 3 hours it's creamy and delicious. Look for the other half, Only Light Can Do That by MONYO x Heist Craft.  |ABV: 9.0 |IBU: N/A |rating: 3.79",HORIZONT Brewing,Darkness Cannot Drive Out Darkness
"beer kind: Stout - Imperial / Double Milk |description: Egy igazán különleges kollaboráció a norvég Badin sörfőzdével – ez az imperial milk stout a selymes testet és az intenzív kakaós karaktert ötvözi az egzotikus kínai ötfűszer keverék (fahéj, koriander, babérlevél, ánizs, szegfűbors) meleg, fűszeres jegyeivel. A gazdag malátakaraktert krémes laktóz támogatja, míg a fűszerek mélységet és izgalmas rétegzettséget adnak a kortynak.A truly special collaboration with Norway’s Badin Brewery – this imperial milk stout combines a silky body and intense cocoa character with the warm, spicy notes of an exotic Chinese five-spice blend (cinnamon, coriander, bay leaf, anise, allspice). The rich malt backbone is supported by creamy lactose, while the spices add depth and intriguing layers to every sip. |ABV: 8.5 |IBU: N/A |rating: 3.79",HORIZONT Brewing,Elemental Darkness
"beer kind: Stout - Imperial / Double Milk |description: Anglia 1700-as évekbeli exportra szánt söre, mivel a magas alkoholtartalom védte, a hosszú utazással járó megpróbáltatások ellen. Napóleoni háborúk miatt a kereskedelem megszakadt, így rövid idő után ez a sörtípus megsemmisült létezni. Az amerikai sörforradalomnak köszönhetően újraélesztették, és újragondolták. Mi is egy modernebb változatott főztünk rengeteg laktózzal, és bourbon vaníliával. Ui.: Ragadni fog a szád! |ABV: 8.0 |IBU: 50 |rating: 3.77",Kecskeméti Sörmanufaktúra,IMPERIAL MILK STOUT
beer kind: Stout - Imperial / Double Milk |description: Masala Chai Latte Imperial Milk Stout		 |ABV: 11.3 |IBU: N/A |rating: 3.73,Mad Scientist,Chaiwala
beer kind: Stout - Imperial / Double Milk |description: Extra Milk Stout with Marzipan and Almond.  |ABV: 8.0 |IBU: 32 |rating: 3.72,MONYO Brewing Co.,Marzyparty
"beer kind: Stout - Imperial / Double Milk |description: Sörfőzdénk második Extra Milk Stoutja, amibe a laktózon kívül rengeteg pörkölt földimogyoró, vanília és pillecukor is került. A végeredmény pedig folyékony dekadencia: krémes, édes, testes és sűrű desszertsör. Míg illatában eleinte a stílusra jellemző étcsokoládé és pörkölt maláta dominál, némi mogyoróvajas felhanggal, addig ízében már utóbbin van a hangsúly, némi karamellával és melengető alkohollal kiegészülve. Ha két szóban kellene jellemeznünk, azt mondanánk, hogy ilyen lehet a folyékony Snickers.--Our second Extra Milk Stout was brewed with copious amounts of lactose, Madagascar vanilla, marshallows and peanuts. Swirling aromas lift from the glass calling to mind Snickers bars, freshly-made peanut butter and Black Forest gateau. On the palate, notes of peanut butter, baker’s chocolate and caramel are layered over a full, soft mouthfeel.  |ABV: 6.0 |IBU: 8 |rating: 3.66",MONYO Brewing Co.,Beard Doesn't Make You A Brewer.
beer kind: Stout - Imperial / Double Pastry |description: Bourbon Barrel Aged Mango-Banana-Vanilla Ice Cream Imperial Stout  |ABV: 8.0 |IBU: N/A |rating: 3.85,Mad Scientist,Ice Cream Alchemy Glacé Mode Bourbon
"beer kind: Stout - Imperial / Double Pastry |description: MAD SCIENTIST BARREL PROJECTJamaican Rum Barrel-Aged Imperial Stout With Sun-Dried PineappleCELLAR MASTER NOTESWe have Pineapple Express at homeWe used rum barrels from a few different regions in the last almost 5 years and in our humble opinion Jamaican barrels bring the delicate rum notes in the finest way. It's always a pleasure to work with them, especially at the first filling. We crave pineapple rum and we wanted to get as close as possible without the sun burning our wings. The thick imperial stout sat more than a year in this fresh barrel and got mixed with sun-dried pineapples. The aim was not to overwhelm the base, but to complete it with all those fine tropical flavours. Mango, banana, be prepared, your time will soon come! - you've heard it first here |ABV: 10.6 |IBU: N/A |rating: 3.84",Mad Scientist,Pineapple Popup
beer kind: Stout - Imperial / Double Pastry |description:  |ABV: 15.5 |IBU: N/A |rating: 3.83,UGAR Brewery,Donga Project IV - Eger Red Wine Barrelaged Imperial Pastry Stout
beer kind: Stout - Imperial / Double Pastry |description:  |ABV: 11.0 |IBU: N/A |rating: 3.83,FIRST Craft Beer,Nutter Butter Cracker
"beer kind: Stout - Imperial / Double Pastry |description: MAD SCIENTIST BARREL PROJECT collab with our friends at De Moersleutel (NL) (you can find the 2nd barrel edition as SOMLÓI NODLER)Jamaican Rum Barrel Aged Imperial Pastry Stout with Walnuts inspired by a Hungarian dessert CELLAR MASTER NOTESThis beer is based on one of the most famous Hungarian desserts. We have replaced chocolate dressing with the thickest stout that we have brewed so far. The notes of rum, walnuts and raisins is the touch of the Jamaican rum barrel. The high alcohol content, full body and the dessert notes from the barrel aging are mellowed together by the significantly longer than average bottle conditioning. |ABV: 12.1 |IBU: N/A |rating: 3.82",Mad Scientist,Somlói Galuska
"beer kind: Stout - Imperial / Double Pastry |description: A tiramisu találkozik a barbadosi rumos hordó mélységével. A sör alapját gazdag imperial stout adja, amelyet specialty kávéval, csokoládéval és vaníliával toltunk meg, hogy megidézze a desszert komplex karakterét. A rumos hordó lágy, fűszeres aromái tartóoszlopai a megálmodott tiramisunak. Sűrű, hedonista élmény – igazi desszert a pohárban.Tiramisu meets the depth of Barbadian rum barrels. The base of the beer is a rich imperial stout, boosted with specialty coffee, chocolate, and vanilla to evoke the dessert’s complex character. The soft, spicy aromas of the rum barrels form the backbone of our envisioned tiramisu. Dense, hedonistic experience — a true dessert in a glass. |ABV: 13.0 |IBU: N/A |rating: 3.82",Fehér Nyúl,From the Barrel Rum Barrel Aged Tiramisu Imperial Stout (2025)
beer kind: Stout - Imperial / Double Pastry |description: Cozonac Imperial Pastry Stout With Citrus Zest And Vanilla 9%  brewed together with our friends at Bereta |ABV: 9.0 |IBU: N/A |rating: 3.79,Mad Scientist,TCB Taking Care of Business
"beer kind: Stout - Imperial / Double Pastry |description: Kortyoltál már kókuszgolyót? Álmodtál már folyékony Bounty csokoládéról? Ebben a magas beltartalmú imperial pastry stoutban az édeskés kókusz és a lágy csokoládé találkozik egy gazdagon malátázott, de markánsan komlózott stout ízkarakterivel, megalkotva ezzel egy finoman pörkölt, testes pastry ale-t. Az Alfa.15 egy izgalmas stout, ami felébreszti benned a kóstolás örömét... és persze az édes emlékeket. |ABV: 9.0 |IBU: 60 |rating: 3.79",Szent András Sörfőzde,TesztAndrás Alfa.15
"beer kind: Stout - Imperial / Double Pastry |description: Forrócsokizás helyett a nagyok kakóbabos-kókuszos imperial stoutot isznak. Az is felmelegít, de még hogy! Bitang mennyiségű kókusz ment ebbe a főzetbe és a tört kakaóbab úgy hozza ki a csokis ízeket, ahogy semmi más nem tudja. Instead of hot chocolate, the big players drink imperial stout with coconut and cocoa beans. It warms you up, too! A heck of a lot of coconut went into this brew and the crushed cocoa beans bring out those chocolate flavours like nothing else can. |ABV: 10.0 |IBU: N/A |rating: 3.78",Fehér Nyúl,Coco Bay
"beer kind: Stout - Imperial / Double Pastry |description: 2022's surprise Imperial Risalamande Pastry Stout with Sour Cherry, Almond & Vanilla release aged and blended in 2 different Bourbon Barrels MM & CS for 2023 as a collaboration with Ølsmageren fra Gjøl.Following TINY BARREL PROJECT SPIRITLORD RUM, TINY BARREL PROJECT SPIRITLORD COGNAC, TINY BARREL PROJECT BISCUIT BEHEMOTH and TINY BARREL PROJECT SZILVÁS GOMBÓC RUM here's our 5th TINY BARREL PROJECT release in our new category between the Specials series and Barrel Project in 330ml cans. |ABV: 10.5 |IBU: N/A |rating: 3.78",Mad Scientist,Tiny Barrel Project Memphis Mafia Bourbon
"beer kind: Stout - Imperial / Double Pastry |description: Imperial Pastry Stoutunk rendkívül testes és krémes, a malátás alapot a pekándió-mogyoró kombináció íze és illata teszi igazán különlegessé!Our Imperial Pastry Stout is full bodied and very creamy; the malty base paired with the pecan-peanut combo’s flavor and aroma makes this beer very special! |ABV: 9.3 |IBU: N/A |rating: 3.76",Fehér Nyúl,Other Side
"beer kind: Stout - Imperial / Double Pastry |description: Rum Barrel Aged Imperial Stout With Almond, Cherry & VanillaFollowing 2022's MEMPHIS MAFIA, 2023's MEMPHIS MAFIA 2023 DOUBLE VANILLA EDT and TINY BARREL PROJECT MEMPHIS MAFIA BOURBON and 2024's MEMPHIS MAFIA 2024 GOLD EDT and TINY BARREL PROJECT MEMPHIS MAFIA RYE WHISKEYTogether with our friends Niels and Nana from Flaneur in Aarhus, first released at Aarhus Together 2025 festAfter TINY BARREL PROJECT SPIRITLORD RUM and TINY BARREL PROJECT CANDY MAN SCOTCH and so, here is our 15th TINY BARREL PROJECT release in our new category between the Specials series and Barrel Project in 330ml cans |ABV: 13.5 |IBU: N/A |rating: 3.75",Mad Scientist,Tiny Barrel Project Memphis Mafia Rum
"beer kind: Stout - Imperial / Double Pastry |description: Imperial Risalamande Pastry Stout with Sour Cherry, Almond & Vanilla |ABV: 12.2 |IBU: N/A |rating: 3.75",Mad Scientist,Memphis Mafia
"beer kind: Stout - Imperial / Double Pastry |description: Hagyták az almát, mert mandula bokorra és kakaócserjére bukkantak. Nem is lett belőle baj. A vaníliát pedig már mi adtuk hozzá, mert hát ott voltunk, nyilván. Aztán pedig az alkotó megpihent és rászisszentett egy serlegnyi testes, ízes, édes és vaskos folyékony sötétségre. Jó az ómen is ilyenkor. They left the apple behind, for they had stumbled upon an almond bush and a cocoa shrub. And no harm came of it. The vanilla was added by us, of course — we were there, naturally. Then the creator rested and hissed open a goblet of rich, flavorful, sweet, and thick liquid darkness. The omen is good at times like this. |ABV: 8.2 |IBU: N/A |rating: 3.75",Fehér Nyúl,Good Omen
"beer kind: Stout - Imperial / Double Pastry |description: (HU)2025-ben a Magyarország Tortája címet a gyulai Kézműves Cukrászda ""DCJ Stílusgyakorlat"" fantázianevű  tortája nyerte. A torta a dobostorta alapanyagai mellett meggyzselét és új technikát (függőleges vágásrend, doboscukros alsó piskótalap) is tartalmaz, így nem csak ízvilágában, de vizuálisan is egyedi gasztronómiai élményként mutatkozik be.Ennek alapján készült el ezúttal is Ábrahám Máté sörfőzőmester és Lackner Rolf sörfőző elképzelései alapján a Cakes & Ladders, mellyel idén is új stílusként mutatjuk be Magyarország Tortáját. A korábbi évek barleywine és sour stílusai után ezúttal egy Imperial Pastry Stoutként mutatkozik be a torta átértelmezése: a testes, 11.5%-os stout erejét kiválóan ellenpontozza a ghánai kakaóbabbal, meggypürével és karamellaromával ízesített test, mely így a nyertes torta legfontosabb ízelemeit komplex módon tudja visszaadni. A gyártás során ezúttal is az Ipartestület sztenderjeit követtük, vagyis a sörbe kizárólag magas minőségű, cukrászathoz is használható alapanyagok kerültek.(EN)This year we are presenting the Hungarian Cake as a new style. After the styles of previous years, this time the reinterpretation of the cake is presented as an Imperial Pastry Stout: the strength of the full-bodied, 11.5% stout is perfectly counterbalanced by the body flavored with Ghanaian cocoa beans, sour cherry puree and caramel aroma, which can thus reproduce the most important flavors of the winning cake in a complex way. |ABV: 11.5 |IBU: 25 |rating: 3.74",FIRST Craft Beer,Cakes & Ladders
"beer kind: Stout - Imperial / Double Pastry |description: A Fehér Nyúl Brewery & Taproom és a The Garden Brewery budapesti kollaborációjából született tengeri sós és madagaszkári vaníliás Imperial Pastry Stout. 26.5°B, laktózt tartalmaz.The Budapest based collabrew by the Fehér Nyúl Brewery & Taproom and The Garden Brewery. An Imperial Pastry Stout flavored with seasalt and Madagascar vanilla; 26.5°B, contains lactose. |ABV: 8.8 |IBU: N/A |rating: 3.73",Fehér Nyúl,Yugooo
"beer kind: Stout - Imperial / Double Pastry |description: Peanut Butter Jelly Marshmallow Toast Imperial Stout.  A vibrant and delicate Imperial Stout conditioned on bushels of Peruvian peanuts, housemade raspberry jam, Peruvian cocoa beans, marshmallow puffs and a pinch of Hawaiian black lava salt. |ABV: 10.0 |IBU: N/A |rating: 3.69",B*BOP FERMENTORY,PEANUT BUTTER JELLY MARSHMALLOW TOAST
"beer kind: Stout - Imperial / Double Pastry |description: Ez nem egy sör, ez egy álom. Bontsd fel, és merülj el a csokis-kókuszos mámor sűrű tengerében.This is not a beer, rather a dream. Open it, and sink into the thick sea of this chocolate-coconut intoxicant. |ABV: 8.6 |IBU: N/A |rating: 3.66",Fehér Nyúl,Chococo Dreams
"beer kind: Stout - Imperial / Double Pastry |description: Elcsépelt mondás, hogy a porterek, stoutok, erősebb sörök télire valók - főleg, ha könnyű az állítást megcáfolni is! Bemutatkozik ugyanis legújabb sörünk a Dessert Storm (9%). Ez a stout ugyanis jóval több, aminek első ránézésre tűnik. Kollégánk, Szilvásy Laci receptje ugyanis egy erős, frissítő kávés aromával és ízzel indít, emögött bújnak meg a krémesen kakaós és üdítően narancsos jegyek. A csokis-narancsos trüffel ihlette sör ugyanis (ahogy a legtöbb stout) fokozatosan engedi ki egyre újabb és frissebb illat- és ízjegyeit.Éppen ezért nem fog feltűnni 9%-os teste - nem szabad elsietni igazi kortyolgatós, melengetős sör, ami tökéletes akár egy esti beszélgetéshez, akár egy kerti sütögetéshez is! |ABV: 9.0 |IBU: N/A |rating: 3.61",FIRST Craft Beer,Dessert Storm
"beer kind: Stout - Imperial / Double Pastry |description: Ha ismered a legendát, akkor lételemed a művészet, a zene,a szenvedély és a kalandok. Alkottunk még valamit, ami rá fog emlékeztetni.Knowing the legend means you love art, you love music, passion and adventures. We created something that will remind you of it. |ABV: 10.1 |IBU: N/A |rating: 3.6",Fehér Nyúl,Rigó Jancsi
"beer kind: Stout - Imperial / Double Pastry |description: Zserbó ihlette, laktózmentes imperial pastry stout 10% alkoholtartalommal, 29,5°B eredeti extrakttartalommal. Testes, a sörrel együtt erjesztett kajszibarack intenzív zamatával és a kakaópor és dió ízével.Zserbó cake inspired, lactose free imperial pastry stout with 10% abv and 29.5°B OG. Full bodied, packing heavy aroma and tartness of the fermented apricots, and flavor of cocoa powder and walnuts. |ABV: 10.0 |IBU: N/A |rating: 3.6",Fehér Nyúl,Gerbeaud Magic
"beer kind: Stout - Imperial / Double Pastry |description: A szerb Kabinet Brewery-vel közösen főzött stoutunk igazi ínyencség: a zabpehelytől krémes, az áfonyától gyümölcsösen fanyar, míg a pillecukortól könnyű és édes lett. A pörkölt, csokoládés malátaággyal tökéletes desszertsört alkotnak, mely minden korttyal egyre ízesebb.Our new stout, brewerd with the Serbian Kabinet Brewery is a true delicacy: creamy (by the oat), fruitly tart (via blueberry), while light and sweet (thanks to the marshmallow) at the same time. With its roasted, chocolate-y malt base we created the perfect dessert beer, more and more complex by every sip. |ABV: 10.2 |IBU: 25 |rating: 3.53",FIRST Craft Beer,Marshmallow Arts
beer kind: Stout - Imperial / Double White / Golden |description:  |ABV: 8.5 |IBU: N/A |rating: 3.81,Fehér Nyúl,White Stout BA Jamaican Rum
beer kind: Stout - Imperial / Double White / Golden |description:  |ABV: 8.5 |IBU: N/A |rating: 3.77,Fehér Nyúl,White Stout BA Sauternes Whiskey
"beer kind: Stout - Irish Dry |description: When the waves get rough and the winds turn cool, it’s time to set sail with a stout in hand. Optimist Sailor is the dark treasure of long evenings - a smooth, creamy body layered with roasted malt, coffee, and dark chocolate, brightened by the citrusy sparkle of Mandarina Bavaria hops.Each sip is a small voyage - warming yet refreshing, bold yet balanced. A reminder that optimism, like good beer, keeps you afloat through any storm.Anchor down, glass up.Exclusively available to Beer52 subscribers, this brew is a UK market exclusive. |ABV: 6.0 |IBU: N/A |rating: 3.58",MONYO Brewing Co.,Optimist Sailor
"beer kind: Stout - Irish Dry |description: A classic dry stout distinguished by subtle notes of toffee and roasted coffee. Dry, refreshing, and full-bodied, with a clean, lasting finish. |ABV: 4.7 |IBU: 20 |rating: 3.58",Abodee,Stabil
beer kind: Stout - Irish Dry |description: Dry Stout |ABV: 5.0 |IBU: 30 |rating: 3.57,Vandal Brewing,Black Dog
"beer kind: Stout - Irish Dry |description: A BLACK UNICORN egy remek letisztult stout, kellemesen kávés, száraz lecsengésű fekete sör. Jó komlós, meg jó sötét. Ideális a sörözés elkezdéséhez, folytatásához és lezárásához. |ABV: 4.8 |IBU: 36 |rating: 3.53",KROIS Brewery,Black Unicorn
"beer kind: Stout - Irish Dry |description: This beer has been created in order to present drinking stouts in hungarian beer culture. Instead of searching heavy malty and full roasted notes we wanted to make a beer which makes you not think but drink. So it's not russian imperial, american or extra stout. It is a dry stout, simple as death. Halál is the translate of Death in hungarian. |ABV: 4.4 |IBU: 38 |rating: 3.46",hübris,Halál
"beer kind: Stout - Irish Dry |description: Lehet, hogy már túl hideg van a bikinikhez, de ehhez a stouthoz tökéletes a hűvösebb idő is. Az Invisible Bikini az őszi napok fekete csodája: krémes test, pörkölt maláta, kávé és étcsoki, amit a Mandarina Bavaria komló citrusos frissessége dob fel.A selymes kortyok mögött ott lapul az őszi napfény utolsó emléke – meleg, mégis üdítő. Egy stout, ami bebizonyítja, hogy a fekete az év bármely szakában lehet csábító.Bikini off, stout on.It might be too cold for bikinis, but the cooler weather is just perfect for this stout. Invisible Bikini is the dark wonder of autumn days: a creamy body with roasted malt, coffee, and dark chocolate, brightened up by the citrusy freshness of Mandarina Bavaria hops.Behind the silky sips hides the last memory of autumn sunshine – warming yet refreshing. A stout that proves black can be seductive any time of the year.Bikini off, stout on. |ABV: 6.0 |IBU: N/A |rating: 3.4",MONYO Brewing Co.,Invisible Bikini - Stout Edition
"beer kind: Stout - Irish Dry |description: Megjelenés: elegáns, éjfeketeIllat: étcsoki, szelídKorty: kávés, krémes, könnyedKomlók: Magnum, Brewer’s GoldAlkohol: 4,1%Keserű érték: 34 IBUEredeti szárazanyagtartalom: 10,7°B |ABV: 4.1 |IBU: N/A |rating: 3.27",hübris,stüt
"beer kind: Stout - Milk / Sweet |description: DARK HORSE OF COCOA nitro stout with cacao nibs 5,5% the 2nd release of our new nitro stout series after DARK HORSE OF VANILLA1) SHAKE FIRST2) POUR HARD3) ENJOY THE SILKINESS |ABV: 5.5 |IBU: N/A |rating: 3.85",Mad Scientist,Dark Horse of Cocoa Nitro Stout
beer kind: Stout - Milk / Sweet |description: DARK HORSE OF COFFEE nitro stout with coffee beans 6.7% the 3rd release of our new nitro stout series after DARK HORSE OF VANILLA and DARK HORSE OF COCOA1) SHAKE FIRST2) POUR HARD3) ENJOY THE SILKINESS |ABV: 6.7 |IBU: N/A |rating: 3.82,Mad Scientist,Dark Horse of Coffee Nitro Stout
"beer kind: Stout - Milk / Sweet |description: A new Core Range stout for 2023, Nova sports a huge oatmeal base full of delicate chocolate notes.Nova builds on a slightly sweeter platform than our other stouts; that extra touch of residual sugar in the body helps to support the star ingredient – toasted almonds!A double infusion layers roasted almond and bright cherry esters on top of our already nutty grain blend, contributing to rich, complex aromas on the nose and a silky smooth palate. |ABV: 8.8 |IBU: 50 |rating: 3.81",Gravity Brewing,Nova - Almond Stout
"beer kind: Stout - Milk / Sweet |description: Sötét barna, édeskés stout a kávé és kakaó fel-felcsendülő ízjegyeivel, tonkababbal készítve. Nice and sweet, deep brown stout brewed with tonka beans. Perfect for a winter evening. |ABV: 6.8 |IBU: N/A |rating: 3.8",HORIZONT Brewing,SELFISH GAMES Milk Stout With Tonka Beans
"beer kind: Stout - Milk / Sweet |description: Milk Stout brewed with with tonka beans, cocoa nibs, coffee. |ABV: 7.4 |IBU: 27 |rating: 3.79",LöWOLF Craft Beer Co.,Wonder Forest
beer kind: Stout - Milk / Sweet |description: Salted Caramel Milk Stout with Specialty Coffee & Vanilla |ABV: 7.0 |IBU: N/A |rating: 3.78,Mad Scientist,Caramel Crüe
"beer kind: Stout - Milk / Sweet |description: 6,5%-os Milk Stout Huszti Márk sörfőző keze alól. Kellemes mennyiségű Guatemala-i kávéval, az Etyeki Kávé jóvoltából, valamint vaníliával és aszalt szilvával. Krémes, édes, gyümölcsös Stout. |ABV: 6.5 |IBU: 27 |rating: 3.78",Etyeki Sörmanufaktúra,Just For Fun - Guatemala Coffee Milk Stout With Vanilla And Prunes
beer kind: Stout - Milk / Sweet |description: Blend of 3 different barrel aged porters and a hazelnut milk stout |ABV: 7.0 |IBU: N/A |rating: 3.77,Mad Scientist,Midlife Chris
"beer kind: Stout - Milk / Sweet |description: SERVED ON NITROEssential winter survival gear. Our darkest core brew, this all-season warmer is stacked with chocolate from front to back. Freshly roasted cacao nibs surface first with a nose of pure chocolate liquor. From there, a richly roasted body carries the palate from freshly baked brownies through to bitter drinking chocolate, with just a touch of lactose to smooth the transition.Served on nitro for a luxuriously smooth pour. |ABV: 7.3 |IBU: 33 |rating: 3.77",Gravity Brewing,Dark Matter NITRO - Chocolate Milk Stout
"beer kind: Stout - Milk / Sweet |description: Essential winter survival gear.Our darkest core brew, this all-season warmer is stacked with chocolate from front to back. Freshly roasted cacao nibs surface first with a nose of pure chocolate liquor. From there, a richly roasted body carries the palate from freshly baked brownies through to bitter drinking chocolate, with just a touch of lactose to smooth the transition. |ABV: 6.8 |IBU: 25 |rating: 3.76",Gravity Brewing,Dark Matter - Chocolate Milk Stout
"beer kind: Stout - Milk / Sweet |description: DARK HORSE OF TONKA nitro stout with tonka beans 7.3% is the 4th release of our new nitro stout series after DARK HORSE OF VANILLA, DARK HORSE OF COCOA and DARK HORSE OF COFFEE1) SHAKE FIRST2) POUR HARD3) ENJOY THE SILKINESS |ABV: 7.3 |IBU: N/A |rating: 3.76",Mad Scientist,Dark Horse of Tonka Nitro Stout
"beer kind: Stout - Milk / Sweet |description: Etyeki x Szomjas FarkasEgy hosszú autóút alatt Szomjas Farkas kollégával megálmodtuk ennek a sörnek a receptjét, amit végül meg is valósítottunk. 7,1%-os alkohol, rengeteg törökmogyoró, bitang mennyiségű áfonya, icipici füstölt maláta kombózásából jött létre a Thirsty Heroes. Huszti Márk fősörfőzőnk megint hatalmasat alkotott, remélem nektek is ízleni fog majd :) |ABV: 7.1 |IBU: 25 |rating: 3.75",Etyeki Sörmanufaktúra,Thirsty Heroes
"beer kind: Stout - Milk / Sweet |description: Dark Horse of Vanilla, the first release of our Nitro Stout series with Madagascar bourbon vanilla beans premiered on St. Patrick's Day 20221) SHAKE FIRST2) POUR HARD3) ENJOY THE SILKINESS |ABV: 5.5 |IBU: N/A |rating: 3.75",Mad Scientist,Dark Horse of Vanilla Nitro Stout
beer kind: Stout - Milk / Sweet |description: Limited edition. Only with NITRO.  |ABV: 4.0 |IBU: N/A |rating: 3.74,Brew Your Mind,Black Milk (2024) NITRO
"beer kind: Stout - Milk / Sweet |description: This is our Milk Stout with flavors of roasted coffee, chocolate and a hint of earthiness. Easy drinking, smooth with the lactose balancing out the dark roasted malts.Our mission is to create beers with the flavour, aroma and mouthfeel in harmony. |ABV: 5.5 |IBU: N/A |rating: 3.74",Brew Your Mind,Black Milk (2018-2020)
"beer kind: Stout - Milk / Sweet |description: A hosszú téli esték söre a kellemesen édes Cocoa Milk Stout. Textúrája selymes, habja krémes, csokoládés jellegét pedig tovább erősíti a benne rejlő, frissen pörkölt madagaszkári kakaóbab. Jobban belegondolva, nem is csak téli estékre ajánljuk... |ABV: 5.3 |IBU: 27 |rating: 3.72",Fehér Nyúl,Cocoa Milk Stout
"beer kind: Stout - Milk / Sweet |description: The goal was to create a milk stout that has the taste and complexity similar to an imperial stout, while being smooth and easy to drink. New York Mocaccino is made with cocoa, custom roasted specialty coffee and Madagascar vanilla. A real dessert for you to enjoy under all circumstances! |ABV: 6.6 |IBU: N/A |rating: 3.72",Mad Scientist,New York Mocaccino
beer kind: Stout - Milk / Sweet |description:  |ABV: 6.0 |IBU: N/A |rating: 3.71,Guri Sörfőzde,A Keresztapa
"beer kind: Stout - Milk / Sweet |description: Mexican hot chocolate milk stout with lactose, cocoa, cinnamon and chiliFirst batch released in the November of 2019 with 8%, the 2nd batch in January and the 3rd in the October of 2021 with 7% |ABV: 7.0 |IBU: N/A |rating: 3.7",Mad Scientist,Chocolate Muerto
"beer kind: Stout - Milk / Sweet |description: A pure starting point for any stout lover.Triple-marshmallow-caramel-pecan-mudcake-imperial-pastry stouts are like orgies: occasionally amusing, but bound to leave a lot of people disappointed.Our flagship milk stout strips away secondary flavourings to focus on the core experience: a fine balance between dark-roasted malts, silky grain body, and a touch of lactose. Fresh-roasted coffee and vanilla notes mingle in the nose, before giving way to a pure milk chocolate body. And best of all, at 5% ABV, you can keep them coming all night long. |ABV: 5.0 |IBU: 28 |rating: 3.69",Gravity Brewing,Graviton - Cream Stout
"beer kind: Stout - Milk / Sweet |description: Sörfőzdénk első Extra Milk Stoutja, amibe a laktózon kívül bőven került még vanília és rózsabors is. Míg illatában eleinte előbbi, valamint az étcsokoládé dominál, melegítés hatására egyre inkább megjelenik az utóbbi is. Édeskésen keserű, krémes, sűrű kortyérzet, amiben bár a rózsabors dominál, sosem érződik túl soknak, inkább csak új dimenziókat ad egy már ismert és sokak által szeretett stílusnak.-----Our first Extra Milk Stout was brewed with copious amounts of lactose, Madagascar Bourbon vanilla and pink pepper. Pouring a deep, pitch black hue with subtle ruby highlights and a khaki head, We Don't Like Pepperazzis offers a bold and enticing nose with aromas of rich hot chocolate, cinnamon-brown sugar and pink pepper. Waves of melted dark chocolate wash over the palate underlined by notes of spicy pink pepper, vanilla cream and chewy molasses cookies. With a nourishing, medium-to-full mouthfeel and light bitterness, it's a real treat. |ABV: 6.2 |IBU: 20 |rating: 3.69",MONYO Brewing Co.,We Don't Like Pepperazzis.
beer kind: Stout - Milk / Sweet |description:  |ABV: 7.0 |IBU: N/A |rating: 3.68,HORIZONT Brewing,Selfish Games Raspberry Milk Stout
"beer kind: Stout - Milk / Sweet |description: A Zaungast, osztrák sörfőzdével készített másik kollabunk, a Black Magic, a Pink Magic testvére. Miért is? Hát azért, mert az alap, málnás, csokis és vaníliás Milk Stoutot megdobtuk egy jó adag, bécsi pörkölésű bio kávéval, amit a srácok hoztak, egyenesen Bécsből. Az édes alapsör, ahogy az elvárt, egy annyira jó kávés ízvilágot kapott ezáltal, hogy tényleg olyan, mintha a kellemes málnás csoki-mousse süti mellé egy jó erős presszót is elkortyolnál.  Hihetetlenül jó az ízkombó, egyszerre jön a málna, a csoki és a kávé, és a korty végén felsejlik a vanília édeskés, jellegzetes íze is.  |ABV: 5.8 |IBU: N/A |rating: 3.66",HORIZONT Brewing,Selfish Games - Black Magic
beer kind: Stout - Milk / Sweet |description: Salted Caramel Macchiato Milk Stout |ABV: 7.0 |IBU: N/A |rating: 3.66,Mad Scientist,Fashion And Spirituality
beer kind: Stout - Milk / Sweet |description:  |ABV: 7.0 |IBU: N/A |rating: 3.66,Félegyházi Sörműhely,Coconut Stout
beer kind: Stout - Milk / Sweet |description:  |ABV: 8.0 |IBU: 18 |rating: 3.66,Hopfanatic Brewery,Insomnia
"beer kind: Stout - Milk / Sweet |description: Cinnamon Roll Milk Stout with Cacao Nibs, Orange Zest, Cinnamon & Habanero Chili |ABV: 6.5 |IBU: N/A |rating: 3.65",Mad Scientist,Cin City
beer kind: Stout - Milk / Sweet |description: Chocolate Cheesecake style Milk Stout. |ABV: 5.3 |IBU: N/A |rating: 3.64,MONYO Brewing Co.,Chocolate Cheesecake
"beer kind: Stout - Milk / Sweet |description: A T30 illatában elsősorban a cappuccino, csoki és enyhe, gyümölcsös fanyarság dominál, amit karamellás tej illata árnyal. Mély fekete, kissé vöröses csillogással játszó sör, tetején tojásfehér habot fejleszt.Ötféle maláta és árpapehely képzi a masszív ízalapot, melynek édeskés jellegét kiemeli a belga kandiscukor, ami remekül párosul a tejcukor fanyarabb ízvilágával. A kétféle angol komló teszi teljessé a stout élményt. Javasolt fogyasztási hőmérséklete 12°C.Túlhűtés esetén érdemes kicsit várni a fogyasztással, melengetni a nedűt, hogy előkerüljenek az édesebb, csokis ízvonalak, így mutatkozik meg a sör teljes valójában. |ABV: 5.5 |IBU: 15 |rating: 3.64",Reczer Ser,T30
"beer kind: Stout - Milk / Sweet |description: Egy mennyei Milk Stout málnával, csokival és vaníliával. Az osztrák Zaungast főzdével végre toltunk egy kollabot, ami igazából kettő lett, és mi úgy döntöttünk, hogy maradhat... Egy nagyon kellemesen eső, édeskés, kicsit málnás csoki-mousse feelinget adó tétel, aminek lesz egy párja is, amit pedig mindenen felül megdobtunk egy szép adag kávéval. A heavenly Milk Stout with raspberry, chocolate, and vanilla. We finally did a collab with the Austrian brewery Zaungast, which actually turned into two beers, and we decided to keep it that way... This one offers a pleasantly sweet, slightly raspberry chocolate mousse vibe. There will also be a counterpart, boosted with a generous dose of coffee. |ABV: 5.8 |IBU: N/A |rating: 3.63",HORIZONT Brewing,Selfish Games - Pink Magic
"beer kind: Stout - Milk / Sweet |description: Sűrű és krémes stout, madagaszkári bourbon vaníliával, laktózzal és zabpehellyel. Ízében a karamell, a tejcsokoládé és a kávébab dominálnak, melegedve pedig előbújik a vanília és némi pörkölt mandula is. Folyékony eufória, lágyan a szívedbe mar.----A lush and enticing milk stout with Madagacscar vanilla, lactose and oat. Black Mamba teases with a nose of vanilla latte, dark chocolate and lightly roasted coffee leading into a balanced palate of chocolate milk, hazelnut, with roasty flavors and moderate sweetness. Liquid euphoria. |ABV: 6.8 |IBU: 16 |rating: 3.61",MONYO Brewing Co.,Black Mamba
"beer kind: Stout - Milk / Sweet |description: A legfeketébb, ismeretlen mélység sötétjében tündöklik a Black Shake, mellyel a stoutok szerelmesei tudjuk, hogy nem fognak betelni. A kristály- és csokimaláta édeskéskésségét, a pörkölésből érkező keserű ízeket és a laktóz selymességét vegyítve kapjuk meg ezt a sűrű, krémes sört - egy kényelmes este tökéletes kísérőjét. |ABV: 6.2 |IBU: N/A |rating: 3.61",FIRST Craft Beer,Black Shake
"beer kind: Stout - Milk / Sweet |description: Chai Latte Milk Stout. Chai Latte fűszerezés, amit vaníliával extráztunk még meg. Laza 7,3%-os alkoholú Milk Stout alapon. Rengeteg laktóz, Ceyloni fahéj, koriander, szegfűszeg, kardamom, édeskömény, gyömbér, demerara cukor, egy csipet kandis cukor. Tizedik születésnapunkra készült sör, Huszti Márk fősörfőző keze munkája.  |ABV: 7.3 |IBU: 15 |rating: 3.6",Etyeki Sörmanufaktúra,Etyeki X.
"beer kind: Stout - Milk / Sweet |description: Mindenki kedvenc csokitojása ihlette ezt az italt. Habár műanyag játékot nem találsz benne, de a beltartalom nem hiányzik: prémium kakaóbab és madagaszkári vanília gondoskodik az intenzív ízvilágról!Everyone’s favorite chocolate egg inspired us to brew this limited-edition milk stout. Granted, you won’t find a plastic toy inside, however the use of premium cocoa beans and Madagascar vanilla will surely give you a pleasant surprise! |ABV: 4.8 |IBU: N/A |rating: 3.57",Fehér Nyúl,Easter Egg
"beer kind: Stout - Milk / Sweet |description: A fiatalság örök forrását nem ismerjük, de újra felfedeztük egy klasszikus receptünket, amit a téli estéken élvezhetsz, mint egy hideg kakaót. A kakaóbab töret utat tör a selymes laktózzal terített könnyed kortyérzetekben. Csodás!We don't know the eternal fountain of youth, but we've rediscovered a classic recipe that you can enjoy like a cold cocoa drink on a winter's evening. The cocoa beans make their way into the light sips that are spread with silky lactose. Beautiful! |ABV: 5.3 |IBU: N/A |rating: 3.57",Fehér Nyúl,Elixir
"beer kind: Stout - Milk / Sweet |description: Gazdag, selymes és telt ízvilágú sör. Az első kortyban csokoládé és kávé jegyek érezhetők, majd egy enyhén savanykás hibiszkusz árnyalat hoz frissességet. Fokozatosan bontakoznak ki a szárított banán, mazsola és aszalt szilva ízei, amelyeket vanília, szerecsendió és fahéj egészítenek ki. A háttérben finom fűszeres melegség és étcsokoládés lecsengés zárja a kóstolási élményt. ?? Rich, velvety, and full-bodied. The first impression reveals chocolate and coffee notes, followed by a subtle sourish hibiscus twist that brings unexpected freshness. Layers of dried banana, raisin, and plum unfold gradually, enhanced by vanilla, nutmeg, and cinnamon. In the background, gentle spicy warmth and hints of bitter chocolate complete the complex flavor profile. |ABV: 7.0 |IBU: 40 |rating: 3.57",Parabolic Lazarus Brewery,The Phantom of the Opera
beer kind: Stout - Milk / Sweet |description: Nitro Milk Stout with Coconut and Vanilla. |ABV: 6.1 |IBU: 16 |rating: 3.57,MONYO Brewing Co.,The Bounty Hunter Killed My Baby Coconut.
"beer kind: Stout - Milk / Sweet |description: Spruce Tips - Honey Milk Stout with Lactose, Cocoa Beans, Honey, Spruce Tips, Hops, Salt, Vanilla & Black Pines brewed together with our friends Lorenzo, Michiel and Stan of Brouwerij LOST (NL) |ABV: 8.0 |IBU: N/A |rating: 3.51",Mad Scientist,Yvler the Creator
"beer kind: Stout - Milk / Sweet |description: Holiday Spice Milk Stout with cacao nibs, cloves, cinnamon, vanilla, cardamom and star anise |ABV: 7.5 |IBU: N/A |rating: 3.5",Mad Scientist,Almost Over
"beer kind: Stout - Milk / Sweet |description: Nyaralni visz a banánhajó!Eredetileg a 20. század eleji Amerikából származik a magyarul sokszor banánhajóként hivatkozott nyári desszert, a banana split, ami egy félbevágott banánból, fagyiból és csokiöntetből áll rengeteg tejszínhabbal. Gyermekkorunk egyik kedvenc desszertjét akartuk valahogy beletuszkolni egy 0,33-as canbe, így csináltunk egy stout alapot laktózzal, amire rátoltunk 30%-nyi banánpürét. Így egy édes, sűrű, krémes sört kaptunk, ami az ultra banános íz után felvillant egy picit az alapsör ízjegyeiből is. Na de sikerült? Mi egyből a tengerparton érezzük magunkat és üvöltjük, hogy NYARALNI VISZ A BANÁNHAJÓ!The Banana Boat is taking you on vacation!The banana split — a classic summer dessert made with a halved banana, scoops of ice cream, chocolate syrup, and loads of whipped cream — originally hails from early 20th-century America. In Hungary, we lovingly call it “banánhajó.”We wanted to cram this childhood favorite into a 0.33l can. So we brewed a lactose-based stout and threw in a massive 30% banana purée. The result? A sweet, thick, creamy beer bursting with ultra-intense banana flavor — and just when you think it’s all dessert, the base stout peeks through with its subtle roasty notes.So... did we pull it off?Because the moment we cracked it open, we felt like we were kicking back under the palms, feet in the sand, yelling: THE BANANA BOAT IS TAKING US TO THE BEACH |ABV: 5.8 |IBU: N/A |rating: 3.46",MONYO Brewing Co.,MOJO WORKIN'25: Banana Split Milk Stout
"beer kind: Stout - Milk / Sweet |description: 200 kg sütőtök, 5%-os milk stout alap? :DHát igen, megint elsült a kezünk, meg a fantáziánk, így elkészült ez a sörünk is. Kevés kávé, pici fahéj, irtózatosan sok sütőtök és laktóz. Na ezeket pakoltuk össze, és született meg a Deal with the Devil sörünk, Huszti Márk keze alatt. Kortyra krémes, édes, tökös, mellettük a kávé kellemesen és visszafogottan, karöltve a fahéjjal teszi kerekké és teljessé ezt a sört. Reggeli kávé helyett, vagy ebéd utáni desszertnek is megteszi. |ABV: 5.0 |IBU: 20 |rating: 3.42",Etyeki Sörmanufaktúra,Deal With the Devil
"beer kind: Stout - Milk / Sweet |description: Our new limited Christmas beer. We collect our all knowledge about the Christmas cookies, and find a good way how we can transplant all ingredients of Gingerbread. This is Our Gingerbread under the Christmas tree. |ABV: 5.5 |IBU: 15 |rating: 3.36",Superside Brewery,MerryXide – Gingerbread Stout
"beer kind: Stout - Milk / Sweet |description: Krémes, csokoládés és meglepően könnyű.Laktózzal lágyított milk stout, ahol a pörkölt maláta, a kakaó és a tejcukor harmóniája egy kiegyensúlyozott, bársonyos kortyban találkozik.Fekete, mégis könnyed – pont annyira őrült, amennyire kell.-Creamy, chocolatey, and surprisingly light.A lactose-smoothed milk stout where roasted malts, cocoa, and milk sugar meet in perfect harmony, delivering a balanced, velvety sip.Dark yet easy-drinking – just the right kind of crazy. |ABV: 5.0 |IBU: 15 |rating: 3.26",HORIZONT Brewing,Mad Cow
beer kind: Stout - Oatmeal |description: Hazelnut Praliné Crêpe Stout.A smooth and creamy Oatmeal Stout infused with hazelnuts from Piedmont and custard from France.Brewed in a yummy collaboration with First The Craft Beer Co. |ABV: 7.7 |IBU: N/A |rating: 3.8,B*BOP FERMENTORY,PRALINÉ
beer kind: Stout - Oatmeal |description: Oatmeal stout típusú sörünk organikus mexikói vaníliával.  |ABV: 7.7 |IBU: N/A |rating: 3.79,Brew Your Mind,Early Sunset - Vanilla
"beer kind: Stout - Oatmeal |description: Oatmeal stout típusú fekete sör sűrű, olajos kortyérzettel. Komplex, a maláták összhangjára épülő ital a téli hétköznapokra, amikor korán lemegy a nap.  |ABV: 7.7 |IBU: N/A |rating: 3.79",Brew Your Mind,Early Sunset
beer kind: Stout - Oatmeal |description: Oatmeal stout típusú sör. |ABV: 6.6 |IBU: N/A |rating: 3.71,Brew Your Mind,Late Sunset
"beer kind: Stout - Oatmeal |description: Collaboration with the Hungarian metal trio Lazarvs. The beer was named after their song on the album HEX. This pitch-black beer was brewed with a massive amount of chocolate malts and oats to get an oily, creamy liquid chocolate taste. The reasonably low abv, and the good mouthfeel makes it a great beer to drink and headbang to your favorite music.  |ABV: 6.5 |IBU: N/A |rating: 3.71",InVitro Brewing,Death
"beer kind: Stout - Oatmeal |description: Oatmeal stout típusú sörünk nem túl erős alkoholfok mellett kellemes olajos kortyérzettel. El Salvadori Pacamara kávéval és egy csipetnyi organikus mexikói vaníliával, hogy meglegyen a test és az ízek közti harmónia. A kávét pörkölte: Lucky Cap, Szekszárd  |ABV: 5.0 |IBU: N/A |rating: 3.7",Brew Your Mind,Baby Luckies
"beer kind: Stout - Oatmeal |description: Oatmeal stout vagyis zab(pehely) stout, némi csavarral. Az Alfa.14 egy klasszikus angol oatmeal stout, közpes alkoholtartalommal, visszafogott komlókeserűséggel. A hozzáadott tonkabab és ugandai vanilia ha fokozható, még izgalmasabbá teszi a zabpehelyből eredő selymességet is. |ABV: 5.6 |IBU: 45 |rating: 3.69",Szent András Sörfőzde,TesztAndrás Alfa.14
beer kind: Stout - Oatmeal |description:  |ABV: 6.5 |IBU: 26 |rating: 3.67,Csupor Craft Beer,ThermoSTOUT
beer kind: Stout - Oatmeal |description: Dry Hopped Oatmeal Stout |ABV: 6.4 |IBU: N/A |rating: 3.66,Mad Scientist,Guilty Tendencies
"beer kind: Stout - Oatmeal |description: Inspired by the mines of Moria, where true friends come with beer. Real flavours with true character, just the way Gimli likes it, but don't tell the Elf!  |ABV: 6.0 |IBU: N/A |rating: 3.6",Mad Scientist,LOTR - Dwarven Forge
beer kind: Stout - Oatmeal |description:  |ABV: 4.5 |IBU: N/A |rating: 3.59,Legenda Sörfőzde,Irish Stout - Dublin Memory
"beer kind: Stout - Oatmeal |description: (HUN) Kezdődjön jól a nap bármely szakasza – válaszd a Dark Oats-ot! Zabtól sűrű, krémes test – csokoládés, selymes kortyérzet – pörkölt malátás, édes illatok. Szippantsd be mélyen illatait és hagyd, hogy melengető stout sörünk megtöltsön! FIGYELEM Kanál használata nem javasolt!(ENG) Start any part of the day perfectly – choose Dark Oats! Thich & creamy body (thanks to the oats!) - chocolat-y, silky sip – roasted barley & sweet aromas. Sniff it in deep and let this warming stout to fill you up! CAUTION No need for spooning! |ABV: 6.8 |IBU: 20 |rating: 3.57",FIRST Craft Beer,Dark Oats
"beer kind: Stout - Oatmeal |description: Éjfekete színű sör, barna habkoronával. Illatában a kávé és az aszalt szilva dominál enyhe édességgel a háttérben. Ízében pörkölt kávé karakter jelenik meg gyümölcsös lecsengéssel. A jelentős mennyiségben felhasznált zabnak köszönhetően komplex ízvilágú, sűrű, selymes textúrájú sör. |ABV: 5.6 |IBU: 29 |rating: 3.56",Uradalmi Brewery,Nero
"beer kind: Stout - Oatmeal |description: A hozzáadott zabpehelynek köszönhetően kortyérzete kerek, krémes, míg ízében a kávé és a csokoládé váltja egymást, köszönhetően a benne lévő pörkölt árpamalátának. |ABV: 6.3 |IBU: N/A |rating: 3.56",Félegyházi Sörműhely,Stout
"beer kind: Stout - Oatmeal |description: Ezt a krémes, könnyed, kávés, étcsokis jegyeket idéző, zabos sört minden életigenlőnek nyugodt szívvel ajánljuk. Malátás, kissé fanyar aromája meghozza az este hangulatát.  |ABV: 4.5 |IBU: 30 |rating: 3.48",Fehér Nyúl,Fehér Nyúl Stout
"beer kind: Stout - Other |description: For our second collaboration with Ruin Brew, we've put together a very Christmassy stout that should transport you back to candy canes and mugs of steaming cocoa.Bursting with peppermint on the nose, dark chocolate malts and a touch of pure Mexican vanilla dominate this supercharged milk stout. |ABV: 6.0 |IBU: 32 |rating: 3.76",Gravity Brewing,Peppermint Chocolate Stout
beer kind: Stout - Other |description: Stout with nuts and apricot jam. |ABV: 10.5 |IBU: 32 |rating: 3.67,Hopfanatic Brewery,Zserbó
beer kind: Stout - Other |description: HOUSE OF THE DRAGON Cinnamon & Chili Stout |ABV: 7.0 |IBU: N/A |rating: 3.64,Mad Scientist,The Black Council
"beer kind: Stout - Other |description: Ancho chilivel, fahéjjal, kakaóval és vaníliával fűszereztük ezt a Mexican Hot Chocolate stílusú sűrű, krémes stoutot, melyet a Balkezes gerillasörfőző csapattal közösen álmodtunk meg.Fűszeres, telt ízek, krémes kakaó és egy csípésnyi chili. Tökéletes.---Seasoned with ancho chilis, cinnamon, cocoa beans and vanilla, this Mexican Hot Chocolate styled creamy imperial stout was dreamed up with the guerilla brewing crew of Balkezes. |ABV: 8.0 |IBU: N/A |rating: 3.62",FIRST Craft Beer,Picadura
"beer kind: Stout - Other |description: Hops used: Challanger, FugglesA strong stout with mint and chocolate to refresh your body despite the winter evenings when Her Majesty's cold, inquiring look stare upon you. |ABV: 8.2 |IBU: 37 |rating: 3.62",HopTop Brewery,Cruel Mintress
"beer kind: Stout - Other |description: A Picadura ancho chilis Mexican Hot Chocolate Stout extra verziója - közel háromszor annyi chilivel, hogy csípjen úgy igazán! |ABV: 8.0 |IBU: N/A |rating: 3.62",FIRST Craft Beer,Picadura Extra Hot!
"beer kind: Stout - Other |description: Harmadik sulymos sörünk alapja ezúttal egy komplex maláta alapra helyezett chocolate stout, mely a maga 5,9%-os alkoholtartalmával is kellően megmelengeti a lelket. Könnyed, de mégis markánsan fűszeres, a sulyom karakteres íze pedig hosszan megmarad a korty után a szájban. Igazi ünnepi desszertsör. |ABV: 5.9 |IBU: N/A |rating: 3.58",SIMA brewing,Fekete Kincs Chocolate Stout
"beer kind: Stout - Other |description: FCKMNG is a sour stout with roasted notes smoothed by a crazy amount of secondary fermented PEACH - no mango, Fuck Mango. |ABV: 7.2 |IBU: 9 |rating: 3.55",Reketye Brewing Co.,FCKMNG
beer kind: Stout - Other |description: Kyoto cold brew stout.  |ABV: 5.0 |IBU: N/A |rating: 3.54,Hedon,Winter Charlie
beer kind: Stout - Other |description:  |ABV: 6.6 |IBU: 20 |rating: 3.54,hübris,stüt
beer kind: Stout - Other |description:  |ABV: 7.5 |IBU: N/A |rating: 3.53,Szia Uram!,Vaníliás Stout
beer kind: Stout - Other |description: Horizont Morning Joe base with winter spices. |ABV: 6.6 |IBU: N/A |rating: 3.51,HORIZONT Brewing,Winter Joe
"beer kind: Stout - Other |description: Brewdolf, a legpengébb láncszem a karámban, a karácsonyi fogat első tagja, az alfadám. Összetevők: Víz, Árpamaláta, Sörélesztő, Komlók(Magnum, Fuggles), Karácsonyi Fűszerek (Szegfűszeg, Fahéj, Szerecsendió, Narancshéj, Vanília).ABV:4.9%IBU:33 |ABV: 4.9 |IBU: 33 |rating: 3.48",KROIS Brewery,Brewdolf
"beer kind: Stout - Other |description: Az új szezonális sörünk főszereplője olyan édes lett, hogy kenyérre lehetne kenni. Csakúgy, mint magát a sört.A Naked Penguin egy krémes Hazelnut Stout, melybe a török mogyoró legédesebb jegyeit rejtettük bele, így a tél sem lesz olyan keserves. |ABV: 6.3 |IBU: N/A |rating: 3.47",MONYO Brewing Co.,Naked Penguin
"beer kind: Stout - Other |description: A kétféle valódi gyümölcsöt is tartalmazó - meggy, szilva, - stout markáns íze már az első kóstoláskor határozott, tekintélyt parancsoló hatást gyakorol az érzékszervekre. A foreign stout típus malátás karakterét és fahordós ízvilágát tökéletesen ellenpontozzák a gyümölcsök aromái.The specific taste of this stout, which also contains two kinds of real fruits – cherries and plums, has a definite effect on the senses already at the first tasting. This foreign stout’s malt character and wooden barrel flavor are perfectly balanced by the aromas of the fruits. |ABV: 7.0 |IBU: 20 |rating: 3.42",Szent András Sörfőzde,Betyár Király
"beer kind: Stout - Oyster |description: Kóstold meg Magyarország első osztrigás sörét! A kíváncsiság hajtott minket a RothBeer-rel közösen a sör készítésekor hasonlóan a tengerpartok halászaihoz, akik először csak a sör mellé fogyasztották, végül bele is főzték a kagylókat a sörlébe. Az eredmény pedig egy igazán selymes, kissé ásványos, sós ízvilágú stout lett. |ABV: 5.2 |IBU: 30 |rating: 3.63",MONYO Brewing Co.,The Blue Oyster
"beer kind: Stout - Pastry |description: pistachio, vanilla |ABV: 7.0 |IBU: N/A |rating: 3.81",HopTails Brewery,Tartaros
beer kind: Stout - Pastry |description: Pastry Milk Stout With Orange And Cocoa |ABV: 7.2 |IBU: N/A |rating: 3.79,Mad Scientist,Happy In My Lane
"beer kind: Stout - Pastry |description: (HUN) Barátainkkal a Christianiaból egy új kísérletbe fogtunk: kerestünk két stílust és koncepciót, melyet csak egy, általunk kiötletelt láncszem köt össze: ebben az esetben ez a kekszes ízesítés lett.A Crank It Up a páros egyik fele: ezt a könnyű, mégis sűrűbb kortyérzetű stoutot már a malátaágyban ízesítettük, hiszen a hozzáadott rozsmaláta és zabpehely mélységet ad a sör testének. Ezt ízesítettük kókusz és graham aromával, majd adtuk hozzá a Christiania névjegyéül szolgáló kendermagot!---(ENG) With our friends from Christiania, we embarked on a new experiment: we looked for two styles and concepts that were connected only by a link we came up with: in this case, the biscuit flavoring.Crank It Up is one half of the duo: this light yet dense stout is flavored in the malt bed, as the added rye malt and oat flakes give the beer depth of body. We flavored it with coconut and graham aromas, and then added Christiania’s signature hemp seeds! |ABV: 7.0 |IBU: N/A |rating: 3.67",FIRST Craft Beer,Crank It Up
"beer kind: Stout - Pastry |description: Banánkenyér inspirálta Imperial Pastry Stout. Fűszeres, gyümölcsös, komoly mélységekkel.Banana bread inspired Imperial Pastry Stout. Spicy, fruity with serious depth. |ABV: 9.9 |IBU: N/A |rating: 3.65",Fehér Nyúl,Bananana
"beer kind: Stout - Pastry |description: A Kappa.08 zserbó pastry ale a második, már-már cukrászati szempontból is irigylésre méltó Szent András pastry ale, amit a legendás édesség, a zserbó inspirált. Gazdag malátázása mellett (pale, müncheni, caramünich, csoki) a sütemény összes alapanyagát felvonultatja, hiszen jókora mennyiségű csokoládét, diót és sárgabarackot tartalmaz, amit vaníliával bolondítottunk meg, majd laktóz hozzáadásával tettük igazán krémessé. |ABV: 4.1 |IBU: 25 |rating: 3.65",Szent András Sörfőzde,TesztAndrás Kappa.08
"beer kind: Stout - Pastry |description: A Szaloncukrot kifejezetten a karácsonyi szezonra terveztük. Ez a Chocolate Oatmeal Milk Stout nagy mennyiségű kakaóval, zabpehellyel és laktózzal készül, amin a naranccsal még csavarunk egyet. Ajándékozd meg magad, vagy szeretteidet ezzel a bársonyos, lágy tejcsokoládés sörrel. |ABV: 6.5 |IBU: N/A |rating: 3.48",Viharsarok Sörfőzde,Szaloncukor
beer kind: Stout - Pastry |description: Fruited & Tart Chocolate Mint Berry Stout brewed together with our friends Bence and Anna of naïlo brewing co. |ABV: 5.5 |IBU: N/A |rating: 3.43,Mad Scientist,Deer Friends
"beer kind: Stout - Russian Imperial |description: Az Ír-szigetről érkezett hordó Cream Whiskeyjét érkezés után azonnal pótoltuk egy 11%-os Imperial Stouttal, majd (’20 decemberéig) 4 hónap tartály- és 11 hónap hordóérlelés után mutattuk be. A whiskeyre jellemző fás, vaníliás jegyek a stout ízvilágával összhangban jelennek meg, ereje melenget, de összesimult a whiskey-ízekkel. Bourbon és single malt kedvelőknek, hordóérlelt tételekkel barátkozóknak ajánljuk. |ABV: 11.0 |IBU: 35 |rating: 3.85",FIRST Craft Beer,Finlay
"beer kind: Stout - Russian Imperial |description: A hagyományos Russian Imperial Stout. Hétféle malátát használtunk fel ehhez a sörhöz, ennek köszönheti egyedülálló gazdagságát, ízben és illatban egyaránt. Ezt a testes, sötét és sűrű italt hét hónapig érleltük palackban, hogy a maláta és a komló összhangja a legkiegyensúlyozottabb legyen. Magas alkoholfok, bogyós-, aszalt gyümölcsös észterek, pörkölt ízjegyek és lágy karamelles-trüffeles lecsengés a korty végén. Emlékezetes sör. Mindössze 2000 darab sorszámozott palack készült belőle. |ABV: 8.0 |IBU: 60 |rating: 3.85",MONYO Brewing Co.,Boris The Blade (2015)
"beer kind: Stout - Russian Imperial |description: A Hungarian Terroir-szériánk második tagja a 2018-as, jubileumi X. Borefts Bier Festivalra készült. A szervezők (Brouwerij de Molen) minden évben megadnak egy tematikát, ami alapján a meghívott sörfőzdéknek el kell készíteniük egy dedikált sört a fesztiválra. 2018-ban egy stoutot kellett készíteni, amihez kilenc különböző alapanyagot (maláta, komló, élesztő) megadtak, de a tizediket nekünk kellett kiválasztani. A mi választásunk végül a kékfrankosra esett, így a soproni Pfneiszl Pincészettel közösen dolgoztuk ki a receptet.A Prémium Kékfrankos vörösborukból is adagoltunk egy bizonyos mennyiséget a sörhöz, továbbá négy darab 225 literes kékfrankos hordóba is eltettük pihenni az italt. A végeredmény pedig egészen varázslatos lett. Mélyfekete szín, masszív bézs habkoronával. Elképesztően sűrű és selymes textúra, lágy szénsavtartalommal. Pörkölt árpa, étcsokoládé és a kávé illatban és ízben egyaránt dominál, de a kékfrankos gyümölcsös (vörösbogyós) savassága rendkívül jól ellenpontozza az alkoholos-malátás édességet.----Russian Imperial stout brewed in collaboration with  Pfneiszl Winery. We've added a bit of their Premium Blaufrankisch wine to our base Russian Imperial Stout, and then aged the mixture in their oak barrels for months. The final result has a deep dark colour, massive beige foam, extremely thick and creamy texture, lightly carbonated. Roasted barley, coffee, dark chocolate in the aroma and taste, while Blaufrankisch grape's acidity balances it. |ABV: 10.5 |IBU: 38 |rating: 3.84",MONYO Brewing Co.,Hungarian Terroir: Sopron - Blaufränkisch Russian Imperial Stout 2018
beer kind: Stout - Russian Imperial |description:  |ABV: 12.0 |IBU: 40 |rating: 3.84,Csupor Craft Beer,Matryoshka
beer kind: Stout - Russian Imperial |description:  |ABV: 11.0 |IBU: 49 |rating: 3.83,Sörműves Kezek,Double Pelletration
"beer kind: Stout - Russian Imperial |description: Black Barrel ProjectNem egy, de rögtön két hordós érlelés eredményét tartod kezedben: A Dimidium egyedi blend két imperial stout között, melyeket egy évig érleltünk. 200 liter brandy- és 300 liter cognac-hordóban érlelődött stoutot egyesítettünk, hogy a testes stout ízekkel tökéletesen harmonizáló gyümölcsös-mazsolás-fás jegyeket helyezhessük előtérbe. Fedezz fel egy megismételhetetlen ízvilágot!Hordóérlelt, felsőerjesztésű kézműves sörA hordóérlelt söröknél a palackozás idejét a sör dönti el: amikor legszebb formájába kerül palackozzuk és megőrizzük azt. Akár hosszabb időre, több évre is eltehetőek, hogy az ízek még tovább simuljanak. Összetevők: víz, árpamaláta, zabmaláta, zabpehely, búzamaláta, kandiscukor, komló, sörélesztő |ABV: 11.0 |IBU: 35 |rating: 3.83",FIRST Craft Beer,Dimidium
"beer kind: Stout - Russian Imperial |description: Ez a sörtípus több évszázados kísérletezés, tudás és játékosság eredménye, melyet a 18. századi brit sörfőzők az orosz cári udvar részére készítettek. Ehhez a gazdagon fűszerezett, kirobbanóan zamatos már-már átláthatatlanul fekete sörhöz négyféle malátát adtunk, amik tökéletes harmóniát alkotnak a füstös, a csokoládés és a krémesen karamellás ízkarakterekkel.This beer type comes from some hundred years of experiments, knowledge and playfulness, which had been made by British brewers for the Court of the Russian emperor. The explosively aromatic beer, rich in spices, was brewed with four kinds of malt, which created a perfect harmony with the smokey, chocolate and creamy caramel tastes. |ABV: 9.0 |IBU: 60 |rating: 3.82",Szent András Sörfőzde,Rettegett Iván (2018)
"beer kind: Stout - Russian Imperial |description: Új borvidékkel bővül a Hungarian Terroir széria! Ezúttal Egerbe, egész pontosan a Böjt Borászathoz látogattunk, ahol Böjt Gergő két sornyi kékfrankos szőlőt különített el nekünk ehhez a projekthez, amit aztán a vele közösen szüreteltünk le tavaly ősszel.A bogyózott kékfrankos szőlőhéjat és a kipréselt levet az erjesztőtartályunkba tettük, majd együtt erjesztettük le az erősre főzött stouttal. A kékfrankos érett piros és fekete gyümölcsös aromái remekül harmonizálnak a stout malátás jegyeivel. A boros hatásra még ráerősítettünk magyar tölgyfadongákkal, amikkel együtt érleltük a sört a tartályban. Így végül 3 hónapot tartályban, majd 9 hónapot palackban érett a sör, mire elérte a mostani formáját.A pohár fölé hajolva rum, csokoládé, capuccino, szilva, marcipán és egy nagy üveg áfonyalekvár illata árad. A korty vörösboros, étcsokis, aszalt szilvás, egy kis fanyar szederrel és pörkölt kávés ízekkel karöltve. Utóízben érezhetőek a hordós, fás és vaníliás jegyek. Szerintünk rendkívül komplex tétel, ami fölött érdemes hosszabb időt eltölteni egy hideg és sötét téli napon. |ABV: 10.2 |IBU: N/A |rating: 3.81",MONYO Brewing Co.,Hungarian Terroir: Eger - Kékfrankos Russian Imperial Stout 2019
"beer kind: Stout - Russian Imperial |description: 1782 telén a kulikovóiaknak ismét sikerült elpáholni avoronyecieket a szokásos farsangi ökölharcban. Csatasorba álltaka Nyizs jegén, ment a kölcsönös anyázás, aztán addig csépeltéka szomszédokat, míg azok meg nem futamodtak. MindeközbenKatalin cárnő felbontotta az újabb angol sörszállítmányt, ami ezúttal nem romlott meg, mert erős volt, mint egy jó pofon. |ABV: 9.5 |IBU: 65 |rating: 3.81",Fehér Nyúl,Russian Imperial Stout 2020
beer kind: Stout - Russian Imperial |description:  |ABV: 10.5 |IBU: 50 |rating: 3.81,Szent András Sörfőzde,Rettegett Iván (2021)
"beer kind: Stout - Russian Imperial |description: Our annual imperial stout. This year it hits an easy 10% ABV, more creamy and thick, with hints of dark chocolate and coffee. No fuss, just darkness.  |ABV: 10.0 |IBU: N/A |rating: 3.81",HORIZONT Brewing,Night Shift (Vintage 2018)
beer kind: Stout - Russian Imperial |description:  |ABV: 8.6 |IBU: 65 |rating: 3.8,Fehér Nyúl,Russian Imperial Stout 2017
"beer kind: Stout - Russian Imperial |description: Ahogy a sötét erdő mélyén, palotájában a Baba Yaga, úgy alussza álmát palackba zárva első Russian Imperial Stout sörünk.Félelmetes mennyiségű malátával készült, hogy egy erős (11%!) és éjfekete esszenciát főzhessünk. Miután leerjesztettük és 4 hónapig tartályban érleltük, 10 hónapra palackba zártuk és hagytuk, hogy szép lassan összeérjenek ízei. Ezt a folyamatosan nemesedő imperial stoutot kihagyni lehetetlen: azonnal elvarázsol és titkos kastélyába vezet.  |ABV: 11.0 |IBU: 35 |rating: 3.79",FIRST Craft Beer,Baba Yaga
"beer kind: Stout - Russian Imperial |description: 1782 telén a kulikovóiaknak ismét sikerült elpáholni a voronyecieket a szokásos farsangi ökölharcban. Csatasorba álltak a Nyizs jegén, ment a kölcsönös anyázás, aztán addig csépelték a szomszédokat, míg azok meg nem futamodtak. Mindeközben Katalin cárnő felbontotta az újabb angol sörszállítmányt, ami ezúttal nem romlott meg, mert erős volt, mint egy jó pofon.  |ABV: 9.5 |IBU: 65 |rating: 3.78",Fehér Nyúl,Russian Imperial Stout 2019
beer kind: Stout - Russian Imperial |description: Islay barrel blend russian imperial stout  |ABV: 11.9 |IBU: 30 |rating: 3.77,HopTop Brewery,Liquid Cinderella
"beer kind: Stout - Russian Imperial |description: Our first annual imperial stout. Easy drinking, dry and dark. Cheers! |ABV: 9.0 |IBU: 45 |rating: 3.74",HORIZONT Brewing,Night Shift (Vintage 2017)
beer kind: Stout - Russian Imperial |description:  |ABV: 10.5 |IBU: 50 |rating: 3.73,Szent András Sörfőzde,Rettegett Iván (2023)
beer kind: Stout - Russian Imperial |description:  |ABV: 10.5 |IBU: N/A |rating: 3.72,Mad Scientist,Cookie Monster
beer kind: Stout - Russian Imperial |description:  |ABV: 12.0 |IBU: 112 |rating: 3.7,Hopfanatic Brewery,Angry Beast
beer kind: Stout - Russian Imperial |description:  |ABV: 12.0 |IBU: 47 |rating: 3.68,Fóti Kézműves Sörfőzde,Romanov
beer kind: Stout - Russian Imperial |description:  |ABV: 12.0 |IBU: N/A |rating: 3.64,Legenda Sörfőzde,Olaszházi Bitumen
"beer kind: Stout - Russian Imperial |description: MONYO - RIS Coffee StoutA délutáni kávé helyett ajánljuk a MONYO Coffe RIS-t. RIS - vagyis Russian Imperial Stout a pörkölt maláták mély tónusait a lágy vanília egészíti ki, és a kávés karakter teszi teljessé a kortyot. Telt, mégis könnyen iható, nem túl édes, ezért tökéletes desszertek mellé, vagy egy hűvös estén, ha már ráuntál a kakaóra, az espresso martinire. A klasszikus stout kedvelőinek kötelező! ---MONYO - RIS Coffee StoutInstead of your afternoon coffee, we recommend MONYO Coffe RIS. RIS - or Russian Imperial Stout, the deep tones of roasted malts are complemented by soft vanilla, and the coffee character completes the sip. Full-bodied, yet easy to drink, not too sweet, so it is perfect with desserts, or on a cool evening, when you are tired of cocoa, espresso martinis. A must for lovers of classic stouts! |ABV: 8.5 |IBU: N/A |rating: 3.63",MONYO Brewing Co.,MOJO WORKIN'25: Coffee Russian Imperial Stout
beer kind: Stout - Russian Imperial |description:  |ABV: 9.2 |IBU: 61 |rating: 3.61,Hedon,Szergej
"beer kind: Stout - Russian Imperial |description: Fuck reality, take me to Wonderland. |ABV: 11.5 |IBU: 19 |rating: 3.57",Fehér Nyúl,Punk Rabbit
"beer kind: Stout - White / Golden |description: Nagy lépés.., de inkább egy nagy álom ez. ""Lassan"" már mindenki mehet az űrbe, de mi most még megelégszünk ezzel a klasszikus illat- és ízjegyeket tartalmazó stout-tal, melyben a színvilágon azért variáltunk kicsit.  Mindezekért felelős a kakaóbab Ecuadorból, a vanília Ugandából és a hozzáadott kávébab Brazíliából. Ajánljuk kamu holdraszállóknak, álmodozó fiataloknak (szigorúan 18 év felett!) és a leendő asztronautáknak a szkafander hátsó zsebébe. |ABV: 5.6 |IBU: 24 |rating: 3.67",Remix Craft,Big Dreams
"beer kind: Stout - White / Golden |description: Ritkán tűnik fel, és akkor érzed, hogy követned kell. Misztikus elevenség, ami átzsiborog az ereiden, és világít az éjszakában: ez a Csodaszarvas. Új felfedezetlen területekre visz a kávé, kakaó, maláta ízeivel. Kollab a londoni Hackney Főzdével! |ABV: 5.2 |IBU: 29 |rating: 3.65",Fehér Nyúl,White Stag
"beer kind: Strong Ale - American |description: (HUN)Mindig is szerettünk új sörstílusokkal kísérletezni, ennek első Strong Ale-ünk is tanúbizonyságát adhatja.Sok-sok inspiráció kóstolása (yey!) és kísérletezés után jutottunk el a Baby Beasthez, mely a stílusra jellemző hagyományos gabonásságot egy markánsan karamellás, aszaltgyümölcsös ízvilággal egészíti ki, így szinte vörösboros kortyérzet felé tolva a teljes sörélményt. Mindezt pedig úgy, hogy testét könnyen ihatóra, kevéssé sűrűre hagytuk, hogy az év bármely napján jól essen egy pohárral.Nem harap a kicsike!(ENG)We have always loved experimenting with new beer styles, and our first Strong Ale is proof of that.After tasting many inspirations (yey!) and experimenting, we came up with Baby Beast, which complements the traditional graininess of the style with a distinct caramel and dried fruit flavor, thus pushing the entire beer experience towards a red wine-like sipping sensation. All this while leaving its body easy to drink and not too thick, so that it can be enjoyed with a glass any day of the year.This little one doesn't bite! |ABV: 9.0 |IBU: 50 |rating: 3.57",FIRST Craft Beer,Baby Beast
"beer kind: Strong Ale - American |description: A true Bourbon Ale, with 6 months of cellaring. |ABV: 12.0 |IBU: N/A |rating: 3.5",Legenda Sörfőzde,Game Over
"beer kind: Strong Ale - English |description: 10th Anniversary British Strong Ale with Sour Cherry! Happy B-day MONYO!Egy évtizednyi sörfőzési tapasztalat és szenvedély palackba zárva. Ez a British Strong Ale gazdag malátás testtel és mély borostyán színnel hódít, amelyet rengeteg valódi meggy tesz még karakteresebbé. Az intenzív gyümölcsösség elegánsan simul a karamellás, enyhén diós alapba, miközben a korty végén enyhe fanyar lecsengés teszi igazán különlegessé. Mini pezsgős üvegben, parafadugós lezárással – méltó ünneplés az elmúlt 10 évünkre.Limitált kiadás. |ABV: 7.7 |IBU: N/A |rating: 3.62",MONYO Brewing Co.,MONYO X: Ruby Decade
"beer kind: Strong Ale - English |description: 10th Anniversary British Strong Ale with Maracuja. Happy B-day MONYO!A klasszikus brit sörstílus és az egzotikus gyümölcsök találkozása! Ez a testes, mély borostyán színű British Strong Ale rengeteg valódi maracujával készült, amely vibrálóan friss savasságot és trópusi gyümölcsös jegyeket hoz a karamellás-mandulás malátás ízprofil mellé. A végeredmény egy elegáns, kortyolgatós sör, amely tökéletes kiegészítője bármilyen különleges ünnepnek. Mini pezsgős üvegben, parafadugós lezárással – egy igazán különleges főzet a MONYO 10. születésnapjára!Limitált kiadás. |ABV: 7.5 |IBU: N/A |rating: 3.56",MONYO Brewing Co.,MONYO X: Tropical Tenacity
beer kind: Strong Ale - Other |description:  |ABV: 8.4 |IBU: N/A |rating: 3.27,The Beertailor,Beerka High Ale
"beer kind: Wheat Beer - American Pale Wheat |description: Double Dryhopped Imperial American Wheat Ale with 16,5g/L Ekuanot hops. We dryhopped it for the maximum extraction of the hop flavour of papaya, pineapple, citrus falvours with  a little bready taste from the amount of wheat we used. |ABV: 8.5 |IBU: N/A |rating: 3.76",HORIZONT Brewing,Playground DDH Imperial American Wheat Ale
"beer kind: Wheat Beer - American Pale Wheat |description: Brewed with 40% malted and flaked wheat. This hoppy, American ale is heavily dry hopped with Galaxy hops. Refreshing and easy to drink.Recommended music: Progressive metal |ABV: 6.0 |IBU: N/A |rating: 3.73",InVitro Brewing,Intergalactic
"beer kind: Wheat Beer - American Pale Wheat |description: APA-búza sörhibrid tiszalöki vadkomlóvalA Zip's 7. szülinapja alkalmából elindított SéfSör sorozat 1. tagja, melynek recepjét Pataky Péter álmodta meg. A sör búzamalátával, búzasör élesztővel, valamint amerikai és tiszalöki vadkomlóval készült. |ABV: 4.5 |IBU: 18 |rating: 3.65",Zip's Brewhouse,Tiszalöki Telepi Nevelés
"beer kind: Wheat Beer - American Pale Wheat |description: Your new go-to wheat beer, all year long.Our core wheat beer is brewed on a light, crisp American-inspired base, layered with sweet citrus aromatics and brewed to refresh in any season. We infuse it with sweet orange peel and Golden Silk tea for a delicate floral note, while Hungarian wildflower honey and a smooth caramel malt backbone bring a subtle sweetness and a perfectly rounded finish. Bright, balanced, and brewed for more than just summer.Developed in collaboration with the lovely folks over at Csapszék. |ABV: 5.9 |IBU: 16 |rating: 3.59",Gravity Brewing,Solar Wind - Blood Orange Wheat
beer kind: Wheat Beer - American Pale Wheat |description: American Wheat Ale dryhopped with Mosaic |ABV: 4.0 |IBU: N/A |rating: 3.58,Mad Scientist,Surfin' Bird
"beer kind: Wheat Beer - American Pale Wheat |description: Minőségi világos amerikai búza ale típusú sör.A világos, citromsárga színű, szűretlen Maltman American Wheat Ale új színt hoz a búzasörök palettájába. Az amerikai búza ale típusú sörök receptje szerint készül, ízvilágában a domináns kenyeres-gabonás jegyek találkoznak a búzamaláta és az árpamaláták háttérben maradó ízével, amit különleges, borsos-fűszeres utóíz és a komló decens keserűsége kísér. Illatában citrusos, összhatásában száraz, izgalmas, kellemes és frissítő hatású sör, tele illatos amerikai Magnum, Cascade és Citra komlóval.Összetevők: víz, búzamaláta, árpamaláta, komló, élesztő. |ABV: 5.5 |IBU: N/A |rating: 3.56",Maltman Craft Beer,American Wheat Ale
beer kind: Wheat Beer - American Pale Wheat |description:  |ABV: 5.0 |IBU: 20 |rating: 3.51,Vandal Brewing,Bungee
"beer kind: Wheat Beer - American Pale Wheat |description: Világos, amerikai típusú búzasör.Mi a búzasörünkkel nem a klasszikus német vonalat követjük. Felső erjesztésű élesztővel, Huell Melon aromakomlóval, jó sok búzamalátával egy könnyű, igazi nyári sört készítettünk. Ajánljuk halak, saláták mellé, és nyári kánikula ellen. |ABV: 5.6 |IBU: 15 |rating: 3.5",UGAR Brewery,Nomád
beer kind: Wheat Beer - American Pale Wheat |description:  |ABV: 4.5 |IBU: N/A |rating: 3.45,Fóti Kézműves Sörfőzde,Spíler Original Blondie
beer kind: Wheat Beer - American Pale Wheat |description:  |ABV: 6.0 |IBU: 70 |rating: 3.4,Hopfanatic Brewery,White Hops
"beer kind: Wheat Beer - American Pale Wheat |description: Újhullámos búzasör, amibe rengeteg valódi málna került. Pohárba kitöltve rózsaszín ital fogad, amelynek illatában egyértelműen a málna dominál; olyan az élmény, mintha csak egy málnáskertben sétálnál. A zamatos gyümölcs felhasználása miatt egyszerre kellemesen édeskés és fanyar aromák jelennek meg, amiket jól egészít ki az alap búzasör enyhén gabonás lecsengése. Könnyed nyári gyümölcsös sör, alacsony alkoholtartalma miatt akár több doboz is legurulhat belőle egy forró nyári napon.Kizárólag a Spar üzleteiben kapható termék. |ABV: 3.9 |IBU: N/A |rating: 3.1",MONYO Brewing Co.,Berry Bear
"beer kind: Wheat Beer - Dunkelweizen |description: A téli hónapokra főzött Dunkelweizen a dunkel (barna német láger) és a weizen (német búzasör) stíluskeveréke - névben, ízben, illatban és színben is. Szűretlen, vörösesbarna színe egy búzás, édeskés ízvilágot rejt, melyre a koronát a gyümölcsös, fűszeres illatok teszik. Tökéletes a téli hónapokra! |ABV: 6.5 |IBU: 12 |rating: 3.6",FIRST Craft Beer,Dunkelweizen
beer kind: Wheat Beer - Dunkelweizen |description:  |ABV: 5.0 |IBU: N/A |rating: 3.56,Neked Csak Dezső,Három Bé
"beer kind: Wheat Beer - Dunkelweizen |description: Aki járt már Bajorországban, biztosan találkozott a tradicionális barna búzasörrel, a Dunkelweizennel. A Münchausen Dunkel megalkotásánál a bajor sörözőkben szerzett élmények motiváltak bennünket. Közepesen testes, malátás, kakaós íz mellett a banán és a szegfűszeg ízképletei gazdagítják e sör karakterét. |ABV: 5.3 |IBU: 18 |rating: 3.48",Vaskakas Brewing,Münchausen Dunkel
beer kind: Wheat Beer - Dunkelweizen |description:  |ABV: 5.4 |IBU: 12 |rating: 3.42,Bigfoot Sörfőzde,Razzia
beer kind: Wheat Beer - Fruited |description:  |ABV: 5.0 |IBU: N/A |rating: 3.65,Félegyházi Sörműhely,Mangós Búza
"beer kind: Wheat Beer - Fruited |description: Ez a zamatos körte felhasználásával készült witbier egy könnyed, közepesen malátás búzasör, amiben jól dolgozik a belga élesztő. Sörünk a lédús körte, a belga búzákra jellemző korianderes fűszeresség és a felhasznált narancshéj érzéki játéka. Egyedi ízvilág, igazi ínyenceknek. |ABV: 4.4 |IBU: 13 |rating: 3.61",Szent András Sörfőzde,Körtés Búza
beer kind: Wheat Beer - Fruited |description: Bajor búzasör alap valódi mangóval és maracujával; frissítő és komplex egyszerre!Hefeweizen base with real mango and passion fruit; refreshing and complex at the same time! |ABV: 5.2 |IBU: N/A |rating: 3.37,Fehér Nyúl,White Passion
"beer kind: Wheat Beer - Fruited |description: A WHITE SPACE után hatalmas örömmel mutatjuk be a RED SPACE sour cherry witbier-t, azaz a meggyes belga búzasörünket. Számtalan gyümölcsös sör van már a piacon, miért éreztük igényét annak, hogy mi is egy újabb ilyen tétellel gazdagítsuk a palettát?Amikor elkezdtük az utazásunkat a sörök világában, akkor, mint sokaknak, nekünk is a belga sörök nyitották fel a szemünket; ezek a klasszikusabb meggyes tételek voltak az első gyümölcsös söreink. Aztán elkezdtünk mi is a konyhában sört főzni, szépen haladtunk, szép lassan velünk együtt elindult a hazai - akkor - kézműves sörforradalomnak nevezett mozgalom (helyesen, akkor tényleg forradalminak éreztük) és az ipák és porterek világában valahogy elfelejtettük a gyümölcsöket. Voltak aztán itthon is műízű és aromázott próbálkozások bőven, kóstoltuk is őket, de csak legyintettünk rájuk, ez nem a mi utunk volt. A nagyüzemiek is elkezdtek gyümölcsözni, sőt, ipázni, és kraft szinten a hazai duplán és triplán gyümölcsözött savanyúk világa is eljött, nekünk pedig eszünkbe jutott, hogy mi az, ami hiányzik nekünk.A RED SPACE egy patikamérlegen kiegyensúlyozott, törékeny, száraz belga meggysör. Nem desszertsör. Nem csajos sör (ahogy nem fiús sör, hát miféle butaság nemekhez kötni a stílusokat). Nem akar megfelelni senkinek. Itatja magát, ahogy mondani szokás, utolérhetőek benne a búzás jegyek, de inkább a gyümölcsössége dominál. Nekünk most egy nagyon izgalmas kísérlet, hogy vajon egy ilyen telített piacon megtalálja e a helyét? |ABV: 5.7 |IBU: N/A |rating: 3.31",RothBeer,Red Space
"beer kind: Wheat Beer - Fruited |description: Easy to drink, hard to resist, but let the name be your guide. We wanted to highlight yuzu's inimitable character as much as possible in a beer. The basic Belgian witbier style was designed to provide a light, curly, citrusy wheat base. Recommended for gourmets and beginners either!    |ABV: 4.2 |IBU: 12 |rating: 3.29",Mad Scientist,Tokyo Lemonade
"beer kind: Wheat Beer - Hefeweizen |description: Időről időre mindenki szívesen elővesz egy klasszikust. Mi most a bajor búza után nyúltunk. Sallangok nélkül, tökéletes harmóniája a felhasznált összetevőknek. Everybody likes to work with a classic from time to time. We reached for a Bayerische Hefeweizen. Without any excess, this beer is the perfect harmony of it’s ingredients.Címke szöveg:Bajor istennőnk búzakalászát banánnal és szegfűszeggel meghinté, majd pokolian jó nektárt teremté belőle híveinek. |ABV: 4.4 |IBU: 15 |rating: 3.64",Fehér Nyúl,Hellga
beer kind: Wheat Beer - Hefeweizen |description: Fresh and light hoppy hefeweizen with Citra & Cascade hops. |ABV: 4.9 |IBU: N/A |rating: 3.6,MONYO Brewing Co.,Can't Take My Tongue Off Of You
"beer kind: Wheat Beer - Hefeweizen |description: Egyszerű, de nagyszerű, bajor stílusú világos búzasör banános-szegfűszeges zamattal.Simple, yet amazing, this German-style Hefeweizen boosts banana and cloves flavor and aroma. |ABV: 4.8 |IBU: N/A |rating: 3.57",Fehér Nyúl,Golden Harvest
beer kind: Wheat Beer - Hefeweizen |description:  |ABV: 5.0 |IBU: N/A |rating: 3.57,Apátúr Sörház és Tanműhely,Perjel
beer kind: Wheat Beer - Hefeweizen |description: Visegrádi “Búza” is a traditional German style wheat beer to which we added some German noble hops to give it a spicy twist.  |ABV: 5.9 |IBU: N/A |rating: 3.56,Visegrádi Sör,Búza
beer kind: Wheat Beer - Hefeweizen |description:  |ABV: 5.5 |IBU: 30 |rating: 3.56,Zentus Craft Beer,Zentus Weizen
beer kind: Wheat Beer - Hefeweizen |description:  |ABV: 5.0 |IBU: N/A |rating: 3.55,HBH Bajor Sörház Kazincbarcika,Búza Sör
beer kind: Wheat Beer - Hefeweizen |description: Búzasör. A Bajor fajta.Keine unnötigen Gewürze... |ABV: 5.3 |IBU: 10 |rating: 3.55,Tacet Brewery,Siegfried
beer kind: Wheat Beer - Hefeweizen |description:  |ABV: 5.5 |IBU: 18 |rating: 3.55,Helka Sörfőzde,Kleine Fische
beer kind: Wheat Beer - Hefeweizen |description:  |ABV: 4.5 |IBU: N/A |rating: 3.54,Kárpi Sörfőzde,Búza
beer kind: Wheat Beer - Hefeweizen |description:  |ABV: 4.8 |IBU: N/A |rating: 3.54,Fehér Nyúl,Bud Terminal Wheat
beer kind: Wheat Beer - Hefeweizen |description: Hefeweizen With Elderflower And Rosehips collab with Pivo Falkon (CZ) |ABV: 5.2 |IBU: N/A |rating: 3.53,Mad Scientist,Floating World
"beer kind: Wheat Beer - Hefeweizen |description: A classic German wheat beer celebrated for its delicate notes of banana and clove. Smooth, refreshing, and perfectly balanced with a full-bodied character. |ABV: 4.8 |IBU: 10 |rating: 3.52",Abodee,Polyánka
"beer kind: Wheat Beer - Hefeweizen |description: Sörünk alapja egy átlagos félbarna bajor búzasör (weizenbier), amit a felhasznált alapanyagok segítségével többszörös csavarokkal tettünk abszolút újszerű és formabontó sörré. A bajor típusú búzasörökre általában jellemző citrusos, friss, gabonás alapokhoz a pörkölt maláta enyhe füstösséget, a japán eredetű sorachi ace komló pedig eperre, lime-ra emlékeztető ízeket társít. |ABV: 5.8 |IBU: 20 |rating: 3.52",HORIZONT Brewing,Japán Búza
beer kind: Wheat Beer - Hefeweizen |description:  |ABV: 5.2 |IBU: 10 |rating: 3.52,Superside Brewery,Dasistside
"beer kind: Wheat Beer - Hefeweizen |description: Egy igazi, ízig-vérig bajor búzasör. Pont olyan karakteres, mint azok a szőke kék szemű felszolgálólányok az Oktoberfesten. Sörünk illatában és ízében is maximális mértékben hordozza a bajor búzára jellemző stílusjegyeket. A banános, szegfűszeges illatokat egy kis búzás citrusosság egészít ki. Ízében megtalálható az enyhe fanyarság, ami a szűretlenségéből fakadó testességgel tökéletes egyensúlyt alkot. Remek frissítő!-A classic Bavarian wheat beer, that's just as characteristic as those blue-eyed waitresses at Oktoberfest. Loads of clover and banana in it's smell and flavor, with notes of citrus and a restrained bitterness. Unfiltered, full-bodied, and well-balanced, it's the perfect(ly crushable) refresher that you are craving after a long day at work or on the beach. |ABV: 5.5 |IBU: 11 |rating: 3.49",MONYO Brewing Co.,MONYO Búza
beer kind: Wheat Beer - Hefeweizen |description:  |ABV: 5.0 |IBU: N/A |rating: 3.48,Kapucinus Sörfőzde,2ecundu2
"beer kind: Wheat Beer - Hefeweizen |description: A málnaágyon érlelt szűretlen Málnás Búza mályvás teste halványrózsaszín habban zárul. Gyümölcsös fanyarsága jól egészíti ki a búzasör jellegzetességes banános-citrusos ízeit. A Málnás Búza kellemesen játszik az édes-fanyar-kesernyés élesztő hármasság egyensúlyával, kellemesen üde, gyümölcsös, nyári frissítő, így egy baráti beszélgetés mellé könnyed kiegészítő.The unstrained Málnás Búza (Raspberry Wheat Beer), aged on raspberry-bed, has a mallow body closed by a pale pink foam. Its fruity tartness perfectly completes the wheat beer's characteristic banana-citrus tastes. The Raspberry Wheat Beer plays fine with the balance of the triple sweet-tart-bitter harmony, while also being a pleasantly, beany and fruity summer refreshment, a perfect choice for a chat with the friends. |ABV: 4.9 |IBU: 7 |rating: 3.47",Szent András Sörfőzde,Málnás Búza
"beer kind: Wheat Beer - Hefeweizen |description: Bajor stílusú búzasörünkben egyszerre jelenik meg az aratás utáni csendélet meghitt hangulata és a típusra jellemző nyárias frissesség. Az élesztő banános, gyümölcsös aromáit a búzamaláta üdítő savanykássága már-már citrusos jegyekkel egészíti ki.Being a real wheat beer, Napkincs (Treasure of The Sun) has been brewed with one of the world's best wheat yeast, the WLP300. Our Bavarian-style wheat beer that simultaneously displays the intimate atmosphere after the harvest period and the typical summer freshness. Its banana and fruity aromas of the yeast are complemented by the refreshing sourness of the wheat malt with almost citrus notes. |ABV: 4.9 |IBU: 10 |rating: 3.47",Szent András Sörfőzde,Napkincs
beer kind: Wheat Beer - Hefeweizen |description:  |ABV: 5.5 |IBU: N/A |rating: 3.47,Belatiny Sörmanufaktúra (Nyéki Sör),Nyéki Búza
"beer kind: Wheat Beer - Hefeweizen |description: Body is hazy amber, Head is small, creamy, off-white, Nose is light fruity, and biscuit, Aroma is floral, caramel, whiff of roasted malt, light apple. Taste is medium sweet, hint of bitterness. Finish is light fruity, short duration. Medium body, thin texture, soft carbonation. |ABV: 5.3 |IBU: N/A |rating: 3.45",Legenda Sörfőzde,Six Fingers
"beer kind: Wheat Beer - Hefeweizen |description: The taste of banana and clove dominates with a delicious refreshing tangy flavor. It is an unfiltered Hefeweizen beer: dry, ancient typical wheat beer. Unfiltered, unpasteurized. |ABV: 5.0 |IBU: 10 |rating: 3.45",Kecskeméti Sörmanufaktúra,HEFEWEIZEN
beer kind: Wheat Beer - Hefeweizen |description: Vanilla filling the emptiness in the middle of the sip that is quite common when it comes to most Bavarian wheat beers. Perhaps the most important part of this style is aroma produced by the yeast. In addition to the hints of banana and cloves Monkey Temple is characterized by creaminess and soft carbonation. A unisex result for even the ones who are not really into beers. |ABV: 4.6 |IBU: 13 |rating: 3.44,Mad Scientist,Monkey Temple
beer kind: Wheat Beer - Hefeweizen |description:  |ABV: 6.5 |IBU: 11 |rating: 3.44,Rizmajer Kézműves Sörfőzde,Búza
beer kind: Wheat Beer - Hefeweizen |description:  |ABV: 5.0 |IBU: N/A |rating: 3.44,Guri Sörfőzde,Bajor Búza
beer kind: Wheat Beer - Hefeweizen |description:  |ABV: 4.5 |IBU: N/A |rating: 3.43,Bigfoot Sörfőzde,Silver Street
beer kind: Wheat Beer - Hefeweizen |description:  |ABV: 5.0 |IBU: 15 |rating: 3.43,Pécsi Sörfőzde,Pécsi Sör Bio Weissbier
beer kind: Wheat Beer - Hefeweizen |description:  |ABV: 4.5 |IBU: N/A |rating: 3.41,Reketye Brewing Co.,Wheat Beer
"beer kind: Wheat Beer - Hefeweizen |description: Ír whiskey maláta hozzáadásával készített, fahordóban több hónapon keresztül érlelt szűretlen búzasör, mely a whiskey -és sörimádók körében egy ütős kombinációnak minősülhet. A páratlan páros kóstolásakor először a karakteres búza uralkodik, de végül a whiskeys jegyek is harcra késztetik azízlelőbimbók számos sokaságát. Alkoholtartalma megtévesztő, hiszen többnek érződik, de megmaradt főzdénk sztenderdje, mely 5,5%. |ABV: 5.5 |IBU: N/A |rating: 3.39",Gyertyános Sörfőzde,Whiskeys Búza
beer kind: Wheat Beer - Hefeweizen |description:  |ABV: 4.5 |IBU: 9 |rating: 3.38,Fóti Kézműves Sörfőzde,Kaszablanka
"beer kind: Wheat Beer - Hefeweizen |description: Egy igazi, ízig-vérig bajor búzasör. Pont olyan karakteres, mint azok a szőke kék szemű felszolgálólányok az Oktoberfesten. Sörünk illatában és ízében is maximális mértékben hordozza a bajor búzára jellemző stílusjegyeket. A banános, szegfűszeges illatokat egy kis búzás citrusosság egészít ki. Ízében megtalálható az enyhe fanyarság, ami a szűretlenségéből fakadó testességgel tökéletes egyensúlyt alkot. Remek frissítő!-A classic Bavarian wheat beer, that's just as characteristic as those blue-eyed waitresses at Oktoberfest. Loads of clover and banana in it's smell and flavor, with notes of citrus and a restrained bitterness. Unfiltered, full-bodied, and well-balanced, it's the perfect(ly crushable) refresher that you are craving after a long day at work or on the beach. |ABV: 5.5 |IBU: 11 |rating: 3.37",MONYO Brewing Co.,Schatzi
beer kind: Wheat Beer - Hefeweizen |description:  |ABV: 5.4 |IBU: 9 |rating: 3.36,Hedon,Helmut
"beer kind: Wheat Beer - Hefeweizen |description: Krois Brewery & Yeast Side Brewery -  5, 5 % Pastry Hefeweizen banánnal és kakaóvalMinden okkal történik, ezért mi is megalkottuk a tökéletes desszertélményt a már jól ismert csokibanán csokissüti miatt. Kedvencünk a csoki és a banán, egy igazi karácsonyi sütiünnep az ünnepi asztalra. |ABV: 5.5 |IBU: 10 |rating: 3.35",Superside Brewery,Schocobananen - Pastry Hefeweizen
"beer kind: Wheat Beer - Hefeweizen |description: Germán stílusú, szűretlen prémium búzasör, amelyet citrusos illatáról és lágy aromájáról azonnal felismerhető. A különleges élesztőnek és a gondos készítésnek hála citrom nélkül is tökéletes ízélményt nyújt. A tulajdonos kedvenc söre, minden egyes palackon rajta tartja a szemét. |ABV: 5.4 |IBU: N/A |rating: 3.33",Stari Sör,Fehérlófia
"beer kind: Wheat Beer - Hefeweizen |description: Minőségi bajor típusú világos búzasör.A sötétsárga, szalmaszínű, szűretlen Maltman Hefe Weissbier a kedvelt bajor típusú világos búzasörök receptje szerint készül búza- és árpamaláta, kétféle német komló (Magnum, Spalter Select) és francia élesztő felhasználásával a német tisztasági törvény előírása szerint. Kellemes, frissítő karakterében dominál a trópusi gyümölcsök, a narancs és a banán intenzív, egyszerre édes és savanykás ízvilága, a háttérben szerény komlós keserűséggel. A trópusi gyümölcsök ínycsiklandó jegyeit hordozó illata, domináns keserűségtől mentes, kellemes, frissítő jellegű sörré teszi.Összetevők: víz, búzamaláta, árpamaláta, komló, élesztő . |ABV: 5.1 |IBU: N/A |rating: 3.31",Maltman Craft Beer,Hefe Weissbier
beer kind: Wheat Beer - Hefeweizen |description:  |ABV: 5.0 |IBU: N/A |rating: 3.21,Széles & Széles Kft. (Palóc Sör),Kalász
beer kind: Wheat Beer - Hefeweizen |description:  |ABV: 5.0 |IBU: 15 |rating: 3.17,Pécsi Sörfőzde,Pécsi Prémium Búza
"beer kind: Wheat Beer - Kristallweizen |description: Napkincs új értelmezésben. A Delta.05 egy Nelson Sauvin és Mosaic-kal hidegkomlózott, tükrösre szűrt bajor búza (kristallweizen) jellegzetesen gyümölcsös fanyar ízvilággal, élesztős virágos árnyalattal. Az szűrési eljárásnak köszönhetően kristálytiszta, látványra is elegáns nyári sör, ahogy azt mi Békésszentandráson szeretjük. |ABV: 4.9 |IBU: 20 |rating: 3.59",Szent András Sörfőzde,TesztAndrás Delta.05
beer kind: Wheat Beer - Other |description:  |ABV: 7.5 |IBU: N/A |rating: 3.73,Reketye Brewing Co.,Wunderhopfen
"beer kind: Wheat Beer - Other |description: Szezonális sörsorozatunk, a Summer Series első tagja egy málnás búzasör, azaz raspberry wheat ale. Az összesen 400 liter gyümölcs miatt a végeredmény gyönyörű rózsaszín, kibontva pedig annak jellegzetes illata dominál; olyan az élmény, mintha csak egy málnáskertben sétálnál. A Cherry Herohoz hasonlóan igyekeztünk a névadó, zamatos gyümölcs egyszerre kellemesen édeskés és fanyar aromáira helyezni a hangsúlyt, amit jól egészít ki az alap búzasör enyhén gabonás lecsengése. Emellett az alkoholfokát (4%) is igyekeztünk úgy belőni, hogy akár több korsó is lecsúszhasson belőle egy meleg nyári napon.---Raspberry Ralph is the first in our new line of products, called Summer Series. As its name suggests, with these offerings we wanted to create easy-drinking, low-ABV sippers that can be enjoyed on the beach or at a garden party. We kicked things off with a raspberry wheat ale, brewed with 400 kilograms of fresh fruit and the result is straight-up juice. Captivating aromas of fresh raspberries swirl to the nose leading to a palate reminiscent of homemade summer mixed berry jam, with just a touch of doughy malts and light straw. |ABV: 4.0 |IBU: N/A |rating: 3.58",MONYO Brewing Co.,Raspberry Ralph
beer kind: Wheat Beer - Other |description: Strawberry Wheat Biscuit |ABV: 5.5 |IBU: 25 |rating: 3.52,Zentus Craft Beer,Strawberry Wheat Biscuit
beer kind: Wheat Beer - Other |description:  |ABV: 5.5 |IBU: N/A |rating: 3.51,Reketye Brewing Co.,Mango Nr. 5
"beer kind: Wheat Beer - Other |description: Egy elborult sörözés közben bukott ki valakiből, hogy csinálni kéne egy új füstös sört, de ezúttal gyümölccsel. Hát megcsináltuk. A búza alapba kevert füstös maláta íze hiszed vagy sem, nagyon jól passzol az ananász zamatához, édességéhez!During a heavy session of drinking beers, one of us suggested to make a new smoked beer, but this time with fruit! So, we did it. The addition of smoked malt to the wheat base believe it or not, matches with pineapple’s flavor and sweetness very well! |ABV: 5.9 |IBU: 10 |rating: 3.47",Fehér Nyúl,Tropical Tale
"beer kind: Wheat Beer - Other |description: Tüzesen süt le a nyári nap sugára,ez a sör olyan ízű, mint ez a vers. Eza pezsgő, német búzasör kortyérzetrelágy, illata pedig a frissen vágottbúzáé. Szalmaszínnel és hosszan tartófehér habbal tökéletes párosítása fűben heverészéshez,míg a nyájad szerte legelész. |ABV: 5.3 |IBU: N/A |rating: 3.46",Viharsarok Sörfőzde,Verőfény
beer kind: Wheat Beer - Other |description: Colaweizen for EURO2024. |ABV: 2.7 |IBU: N/A |rating: 3.45,MONYO Brewing Co.,Colaweizen
"beer kind: Wheat Beer - Other |description: Nem az első sörünk, amit egy berlini út ihletett, és jó eséllyel nem is az utolsó. 2018 (vagy '19?) nyara a bűnös városban, a miérteket talán hagyjuk is. Tanulság ma sincs, sör viszont van, méghozzá egy bajor jellegű búzasör annyi kókusszal megtolva, amit úgysem hinnétek el. Még mi is csak nehezen. |ABV: 5.9 |IBU: N/A |rating: 3.45",Dealbreaker,No Reins
beer kind: Wheat Beer - Other |description:  |ABV: 5.0 |IBU: 12 |rating: 3.43,Szarvasi Kézműves Sörfőzde,Búza
"beer kind: Wheat Beer - Other |description: Belgian Witbier w/ yuzu, plums and cinnamon as a collaboration with Bohemian Betyars |ABV: 5.6 |IBU: N/A |rating: 3.39",Mad Scientist,Betyars' Plumonade
"beer kind: Wheat Beer - Other |description: A bencés szerzetesi hagyomány része a földműveskultúra művelése, amelyet Tihanyban, a Belső tó partján található Apátsági Majorságban folytatnak az itt élő szerzetesek és munkatársaik. Munkájuk gondosságának köszönhetően, a Tihanyi Bencés Apátság gyógynövény kertjéből származó levendula felhasználásával készült sör minden kortyát áthatja az 1000 éves tradíció, biztosítva a minőségi élvezetet. //The Benedictine monastic culture is reaped in agricultural tradition, carried by the monks in the Abbey Majority (Apátsági Majorság). Thanks to their care, every sip of this beer, made with lavender from the herb garden of the Benedictine Abbey of Tihany, is steeped in 1000 years of tradition. |ABV: 5.0 |IBU: N/A |rating: 3.39",HopTop Brewery,Tihanyi Levendulás Búza Sör
beer kind: Wheat Beer - Other |description:  |ABV: 4.5 |IBU: N/A |rating: 3.38,Hedon,Mon Ami
"beer kind: Wheat Beer - Other |description: Hop(s) used: EnigmaEnigma is brewmasters' choice, our favourite hop has been represented well in this sessionable wheat ale. Excellent kick-off brew, fress, fruity profile without the traces of traditional wheat beers.  |ABV: 4.5 |IBU: 38 |rating: 3.38",HopTop Brewery,Uluru
beer kind: Wheat Beer - Wheat Wine |description: Smoked Wheat Wine2016 |ABV: 9.0 |IBU: 30 |rating: 3.81,MONYO Brewing Co.,Brick Top (2016)
"beer kind: Wheat Beer - Wheat Wine |description: Úgy döntöttünk, hogy 448 napig érleljük a búzaborunkat. A juhar szirup íze gyönyörűen kiemelkedik a fahordóból, melyet finom dió és datolya ízek kísérnek, míg az illata egy kellemes fűszerességet hordoz magában.We decided to age our Wheat Wine for 448 days. The flavor of maple syrup gracefully emerges from the wooden barrel, accompanied by subtle hints of walnuts and dates, while the aroma carries a delightful spiciness.  |ABV: 10.5 |IBU: N/A |rating: 3.79",Fehér Nyúl,From the Barrel Maple Syrup Barrel Aged Wheat Wine (2023)
"beer kind: Wheat Beer - Wheat Wine |description: A mexikói égetett szesz, azaz a Mezcal érdekes dolgokat művelt a wheat wine-al, ahogy a füstössége összevegyül a sör édességével. 459 napot ült a hordójában.The Mexican spirit, Mezcal, has done interesting things to wheat wine, as its smokiness blends with the sweetness of wheat wine. It sat in its barrel for 459 days. |ABV: 10.5 |IBU: N/A |rating: 3.73",Fehér Nyúl,From the Barrel Mezcal Barrel Aged Wheat Wine (2023)
"beer kind: Wheat Beer - Wheat Wine |description: Wheat Wine is very similar style to Barley Wine, but in this type wheat malt ratio reach the 70%. A hazy orange color with thin white head. Aroma is bready with subtle notes of caramel and honey. Dry body, high alcohol content and smooth mouthfeel. Malt flavors dominate, showing a medium wheaty backbone, with some fruitnees, like apricot. It's a real curiosity. |ABV: 11.2 |IBU: N/A |rating: 3.72",MONYO Brewing Co.,Avi Cousin (2018)
"beer kind: Wheat Beer - Wheat Wine |description: Búzaborunk 2017-es évjárata. Ennek a sörstílusnak a legfőbb jellemzői a magas alkoholfok, a száraz test és a sárgadinnyés-kajszibarackos ízvilág.A több éves palackos érlelés miatt ebből a különleges évjáratból a felsoroltak mellett mi kiérzünk mazsolát, malátát és egy enyhe mézességet is. Igazi kandalló mellett, brandy-s pohárból kortyolgatható különlegesség.-----Vintage 2017 version of our signature barley wine, that we only brew once a year. Cousin Avi exudes delightful aromas of raisins, vanilla and ripe apricot. Upfront flavors of honey tinged malt, caramel and raisins blend cleanly with notes of honeydew and sherry. A perfect treat for the chilly summer nights. |ABV: 10.2 |IBU: 32 |rating: 3.69",MONYO Brewing Co.,Avi Cousin (2017)
beer kind: Wheat Beer - Wheat Wine |description: Barrel Aged Wheatwine And Wee Heavy Blend With Black Tea & Bergamot brewed with our friends Anderson's Brewery from Estonia |ABV: 9.8 |IBU: N/A |rating: 3.62,Mad Scientist,Marilyn Manderson
"beer kind: Wheat Beer - Witbier / Blanche |description: A Delta. 13 egy könnyed és frissítő, közepesen malátás búzasör, jól dolgozik benne a belga élesztő. A bodzát pedig nem lehet túlzásba vinni, és még a színe is szép halványsárga. This beer is a part of our small batch special edition called TesztAndrás. Delta.13 is a refreshing, moderately malty witbier, and the Belgian yeast makes it even better. There is no such thing as too much elderflower added, and its colour is a nice light gold. |ABV: 4.4 |IBU: 10 |rating: 3.7",Szent András Sörfőzde,TesztAndrás Delta.13
"beer kind: Wheat Beer - Witbier / Blanche |description: A Delta. 26 (dubbelwit) egy dupla belga búza, amit az országban - ha jól tudjuk - először mi készítettünk el. Ez a sör egy belga búzasörhöz képest több beltartalommal, a fajta jellegéből fakadóan frissítő narancshéjjal, korianderrel, de magasabb alkoholfokkal (6%) készült, mely még izgalmasabbá teszi az kóstolás élményét.Delta. 26 (dubbelwit) is a double Belgian wheat beer, and as far as we know, in Hungary, it was first brewed in Békésszentandrás. Compared to a normal Belgian wheat beer, this has a fuller body, contains more refreshing orange peel and coriander, and has a higher alcohol content (6%), which makes the tasting experience even more exciting. |ABV: 6.0 |IBU: 10 |rating: 3.68",Szent András Sörfőzde,TesztAndrás Delta.26
beer kind: Wheat Beer - Witbier / Blanche |description:  |ABV: 7.7 |IBU: N/A |rating: 3.67,Reketye Brewing Co.,Hibiscus Kiss
"beer kind: Wheat Beer - Witbier / Blanche |description: A Delta.27 dupla belga búza a nagysikerű Delta.26 tökéletesített változata. Ezt a típust (dubbelwit) az országban először mi készítettük el és sörünk olyannyira sikeres lett, hogy alig két hét alatt elfogyott, így sokan nem tudtátok megkóstolni. A TesztAndrás kísérleti sörlaborban nem ismerünk lehetetlent, így nem csak, hogy újrafőztük ezt az izgalmas dubbelwitet, de tökéletesítettük is a receptet. Sörünk a belga búzákhoz képest jóval több beltartalommal, a fajta jellegéből fakadóan frissítő narancshéjjal, korianderrel, de magasabb alkoholfokkal (6%) készült, mely még izgalmasabbá teszi az kóstolás élményét. |ABV: 6.0 |IBU: 15 |rating: 3.67",Szent András Sörfőzde,TesztAndrás Delta.27
"beer kind: Wheat Beer - Witbier / Blanche |description: Opálos színű, élesztős búzasör, ami a speciális erjesztési technológiának, valamint a hozzáadott koriandernek és curacaonak köszönheti jellegzetes, összetéveszthetetlen, kellemesen fűszeres ízét, gyümölcsös illatát. Fogyasztása 10°C-körül javasolt desszertek kísérőjeként, egy szelet citrommal, ami még jobban kiemeli az ital különleges aromáját. |ABV: 4.5 |IBU: 10 |rating: 3.58",Zip's Brewhouse,Witbier
"beer kind: Wheat Beer - Witbier / Blanche |description: Our version of a Belgian Wheat beer.An updated version of one of our firstflagship beers, TIMCO ILLATOSWitberry is a traditional-style Belgianwheat beer with our special TIMCOtwist. Coriander, Lemon peel, Orangepeel and traditional Belgian wheatmalt, as you would expect, with thatTIMCO touch, Lime peel and mostimportantly, red cranberries.Brighten your day with a refreshing,tart, hazy and full-mouth feel!""Proost op onze lever!"" |ABV: 4.9 |IBU: 15 |rating: 3.58",TIMCO Brewing,ILLATOS Witberry
"beer kind: Wheat Beer - Witbier / Blanche |description: Elsőként a Delta.13 TesztAndrás sörként találkozhattatok ezzel a witbierrel, amit annyira megszerettetek, hogy Bodzás Búza néven bekerült az állandó szortimentbe. Ez a valódi bodzavirág felhasználásával készült witbier egy könnyed és frissítő, közepesen malátás búzasör, amiben jól dolgozik a belga élesztő. A bodzát pedig nem lehet túlzásba vinni, és még a színe is szép halványsárga. |ABV: 4.4 |IBU: 10 |rating: 3.58",Szent András Sörfőzde,Bodzás Búza
"beer kind: Wheat Beer - Witbier / Blanche |description: Jégmadár is a classic Witbier that's sure to please anyone who enjoys this refreshing and flavorful style of beer. Brewed with a traditional Witbier base of wheat, coriander, and orange peel, Jégmadár is light, crisp, and incredibly refreshing.The wheat gives Jégmadár a slightly creamy mouthfeel, while the coriander and orange peel add a spicy, citrusy kick that's characteristic of the Witbier style. The result is a beer that's both easy-drinking and full of flavor.At around 4,7% ABV, Jégmadár is the perfect beer to enjoy on a warm summer day, whether you're grilling in the backyard or relaxing at the beach. Its light body and refreshing character make it a great choice for anyone looking for a flavorful and easy-drinking beer.Overall, Jégmadár is a delicious and approachable Witbier that's sure to please both beer enthusiasts and casual drinkers alike. Cheers! |ABV: 4.7 |IBU: 15 |rating: 3.56",ŐriBird Sörfőzde,Jégmadár
"beer kind: Wheat Beer - Witbier / Blanche |description: Hegemón egy sima belga búzasörhöz képest jóval több beltartalommal, a stílus jellegéből fakadóan sevillai narancshéjjal, frissítő korianderrel, kissé magasabb alkoholfokkal készült, mely még izgalmasabbá teszi a kóstolás élményét. |ABV: 6.0 |IBU: 10 |rating: 3.55",Szent András Sörfőzde,Hegemón
"beer kind: Wheat Beer - Witbier / Blanche |description: Mézzel készült belga stílusú buzasörA búzasör irányvonalon is akartunk egy kis extrát nyújtani a sörbarátoknak, ezért találtuk ki, hogy normál búzasörünket mézzel forraljuk be. Így lett a sörünk egy sokat látott sörkedvelő számára is különlegességgel szolgáló ital. Belga búzasörökre jellemző fűszeresség és gyümölcsösség jellemzi, egy árnyalatnyi virág gondolattal. |ABV: 6.0 |IBU: N/A |rating: 3.54",Bors Serfőzde,Maid Marian
beer kind: Wheat Beer - Witbier / Blanche |description:  |ABV: 5.0 |IBU: N/A |rating: 3.52,Félegyházi Sörműhely,Belga Búza
beer kind: Wheat Beer - Witbier / Blanche |description:  |ABV: 5.0 |IBU: 15 |rating: 3.52,Vandal Brewing,Augusta
beer kind: Wheat Beer - Witbier / Blanche |description: belgian witbier with pomegranate and toasted mate tea |ABV: 5.0 |IBU: N/A |rating: 3.51,Mad Scientist,São Paulo Ice Tea
"beer kind: Wheat Beer - Witbier / Blanche |description: Klasszikus witbier, egy kis gyümölcsös csavarral. Pont annyi sárgabarackot tettünk bele, amennyi éppen ahhoz kell, hogy egy kellemesen gyümölcsös, de klasszikus, búzasörös ízvilága legyen. Classic witbier with a fruity twist. Just enough apricot was added to make it fruity but keep the classic witbier taste.  |ABV: 5.1 |IBU: N/A |rating: 3.5",HORIZONT Brewing,Selfish Games - Golden Glow
"beer kind: Wheat Beer - Witbier / Blanche |description: Kávé és sör, a másnaposság elleni klasszikus megoldások. Most megkaphatod a kettőt egyben! Vitaminokban gazdag könnyű búzasörrel készült ""cold brew"" kávé, közepes pörkölésű, gyümölcsös Pacific Caffe blendből. Vigyázat, minden egyes pohár egy eszpresszónak megfelelő koffeint tartalmaz! |ABV: 5.5 |IBU: 13 |rating: 3.49",Zip's Brewhouse,2in1
"beer kind: Wheat Beer - Witbier / Blanche |description: Perfect refreshment after spacewalks!White Space is a classic witbier, a style of Belgian ale brewed with wheat and spices (coriander, curacao orange peel).A White Space a belga búzasörök mintapéldánya. Tradícionálisan koriandermag és narancshéj hozzáadásával készül. Aromáját főként a witbier élesztő adja, a harapható kortyérzetet pedig a rengeteg búzamaláta és -pehely. Frisseségét jóval tovább tartja dobozban, így már csak ilyen kiszerelésben elérhető.  |ABV: 5.1 |IBU: 15 |rating: 3.49",RothBeer,White Space
beer kind: Wheat Beer - Witbier / Blanche |description: A wheat beer for all seasons. It's a combination of the refreshing taste of a belgian witbier and the spiciness of a traditional saison.Egy búzasör minden évszakra. Egyesíti a klasszikus belga witbierek frissítő ízét a különleges saison élesztő intenzitásával és fanyarságával. |ABV: 6.0 |IBU: 10 |rating: 3.48,HORIZONT Brewing,Sailor Belle
beer kind: Wheat Beer - Witbier / Blanche |description:  |ABV: 4.9 |IBU: N/A |rating: 3.48,HopTop Brewery,Witbier
beer kind: Wheat Beer - Witbier / Blanche |description:  |ABV: 5.0 |IBU: 13 |rating: 3.48,Pannonhalmi Főapátság Sörfőzde,Witbier
beer kind: Wheat Beer - Witbier / Blanche |description:  |ABV: 5.1 |IBU: 15 |rating: 3.47,BAZ Beer,Búza
"beer kind: Wheat Beer - Witbier / Blanche |description: Halvány aranysárga színű, az élesztőtől fátyolosan fehér, szűretlen búzasör, az édesebbik stílusban főzve. Már illatában visszaköszönnek a sörfőzés során használt fűszerek, a koriander és a curaçao narancshéj. Visszafogott, mégis izgalmas Ízvilágában a gabona-, és citrusfélék dominálnak. Finoman édes, kellemesen savanykás, és rendkívül frissítő ital! |ABV: 4.9 |IBU: N/A |rating: 3.46",Gallica Hungary,Asterus
beer kind: Wheat Beer - Witbier / Blanche |description:  |ABV: 5.0 |IBU: N/A |rating: 3.45,Guri Sörfőzde,Füvesember
"beer kind: Wheat Beer - Witbier / Blanche |description: ""A sör bizonyíték rá, hogy Isten szeret minket és azt akarja, hogy boldogok legyünk.""(Benjamin Franklin)Az istenek eledele folyékony formában. Ezt a sűrű aranysárga, kissé mézes illatú, fűszeres sört a belga sörfőző hagyományokhoz híven készítettük el világos búzamaláta felhasználásával. Styrian Golding és Hallertauer Perle komlók ellensúlyozzák a búzamaláta édeskés ízét, amit még tovább bolondítottunk egy-egy csipet édes és keserű narancshéjjal és korianderrel. Végül hagytuk, hogy a belga búzasörélesztő végezze a dolgát szépen, komótosan, kerek harmonikus ízt alakítva ki a kenyeres, földes, mézes és fűszeres ízek vetélkedéséből. Összetevők: Ivóvíz, búza- és árpamaláta, komlók, szárított narancshéj, koriander, búzasörélesztő |ABV: 6.2 |IBU: 25 |rating: 3.43",Etyeki Sörmanufaktúra,Ambrózia Belga Búza
beer kind: Wheat Beer - Witbier / Blanche |description:  |ABV: 4.5 |IBU: N/A |rating: 3.43,Hedon,Helen
"beer kind: Wheat Beer - Witbier / Blanche |description: (HU) Hagyományos belga típusú búzasör szárított narancshéjjal és korianderrel, ahol a búzamaláta gabonás édességét az élesztő fűszeres, trópusi gyümölcsös ízjegyei egészítenek ki.(EN) A traditional Belgian-style wheat beer with dried orange peel and coriander, where the grainy sweetness of the wheat malt is complemented by the spicy, tropical fruity notes of the yeast. |ABV: 4.5 |IBU: N/A |rating: 3.4",FIRST Craft Beer,Belgian Witbier
beer kind: Wheat Beer - Witbier / Blanche |description:  |ABV: 5.3 |IBU: N/A |rating: 3.4,Zirci Apátsági Manufaktúra,Búza
"beer kind: Wheat Beer - Witbier / Blanche |description: Megérkezett a legújabb termékkategóriánk, a Party Animal széria!A Party Animal széria igazi fesztivál söröket kínál, megbízható MONYO minőségben a különleges sörökre nyitott sörkedvelőknek. Könnyen érthető és fogyasztható tételek, amik ideális kiegészítői lehetnek egy laza dumálásnak egy házibuliban, egy pikniknek a fűben heverészve, vagy az új kedvenc bandád koncertjének.A Party Animal Belga Búza egy könnyed búzasör, a citrusfélék intenzív gyümölcsösségével és a koriander fűszerességével. |ABV: 4.8 |IBU: N/A |rating: 3.4",MONYO Brewing Co.,Party Animal Belga Búza
beer kind: Wheat Beer - Witbier / Blanche |description:  |ABV: 4.5 |IBU: N/A |rating: 3.38,Cecei Sörüzem,Witbier
beer kind: Wheat Beer - Witbier / Blanche |description: Belgian wit brewed with orange peel and coriander. A well balanced brew with the idea of refreshing taste for comforting moments. |ABV: 4.5 |IBU: 20 |rating: 3.37,Hajnali Sörfőzők,FÉYN
beer kind: Wheat Beer - Witbier / Blanche |description:  |ABV: 5.0 |IBU: N/A |rating: 3.34,Spar Magyar,AHA! Witbier
beer kind: Wheat Beer - Witbier / Blanche |description: Belgian style witbier from the core range |ABV: 4.5 |IBU: N/A |rating: 3.33,HopTop Brewery,Belga Búza
"beer kind: Wheat Beer - Witbier / Blanche |description: Megjelenés: ködös, napsárga szín, fehér habIllat: fűszeres, citrusos, bódítóKorty: kiegyensúlyozott, meglepőKomlók: MarynkaAlkohol: 4% Keserű érték: 18 IBUExtrakt tartalom: 11,5°B |ABV: 4.1 |IBU: 18 |rating: 3.33",hübris,büza
beer kind: Wheat Beer - Witbier / Blanche |description:  |ABV: 5.0 |IBU: N/A |rating: 3.32,The Beertailor,Wit Beer
"beer kind: Wheat Beer - Witbier / Blanche |description: Felső erjesztésű belga búzasör, a Szia Uram! család legújabb tagja. Édeskés ízét az észteres fűszeresség egyensúlyozza, de a narancs ès a koriander aromája teszi teljessé. Tökéletes választás lehet egy hosszú nap utáni chillhez. |ABV: 4.8 |IBU: N/A |rating: 3.25",Szia Uram!,Búza
beer kind: Wheat Beer - Witbier / Blanche |description:  |ABV: 5.3 |IBU: N/A |rating: 3.19,Zirci Apátsági Manufaktúra,Levendulás
"beer kind: Wheat Beer - Witbier / Blanche |description: Könnyű, gyömbér illatú édeskés búzasör |ABV: 5.0 |IBU: 14 |rating: 3.16",Cecei Sörüzem,Gyömbéres Búza
beer kind: Wheat Beer - Witbier / Blanche |description:  |ABV: 5.0 |IBU: N/A |rating: 2.93,Soproni Sörgyár (Heineken Hungária),Soproni Óvatos Duhaj Búza
"beer kind: Wild Ale - American |description: Barrel Aged Golden Sour Ale with Grapes, collab with our friend Levente Major of LEVENTE WINE |ABV: 6.9 |IBU: N/A |rating: 3.83",MadX,Levente & Funk
"beer kind: Wild Ale - American |description: Barrel Aged Golden Sour Ale with Grape Must, our 2nd collab with our friend Levente Major of LEVENTE WINE following LEVENTE & FUNK we released in the May of 2022 |ABV: 7.1 |IBU: N/A |rating: 3.83",MadX,Sludge & Funk
"beer kind: Wild Ale - American |description: A wild sour ale with Brettanomyces aged in white wine barrels with apricot puree.Funky, wild ale with apricot jam-like flavors and subtle wine-like, oak aftertaste. This 2 year long project involved a Saison base for this beer a long fermentation with brettanomyces and pedicoccus and aged for 6 months in white wine barrels with fruit purees added. The result is a real special beer recommended for special occasions, to share or to enjoy on your own. |ABV: 5.9 |IBU: 20 |rating: 3.79",HORIZONT Brewing,Sour Series 003 - Apricot Brett Sour Ale
beer kind: Wild Ale - American |description: Barrel Aged Sour Ale with Peach and Rosemary collab with our friend Máté Ábrahám of MA Artisan Ales (HU) |ABV: 5.2 |IBU: N/A |rating: 3.79,MadX,Ábrahám & Funk
"beer kind: Wild Ale - American |description: MAJOR & FUNK is the 2024 version of our Barrel Aged Golden Sour Ale with Grape Must, the 3rd collab with our friend Levente Major of LEVENTE WINE following LEVENTE & FUNK we released in the May of 2022 and SLUDGE & FUNK in the January of 2023 |ABV: 5.5 |IBU: N/A |rating: 3.76",MadX,Major & Funk
"beer kind: Wild Ale - American |description: Két évig boros fahordóban őszibarackágyon érlelt spontán sör (wild ale), amit az erjesztőtartályba történő visszafejtéskor refermentáltunk még egy nagy adag magyar őszibarackkal. Brutál savanyú; natúr boros és ""funkys"" jegyek jellemzik.A sör a martonvásári Pillár Biobirtokkal kollaborációban készült, Pillár Anna biztosította számunkra a több száz kg. lédús barackot, amit kézzel magoztunk és préseltünk a sörhöz. |ABV: 7.2 |IBU: N/A |rating: 3.75",MONYO Brewing Co.,Hungarian Terroir: Martonvásár - Barrel Aged Wild Peach Ale 2020
"beer kind: Wild Ale - American |description: BARREL AGED DRY HOPPED GOLDEN SOUR ALE WITH GRAPESDOOM & FUNK is the hoppy 2024 version of our Barrel Aged Golden Sour Ale with Grape Must, the 4th collab with our friend Levente Major of LEVENTE WINE following LEVENTE & FUNK we released in the May of 2022, SLUDGE & FUNK in the January of 2023 and MAJOR & FUNK from July, 2024 |ABV: 5.5 |IBU: N/A |rating: 3.7",MadX,Doom & Funk
beer kind: Wild Ale - American |description: Wild Ale with Raspberries |ABV: 5.6 |IBU: N/A |rating: 3.61,MadX,Mister Sunshine
"beer kind: Wild Ale - Other |description: “Berta a harctéren vagyok, címemet tudod, miért nem írsz? Willy.”Az Est egy apróhirdetése, 1915. január 27-én. Egy sor, két ember, és a vágyakozó szerelem ezer kérdése. Vajon miért nem keresi Berta Willy-t? Ez lenne az első írásos emlék a ghostingról? Túlélte Willy a háborút? Vajon írt neki aztán Berta? Happy end vagy csak simán end? A mi forgatókönyvünkben Berta és Willy rengeteg év és vad viszontagság után végül összejönnek. De nem kell ránk hallgatnod; húzd ki a dugót és fejezd be úgy Berta és Willy történetét, ahogy szeretnéd.Kóstolj bele legújabb, két évig fahordóban érlelt söreinkbe, amit a Roadster magazinnal közösen alkottunk meg. Bertát “natúran” hagytuk és egy klasszikus, funky, brettes, karakteres, de mégis kellemesen savas, boroshordóban érlelt Wild Ale született belőle. Willy, akinek az alap söre megegyezik Bertáéval, a folyamat végén nem kevés fekete szedret kapott, amivel együtt érleltük a kiszerelés pillanatáig. |ABV: 6.8 |IBU: N/A |rating: 3.79",MONYO Brewing Co.,MONYO X Roadster - Willy
"beer kind: Wild Ale - Other |description: WILD THING - SOUR/WILD BA BALTIC PORTER - CABERNET SAUVIGNONThe beer was matured for 885 days in a Hungarian barrique oak barrel, in which cabernet sauvignon was aged for years. The nose is dominated by red wine, the flavour notes are determined by the wild yeast (we received as a gift from the barrel). The beer has a pleasant sourness, with the flavours of rhum, coffee, vanilla and red wine. It's unique, unrepeatable!A sört 885 napig áztattuk magyar barrique tölgyfahordóban, melyben évekig cabernet sauvignon érlelődött. A sör illatában a vörösbor dominál, az ízjegyeket a hordóból származó vadélesztő határozza meg. A sör kellemes savanyúsággal rendelkezik, a rum, a kávé, a vanília és a vörösbor ízjegyeivel. Egyedi, megismételhetetlen batch... |ABV: 10.0 |IBU: 36 |rating: 3.69",Uradalmi Brewery,Wild Thing
"beer kind: Wild Ale - Other |description: A mixed fermentation Golden Sour Ale blend brewed with peated malts & local honey, aged in barrels for 2 years. Brewed in a collaboration with my good fellas at MadX.  |ABV: 7.5 |IBU: N/A |rating: 3.64",B*BOP FERMENTORY,OUDE NOTE
"beer kind: Winter Ale |description: A winter alternative for the heavy seasonal beers. Dark ruby red, fresh tartness from the rosehip, spicy sweet tea aromes from the rooibos, warmth from the 6,8% ABV. Get cozy!Szerettünk volna egy olyan téli sört készíteni, ami alternatívája a nehéz stoutoknak és a súlyos hordóérlelt cuccoknak. Az új Pilot Seriesbe egy raklap csipkebogyó/velő és rooibos tea került, mindez egy erős vörös IPA alapon nyugodva. Gyümölcsös, illatos, melengető. |ABV: 6.8 |IBU: 70 |rating: 3.6",HORIZONT Brewing,Pilot Series #14 - Rosehip & Rooibos Winter Ale
beer kind: Winter Ale |description:  |ABV: 8.0 |IBU: N/A |rating: 3.55,Gallica Hungary,Adventus
beer kind: Winter Ale |description:  |ABV: 5.5 |IBU: 12 |rating: 3.48,Rizmajer Kézműves Sörfőzde,Karácsonyi
beer kind: Lager - Pale |description: The flagship of the brewery is a traditional golden coloured light beer.|ABV: 4.5 |IBU: N/A |rating: 2.88,Borsodi Sörgyár,Borsodi
