nr,bid,brewery,name,kind,link,abv,ibu,rating,nr_raters,adding_date,text,country,malt,hops,chocolate,german,banana,vanilla,caramel,yeast,fruit,whiskey,rhum,alcohol,gluten,barrel,rye,barley,cocoa,small/lower,big/upper,Altbier,Barleywine,Blonde,Duppel,Quadrupel,Tripel,Cider,Fruit,IPA,Kölsch,Lager,Non-Alcoholic,Pilsner,Porter,Wheat,Sour,Stout,Ale,Other
51,3241372,Kabinet Brewery,Lutka,Belgian Blonde,https://untappd.com/b/kabinet-brewery-lutka/3241372,4.7,16,3.58,246,05/22/19,An all day Belgian blonde. Perfect match for a road trip with BrrKaaa. You can never get enough of her! ,serbia,0,0,0,0,0,0,0,0,0,0,0,0,0,0,0,0,0,0,0,0,0,1,0,0,0,0,0,0,0,0,0,0,0,0,0,0,0,0
52,733579,Kabinet Brewery,Plavo (Belgian Blond Style),Belgian Blonde,https://untappd.com/b/kabinet-brewery-plavo-belgian-blond-style/733579,6.2,26,3.45,2641,07/03/14,Aromas of biscuit and apple are followed by aroma of anise. This classic Belgian style was the first of this kind brewed in Serbia. Still 7 years after is one of the most loved ones. ,serbia,0,0,0,0,0,0,0,0,0,0,0,0,0,0,0,0,0,0,0,0,0,1,0,0,0,0,0,0,0,0,0,0,0,0,0,0,0,0
53,1281501,Black Turtle Brewpub,Amber Abbey,Belgian Dubbel,https://untappd.com/b/black-turtle-brewpub-amber-abbey/1281501,7.0,N/A,3.53,179,10/20/15,"BELGIJSKO MANASTIRSKO PIVOKao što mu ime govori, pivo vodi poreklo iz Belgije, a prvi su ga proizvodil opati malih belgijskih manastira početkom XV veka. Proizvodeneo isključivo od najkvalitetnijeg uvoznog ječma, snažno i aromatično, boje ćilibara sa povišenim procentom alkohola – do 7%. ",serbia,0,0,0,0,0,0,0,0,0,0,0,1,0,0,0,0,0,1,0,0,0,0,0,0,0,0,0,0,0,0,0,0,0,0,0,0,0,1
54,4503482,ZZapi,Presedan,Bitter - Extra Special / Strong (ESB),https://untappd.com/b/zzapi-presedan/4503482,5.0,40,3.56,241,09/13/21, ,serbia,0,0,0,0,0,0,0,0,0,0,0,0,0,0,0,0,0,0,0,0,0,0,0,0,0,0,0,0,0,0,0,0,0,0,0,0,0,1
55,3885279,Hog,Freyja,Blonde / Golden Ale - Other,https://untappd.com/b/hog-freyja/3885279,4.5,24,3.7,715,07/23/20,"Frejine suze su sinonim za zlato. Ova je boginja moćna, ali dok plače pokazuje svoju blagost. Popijte Frejine suze, duša vam se pozlatila. Skål!  ",serbia,0,0,0,0,0,0,0,0,0,0,0,0,0,0,0,0,0,0,0,0,0,1,0,0,0,0,0,0,0,0,0,0,0,0,0,0,0,0
56,2567859,Dilemma Pivara,Spring Ale,Blonde / Golden Ale - Other,https://untappd.com/b/dilemma-pivara-spring-ale/2567859,4.8,N/A,3.54,171,03/23/18, ,serbia,0,0,0,0,0,0,0,0,0,0,0,0,0,0,0,0,0,0,0,0,0,1,0,0,0,0,0,0,0,0,0,0,0,0,0,0,0,0
57,366344,Krugher & Brent,Red Beer,Bock - Doppelbock,https://untappd.com/b/krugher-and-brent-red-beer/366344,8.0,N/A,3.32,599,05/17/13, ,serbia,0,0,0,0,0,0,0,0,0,0,0,0,0,0,0,0,0,0,0,0,0,0,0,0,0,0,0,0,0,0,0,0,0,0,0,0,0,1
58,1955294,Kompas Pivo,Ah Toy,California Common,https://untappd.com/b/kompas-pivo-ah-toy/1955294,5.8,26,3.58,179,02/18/17, ,serbia,0,0,0,0,0,0,0,0,0,0,0,0,0,0,0,0,0,0,0,0,0,0,0,0,0,0,0,0,0,0,0,0,0,0,0,0,0,1
59,4307706,Dilemma Pivara,Equinox,Cream Ale,https://untappd.com/b/dilemma-pivara-equinox/4307706,5.5,N/A,3.65,178,05/11/21,Cream Ale sa kompleksnim aromatičnim notama Eukanot i Amarillo hmelja.Eukanot hmelj pruža svežinu limete i mandarine. Puna čaša citrusnih nota samo za Vas. ,serbia,0,1,0,0,0,0,0,0,0,0,0,0,0,0,0,0,0,0,0,0,0,0,0,0,0,0,0,0,0,0,0,0,0,0,0,0,1,0
60,6506600,Dogma Brewery,Mount Hood,Cream Ale,https://untappd.com/b/dogma-brewery-mount-hood/6506600,4.7,5,3.64,181,11/26/25,"Second of many beers we will brew influenced by our USA trip from Portland to Yakima Valley back in September. After Multnomah Falls, another symbol of a great Oregon nature is in front of you - magnificient Mount Hood! Drinkable as a spring water, this cream ale is just a blessing for all ya thirsty craft beer lovers. Cheers in that name!  ",serbia,0,0,0,0,0,0,0,0,0,0,0,0,0,0,0,0,0,0,0,0,0,0,0,0,0,0,0,0,0,0,0,0,0,0,0,0,1,0
61,1482457,Crow Brewery,Jolly,Cream Ale,https://untappd.com/b/crow-brewery-jolly/1482457,5.5,20,3.51,284,03/25/16,Cream Ale with Cascade hops used only in whirlpool. ,serbia,0,1,0,0,0,0,0,0,0,0,0,0,0,0,0,0,0,0,0,0,0,0,0,0,0,0,0,0,0,0,0,0,0,0,0,0,1,0
62,2815976,Kabinet Brewery,Perfectly Imperfect,Dark Ale,https://untappd.com/b/kabinet-brewery-perfectly-imperfect/2815976,8.0,N/A,3.69,862,08/25/18,"Brainstormed in Serbia and Nerherlands, brewed in Serbia, to be enjoyed worldwide. The best beer in Serbia by Ratebeer. ",serbia,0,0,0,0,0,0,0,0,0,0,0,0,0,0,0,0,0,0,0,0,0,0,0,0,0,0,0,0,0,0,0,0,0,0,0,0,1,0
63,4997720,Dogma Brewery,Serbian Barrels Series No.4 - Saison Aged In Wine Barrels,Farmhouse Ale - Saison,https://untappd.com/b/dogma-brewery-serbian-barrels-series-no-4-saison-aged-in-wine-barrels/4997720,7.0,5,3.79,162,08/28/22,"No.4 in Serbian Barrels Series is the same Saison base as in No.2 & No.3 but this time without aging on fruits and with a combonof white & red wine barrels. Only Serbian barrels, of course! ",serbia,0,0,0,0,0,0,0,0,1,0,0,0,0,1,0,0,0,0,0,0,0,0,0,0,0,0,0,0,0,0,0,0,0,0,0,0,1,0
64,4938889,Dogma Brewery,Serbian Barrels Series No.3 - Saison Mixed Berries,Farmhouse Ale - Saison,https://untappd.com/b/dogma-brewery-serbian-barrels-series-no-3-saison-mixed-berries/4938889,8.0,10,3.77,220,07/19/22,"Number 3 in our Serbian Barrels Series. Again the same Saison like No.2 and in Serbian red wine barrels. But this time, aged on a mixed berries combo - raspberries, blackberries, black currant & jostaberry. Cheers brothers & sisters!  ",serbia,0,0,0,0,0,0,0,0,1,0,0,0,0,1,0,0,0,0,0,0,0,0,0,0,0,0,0,0,0,0,0,0,0,0,0,0,1,0
65,4928302,Dogma Brewery,Serbian Barrels Series No.2 - Saison On Cherries,Farmhouse Ale - Saison,https://untappd.com/b/dogma-brewery-serbian-barrels-series-no-2-saison-on-cherries/4928302,8.0,10,3.76,228,07/12/22,"No2 from our unique Serbian Barrels Series is here! First of three Saisons - aged on cherries in Serbian wine barrels. Pinot Noir, Cabernet Sauvignon & Prokupac barrels were his home for more than a year! Series continues... ",serbia,0,0,0,0,0,0,0,0,0,0,0,0,0,1,0,0,0,0,0,0,0,0,0,0,0,0,0,0,0,0,0,0,0,0,0,0,1,0
66,2142155,Dogma Brewery,Crusty the Spring Saison,Farmhouse Ale - Saison,https://untappd.com/b/dogma-brewery-crusty-the-spring-saison/2142155,5.8,N/A,3.63,217,06/13/17,"Spring saison brewed by Dogma & Crow as a first collaboration at this brewery. Saison with German, Slovenian and Czech hops with addition of fresh organic cucumber. ",serbia,0,1,0,1,0,0,0,0,0,0,0,0,0,0,0,0,0,0,0,0,0,0,0,0,0,0,0,0,0,0,0,0,0,0,0,0,1,0
67,3384034,Dogma Brewery,Blueberry Saison,Farmhouse Ale - Saison,https://untappd.com/b/dogma-brewery-blueberry-saison/3384034,5.3,N/A,3.36,303,08/15/19,"When Belgrade and Rome meets! Saison with blueberry, black & white pepper and that speacial yeast!  ",serbia,0,0,0,0,0,0,0,1,1,0,0,0,0,0,0,0,0,0,0,0,0,0,0,0,0,0,0,0,0,0,0,0,0,0,0,0,1,0
68,4464891,Kabinet Brewery,Berry Berry Extraordinary Sorbet,Fruit Beer,https://untappd.com/b/kabinet-brewery-berry-berry-extraordinary-sorbet/4464891,5.3,8,3.72,349,08/18/21,"Collab with amazing Beer Bastards!Sour base with heaps of blueberries and raspberries(200g/l) for a nice deep red color, lactose for that creamy texture and a touch of lemon zest, because why not. Gently dry hopped with Citra and Lemondrop. ",serbia,0,0,0,0,0,0,0,0,1,0,0,0,0,0,0,0,0,0,0,0,0,0,0,0,0,0,1,0,0,0,0,0,0,0,0,0,0,0
69,186993,Black Turtle Brewpub,Strawberry,Fruit Beer,https://untappd.com/b/black-turtle-brewpub-strawberry/186993,4.3,N/A,3.33,343,06/15/12, ,serbia,0,0,0,0,0,0,0,0,0,0,0,0,0,0,0,0,0,0,0,0,0,0,0,0,0,0,1,0,0,0,0,0,0,0,0,0,0,0
70,407124,Black Turtle Brewpub,Blueberry,Fruit Beer,https://untappd.com/b/black-turtle-brewpub-blueberry/407124,4.3,N/A,3.27,601,07/16/13, ,serbia,0,0,0,0,0,0,0,0,0,0,0,0,0,0,0,0,0,0,0,0,0,0,0,0,0,0,1,0,0,0,0,0,0,0,0,0,0,0
71,4029375,Dogma Brewery,The Emperor,Grape Ale - Other,https://untappd.com/b/dogma-brewery-the-emperor/4029375,9.0,10,3.68,178,10/29/20,The Emperor is an Imperial Sour Grape Ale. And it is special one as we have used autohtonic Serbian grape variety - Tamjanika! A bit of sourness and a lot of wine character!  ,serbia,0,0,0,0,0,0,0,0,0,0,0,0,0,0,0,0,0,0,0,0,0,0,0,0,0,0,0,0,0,0,0,0,0,0,0,0,1,0
72,4279325,Kabinet Brewery,Namba Wan,Hard Ginger Beer,https://untappd.com/b/kabinet-brewery-namba-wan/4279325,5.2,20,3.74,311,04/23/21,A light golden yellow ale with fresh ginger and orange zest.Perfect pair with delicacies made by Wok Republic.Special for Wok Republic. ,serbia,0,0,0,0,0,0,0,0,0,0,0,0,0,0,0,0,0,0,0,0,0,0,0,0,0,0,0,0,0,0,0,0,0,0,0,0,0,1
73,2147562,Kabinet Brewery,Wanna Be Lee?,Hard Ginger Beer,https://untappd.com/b/kabinet-brewery-wanna-be-lee/2147562,5.3,20,3.45,1905,06/17/17,"Our unique ginger ale, an all day drink. ",serbia,0,0,0,0,0,0,0,0,0,0,0,0,0,0,0,0,0,0,0,0,0,0,0,0,0,0,0,0,0,0,0,0,0,0,0,0,0,1
74,6007359,Docker Brewery,Kottbusser Class 2015,Historical Beer - Kottbusser,https://untappd.com/b/docker-brewery-kottbusser-class-2015/6007359,7.0,N/A,3.74,176,10/04/24,"Kottbusser je zaboravljeni istorijski stil koji je bio popularan davnih 1500-ih godina a ukinut je zakonom o cistoci piva. Skuvali smo ga sa kolegama iz Crow i Tron pivare koji su prva piva skuvali iste godine kao i mi - 2015. Kombinacija ječmenog i pšeničnog slada uz dodatke ovsa, meda, melase a sve to u ale fermentaciji.  ",serbia,1,0,0,0,0,0,0,0,0,0,0,0,0,0,0,0,0,0,0,0,0,0,0,0,0,0,0,0,0,0,0,0,0,0,0,0,0,1
75,2697761,Kompas Pivo,UNCLE MIKE - Pre-Prohibition Lager,Historical Beer - Pre-Prohibition Lager,https://untappd.com/b/kompas-pivo-uncle-mike-pre-prohibition-lager/2697761,6.1,N/A,3.5,305,06/13/18,Američki lager ,serbia,0,0,0,0,0,0,0,0,0,0,0,0,0,0,0,0,0,0,0,0,0,0,0,0,0,0,0,0,0,1,0,0,0,0,0,0,0,0
76,4837563,Robocraft Brewery,Honey Sensor,Honey Beer,https://untappd.com/b/robocraft-brewery-honey-sensor/4837563,5.0,37,3.38,197,05/12/22,"Robotizovana pčela ti donosi miris i ukus livadskog meda, ovsenih pahuljica i herbalnih nota, koji se bore sa nekoliko vrsti hmelja za dominaciju! JOIN THE ROBOLUTION! A robotic bee brings you the smell and taste of meadow honey, oatmeal, herbal notes that fight with several types of hops for dominance! ",serbia,0,1,0,0,0,0,0,0,0,0,0,0,0,0,0,0,0,0,0,0,0,0,0,0,0,0,0,0,0,0,0,0,0,0,0,0,0,1
80,5684382,Dogma Brewery,Meta Hoptopod,IPA - American,https://untappd.com/b/dogma-brewery-meta-hoptopod/5684382,6.5,45,3.8,615,01/19/24,"Here comes a younger brother of our bestseller Hoptopod! Straight from the Metaverse! In collaboration with our friends from Barth Haas we brewed the same recipe, but without hop pellets. Instead we used ""advanced hop products"" - Flex for bittering, Incognito in whirpool and Spectrum to enhance hop aroma during fermetation and maturation. Take a sip, open a can and enter the Metaverse! ",serbia,0,0,0,0,0,0,0,0,0,0,1,0,0,0,0,0,0,0,0,0,0,0,0,0,0,0,0,1,0,0,0,0,0,0,0,0,0,0
81,834297,Kabinet Brewery,Mikkeller Vista,IPA - American,https://untappd.com/b/kabinet-brewery-mikkeller-vista/834297,6.8,54,3.8,657,10/05/14,"Vista, IPA style, directed by one of the world most progressive and best brewers and in our execution. Strong character, full and oily body, with crisp and biscuit hues. Fruity aromas with a grapefruit aftertaste and a wellbalanced bitterness that is a dominant characteristic of this style. ",serbia,0,0,0,0,0,0,0,0,1,0,0,0,0,0,0,0,0,0,0,0,0,0,0,0,0,0,0,1,0,0,0,0,0,0,0,0,0,0
82,3880262,Hog,Thor,IPA - American,https://untappd.com/b/hog-thor/3880262,6.5,60,3.8,931,07/19/20,"Ako je Thor snažan kao i njegov čekić Mjolnir, onda je ovo pivo snažno koliko i hmelj u njemu. Pustite da vas udari grom! Skål!  ",serbia,0,0,0,0,0,0,0,0,0,0,0,0,0,0,0,0,0,0,0,0,0,0,0,0,0,0,0,1,0,0,0,0,0,0,0,0,0,0
83,6107054,Dogma Brewery,DRINK 'N' ROLL,IPA - American,https://untappd.com/b/dogma-brewery-drink-n-roll/6107054,6.75,35,3.79,462,12/24/24,"New ""sport inspired"" beer in our team! This time we merged energy with creative & funny duo behind the most popular basketball podcast in Serbia - ""6.75 Range"".  West Coast IPA hopped with Nectaron, Citra & HBC 1019. Perfect one for perfect basketball action like pick 'n' roll!  ",serbia,0,0,0,0,0,0,0,0,0,0,0,0,0,0,0,0,0,0,0,0,0,0,0,0,0,0,0,1,0,0,0,0,0,0,0,0,0,0
84,4868392,3bir,Stolen Pine Tree DDH,IPA - American,https://untappd.com/b/3bir-stolen-pine-tree-ddh/4868392,5.8,42,3.77,1416,06/02/22,"Stolen Pine Tree je novo rođendansko pivo koje smo vam već nagovestili. U pitanju je Double Dry Hop IPA koja osvaja svojim aromama. Ananas, bor i citrusne arome komešaju se pri svakom gutljaju pod direktnom komandom Mozaik hmelja i pridodatih sladova. Oslikano zlatnom bojom koja oplemenjuje doživljaj, ovo pivo će vas uvući u kosmičku pustolovinu istraživanja novih svetova. Pijemo ga premijerno tokom rođendana, a i nakon toga kao standard. ",serbia,1,1,0,0,0,0,0,0,0,0,0,0,0,0,0,0,0,0,0,0,0,0,0,0,0,0,0,1,0,0,0,0,0,0,0,0,0,0
85,2874376,Dogma Brewery,NAKA TUKA TE TOĐA,IPA - American,https://untappd.com/b/dogma-brewery-naka-tuka-te-toda/2874376,6.7,60,3.77,273,10/03/18,"This West Coast IPA is a special brew for ""Hop Growers of America Competition"" which will be held at Brau Beviale 2018. Combination of four ""public"" hops varieties - Chinook, Centenial, Amarillo and Cascade brings you floral, citrusy and a little bit of spicy notes. NAKA-TUKA-TE-TODJA drums rumbles in your head while you drink this hoppy elixir!  ",serbia,0,1,0,0,0,0,0,0,0,0,1,0,0,0,0,0,0,0,0,0,0,0,0,0,0,0,0,1,0,0,0,0,0,0,0,0,0,0
86,1280210,Zebrew,Tropical IPA,IPA - American,https://untappd.com/b/zebrew-tropical-ipa/1280210,6.0,80,3.77,288,10/18/15,"Pravi predstavnik American IPA. Prva šarža skuvana 2013. rekreiran krajem 2018. Dry hopped with Columbus, Centennial, Simcoe, Enigma. ",serbia,0,0,0,0,0,0,0,0,0,0,0,0,0,0,0,0,0,0,0,0,0,0,0,0,0,0,0,1,0,0,0,0,0,0,0,0,0,0
87,3033929,Docker Brewery,Joker,IPA - American,https://untappd.com/b/docker-brewery-joker/3033929,6.5,60,3.77,1523,01/12/19,"Eksplozija tropskih, cvetnih I citrusnih aroma uz laganu pitkoću I prisutnu gorčinu do koje smo došli kombinacijom 4 vrste hmelja u ime stila koji je pokrenuo craft revoluciju.An explosion of tropical, floral and citrus aromas with easy drinkability and a hint of bitterness that we achieved by combining 4 types of hops in the name of the style that started the craft revolution. ",serbia,0,1,0,0,0,0,0,0,0,0,0,0,0,0,0,0,0,0,0,0,0,0,0,0,0,0,0,1,0,0,0,0,0,0,0,0,0,0
88,5478907,Robocraft Brewery,Gundam Rage,IPA - American,https://untappd.com/b/robocraft-brewery-gundam-rage/5478907,6.5,55,3.76,193,08/09/23,"Get ready for hoppy rage - GUNDAM RAGENaš novi robot, japanski Gundam donosi ti zahmeljene besne ukuse, po stilu american ipa 6,5% alc ",serbia,0,0,0,0,0,0,0,0,0,0,0,0,0,0,0,0,0,0,0,0,0,0,0,0,0,0,0,1,0,0,0,0,0,0,0,0,0,0
89,1642419,Kabinet Brewery,Single Hop Centennial,IPA - American,https://untappd.com/b/kabinet-brewery-single-hop-centennial/1642419,5.4,54,3.76,228,07/13/16,Pure centennial hop beer.  ,serbia,0,0,0,0,0,0,0,0,0,0,0,0,0,0,0,0,0,0,0,0,0,0,0,0,0,0,0,1,0,0,0,0,0,0,0,0,0,0
90,2294145,Crow Brewery,Caiman,IPA - American,https://untappd.com/b/crow-brewery-caiman/2294145,6.5,50,3.76,1547,09/16/17,"American IPA brewed with Mosaic, Citra, Amarillo and Rakau hops. ",serbia,0,1,0,0,0,0,0,0,0,0,0,0,0,0,0,0,0,0,0,0,0,0,0,0,0,0,0,1,0,0,0,0,0,0,0,0,0,0
91,5911463,Dogma Brewery,8th AB / Slide Ride,IPA - American,https://untappd.com/b/dogma-brewery-8th-ab-slide-ride/5911463,6.0,40,3.75,227,07/18/24,"One of two ""music"" collabs for our 8th Anniversary. With our blues brothers from a band Slide Ride!  ",serbia,0,0,0,0,0,0,0,0,0,0,0,0,0,0,0,0,0,0,0,0,0,0,0,0,0,0,0,1,0,0,0,0,0,0,0,0,0,0
92,3819252,Dilemma Pivara,Nirvana,IPA - American,https://untappd.com/b/dilemma-pivara-nirvana/3819252,6.1,40,3.74,457,06/09/20, ,serbia,0,0,0,0,0,0,0,0,0,0,0,0,0,0,0,0,0,0,0,0,0,0,0,0,0,0,0,1,0,0,0,0,0,0,0,0,0,0
93,1561273,Dogma Brewery,Hoptopod,IPA - American,https://untappd.com/b/dogma-brewery-hoptopod/1561273,6.5,58,3.73,22119,05/19/16,Hoptopod is a real hoppy monster which was brought up in our fermenter for five weeks. We fed him with finest aromatic hops from Yakima valley. Feel free to get to know him and to experience his hopsonality! ,serbia,0,1,0,0,0,0,0,0,0,0,0,0,0,0,0,0,0,0,0,0,0,0,0,0,0,0,0,1,0,0,0,0,0,0,0,0,0,0
94,2429308,Tron Brewery,Heartbeet,IPA - American,https://untappd.com/b/tron-brewery-heartbeet/2429308,7.0,50,3.73,530,12/14/17,"Heartbeet, IPA sa cveklom.  ",serbia,0,0,0,0,0,0,0,0,0,0,0,0,0,0,0,0,0,0,0,0,0,0,0,0,0,0,0,1,0,0,0,0,0,0,0,0,0,0
95,5478909,Robocraft Brewery,Hoptimus Primal,IPA - American,https://untappd.com/b/robocraft-brewery-hoptimus-primal/5478909,7.5,55,3.73,212,08/09/23, ,serbia,0,0,0,0,0,0,0,0,0,0,0,0,0,0,0,0,0,0,0,0,0,0,0,0,0,0,0,1,0,0,0,0,0,0,0,0,0,0
96,5450176,MEHANIKA,JESUS,IPA - American,https://untappd.com/b/mehanika-jesus/5450176,6.0,50,3.73,301,07/19/23,"He is the first and the last, alpha and omega the king of all IPAs...he is the one that is...he is JESUS IPA.Perfect balance between malts and hops.Medium body and medium bitterness .So complex flavor and aroma that you need three glasses to be sure what it's all about:P...Welcome to paradise ",serbia,1,1,0,0,0,0,0,0,0,0,0,0,0,0,0,0,0,0,0,0,0,0,0,0,0,0,0,1,0,0,0,0,0,0,0,0,0,0
97,2692197,Ravangrad,Penal IPA,IPA - American,https://untappd.com/b/ravangrad-penal-ipa/2692197,6.2,40,3.73,917,06/09/18,Odlikuju ga izrazite citrusne i tropske hmeljne note i u ukusu i u mirisu. Iskorišćen je pun potencijal ‘Mosaic’ sorte hmelja koji mu daje poseban karakter. ,serbia,0,1,0,0,0,0,0,0,0,0,0,0,0,0,1,0,0,0,0,0,0,0,0,0,0,0,0,1,0,0,0,0,0,0,0,0,0,0
98,1690522,Zebrew,Sansho,IPA - American,https://untappd.com/b/zebrew-sansho/1690522,7.0,60,3.72,651,08/14/16,"Sansho, aromatični IPA, sa dodatkom istoimenog bibera, koji ima aromu nalik na bor i mentu.  ",serbia,0,0,0,0,0,0,0,0,0,0,0,0,0,0,0,0,0,0,0,0,0,0,0,0,0,0,0,1,0,0,0,0,0,0,0,0,0,0
99,5451398,Dogma Brewery,7th AB #3 West Coast IPA,IPA - American,https://untappd.com/b/dogma-brewery-7th-ab-3-west-coast-ipa/5451398,6.4,50,3.71,497,07/20/23,"3rd from 7. Our brothers from Poland, Tank Busters helped us to create this old school but modern IPA. Cheers!  ",serbia,0,0,0,0,0,0,0,0,0,0,0,0,0,0,0,0,0,0,0,0,0,0,0,0,0,0,0,1,0,0,0,0,0,0,0,0,0,0
100,6143627,3bir,Western Nostalgia,IPA - American,https://untappd.com/b/3bir-western-nostalgia/6143627,7.7,N/A,3.71,189,01/30/25,"Ne zovimo to povratkom,West coast IPA nikada nije ni otišla!U počecima američke craft revolucije, 70-ih, rodila se West coast IPA. Spoj klasične IPA recepture i hmelja sa pacifičkog severozapada stvorio je moderan, prepoznatljiv profil – West coast IPA.Naše novo pivo, Western nostalgia,je naša posveta legendi ,sećanje je na old school, ali sa prepoznatljivim 3bir potpisom. Bistro, aromatično, gorko i snažno pivo.Pridružite nam se i (ponovo) otkrijte čari West coast IPA. Uživajte u njenoj legendi. Jer neke stvari nikada ne izlaze iz mode.Krenite sa nama, od istoka ka zapadu! ",serbia,0,1,0,0,0,0,0,0,0,0,0,0,0,0,0,0,0,0,0,0,0,0,0,0,0,0,0,1,0,0,0,0,0,0,0,0,0,0
101,2348922,Tron Brewery,Scorpio,IPA - American,https://untappd.com/b/tron-brewery-scorpio/2348922,6.3,N/A,3.7,1001,10/20/17, ,serbia,0,0,0,0,0,0,0,0,0,0,0,0,0,0,0,0,0,0,0,0,0,0,0,0,0,0,0,1,0,0,0,0,0,0,0,0,0,0
102,2600244,Dogma Brewery,Flying Dogma Galaxy IPA,IPA - American,https://untappd.com/b/dogma-brewery-flying-dogma-galaxy-ipa/2600244,6.6,65,3.7,5372,04/13/18,"Flying Dogma Galaxy IPA is the first collaboration between two breweries between Serbia and USA! Crispy, fruity and a little bit spicy American style IPA, ideal for this spring days!  ",serbia,0,0,0,0,0,0,0,0,1,0,0,0,0,0,0,0,0,0,0,0,0,0,0,0,0,0,0,1,0,0,0,0,0,0,0,0,0,0
103,6292745,3bir,Mumin Ipa,IPA - American,https://untappd.com/b/3bir-mumin-ipa/6292745,6.8,N/A,3.7,224,06/06/25, ,serbia,0,0,0,0,0,0,0,0,0,0,0,0,0,0,0,0,0,0,0,0,0,0,0,0,0,0,0,1,0,0,0,0,0,0,0,0,0,0
104,1507023,Kabinet Brewery,Single Hop Citra,IPA - American,https://untappd.com/b/kabinet-brewery-single-hop-citra/1507023,5.4,54,3.7,644,04/11/16,Autocratic attack on the heat. Bring the citrus freshness in each warm day and more importantly relax a heated situation with the freshness of the Citra hop. ,serbia,0,0,0,0,0,0,0,0,0,0,0,0,0,0,0,0,0,0,0,0,0,0,0,0,0,0,0,1,0,0,0,0,0,0,0,0,0,0
105,3886761,Funk And Soul Pub,Funk You,IPA - American,https://untappd.com/b/kors-brewery-funk-you/3886761,7.1,57,3.69,465,07/24/20,Pivo skuvano u saradnji sa Funk and Soul Pub. Snazno i bez kompromisa. ,serbia,0,0,0,0,0,0,0,0,0,0,0,0,0,0,0,0,0,0,0,0,0,0,0,0,0,0,0,1,0,0,0,0,0,0,0,0,0,0
106,2701770,Salto Pivo,Belgrade IPA,IPA - American,https://untappd.com/b/salto-pivo-belgrade-ipa/2701770,6.5,N/A,3.69,3044,06/15/18,"This is the first beer we brewed in our new brewery in Belgrade. In addition to the name it carries, we are particularly proud of it's balance. By combining Amarillo, Cascade and Centennial hops, we have achieved a floral-fruity aroma of a harmonious character that fits perfectly with a light caramel-biscuit body. Thanks to the long aging period, alcohol notes are skillfully softened. ",serbia,0,1,0,0,0,0,1,0,1,0,0,1,0,0,0,0,0,0,0,0,0,0,0,0,0,0,0,1,0,0,0,0,0,0,0,0,0,0
107,4523994,ZZapi,Trimix,IPA - American,https://untappd.com/b/zzapi-trimix/4523994,6.0,70,3.64,280,09/27/21,"West coast IPA.Wolf,Citra, Chinook  ",serbia,0,0,0,0,0,0,0,0,0,0,0,0,0,0,0,0,0,0,0,0,0,0,0,0,0,0,0,1,0,0,0,0,0,0,0,0,0,0
108,2162607,Carstvo Piva,Harambaša,IPA - American,https://untappd.com/b/carstvo-piva-harambasa/2162607,7.1,60,3.63,380,06/25/17, ,serbia,0,0,0,0,0,0,0,0,0,0,0,0,0,0,0,0,0,0,0,0,0,0,0,0,0,0,0,1,0,0,0,0,0,0,0,0,0,0
109,2159679,RazBeerbriga,Coaster Roller,IPA - American,https://untappd.com/b/razbeerbriga-coaster-roller/2159679,6.6,14,3.62,225,06/24/17,"There are IPAs and there are West Coast IPAs. Coaster Roller is a definitive example of a West Coast IPA. Light-bodied, golden colored, and heavily hopped with five quintessential American hops (cascade, centennial, chinook, citra, and mosaic), all hailing from the Pacific Northwest of the American west coast, Coaster Roller exhibits the characteristic clean flavors and aromas of bright citrus and pungent pine which have made this style famous. Fruit orchards meet evergreen forests, and like a winding rolling ride down the Pacific Coast Highway with the windows open and the breeze in your face, this beer hits you with a refreshing burst of hops and grips your palette with a long and satisfying finish that you'll never want to end. A true classic. Relax, take a deep breath, sip back, and let it roll… ",serbia,0,1,0,0,0,0,0,0,0,0,0,0,0,0,0,0,0,0,0,0,0,0,0,0,0,0,0,1,0,0,0,0,0,0,0,0,0,0
110,1380342,Tron Brewery,Skiper,IPA - American,https://untappd.com/b/tron-brewery-skiper/1380342,6.3,70,3.61,399,01/05/16, ,serbia,0,0,0,0,0,0,0,0,0,0,0,0,0,0,0,0,0,0,0,0,0,0,0,0,0,0,0,1,0,0,0,0,0,0,0,0,0,0
111,4275795,Robocraft Brewery,Hopzilla,IPA - American,https://untappd.com/b/robocraft-brewery-hopzilla/4275795,6.3,55,3.61,1518,04/20/21,"Hopzilla je robotizovana godzila koja svojim plamenom rasteruje sve pokušaje koji pivo ne žele da bude od 100% premium sirovina.U pitanju je india pale ale sa malty I caramel aromama, vise vrsta hmelja, i mirisom koji krije plamen u koj te čeka u vidu 6,3% aklohola.Hopzilla is a robotic godzilla whose flame disperses all attempts of those who do not want beer to be out of 100% premium ingridients.It is an india pale ale with malty and caramel aromas, several types of hops, and a scent that hides the flame in which 6.3% of alcohol is waiting for you. ",serbia,1,1,0,0,0,0,1,0,0,0,0,1,0,0,0,0,0,0,0,0,0,0,0,0,0,0,0,1,0,0,0,0,0,0,0,0,0,0
112,1955847,Kompas Pivo,Blind Traveler - India Pale Ale,IPA - American,https://untappd.com/b/kompas-pivo-blind-traveler-india-pale-ale/1955847,6.9,45,3.56,499,02/18/17, ,serbia,0,0,0,0,0,0,0,0,0,0,0,0,0,0,0,0,0,0,0,0,0,0,0,0,0,0,0,1,0,0,0,0,0,0,0,0,0,0
113,3143468,Inat Brewery,IPA,IPA - American,https://untappd.com/b/inat-brewery-ipa/3143468,5.8,38,3.53,510,03/24/19,"Za prave sladokusce sa istančanim ukusom pripremili smo Inat IPA. IPA ili Indian Pale Ale kao vrsta piva ima interesantnu istoriju što se lako oseti u njegovom ukusu i aromi. Nastalo je iz potrebe da se očuva svežina piva koju su britanci slali svojim vojnicima u Indiju, te su u pivo dodavali velike količine hmelja. Upravo njegova izražena aromatičnost je ono što ga izdvaja od drugih vrsta ejlova. Inat IPA je napravljena od 5 vrsta egzotičnog hmelja koje smo slili u savrseno usklađen i aromatičan Pale Ale. Inat IPA će vas oduševiti kako potpunosću, tako i postojanošću svojih aroma! Naša IPA sadrži 5,8% alkohola i služi se na 7-12 stepeni Celzijusa. Za ljubitelje jakih aroma i nesvakidašnjih osećaja, Inat IPA je pravi izbor. ",serbia,1,1,0,0,0,0,0,0,0,0,0,1,0,0,0,0,0,0,0,0,0,0,0,0,0,0,0,1,0,0,0,0,0,0,0,0,0,0
114,2108748,Bunt99,India Pale Ale,IPA - American,https://untappd.com/b/bunt99-bunt99-ipa/2108748,6.5,N/A,3.51,315,05/24/17, ,serbia,0,0,0,0,0,0,0,0,0,0,0,0,0,0,0,0,0,0,0,0,0,0,0,0,0,0,0,1,0,0,0,0,0,0,0,0,0,0
115,6218924,Dogma Brewery,Balkan Brass,IPA - American,https://untappd.com/b/dogma-brewery-balkan-brass/6218924,5.8,N/A,3.5,1009,04/07/25,"Crisp and refreshing West Coast IPA, 5.8% ABV with clean taste, slight malt aroma and medium body. Moderate amount of bitterness, complimented with oily hoppy flavour and aroma of elderflower and berry fruit.  ",serbia,1,0,0,0,0,0,0,0,1,0,0,0,0,0,0,0,0,0,0,0,0,0,0,0,0,0,0,1,0,0,0,0,0,0,0,0,0,0
116,2632734,Dorćol Pivara,Snaga,IPA - Belgian,https://untappd.com/b/dorcol-pivara-snaga/2632734,6.8,N/A,3.65,157,05/04/18, ,serbia,0,0,0,0,0,0,0,0,0,0,0,0,0,0,0,0,0,0,0,0,0,0,0,0,0,0,0,1,0,0,0,0,0,0,0,0,0,0
117,3661232,Dilemma Pivara,Black IPA,IPA - Black / Cascadian Dark Ale,https://untappd.com/b/dilemma-pivara-black-ipa/3661232,6.7,N/A,3.78,379,02/07/20, ,serbia,0,0,0,0,0,0,0,0,0,0,0,0,0,0,0,0,0,0,0,0,0,0,0,0,0,0,0,1,0,0,0,0,0,0,0,0,0,0
118,2192845,Crna Ovca Craft Brewery,Black Sheep,IPA - Black / Cascadian Dark Ale,https://untappd.com/b/crna-ovca-craft-brewery-black-sheep/2192845,6.5,50,3.71,250,07/14/17, ,serbia,0,0,0,0,0,0,0,0,0,0,0,0,0,0,0,0,0,0,0,0,0,0,0,0,0,0,0,1,0,0,0,0,0,0,0,0,0,0
119,2692607,Kabinet Brewery,Loco About Coco,IPA - Black / Cascadian Dark Ale,https://untappd.com/b/kabinet-brewery-loco-about-coco/2692607,6.9,35,3.65,575,06/09/18,"Our black NEIPA with huge dose of toasted coconuts and a touch of lactose, gently dry hopped with Mosaic and Centennial. A real delicacy. ",serbia,0,0,0,0,0,0,0,0,0,0,0,0,0,0,0,0,0,0,0,0,0,0,0,0,0,0,0,1,0,0,0,0,0,0,0,0,0,0
120,1762842,Crow Brewery,Midnight Black IPA,IPA - Black / Cascadian Dark Ale,https://untappd.com/b/crow-brewery-midnight-black-ipa/1762842,6.8,60,3.64,200,10/05/16,Black IPA brewed with Simcoe and Mosaic hops. ,serbia,0,1,0,0,0,0,0,0,0,0,0,0,0,0,0,0,0,0,0,0,0,0,0,0,0,0,0,1,0,0,0,0,0,0,0,0,0,0
121,3080364,Dogma Brewery,Quasar,IPA - Black / Cascadian Dark Ale,https://untappd.com/b/dogma-brewery-quasar-black-ipa/3080364,6.0,50,3.55,4228,02/14/19,"Quasar is a black hole. Quasar is also first Black IPA in our portfolio. We've found a perfect balance between roastines, hoppines and drinkability. 3rd beer in our ""100% draft"" series. Enjoy aromas of Chinook, Cascade and Mosaic! ",serbia,0,0,0,0,0,0,0,0,0,0,0,0,0,0,0,0,0,0,0,0,0,0,0,0,0,0,0,1,0,0,0,0,0,0,0,0,0,0
122,2688184,Dogma Brewery,Ayahuasca Jungle Ale,IPA - Brown,https://untappd.com/b/dogma-brewery-ayahuasca-jungle-ale/2688184,6.0,60,3.57,3430,06/07/18,"Ayahuasca is a special plant. Ayahuasca Jungle ale is special IPA brewed & loaded with aromatic hops, juniper and orange peel. Funky, funky, funky! ",serbia,0,1,0,0,0,0,0,0,0,0,0,0,0,0,0,0,0,0,0,0,0,0,0,0,0,0,0,1,0,0,0,0,0,0,0,0,0,0
123,2800422,Tron Brewery,Azacca,IPA - Brut,https://untappd.com/b/tron-brewery-azacca/2800422,5.0,52,3.68,1215,08/16/18,"Pink Brut IPA. Hops: Azacca, Citra, Galaxy ",serbia,0,0,0,0,0,0,0,0,0,0,0,0,0,0,0,0,0,0,0,0,0,0,0,0,0,0,0,1,0,0,0,0,0,0,0,0,0,0
124,4422528,Dogma Brewery,5th Anniversary Beer #3 - Cold IPA,IPA - Cold,https://untappd.com/b/dogma-brewery-5th-anniversary-beer-3-cold-ipa/4422528,6.7,N/A,3.8,700,07/22/21,5 BEERS FOR 5 YEARS! #3 in our 5th Anniversary Beer edition - new & trendy beer style in the world of craft beer. An juicy & tasty IPA fermented with lager yeast on ale temperatures. And we gave it a bit of rice for silky mouthfeel. Enjoy it now and wait for another batch as we will brew it again...And again. ,serbia,0,0,0,0,0,0,0,1,0,0,0,0,0,0,0,0,0,0,0,0,0,0,0,0,0,0,0,1,0,0,0,0,0,0,0,0,0,0
125,4548740,Dogma Brewery,Calculator Cold IPA / Belgrade Edition,IPA - Cold,https://untappd.com/b/dogma-brewery-calculator-cold-ipa-belgrade-edition/4548740,6.6,50,3.78,600,10/15/21,We're proudly present 1st collaboration brew between Serbian & Chinese Brewery! Thanks to our friends from Jing A & 8x8 Brewing Project as they invited us to be part of this worldwide collaboration. In Belgrade & Shenzhen - back to back collab with similar recipe! Long live collaboration brews!  ,serbia,0,0,0,0,0,0,0,0,0,0,0,0,0,0,0,0,0,0,0,0,0,0,0,0,0,0,0,1,0,0,0,0,0,0,0,0,0,0
126,5053948,Dogma Brewery,Super Can Fest Special Brew / Cold IPA,IPA - Cold,https://untappd.com/b/dogma-brewery-super-can-fest-special-brew-cold-ipa/5053948,6.8,50,3.75,311,10/05/22,One of two special Super Can Fest brews - we've done it again after 5th Anniversary brew last year - Cold IPA here it is!  ,serbia,0,0,0,0,0,0,0,0,0,0,0,0,0,0,0,0,0,0,0,0,0,0,0,0,0,0,0,1,0,0,0,0,0,0,0,0,0,0
127,5606187,3bir,Mala Antanta,IPA - Cold,https://untappd.com/b/3bir-mala-antanta/5606187,7.7,N/A,3.73,229,11/15/23,Double cold ipa collab with Pivovar Zichovec ,serbia,0,0,0,0,0,0,0,0,0,0,0,0,0,0,0,0,0,0,0,0,0,0,0,0,0,0,0,1,0,0,0,0,0,0,0,0,0,0
128,5302904,Kabinet Brewery,Cold As Ice,IPA - Cold,https://untappd.com/b/kabinet-brewery-cold-as-ice/5302904,6.6,60,3.69,184,04/05/23,"A paradox of warmth and chill, her icy grace a thing of skill.We really love this style so we decided to make another beer in Cold IPA series.This time we used more rice in the mix to lighten the color and body even more and we did DDH with generous amounts of Citra, Ekuanot and Strata for a nice mix of citrusy, tropical and a bit piney feel. There is also a nice lingering bitterness that invites for another sip. ",serbia,0,0,0,0,0,0,0,0,0,0,0,0,0,0,0,0,0,0,0,0,0,0,0,0,0,0,0,1,0,0,0,0,0,0,0,0,0,0
129,5489097,3bir,Bermuda Square,IPA - Cold,https://untappd.com/b/3bir-bermuda-square/5489097,5.9,N/A,3.67,486,08/17/23, ,serbia,0,0,0,0,0,0,0,0,0,0,0,0,0,0,0,0,0,0,0,0,0,0,0,0,0,0,0,1,0,0,0,0,0,0,0,0,0,0
130,1267046,Kabinet Brewery,Pablo,IPA - English,https://untappd.com/b/kabinet-brewery-pablo/1267046,6.5,65,3.71,1888,10/09/15,"Refreshing and hoppy, a remedy from many travels, inspired by a true story of a soldier Pablo. Done in cooperation with the first craft beer pub Samo Pivo. ",serbia,0,0,0,0,0,0,0,0,0,0,0,0,0,0,0,0,0,0,0,0,0,0,0,0,0,0,0,1,0,0,0,0,0,0,0,0,0,0
131,3385762,Tchardak Brewery,Two Devils,IPA - English,https://untappd.com/b/tchardak-brewery-two-devils/3385762,6.0,N/A,3.59,159,08/16/19,"Two devils je British IPA tip piva. Bakarne je boje, srednje bogatog tela kojim dominiraju sladne arome biskvita, orašastih plodova i lagane karamelne note, kao i ukus hleba. Pivo je bogato zahmeljeno, sa svojom prepoznatljivom gorčinom pri prvom gutljaju, a zatim se dešava ekspozija ukusa citrusa, tropskog voća i cvetnih aroma koji potiču od najplemenitijih sorti hmelja. ",serbia,1,1,0,0,0,0,1,0,0,0,0,0,0,0,0,0,0,0,0,0,0,0,0,0,0,0,0,1,0,0,0,0,0,0,0,0,0,0
132,2356568,Princ Pivara,Kruna,IPA - English,https://untappd.com/b/princ-pivara-kruna/2356568,6.4,N/A,3.36,150,10/25/17, ,serbia,0,0,0,0,0,0,0,0,0,0,0,0,0,0,0,0,0,0,0,0,0,0,0,0,0,0,0,1,0,0,0,0,0,0,0,0,0,0
133,6080613,Robocraft Brewery,Hypersleep,IPA - Fruited,https://untappd.com/b/robocraft-brewery-hypersleep/6080613,6.5,N/A,3.77,230,12/02/24,"Introducing Hyper Sleep, the first-ever collaboration between Robocraft Brewery and Christiania Bryghus from the free-spirited haven of Christiania, Copenhagen. This Fruited IPA, with 6.5% alcohol, transports you into a realm of relaxation and exploration, much like the deep sleep of space travelers in suspended animation.Infused with the tropical sweetness of pineapple, Hyper Sleep is both refreshing and bold. Its futuristic label, depicting a figure in cryo-sleep, is a nod to the interstellar journeys we dream of taking. Every sip is like waking up in a new world, where the crispness of the IPA and the juiciness of the fruit combine to create a cosmic experience for your taste buds.Predstavljamo vam Hyper Sleep, prvo pivo nastalo u saradnji između Robocraft Brewery-a i Christiania Bryghus-a iz slobodarskog okruženja Christianije. Ova Fruited IPA sa 6,5% alkohola vodi vas u svet opuštanja i istraživanja, baš kao duboki san svemirskih putnika u stanju hibernacije.Obogaćen tropskom slatkoćom ananasa, Hyper Sleep je osvežavajući i smeo. Njegov futuristički dizajn, koji prikazuje osobu u kriogenom snu, oslanja se na ideju međuplanetarnih putovanja o kojima sanjamo. Svaki gutljaj je poput buđenja u novom svetu, gde se hrskavost IPA i sočnost voća stapaju u kosmičko iskustvo za vaša čula. ",serbia,0,0,0,0,0,0,0,0,1,0,0,1,0,0,0,0,0,0,0,0,0,0,0,0,0,0,1,0,0,0,0,0,0,0,0,0,0,0
134,5605725,Zebrew,Maliina,IPA - Fruited,https://untappd.com/b/zebrew-maliina/5605725,5.0,30,3.74,154,11/14/23,"Raspberry India Pale Ale sa liofilizovanom malinom.""Probajte odmah u potpisu""Maliina ",serbia,0,0,0,0,0,0,0,0,1,0,0,0,0,0,0,0,0,1,0,0,0,0,0,0,0,0,1,0,0,0,0,0,0,0,0,0,0,0
135,5608682,Dogma Brewery,Epidemic Is (not) Over / Lemon & Oat IPA,IPA - Fruited,https://untappd.com/b/dogma-brewery-epidemic-is-not-over-lemon-and-oat-ipa/5608682,6.4,40,3.64,352,11/17/23,"Epidemic is (not) over. For real! This new collaboration brew with our brother Cane from ""Pi Brewery"" brings you tartness & freshness of lemon with the body of an IPA.  ",serbia,0,0,0,0,0,0,0,0,0,0,0,0,0,0,0,0,0,0,0,0,0,0,0,0,0,0,1,0,0,0,0,0,0,0,0,0,0,0
137,3385332,3bir,Juice IPA,IPA - Imperial / Double,https://untappd.com/b/3bir-juice-ipa/3385332,7.9,60,3.81,2235,08/16/19,"Mutno, aromatično pivo, izuzetnih mirisnih nota stiže na pivsku scenu u svom punom sjaju. Njegova boja koja je poput pomorandžine kore učiniće da na trenutak zaboravite da je u pitanju pivo dok vas ne iznenadi njegova prijatna gorčina i topli dodir alkohola uz blagi ukus aroma tropskog voća. Blend od 3 kvasca kao i kod Citrozaik IPA, podiže igru na novi nivo! ",serbia,0,0,0,0,0,0,0,0,0,0,0,1,0,0,0,0,0,0,0,0,0,0,0,0,0,0,0,1,0,0,0,0,0,0,0,0,0,0
138,5383048,3bir,Fantomsko Skloniste,IPA - Imperial / Double,https://untappd.com/b/3bir-fantomsko-skloniste/5383048,7.5,N/A,3.8,291,06/01/23,Triple dry hop ,serbia,0,0,0,0,0,0,0,0,0,0,0,0,0,0,0,0,0,0,0,0,0,0,0,0,0,0,0,1,0,0,0,0,0,0,0,0,0,0
139,5374189,Dogma Brewery,"Ne, Ne, Ne! Da, Da, Da!",IPA - Imperial / Double,https://untappd.com/b/dogma-brewery-ne-ne-ne-da-da-da/5374189,8.0,N/A,3.77,551,05/26/23,"""Ne, ne, ne"" in Greek means the same as ""Da, da, da"" in Serbian. And cause of that we names this first ever collab with our friends from Greece - P.I.G.S. And the main thing is that both things in English mean ""Yes, yes, yes""!  ",serbia,0,0,0,0,0,0,0,0,0,0,0,0,0,0,0,0,0,0,0,0,0,0,0,0,0,0,0,1,0,0,0,0,0,0,0,0,0,0
140,2534211,Ministarstvo Beer Bar,DrIPAc,IPA - Imperial / Double,https://untappd.com/b/ministarstvo-beer-bar-dripac/2534211,8.5,80,3.75,231,03/01/18,Double IPA with Amarillo & Vic Secret ,serbia,0,0,0,0,0,0,0,0,0,0,0,0,0,0,0,0,0,0,0,0,0,0,0,0,0,0,0,1,0,0,0,0,0,0,0,0,0,0
141,1625695,Docker Brewery,Korsar,IPA - Imperial / Double,https://untappd.com/b/docker-brewery-korsar/1625695,7.5,77,3.74,836,07/01/16,"From distant India, over the oceans in the KORSAR ship arrives IPA with the scent of tropical fruits. With carefully selected 5 types of specialty malts of German and Belgian origin and wonderfully American Amarillo and Mosaics, this beer will rock your boat.  ",serbia,1,0,0,1,0,0,0,0,1,0,0,0,0,0,0,0,0,0,0,0,0,0,0,0,0,0,0,1,0,0,0,0,0,0,0,0,0,0
142,1281344,RazBeerbriga,Stalker,IPA - Imperial / Double,https://untappd.com/b/razbeerbriga-stalker/1281344,7.7,77,3.72,678,10/19/15,"Love at first sip? A rush of passion? Sudden obsession? A wave of pungent aromas and exquisite flavors washes over you: Stalker has arrived.  One sip and you’re gripped. A beer that is intense in every way, Stalker is the dense embodiment of the Double IPA style:  hop-heavy, full-bodied, complex, luscious, and robust all at once. Lush tropical, citrus, and spice notes rise from this deep orange ale. Bold flavors of ripe orange, lime zest, papaya, and mint from the copious amounts of hops mingle with the toasted caramel notes of fiery-kilned grains and dance across the tongue, then are swept away in a crisp bitterness and the slight tingle of alcohol that reminds you this is one beautiful beast of a beer. A delicious, enthralling aftertaste lingers and won’t let go. Drink it all in – and don’t look back. ",serbia,0,1,0,0,0,0,1,0,0,0,0,1,0,0,0,0,0,0,0,0,0,0,0,0,0,0,0,1,0,0,0,0,0,0,0,0,0,0
143,2479663,Kabinet Brewery,To the Moon & Back,IPA - Imperial / Double,https://untappd.com/b/kabinet-brewery-to-the-moon-and-back/2479663,7.6,70,3.7,1460,01/20/18,Wishin’ And hoppin’ of moon walking with You. Not to be consumed alone as there is a danger of an emotional outburst. Stand by with a hug or kiss. Once you go DIPA is hard to go back. ,serbia,0,0,0,0,0,0,0,0,0,0,0,0,0,0,0,0,0,0,0,0,0,0,0,0,0,0,0,1,0,0,0,0,0,0,0,0,0,0
144,2987722,Tron Brewery,Babalao,IPA - Imperial / Double,https://untappd.com/b/tron-brewery-babalao/2987722,8.0,N/A,3.69,151,12/14/18,"Naša prva Dupla IPA vam donosi jaku gorčinu sa notama nežne slatkoće, koja sa 8% alkohola i divljim aromama Manga, Grejpa i Breskve čini novogodišnje praznike duplo srećnijim.  ",serbia,0,0,0,0,0,0,0,0,0,0,0,1,0,0,1,0,0,0,0,0,0,0,0,0,0,0,0,1,0,0,0,0,0,0,0,0,0,0
145,3208224,Ravangrad,Honey I'm Drunk,IPA - Imperial / Double,https://untappd.com/b/ravangrad-honey-i-m-drunk/3208224,8.0,N/A,3.67,1286,05/03/19,"DIPA with honey.Sa dodatkom meda iz lokalnog pčelinjaka, koji se tu našao kako bi podigao procenat alkohola i da pivu kompleksniji ukus. Preovlađuju prijatne hmeljne note kako u ukusu tako i u mirisu ",serbia,0,0,0,0,0,0,0,0,0,0,0,1,0,0,0,0,0,0,0,0,0,0,0,0,0,0,0,1,0,0,0,0,0,0,0,0,0,0
146,4683403,Robocraft Brewery,Kubrick's HAL,IPA - Imperial / Double,https://untappd.com/b/robocraft-brewery-kubrick-s-hal/4683403,8.0,55,3.6,1570,01/19/22,"Kubrick's HALLeganda holivudske kinematografije, Stenli Kjubrik 1968 nam je predstavio u kultnom sci-fi ostvarenju 2001: Odiseja u svemiru, koncept robota veštačke inteligencije HAL 9000 koji se okreće protiv svojih tvoraca. Mi prepoznajemo sličnu metaforu u našoj borbi sa industrijom koja kao HAL prati svaki korak potrošača pokušavajući da ga ""ukroti"" svojom snagom. Mi pravimo premium, kvalitetno pivo se prirodnim sastojcima, po izvornim receptima tvoraca ovog napitka pre nego što je industrija uzela primat!Kubrick's HAl je imperial double india pale ale, spremna za borbu sa arsenalom hmeljeva i jakim procentom alkohola od 8%. HAL is watching! The legend of Hollywood, Stanley Kubrick had presented us in 1968 the famous sci-fi film 2001: A Space Odyssey, which introduced us with a concept of the HAL 9000 artificial intelligence robot that turns against its creators. We recognize a similar metaphor in our struggle with the industry which, like HAL, follows every step of consumer, trying to ""tame"" him with its mass media strength. We make premium quality beer with natural ingredients, using original recipes of the beer creators, long before the industry took over!Kubrick's HAl is an imperial double india pale ale, ready to fight with arsenal of hops and a strong alcohol percentage of 8%. HAL is watching!  ",serbia,0,1,0,0,0,0,0,0,0,0,0,1,0,0,0,0,0,0,0,0,0,0,0,0,0,0,0,1,0,0,0,0,0,0,0,0,0,0
147,2810639,Dogma Brewery,Plutonium Pineapple,IPA - Imperial / Double Milkshake,https://untappd.com/b/dogma-brewery-plutonium-pineapple/2810639,7.2,65,3.68,190,08/23/18,Plutonium Pineapple Milkshake Double IPA is the second beer with a radioactive name and taste! We’ve just changed previous Orange juice with much more summerish Pineapple juice!  ,serbia,0,0,0,0,0,0,0,0,0,0,0,0,0,0,0,0,0,0,0,0,0,0,0,0,0,0,0,1,0,0,0,0,0,0,0,0,0,0
148,2433056,Dogma Brewery,Plutonium,IPA - Imperial / Double Milkshake,https://untappd.com/b/dogma-brewery-plutonium/2433056,7.5,65,3.68,2907,12/16/17,"Plutonium Orange Milkshake Double IPA is a beer with a radioactive name. But also it has radioactive taste! Brewed in collab with our Russian friends (Brighton Brew) this tasty and juicy beer is full of orange flavour, citrusy hops and lactose. Smooth, silky and a little bit astrigent, Plutonium will make your senses radioactive! ",serbia,0,1,0,0,0,0,0,0,0,0,0,0,0,0,0,0,0,0,0,0,0,0,0,0,0,0,0,1,0,0,0,0,0,0,0,0,0,0
158,5478910,Robocraft Brewery,Jinx Returns,IPA - Imperial / Double New England / Hazy,https://untappd.com/b/robocraft-brewery-jinx-returns/5478910,8.5,37,3.79,207,08/09/23,"Jinx se vratila iz digitalnog haosa sa još više energije, još više hmelja i još manje strpljenja za dosadna piva.Ova Double New England IPA od 8,5% alkohola krije eksploziju sočnih tropskih aroma, citrusnih nota i svilenkasto punog tela koje vešto maskira svoju snagu. Mutna, opasno pitka i prepuna karaktera, Jinx Returns je stvorena za sve koji vole da pomeraju granice i izazivaju sistem.Kada se haos vrati, preostaje samo jedno - pridruži mu se.Jinx has returned from digital chaos with more energy, more hops, and even less patience for ordinary beer.This 8.5% Double New England IPA delivers an explosion of juicy tropical fruit aromas, bright citrus notes, and a silky smooth body that cleverly hides its strength. Hazy, dangerously drinkable, and packed with character, Jinx Returns is brewed for those who push boundaries and challenge the system.When chaos returns, there's only one thing left to do - join it. ",serbia,0,1,0,0,0,0,0,0,1,0,0,1,0,0,0,0,0,0,0,0,0,0,0,0,0,0,0,1,0,0,0,0,0,0,0,0,0,0
159,3538543,Docker Brewery,Snow Crasher,IPA - Imperial / Double New England / Hazy,https://untappd.com/b/kors-brewery-snow-crasher/3538543,8.2,N/A,3.78,183,11/19/19, ,serbia,0,0,0,0,0,0,0,0,0,0,0,0,0,0,0,0,0,0,0,0,0,0,0,0,0,0,0,1,0,0,0,0,0,0,0,0,0,0
160,5253903,3bir,CRYO POP TRIO,IPA - Imperial / Double New England / Hazy,https://untappd.com/b/3bir-cryo-pop-trio/5253903,7.8,65,3.76,343,02/27/23,CRYO POP TRIOcollab with FEHER NYUL  ,serbia,0,0,0,0,0,0,0,0,0,0,0,0,0,0,0,0,0,0,0,0,0,0,0,0,0,0,0,1,0,0,0,0,0,0,0,0,0,0
161,5352178,Robocraft Brewery,Mechanoid,IPA - Imperial / Double New England / Hazy,https://untappd.com/b/robocraft-brewery-mechanoid/5352178,7.5,55,3.71,218,05/10/23, ,serbia,0,0,0,0,0,0,0,0,0,0,0,0,0,0,0,0,0,0,0,0,0,0,0,0,0,0,0,1,0,0,0,0,0,0,0,0,0,0
162,5000787,Kabinet Brewery,Dance Me To the Beach,IPA - Imperial / Double New England / Hazy,https://untappd.com/b/kabinet-brewery-dance-me-to-the-beach/5000787,7.5,N/A,3.71,199,08/31/22,"Dance me to the palms, sands and juicy lands.Let's get lost in the promise of the hoppy future.DDH double NEIPA with Sabro, El Dorado and Cryo Pop.Silky smooth with notes of coconut, strawberry, apricot and a juicy finish. ",serbia,0,0,0,0,0,0,0,0,1,0,0,0,0,0,0,0,0,0,0,0,0,0,0,0,0,0,0,1,0,0,0,0,0,0,0,0,0,0
163,6256423,3bir,E-75 Road Rage,IPA - Imperial / Double New England / Hazy,https://untappd.com/b/3bir-e-75-road-rage/6256423,8.2,N/A,3.7,306,05/08/25, ,serbia,0,0,0,0,0,0,0,0,0,0,0,0,0,0,0,0,0,0,0,0,0,0,0,0,0,0,0,1,0,0,0,0,0,0,0,0,0,0
166,3093529,Zebrew,Honey Bunny,IPA - Milkshake,https://untappd.com/b/zebrew-honey-bunny/3093529,5.6,40,3.81,160,02/22/19,Carrot cake juicy milkshake turmeric new england IPA. ,serbia,0,0,0,0,0,0,0,0,0,0,0,0,0,0,0,0,0,0,0,0,0,0,0,0,0,0,0,1,0,0,0,0,0,0,0,0,0,0
167,2374715,Docker Brewery,Jagodinka,IPA - Milkshake,https://untappd.com/b/docker-brewery-jagodinka/2374715,4.5,35,3.69,525,11/05/17, ,serbia,0,0,0,0,0,0,0,0,0,0,0,0,0,0,0,0,0,0,0,0,0,0,0,0,0,0,0,1,0,0,0,0,0,0,0,0,0,0
168,4333444,3bir,Lyrium,IPA - Milkshake,https://untappd.com/b/3bir-lyrium/4333444,5.6,N/A,3.68,378,05/28/21,"Lyrium je naš sledeći vojnik u Milkshake IPA pohodu koji uz pomoć Sabro hmelja, vanila štapića ostavlja popriličan utisak u svakom smislu. ",serbia,0,1,0,0,0,1,0,0,0,0,0,0,0,0,0,0,0,0,0,0,0,0,0,0,0,0,0,1,0,0,0,0,0,0,0,0,0,0
169,4422370,3bir,Fruit Fiction,IPA - Milkshake,https://untappd.com/b/3bir-fruit-fiction/4422370,6.0,N/A,3.59,438,07/22/21,"Milkshake IPA skrojena od 2 vrste pšeničnog i 2 vrste ječmenog slada. Ovaj igrač iako na prvi pogled nežne prirode nosi u sebi snagu od 6% alkohola. Mosaic i Galaxy hmelj daju mu čvrstinu, ali za ukus se u potpunosti pobrinula jagoda, tačnije šumska jagoda. One su glavne i odgovorne za kremastu finu strukturu i nijansu piva. Vanila štapići uskaču u priču, lagano se poigravajući sa vašim čulima. Na kraju, Milkshake IPA ne bi bila to što jeste bez laktoze koja čini ceo doživljaj slađim. ",serbia,1,0,0,0,0,0,0,0,0,0,0,1,0,0,0,0,0,0,0,0,0,0,0,0,0,0,0,1,0,0,0,0,0,0,0,0,0,0
170,4726002,Robocraft Brewery,Vanilla Ice Cream,IPA - Milkshake,https://untappd.com/b/robocraft-brewery-vanilla-ice-cream/4726002,7.0,62,3.51,1484,02/22/22,"Vanilla ice cream Boom! Pivo i sladoled? U želji da napravimo bombastičnu milkshake ipu, napravili smo kolaboraciju sa brendom Nancys ice cream kome je sladoled od vanile zaštitni znak. Vintage devojka Nancy, njihov logo, doživeo je je vizuelnu robotizaciju u sudaru sa našim brendom, naravno ?. Vanilla ice cream, je milkshake ipa od 7% alc sa laktozom, više vrsta hmeljeva koji se bore sa prirodnom vanilom za prevlast u ukusu! Vanilla ice cream, is a milkshake ipa with 7% abv with lactozis,and several types of hops who fight for domination in taste. ",serbia,1,1,0,0,0,0,0,0,0,0,0,0,0,0,0,0,0,0,0,0,0,0,0,0,0,0,0,1,0,0,0,0,0,0,0,0,0,0
188,5451394,Dogma Brewery,7th AB #2 NEIPA,IPA - New England / Hazy,https://untappd.com/b/dogma-brewery-7th-ab-2-neipa/5451394,7.6,30,3.82,612,07/20/23,2nd among 7. A juicy & tasty NEIPA with our Swiss brothers from Hoppy People. C'mon!  ,serbia,0,0,0,0,0,0,0,0,0,0,0,0,0,0,0,0,0,0,0,0,0,0,0,0,0,0,0,1,0,0,0,0,0,0,0,0,0,0
189,3957027,Ministarstvo Beer Bar,Klaudije,IPA - New England / Hazy,https://untappd.com/b/ministarstvo-beer-bar-klaudije/3957027,6.0,N/A,3.81,222,09/10/20,"Imperatorske mi reči, imam problem i tražim pomoć naroda. Ja, koji sam sedam puta pravio najbolje pivo, imam problem da predstavim osmo! Ne zato što je sledeće u nizu, već zato što sadrži čitavu Galaksiju mentalnih tokova i finih osećanja!Ja, koji sam gradio Mozaik svog života od sedam jednakih delova, imam čast da predstavim osmi! Meni, koji se nesebično nudim ne smeta to što u kaleidoskopu mojih fino gaziranih nota nećete naći mir, već mi je drago da iz haosa izvučete delić zadovoljštine vaših nadraženih čula!To vam garantujem ja, gospodar nove mutne Ipe ministarske, ja, Klaudije!Usudite se da se popnete na moje mesto! ",serbia,0,0,0,0,0,0,0,0,0,0,0,0,0,0,0,0,0,0,0,0,0,0,0,0,0,0,0,1,0,0,0,0,0,0,0,0,0,0
190,2094415,3bir,Dezerter,IPA - New England / Hazy,https://untappd.com/b/3bir-dezerter/2094415,6.0,40,3.81,1260,05/14/17,"Svaki dan je borba. Zato nađi vreme stići, uteći i na sjajnom mestu popiti dobro pivo! Pusti da te kremast ukus i osećaj gorskih trava i borove šume odvedu daleko. Sklopite mir. Sa sobom. ",serbia,0,0,0,0,0,0,0,0,0,0,0,0,0,0,0,0,0,0,0,0,0,0,0,0,0,0,0,1,0,0,0,0,0,0,0,0,0,0
191,3784583,Crow Brewery,Mango Gun IPA,IPA - New England / Hazy,https://untappd.com/b/crow-brewery-mango-gun-ipa/3784583,6.2,27,3.81,1213,05/14/20,Mango Gun je drugo kucno pivo Gunners paba.NE IPA sa Citra i Mosaic hmeljevima i dodatkom kase Manga.Ziveli! ,serbia,0,0,0,0,0,0,0,0,0,0,0,0,0,0,0,0,0,0,0,0,0,0,0,0,0,0,0,1,0,0,0,0,0,0,0,0,0,0
192,3752550,3bir,Strongboi,IPA - New England / Hazy,https://untappd.com/b/3bir-strongboi/3752550,7.0,50,3.8,1525,04/16/20,"STRONGBOI – A perfectly defined organism built from all three muscle types. His skeletal base is made of barley, oat, and spelt. Cardiac type contains five aromatic hops; Centennial, Equinox, Mosaic, Citra, and Columbus. all of them set in a Whirlpool of dance play. The Juice Machine yeast additionally strengthens muscle fibers with tropical and citrus hops flavor, making a Strongboi, beer of rich taste, pleasant appearance, and well-balanced bitterness. Try Strongboi workout and burn the Carbohydrates now.  ",serbia,0,1,0,0,0,0,0,1,0,0,0,0,0,0,0,1,0,0,0,0,0,0,0,0,0,0,0,1,0,0,0,0,0,0,0,0,0,0
193,4993804,TWO HOPPY SISTERS,Firstborn,IPA - New England / Hazy,https://untappd.com/b/two-hoppy-sisters-firstborn/4993804,5.5,11,3.8,755,08/26/22,"TALUS, STRATA, GALAXY ",serbia,0,0,0,0,0,0,0,0,0,0,0,0,0,0,0,0,0,0,0,0,0,0,0,0,0,0,0,1,0,0,0,0,0,0,0,0,0,0
194,5911484,Dogma Brewery,8th AB - Beer Rate Hunter,IPA - New England / Hazy,https://untappd.com/b/dogma-brewery-8th-ab-beer-rate-hunter/5911484,6.5,25,3.8,485,07/18/24,One of two 8th Anniversary beers brewed for our friends from around the world. This one is dedicated to our brother Max! He adores beer and yes - he's always on a hunt for beer rates!  ,serbia,0,0,0,0,0,0,0,0,0,0,0,0,0,0,0,0,0,0,0,0,0,0,0,0,0,0,0,1,0,0,0,0,0,0,0,0,0,0
195,5451410,Dogma Brewery,7th AB #7 NEIPA,IPA - New England / Hazy,https://untappd.com/b/dogma-brewery-7th-ab-7-neipa/5451410,7.7,35,3.8,505,07/20/23,7th of 7. From South Korea to Belgrade! Gorilla Brewing & Dogma Brewery are bringing you this NEIPA with 7 hops for 7 years!  ,serbia,0,1,0,0,0,0,0,0,0,0,0,0,0,0,0,0,0,0,0,0,0,0,0,0,0,0,0,1,0,0,0,0,0,0,0,0,0,0
196,4587254,Arator,Monkey,IPA - New England / Hazy,https://untappd.com/b/arator-monkey/4587254,5.6,N/A,3.79,185,11/10/21,"Jedno sjajno, ipak mutno, sočno pivo puno svežeg hmelja u kojem ćete umesto gorčine osetiti eksploziju ukusa mandarine, kokosa, manga i drugog tropskog voća. ",serbia,0,1,0,0,0,0,0,0,0,0,0,0,0,0,0,0,0,0,0,0,0,0,0,0,0,0,0,1,0,0,0,0,0,0,0,0,0,0
197,6409022,Docker Brewery,10 Years - Pomona Neipa DDH,IPA - New England / Hazy,https://untappd.com/b/docker-brewery-10-years-pomona-neipa-ddh/6409022,6.8,N/A,3.79,167,09/12/25,"Pomona je novi moderni hibdridnikvasac. U fermentaciji Pomonadaje sočni profil breskve, citrusAi tropskOG voća i pojačavakarakteristike vrhunskih hmeljevaNectaron, Talus i eksperimentalnoghmelja HBC1019 ",serbia,0,1,0,0,0,0,0,1,0,0,0,0,0,0,0,0,0,0,0,0,0,0,0,0,0,0,0,1,0,0,0,0,0,0,0,0,0,0
198,4600278,Dogma Brewery,Hop Valley Werewolf,IPA - New England / Hazy,https://untappd.com/b/dogma-brewery-hop-valley-werewolf/4600278,6.4,40,3.78,894,11/19/21,"When full moon comes, hop valley worker becomes Hop Valley Werewolf! This juicy beer produced with HBC472 & Styrian Wolf from hop field of our brother Luka Rojnik is dedicated to all hop valley workers! Cheers to ya all & thank u! ",serbia,0,0,0,0,0,0,0,0,0,0,0,0,0,0,0,0,0,0,0,0,0,0,0,0,0,0,0,1,0,0,0,0,0,0,0,0,0,0
199,4939575,Dogma Brewery,6th Anniversary No.6 - Talus NEIPA,IPA - New England / Hazy,https://untappd.com/b/dogma-brewery-6th-anniversary-no-6-talus-neipa/4939575,6.5,30,3.78,632,07/20/22,"The newest hop superstar, by many adored Talus gives the most of identity to this anniversary NEIPA for our 6th birthday.  ",serbia,0,0,0,0,0,0,0,0,0,0,0,0,0,0,0,0,0,0,0,0,0,0,0,0,0,0,0,1,0,0,0,0,0,0,0,0,0,0
200,5665972,ZZapi,Break Point,IPA - New England / Hazy,https://untappd.com/b/zzapi-break-point/5665972,6.5,35,3.77,387,12/30/23,"Thiolized Ne IPA.Tropical juice,when yeast unbound thiols and let them free.....have to try this batch.Cascade, Citra, Sabro,El Dorado really shine through  ",serbia,0,0,0,0,0,0,0,1,0,0,0,0,0,0,0,0,0,0,0,0,0,0,0,0,0,0,0,1,0,0,0,0,0,0,0,0,0,0
201,5922451,Docker Brewery,New Zealand Crasher,IPA - New England / Hazy,https://untappd.com/b/docker-brewery-new-zealand-crasher/5922451,5.4,N/A,3.77,163,07/26/24,"Napravili smo izmenu u standardnoj recepturi Crashera i u Dry Hopu se poigrali sa Novozelandskim hmeljevima ""Wai-iti"" i ""Nectaron"". Ziveli! ",serbia,0,0,0,0,0,0,0,0,0,0,0,0,0,0,0,0,0,0,0,0,0,0,0,0,0,0,0,1,0,0,0,0,0,0,0,0,0,0
202,5213055,3bir,Nectaron,IPA - New England / Hazy,https://untappd.com/b/3bir-nectaron/5213055,6.2,54,3.76,481,01/27/23,"?NEW BEERR ALERT ?Novajlija sa 5 vrsta hmelja i 4 vrste slada . Ovde smo prvi put koristili hmelj koji nam dolazi sa novozelandskog tla: Nektaron, prepun intezivnih citrusnih i voćnih aroma ananasa, grejpa, marakuje i breskve u sinergiji sa kvascem Tropikal Paradise. ? ",serbia,1,1,0,0,0,0,0,0,0,0,0,0,0,0,0,0,0,0,0,0,0,0,0,0,0,0,0,1,0,0,0,0,0,0,0,0,0,0
203,5120607,Robocraft Brewery,Galaxy Defender,IPA - New England / Hazy,https://untappd.com/b/robocraft-brewery-galaxy-defender/5120607,6.3,N/A,3.75,313,11/16/22,"U galaksiji kojoj dominira industrija, Defender se se pojavljuje kao odgovor na izazove pivopija koji su potrazi sa vrhunskim kvalitetom. Galaxy defender je New England India pale ale, double dry hopped, citrusno i oatmeal pivo sa 6,3% alc ",serbia,0,0,0,0,0,0,0,0,0,0,0,0,0,0,1,0,0,0,0,0,0,0,0,0,0,0,0,1,0,0,0,0,0,0,0,0,0,0
204,4642130,MEHANIKA,HAZY TRAIN,IPA - New England / Hazy,https://untappd.com/b/mehanika-hazy-train/4642130,6.3,50,3.75,205,12/17/21,"Hop forward beer with strong and pleasant bitterness.Medium to light body with wide spectar of aromas from sabro, citra and mosaic.Hazy appearance with rich foamy head on top and silky mouthfeel. ",serbia,0,0,0,0,0,0,0,0,0,0,0,0,0,0,0,0,0,0,0,0,0,0,0,0,0,0,0,1,0,0,0,0,0,0,0,0,0,0
205,3028700,Dogma Brewery,Hazy Rocket,IPA - New England / Hazy,https://untappd.com/b/dogma-brewery-hazy-rocket/3028700,7.0,40,3.74,3747,01/09/19,Hazy Rocket is Dogma's first NE IPA brewed in our brewery. Here is everything about orange and tropical flavors after every sip!  ,serbia,0,0,0,0,0,0,0,0,0,0,0,0,0,0,0,0,0,0,0,0,0,0,0,0,0,0,0,1,0,0,0,0,0,0,0,0,0,0
206,5162549,Crow Brewery,Cosmic Crow,IPA - New England / Hazy,https://untappd.com/b/crow-brewery-cosmic-crow/5162549,5.9,35,3.74,188,12/16/22,"Nova serija New England Ipe sa hmeljevima Bru 1 i Strata.Aroma i ukus grejpa, marakuje i guave ",serbia,0,0,0,0,0,0,0,0,0,0,0,0,0,0,0,0,0,0,0,0,0,0,0,0,0,0,0,1,0,0,0,0,0,0,0,0,0,0
207,5497709,Dogma Brewery,Huddle,IPA - New England / Hazy,https://untappd.com/b/dogma-brewery-huddle/5497709,5.0,30,3.74,281,08/24/23,"Huddle is an important thing in American Football as after that action starts! Second of many beers in our ""American Football inspired"" collaboration with our friends from ""99 Jardi"" podcast. Easy & summerish, this Session NEIPA is ideal for a start of new NFL season. ",serbia,0,0,0,0,0,0,0,0,0,0,0,0,0,0,0,0,0,0,0,0,0,0,0,0,0,0,0,1,0,0,0,0,0,0,0,0,0,0
208,5236419,Kabinet Brewery,Big Hazy,IPA - New England / Hazy,https://untappd.com/b/kabinet-brewery-big-hazy/5236419,6.7,30,3.74,224,02/14/23,"Dry hopped with Mosaic, Galaxy, Ekuanot, Simcoe and Cryo Pop at a rate of 16g/L.Nice fruity, candy and a bit of danky aromas are what we smelled. ",serbia,0,0,0,0,0,0,0,0,1,0,0,0,0,0,0,0,0,0,0,0,0,0,0,0,0,0,0,1,0,0,0,0,0,0,0,0,0,0
209,5296133,Dogma Brewery,Back 2 Back - Belgrade Edition,IPA - New England / Hazy,https://untappd.com/b/dogma-brewery-back-2-back-belgrade-edition/5296133,5.3,30,3.73,681,03/31/23,"New collab! And the special one again. Same recipe brewed in 2 cities - Belgrade & Prague! This Session NEIPA brings you all  spring can bring us. Easy, sunny yellow & refresh! Hops of the new world with combo of South African one - African Queen & Australian Galaxy. Živeli!  ",serbia,0,0,0,0,0,0,0,0,0,0,0,0,0,0,0,0,0,0,0,0,0,0,0,0,0,0,0,1,0,0,0,0,0,0,0,0,0,0
210,3243849,3bir,Arhipelag,IPA - New England / Hazy,https://untappd.com/b/3bir-arhipelag/3243849,6.3,45,3.72,720,05/24/19,"Svetla NEIPA osvežavajućih nota havasjkih ostrva i zavodljive zove. Boje žutog safira i laganog tela, poput idealne letnje avanture. ",serbia,0,0,0,0,0,0,0,0,0,0,0,0,0,0,0,0,0,0,0,0,0,0,0,0,0,0,0,1,0,0,0,0,0,0,0,0,0,0
211,5588586,Sindikat Brewery,Mama Mamina NEIPA,IPA - New England / Hazy,https://untappd.com/b/sindikat-brewery-mama-mamina-neipa/5588586,6.5,50,3.71,158,11/01/23, ,serbia,0,0,0,0,0,0,0,0,0,0,0,0,0,0,0,0,0,0,0,0,0,0,0,0,0,0,0,1,0,0,0,0,0,0,0,0,0,0
212,3419104,Tron Brewery,Night In Havana,IPA - New England / Hazy,https://untappd.com/b/tron-brewery-night-in-havana/3419104,6.6,N/A,3.71,162,09/06/19,"Beer that makes you happy, gives you positive energy and brings back that Caribbean vibe. New England IPA with 6,6% ABV and with aromas of lime and papaya.  ",serbia,0,0,0,0,0,0,0,0,0,0,0,0,0,0,0,0,0,0,0,0,0,0,0,0,0,0,0,1,0,0,0,0,0,0,0,0,0,0
213,5534147,Kabinet Brewery,Serbian Haze,IPA - New England / Hazy,https://untappd.com/b/kabinet-brewery-serbian-haze/5534147,6.3,15,3.71,181,09/21/23,Hazy IPA packed with Nectaron and Strata and some magic.Done with our friend Niels from Christiania Bryghus. ,serbia,0,0,0,0,0,0,0,0,0,0,0,0,0,0,0,0,0,0,0,0,0,0,0,0,0,0,0,1,0,0,0,0,0,0,0,0,0,0
214,6298501,Ravangrad,High Five NEIPA,IPA - New England / Hazy,https://untappd.com/b/ravangrad-high-five-neipa/6298501,6.5,N/A,3.69,198,06/10/25,"Citra, Crush, Motueka, Idaho 7, El Dorado. ",serbia,0,0,0,0,0,0,0,0,0,0,0,0,0,0,0,0,0,0,0,0,0,0,0,0,0,0,0,1,0,0,0,0,0,0,0,0,0,0
215,4016484,Kabinet Brewery,Tigro Negro,IPA - New England / Hazy,https://untappd.com/b/kabinet-brewery-tigro-negro/4016484,7.0,55,3.69,182,10/20/20,"This is our second take on a ""style"" that we call Black NEIPA. Catch it if you can.Made with seven malts and huge amount of oat and wheat flakes it has silky creamy body and a luscious taste.It is DDH with Sladek, Mandarina Bavaria, Idaho 7 and Sabro for a complex aroma and flavor.We'll let you be the judge of this unique brew. ",serbia,1,0,0,0,0,0,0,0,0,0,0,0,0,0,0,0,0,0,0,0,0,0,0,0,0,0,0,1,0,0,0,0,0,0,0,0,0,0
216,2556677,Kabinet Brewery,Disko,IPA - New England / Hazy,https://untappd.com/b/kabinet-brewery-disko/2556677,5.6,40,3.67,1011,03/16/18,"Drink with caution! Possible occurrence of euphoria and unrestrained happiness. When your cells start to jiggle, surrender to the rhythm. ",serbia,0,0,0,0,0,0,0,0,0,0,0,0,0,0,0,0,0,0,0,0,0,0,0,0,0,0,0,1,0,0,0,0,0,0,0,0,0,0
217,3929501,Premier Beer,Steroid,IPA - New England / Hazy,https://untappd.com/b/premier-beer-steroid/3929501,5.7,N/A,3.66,223,08/21/20, ,serbia,0,0,0,0,0,0,0,0,0,0,0,0,0,0,0,0,0,0,0,0,0,0,0,0,0,0,0,1,0,0,0,0,0,0,0,0,0,0
218,5966466,3bir,Zbirokrator,IPA - New England / Hazy,https://untappd.com/b/3bir-zbirokrator/5966466,5.7,N/A,3.66,269,08/31/24, ,serbia,0,0,0,0,0,0,0,0,0,0,0,0,0,0,0,0,0,0,0,0,0,0,0,0,0,0,0,1,0,0,0,0,0,0,0,0,0,0
219,3217682,Docker Brewery,Kajsiopeja,IPA - New England / Hazy,https://untappd.com/b/kors-kajsiopeja/3217682,5.9,N/A,3.66,562,05/08/19, ,serbia,0,0,0,0,0,0,0,0,0,0,0,0,0,0,0,0,0,0,0,0,0,0,0,0,0,0,0,1,0,0,0,0,0,0,0,0,0,0
220,5098754,Soulcity Brewing Co.,Honolulu Groove,IPA - New England / Hazy,https://untappd.com/b/soulcity-brewing-co-honolulu-groove/5098754,6.5,N/A,3.66,191,10/31/22, ,serbia,0,0,0,0,0,0,0,0,0,0,0,0,0,0,0,0,0,0,0,0,0,0,0,0,0,0,0,1,0,0,0,0,0,0,0,0,0,0
221,5411368,Docker Brewery,Mr. Nelson,IPA - New Zealand,https://untappd.com/b/docker-brewery-mr-nelson/5411368,6.5,N/A,3.7,261,06/21/23,"Pilsner slad & Novozelandski ""Nelson Sauvin"" hmelj u kombinaciji za našu novu ""SMASH"" Ipu.  ",serbia,1,0,0,0,0,0,0,0,0,0,0,0,0,0,0,0,0,0,0,0,0,0,0,0,0,0,0,1,0,0,0,0,0,0,0,0,0,0
222,5864735,3bir,Heavy Welington IPA,IPA - New Zealand,https://untappd.com/b/3bir-heavy-welington-ipa/5864735,6.2,N/A,3.7,185,06/11/24, ,serbia,0,0,0,0,0,0,0,0,0,0,0,0,0,0,0,0,0,0,0,0,0,0,0,0,0,0,0,1,0,0,0,0,0,0,0,0,0,0
223,5002233,Docker Brewery,Aussie Joker,IPA - New Zealand,https://untappd.com/b/docker-brewery-aussie-jocker/5002233,6.7,N/A,3.69,251,09/01/22,Rešili smo da se poigramo sa hmeljevima i standardnoj sladnoj bazi našeg Jokera koga dodamo Nelson Sauvin i Enigma hmeljeve. Kao i uvek na hmelju nismo štedeli stoga se u svakom litru piva nalazi 11g ove predivne biljke. Živeli! ,serbia,1,0,0,0,0,0,0,0,0,0,0,0,0,0,0,0,0,0,0,0,0,0,0,0,0,0,0,1,0,0,0,0,0,0,0,0,0,0
224,5157823,Dogma Brewery,ZUMA - MOUNTAIN IPA,IPA - Other,https://untappd.com/b/dogma-brewery-zuma-mountain-ipa/5157823,6.5,50,3.76,345,12/12/22,"Zuma is a special dog. And he's a best friend of his owner, Ivan, the founder and author of the best known alternative music radio show in this part of Europe - Pop Depression. Zuma & Ivan like mountains so we created this Mountain IPA with Zappa, Galaxy & Southern Passion hops. Cheers for Zuma & Ivan!  ",serbia,0,1,0,0,0,0,0,0,0,0,0,0,0,0,0,0,0,0,0,0,0,0,0,0,0,0,0,1,0,0,0,0,0,0,0,0,0,0
225,2346946,Crna Ovca Craft Brewery,69,IPA - Other,https://untappd.com/b/crna-ovca-craft-brewery-69/2346946,6.9,75,3.76,409,10/19/17,Gentleman's Choice! ,serbia,0,0,0,0,0,0,0,0,0,0,0,0,0,0,0,0,0,0,0,0,0,0,0,0,0,0,0,1,0,0,0,0,0,0,0,0,0,0
226,2155865,Crna Ovca Craft Brewery,Underground,IPA - Other,https://untappd.com/b/crna-ovca-craft-brewery-underground/2155865,6.7,56,3.73,358,06/22/17, ,serbia,0,0,0,0,0,0,0,0,0,0,0,0,0,0,0,0,0,0,0,0,0,0,0,0,0,0,0,1,0,0,0,0,0,0,0,0,0,0
227,4834495,Soulcity Brewing Co.,Mumbai,IPA - Other,https://untappd.com/b/soulcity-brewing-co-mumbai/4834495,6.5,35,3.7,299,05/09/22,IPA ,serbia,0,0,0,0,0,0,0,0,0,0,0,0,0,0,0,0,0,0,0,0,0,0,0,0,0,0,0,1,0,0,0,0,0,0,0,0,0,0
228,3033673,Arator,Snake,IPA - Other,https://untappd.com/b/arator-snake-unfiltered/3033673,6.0,N/A,3.69,161,01/12/19,"Darkish ipa, smooth taste, not bitter ",serbia,0,0,0,0,0,0,0,0,0,0,0,0,0,0,0,0,0,0,0,0,0,0,0,0,0,0,0,1,0,0,0,0,0,0,0,0,0,0
229,1626047,Južni Vepar,Svarog,IPA - Other,https://untappd.com/b/juzni-vepar-svarog/1626047,5.5,35,3.69,259,07/02/16, ,serbia,0,0,0,0,0,0,0,0,0,0,0,0,0,0,0,0,0,0,0,0,0,0,0,0,0,0,0,1,0,0,0,0,0,0,0,0,0,0
230,3244739,Baš Pivo | Gardoš Pivo,Gardoš IPA,IPA - Other,https://untappd.com/b/bas-pivo-gardos-pivo-gardos-ipa/3244739,6.4,N/A,3.68,172,05/24/19, ,serbia,0,0,0,0,0,0,0,0,0,0,0,0,0,0,0,0,0,0,0,0,0,0,0,0,0,0,0,1,0,0,0,0,0,0,0,0,0,0
231,2138044,Dilemma Pivara,IPA,IPA - Other,https://untappd.com/b/dilemma-pivara-ipa/2138044,6.3,60,3.66,901,06/10/17, ,serbia,0,0,0,0,0,0,0,0,0,0,0,0,0,0,0,0,0,0,0,0,0,0,0,0,0,0,0,1,0,0,0,0,0,0,0,0,0,0
232,811990,Kabinet Brewery,SuperNova,IPA - Other,https://untappd.com/b/kabinet-brewery-supernova/811990,6.8,51,3.65,7599,09/14/14,"Basket full of fruits whose flavors explode and spill over when you approach. A harmonious complex that only an IPA can offer. Be ready to fly away, on a bed of melons, mangoes and tangerines! The first and the best IPA in Serbia by Ratebeer. ",serbia,0,0,0,0,0,0,0,0,1,0,0,0,0,0,0,0,0,0,0,0,0,0,0,0,0,0,0,1,0,0,0,0,0,0,0,0,0,0
233,4858072,Pivzdarija (Пивздарија),Klipan India Pale Ale,IPA - Other,https://untappd.com/b/pivzdarija-pivzdari-a-klipan-india-pale-ale/4858072,6.0,N/A,3.65,268,05/26/22, ,serbia,0,0,0,0,0,0,0,0,0,0,0,0,0,0,0,0,0,0,0,0,0,0,0,0,0,0,0,1,0,0,0,0,0,0,0,0,0,0
234,2866046,Academia,Profesor,IPA - Other,https://untappd.com/b/academia-profesor/2866046,6.3,N/A,3.65,263,09/28/18, ,serbia,0,0,0,0,0,0,0,0,0,0,0,0,0,0,0,0,0,0,0,0,0,0,0,0,0,0,0,1,0,0,0,0,0,0,0,0,0,0
235,1770515,Kabinet Brewery,Single Hop Mandarina,IPA - Other,https://untappd.com/b/kabinet-brewery-single-hop-mandarina/1770515,5.4,54,3.59,379,10/10/16,The third special from our famous single hop series. Enjoy the authentic taste of Mandarina Bavaria hop. ,serbia,0,0,0,0,0,0,0,0,0,0,0,0,0,0,0,0,0,0,0,0,0,0,0,0,0,0,0,1,0,0,0,0,0,0,0,0,0,0
236,2402829,Revolution Brewery,Magnum 357,IPA - Other,https://untappd.com/b/revolution-brewery-magnum-357/2402829,7.0,N/A,3.58,162,11/25/17,"single hop IPA veoma snažnog tela, izuzetne punoće ukusa u kojem preovlađuje ukus karamele savršeno izbalansiran karakterističnom i neočekivanom aromom hmelja Magnum, zaokružen dobro poznatom gorčinom koju ovaj hmelj donosi. Neobično osvežavajuća aroma hmelja sa suptilnim naznakama začina, borovih iglica i višnje u kombinaciji sa slatkom karamelom zagolicaće vaša nepca i pokrenuti sva vaša čula u otkrivanju dubine i kompleksnosti ovog piva. Sve zajedno predstavlja do sada najinteresantnije i najsmelije IPA pivo na našem tržištu. ",serbia,0,1,0,0,0,0,1,0,0,0,0,0,0,0,0,0,0,0,0,0,0,0,0,0,0,0,0,1,0,0,0,0,0,0,0,0,0,0
237,1626240,Sindikat Brewery,Hopster,IPA - Other,https://untappd.com/b/sindikat-brewery-hopster/1626240,7.0,20,3.56,376,07/02/16, ,serbia,0,0,0,0,0,0,0,0,0,0,0,0,0,0,0,0,0,0,0,0,0,0,0,0,0,0,0,1,0,0,0,0,0,0,0,0,0,0
238,2667416,3bir,Akira,IPA - Red,https://untappd.com/b/3bir-akira/2667416,6.3,50,3.78,2472,05/25/18,"AKIRA - Red IPA rich in tropical fruit and mango aromas.  Tropical wave goes towards well liked American Hops, giving it a sweet and bitter sensation. Refreshing and light, Akira leaves a strong impression instantly with its taste and appearance. ",serbia,0,0,0,0,0,0,0,0,1,0,0,0,0,0,0,0,0,0,0,0,0,0,0,0,0,0,0,1,0,0,0,0,0,0,0,0,0,0
239,3716514,Ministarstvo Beer Bar,Džesika,IPA - Red,https://untappd.com/b/ministarstvo-beer-bar-dzesika/3716514,6.6,N/A,3.74,172,03/12/20,"This is one of few house beers of Ministarstvo Beer Bar in Niš (Serbia), available only there and in some rare occasions elsewhere. ",serbia,0,0,0,0,0,0,0,0,0,0,0,0,0,0,0,0,0,0,0,0,0,0,0,0,0,0,0,1,0,0,0,0,0,0,0,0,0,0
240,1802243,Crow Brewery,Pevac,IPA - Red,https://untappd.com/b/crow-brewery-pevac/1802243,7.2,60,3.71,202,11/01/16,"Red IPA brewed with Columbus, Citra and Nelson Sauvin. ",serbia,0,0,0,0,0,0,0,0,0,0,0,0,0,0,0,0,0,0,0,0,0,0,0,0,0,0,0,1,0,0,0,0,0,0,0,0,0,0
241,4818310,Docker Brewery,Red Machine,IPA - Red,https://untappd.com/b/docker-brewery-red-machine/4818310,5.5,N/A,3.67,219,04/29/22,"Combination of 5 type of malt with Mozaic, Cascade, Amarillo,Centeniel & Columbus ",serbia,1,0,0,0,0,0,0,0,0,0,0,0,0,0,0,0,0,0,0,0,0,0,0,0,0,0,0,1,0,0,0,0,0,0,0,0,0,0
242,1765540,Tron Brewery,Matador,IPA - Red,https://untappd.com/b/tron-brewery-matador/1765540,6.3,55,3.64,2098,10/07/16, ,serbia,0,0,0,0,0,0,0,0,0,0,0,0,0,0,0,0,0,0,0,0,0,0,0,0,0,0,0,1,0,0,0,0,0,0,0,0,0,0
243,4366311,Robocraft Brewery,Hacker,IPA - Red,https://untappd.com/b/robocraft-brewery-hacker/4366311,6.5,53,3.53,1323,06/17/21,"Hacker je developer kome je dosadilo da radi za velike korporacije koje upravljaju našim životima, a misija mu je dekodira industrijski matrix u pivarstvu kojim nas bombarduju  masovni mediji.Hcker Red India pale ale je pivo koje ima odmerenu dozu zahmeljenosti, gorčine i aroma koji daju odlican after taste.Hacker is a developer who is tired of working for the big corporations that run our lives, and his mission is to decode the industrial matrix in brewing that we are bombarded with by the mass media.Hcker Red India pale ale is a beer that has a measured dose of hoppy experience, bitterness and aroma that give an excellent after taste. ",serbia,0,0,0,0,0,0,0,0,0,0,0,0,0,0,0,0,0,0,0,0,0,0,0,0,0,0,0,1,0,0,0,0,0,0,0,0,0,0
244,2974696,Dogma Brewery,Born To Rye,IPA - Rye,https://untappd.com/b/dogma-brewery-born-to-rye/2974696,6.0,60,3.74,303,12/06/18,"Our second beer from ""100 % draft"" series which is going only into kegs. Born To Rye is our version of Rye IPA with 15% of rye malt. Spicy & delicate from both rye and complexity of hop aromas of Amarillo and Simcoe. ",serbia,1,0,0,0,0,0,0,0,0,0,0,0,0,0,1,0,0,0,0,0,0,0,0,0,0,0,0,1,0,0,0,0,0,0,0,0,0,0
245,994503,Kaš Balkan Brewtopia,Ryezen,IPA - Rye,https://untappd.com/b/kas-balkan-brewtopia-ryezen/994503,6.5,50,3.68,942,03/01/15, ,serbia,0,0,0,0,0,0,0,0,0,0,0,0,0,0,0,0,0,0,0,0,0,0,0,0,0,0,0,1,0,0,0,0,0,0,0,0,0,0
246,3889348,Gandy's Brew,Hop'Oponopono,IPA - Session,https://untappd.com/b/gandy-s-brew-hop-oponopono/3889348,4.5,40,3.8,179,07/25/20,"A dual-hop session IPA with dank and citrusy flavor profile, surprisingly full-bodied for this style of beer. Drinkable, enjoyable with a nice hoppy aroma. ABV 4.5% IBU 40 EBC 9 EXT 11% ",serbia,0,0,0,0,0,0,0,0,0,0,0,0,0,0,0,0,0,0,0,0,0,0,0,0,0,0,0,1,0,0,0,0,0,0,0,0,0,0
247,3974108,Dogma Brewery,Don't Shoot the Messenger,IPA - Session,https://untappd.com/b/dogma-brewery-don-t-shoot-the-messenger/3974108,5.8,35,3.78,302,09/21/20,"Times are hard, so we wanted to make them a bit easier with this light bodied hazy session IPA. Super drinkable & citrusy!  ",serbia,0,0,0,0,0,0,0,0,0,0,0,0,0,0,0,0,0,0,0,0,0,0,0,0,0,0,0,1,0,0,0,0,0,0,0,0,0,0
248,5757927,Dogma Brewery,S.M.A.S.H. HBC 586,IPA - Session,https://untappd.com/b/dogma-brewery-s-m-a-s-h-hbc-586/5757927,4.7,25,3.74,273,03/21/24,"New episode in our S.M.A.S.H. Session IPA series brings you one of our favourite new hops - HBC 586. After first sip last year at CBC, thru new beers at Brau Beviale in November, here it comes to this part of the Europe for the first time. What a hop!  ",serbia,0,1,0,0,0,0,0,0,0,0,0,0,0,0,0,0,0,0,0,0,0,0,0,0,0,0,0,1,0,0,0,0,0,0,0,0,0,0
249,6229656,Dogma Brewery,Spiritu Sancti,IPA - Session,https://untappd.com/b/dogma-brewery-spiritu-sankti/6229656,4.8,N/A,3.74,183,04/16/25, ,serbia,0,0,0,0,0,0,0,0,0,0,0,0,0,0,0,0,0,0,0,0,0,0,0,0,0,0,0,1,0,0,0,0,0,0,0,0,0,0
250,5911488,Dogma Brewery,S.M.A.S.H. HBC 1019,IPA - Session,https://untappd.com/b/dogma-brewery-s-m-a-s-h-hbc-1019/5911488,4.7,30,3.74,264,07/18/24,"On 8th Anniversary we're continuing or S.M.A.S.H. series and we're introducing a true hop superstar - ladies & gents, here is HBC 1019! ",serbia,0,0,0,0,0,0,0,0,0,0,0,0,0,0,0,0,0,0,0,0,0,0,0,0,0,0,0,1,0,0,0,0,0,0,0,0,0,0
251,4111255,3bir,Štrand 3,IPA - Session,https://untappd.com/b/3bir-strand-3/4111255,4.6,N/A,3.74,198,12/22/20,"Novosadski eksperiment kraft pivara, Štrand 3 otvara vrata nostalgiji za toplijim danima. Ova šarmantna Session NEIPA obiluje sa isključivo Mosaic hmeljom i jednim netipičnim povrćem - cveklom. Cvekla je glavna i odgovorna za neverovatnu boju i postojano telo ovog piva, dok se citrusne arome prožimaju sa svakim vašim udahom. ",serbia,0,0,0,0,0,0,0,0,0,0,0,0,0,0,0,0,0,0,0,0,0,0,0,0,0,0,0,1,0,0,0,0,0,0,0,0,0,0
252,6007401,Dogma Brewery,S.M.A.S.H. Eclipse,IPA - Session,https://untappd.com/b/dogma-brewery-s-m-a-s-h-eclipse/6007401,4.7,30,3.73,234,10/04/24,New episode in our S.M.A.S.H series! We bring you one our favourite Australian hop variety - ECLIPSE. Enjoy every sip! ,serbia,0,0,0,0,0,0,0,0,0,0,0,0,0,0,0,0,0,0,0,0,0,0,0,0,0,0,0,1,0,0,0,0,0,0,0,0,0,0
253,3515753,Dogma Brewery,S.M.A.S.H. Simcoe,IPA - Session,https://untappd.com/b/dogma-brewery-s-m-a-s-h-simcoe/3515753,4.9,N/A,3.73,273,11/04/19,Another one in our Single Malt And Single Hop series! The one and only - SIMCOE!  ,serbia,0,0,0,0,0,0,0,0,0,0,0,0,0,0,0,0,0,0,0,0,0,0,0,0,0,0,0,1,0,0,0,0,0,0,0,0,0,0
254,3104336,Kabinet Brewery,Borka,IPA - Session,https://untappd.com/b/kabinet-brewery-borka/3104336,5.4,N/A,3.71,203,03/01/19,A special for Majstor za Pivo in Sarajevo. Pine freshness of the Balkans as unique as our region.  ,serbia,0,0,0,0,0,0,0,0,0,0,0,0,0,0,0,0,0,0,0,0,0,0,0,0,0,0,0,1,0,0,0,0,0,0,0,0,0,0
255,5833224,3bir,Hoppy Stork,IPA - Session,https://untappd.com/b/3bir-hoppy-stork/5833224,5.0,N/A,3.7,157,05/18/24, ,serbia,0,0,0,0,0,0,0,0,0,0,0,0,0,0,0,0,0,0,0,0,0,0,0,0,0,0,0,1,0,0,0,0,0,0,0,0,0,0
256,2640959,3bir,Hopacabana,IPA - Session,https://untappd.com/b/3bir-hopacabana/2640959,4.2,35,3.7,277,05/09/18,"Hopacabana, naš zlatni talas svežine provozaće te kroz nezaboravnu tropsku avanturu bogatu mandarinom, limetom i grejpom. Zavodljiva nežnost, lakoća i bogatsvo aroma povešće te na Hopacabana avanturu iznova i iznova. ",serbia,0,0,0,0,0,0,0,0,0,0,0,0,0,0,0,0,0,0,0,0,0,0,0,0,0,0,0,1,0,0,0,0,0,0,0,0,0,0
257,6042452,Dogma Brewery,Less Than an Hour,IPA - Session,https://untappd.com/b/dogma-brewery-less-than-an-hour/6042452,4.5,25,3.69,178,11/01/24,"Who knows what can you do for less than an hour? But we're sure that we can have our friends from Podgorica here in Belgrade or fly over to them in the same time. They flew here and we had this super tasty Session IPA refined with Nelson Sauvin, Nectaron and a bit of Citra.  ",serbia,0,0,0,0,0,0,0,0,0,0,0,0,0,0,0,0,0,0,0,0,0,0,0,0,0,0,0,1,0,0,0,0,0,0,0,0,0,0
258,2270836,Tron Brewery,Pandora,IPA - Session,https://untappd.com/b/tron-brewery-pandora/2270836,4.0,25,3.69,170,09/01/17, ,serbia,0,0,0,0,0,0,0,0,0,0,0,0,0,0,0,0,0,0,0,0,0,0,0,0,0,0,0,1,0,0,0,0,0,0,0,0,0,0
259,5892793,Dogma Brewery,Show Your Independence,IPA - Session,https://untappd.com/b/dogma-brewery-show-your-independence/5892793,4.5,35,3.67,212,07/02/24,"Old school session IPA with all American hop varietes. Super drinkable, a bit dank and real sessionable IPA.  ",serbia,0,0,0,0,0,0,0,0,0,0,0,0,0,0,0,0,0,0,0,0,0,0,0,0,0,0,0,1,0,0,0,0,0,0,0,0,0,0
260,2778234,Zebrew,Chubby,IPA - Session,https://untappd.com/b/zebrew-chubby/2778234,4.3,25,3.67,256,08/02/18, ,serbia,0,0,0,0,0,0,0,0,0,0,0,0,0,0,0,0,0,0,0,0,0,0,0,0,0,0,0,1,0,0,0,0,0,0,0,0,0,0
261,4322875,Dogma Brewery,S.M.A.S.H. Citra,IPA - Session,https://untappd.com/b/dogma-brewery-s-m-a-s-h-citra/4322875,4.7,30,3.66,580,05/21/21,Another one in our SMASH Session IPA. And you all know this hop - it's Citra ladies & gents! ,serbia,0,0,0,0,0,0,0,0,0,0,0,0,0,0,0,0,0,0,0,0,0,0,0,0,0,0,0,1,0,0,0,0,0,0,0,0,0,0
262,5383175,Dogma Brewery,S.M.A.S.H. Strata,IPA - Session,https://untappd.com/b/dogma-brewery-s-m-a-s-h-strata/5383175,4.7,30,3.65,282,06/01/23,"One more from our Single Malt And Single Hop series. Ladies & Gents, meet Strata hops! ",serbia,0,1,0,0,0,0,0,0,0,0,0,0,0,0,0,0,0,0,0,0,0,0,0,0,0,0,0,1,0,0,0,0,0,0,0,0,0,0
263,6284331,Docker Brewery,Directors Cup,IPA - Session,https://untappd.com/b/docker-brewery-directors-cup/6284331,4.5,N/A,3.64,391,05/30/25, ,serbia,0,0,0,0,0,0,0,0,0,0,0,0,0,0,0,0,0,0,0,0,0,0,0,0,0,0,0,1,0,0,0,0,0,0,0,0,0,0
264,3091653,Dogma Brewery,SMASH Cascade,IPA - Session,https://untappd.com/b/dogma-brewery-smash-cascade/3091653,4.7,30,3.64,190,02/21/19,"Third beer in our Single Malt And Single Hop series! SMASH Cascade brings you al the characteristics of one of the most popular hops in craft brewing. Sessionable, easy to drink with mix of citrusy and floral aromas from this famous hop!  ",serbia,0,1,0,0,0,0,0,0,0,0,0,0,0,0,0,0,0,0,0,0,0,0,0,0,0,0,0,1,0,0,0,0,0,0,0,0,0,0
265,5451403,Dogma Brewery,7th AB #4 Micro IPA,IPA - Session,https://untappd.com/b/dogma-brewery-7th-ab-4-micro-ipa/5451403,3.5,20,3.64,453,07/20/23,4th of 7. Mikkeller is in da Dogma's house! Micro but super tasty. Perfect for runing with MRC Belgrade Crew! ,serbia,0,0,0,0,0,0,0,0,0,0,0,0,0,0,0,0,0,0,0,0,0,0,0,0,0,0,0,1,0,0,0,0,0,0,0,0,0,0
266,2370266,Dogma Brewery,S.M.A.S.H. Chinook,IPA - Session,https://untappd.com/b/dogma-brewery-s-m-a-s-h-chinook/2370266,4.7,55,3.63,305,11/03/17,"First from S.M.A.S.H. series where Dogma will present distinct hop aromas from hops which they use for all their beers. First is Chinook, dual purpose hop which is world-famous Yakima valey superstar. Citrus on aroma, grapefruit & spicy on flavour. Dry & drinkable. Only 4.7 abv.  ",serbia,0,1,0,0,0,0,0,0,1,0,0,0,0,0,0,0,0,0,0,0,0,0,0,0,0,0,0,1,0,0,0,0,0,0,0,0,0,0
267,3881515,Dogma Brewery,S.M.A.S.H. Sabro,IPA - Session,https://untappd.com/b/dogma-brewery-s-m-a-s-h-sabro/3881515,4.7,40,3.61,4971,07/20/20,"Sabro is a new hop superstar! Cause of that, we took it as a main actor in a new episode of Single Malt and Single Hop series. Beer which we releasing on our 4th birthday is super sessionable and perfect for a birthday party! Instead of a cake we're enjoying in subtile Sabro notes of coconut & tropical fruits. Clean and crispy summerish brew!  ",serbia,0,0,0,0,0,0,0,0,1,0,0,0,0,0,0,0,0,0,0,0,0,0,0,0,0,0,0,1,0,0,0,0,0,0,0,0,0,0
268,2784387,Kaš Balkan Brewtopia,Hop-Cup,IPA - Session,https://untappd.com/b/kas-balkan-brewtopia-hop-cup/2784387,5.0,55,3.61,213,08/05/18, ,serbia,0,0,0,0,0,0,0,0,0,0,0,0,0,0,0,0,0,0,0,0,0,0,0,0,0,0,0,1,0,0,0,0,0,0,0,0,0,0
269,3338350,Dogma Brewery,"SMALL TALK, Big Brew Micro IPA",IPA - Session,https://untappd.com/b/dogma-brewery-small-talk-big-brew-micro-ipa/3338350,3.6,60,3.59,526,07/19/19,"Serbian part of Dogma Brewery & Hop Hooligans ""back to back"" collaboration. Low abv, but still medium body with juicy & hoppy profile from Columbus, Comet & Idaho 7 combo!  ",serbia,0,0,0,0,0,0,0,0,0,0,0,0,0,0,0,0,0,0,0,0,0,0,0,0,0,0,0,1,0,0,0,0,0,0,0,0,0,0
270,4707542,Robocraft Brewery,Mugunghwa,IPA - Session,https://untappd.com/b/robocraft-brewery-mugunghwa/4707542,4.8,55,3.57,728,02/08/22,"Mugunghwa, robot lutka iz Korejanske pop kulture koje je našla mesto i u čuvenom serijalu Squid game, inspirisala nas je da napravimo pivo spremno na igru eliminacije sa industrijom. Red light...green light...YOU ARE ELIMINATED! U pitanju je session ipa, odmerene gaziranosti, punog tela i mirisa sa blažim procentom alkohola od 4,8%. ",serbia,0,0,0,0,0,0,0,0,0,0,0,1,0,0,0,0,0,0,0,0,0,0,0,0,0,0,0,1,0,0,0,0,0,0,0,0,0,0
271,2532138,Dogma Brewery,S.M.A.S.H. Mosaic,IPA - Session,https://untappd.com/b/dogma-brewery-s-m-a-s-h-mosaic/2532138,4.7,60,3.56,2385,02/27/18,"Second in our ""S.M.A.S.H. Session IPA"" series, this beer brings you aroma and flavour of one of our favourite hops - Mosaic! Explosion of tropical aromas comes on a plate of 100% pilsner malt body, clear and crispy as one beer can be.  ",serbia,1,1,0,0,0,0,0,0,0,0,0,0,0,0,0,0,0,0,0,0,0,0,0,0,0,0,0,1,0,0,0,0,0,0,0,0,0,0
272,4322882,Dogma Brewery,S.M.A.S.H. Mandarina Bavaria,IPA - Session,https://untappd.com/b/dogma-brewery-s-m-a-s-h-mandarina-bavaria/4322882,4.7,30,3.53,431,05/21/21,Mandarina Bavaria is the most popular German new hop variety. Here it is in our SMASH Session IPA series! Prost! ,serbia,0,0,0,1,0,0,0,0,0,0,0,0,0,0,0,0,0,0,0,0,0,0,0,0,0,0,0,1,0,0,0,0,0,0,0,0,0,0
273,4548734,Dogma Brewery,S.M.A.S.H. Galaxy,IPA - Session,https://untappd.com/b/dogma-brewery-s-m-a-s-h-galaxy/4548734,4.7,35,3.53,2647,10/15/21,S.M.A.S.H. series continues! Now we travel thru Galaxy to Australian hop fields... ,serbia,0,0,0,0,0,0,0,0,0,0,0,0,0,0,0,0,0,0,0,0,0,0,0,0,0,0,0,1,0,0,0,0,0,0,0,0,0,0
274,5651752,Dogma Brewery,S.M.A.S.H Idaho 7,IPA - Session,https://untappd.com/b/dogma-brewery-s-m-a-s-h-idaho-7-session-ipa/5651752,4.7,N/A,3.47,1070,12/20/23, ,serbia,0,0,0,0,0,0,0,0,0,0,0,0,0,0,0,0,0,0,0,0,0,0,0,0,0,0,0,1,0,0,0,0,0,0,0,0,0,0
275,6218917,Tron Brewery,Hugo Session IPA,IPA - Session,https://untappd.com/b/tron-brewery-hugo-session-ipa/6218917,4.0,22,3.45,1976,04/07/25,"Citrus, tropical fruit, pine, and stone fruit with a crisp, refreshing finish. Light-bodied, balanced bitterness, and pronounced hop aroma.  ",serbia,0,0,0,0,0,0,0,0,1,0,0,0,0,0,0,0,0,0,0,0,0,0,0,0,0,0,0,1,0,0,0,0,0,0,0,0,0,0
276,5572514,Docker Brewery,Rulebreaker,IPA - Sour,https://untappd.com/b/docker-brewery-rulebreaker/5572514,5.5,N/A,3.78,240,10/20/23, ,serbia,0,0,0,0,0,0,0,0,0,0,0,0,0,0,0,0,0,0,0,0,0,0,0,0,0,0,0,1,0,0,0,0,0,0,0,0,0,0
278,4939555,Dogma Brewery,6th Anniversary No.1 - Triple Hoptopod,IPA - Triple,https://untappd.com/b/dogma-brewery-6th-anniversary-no-1-triple-hoptopod/4939555,10.0,60,3.82,489,07/20/22,"Triple Hoptopod babies! Our bestseller last year was Double, now it's Triple IPA.  ",serbia,0,0,0,0,0,0,0,0,0,0,0,0,0,0,0,0,0,0,0,0,0,0,0,0,0,0,0,1,0,0,0,0,0,0,0,0,0,0
279,2143835,Docker Brewery,Slovenski Kollab,IPA - Triple,https://untappd.com/b/kors-brewery-slovenski-kollab/2143835,9.5,69,3.79,451,06/14/17,"Dosta hmelja, slada i ruske duše je uloženo u ovaj IPA specijalitet. Pred Vama je Slovenski Kollab pripremljen sa istinski ruskim zanosom. Kolaboracija sa Slovenskom pivarom Hopsbrew. Živeli! ",serbia,1,1,0,0,0,0,0,0,0,0,0,0,0,0,0,0,0,0,0,0,0,0,0,0,0,0,0,1,0,0,0,0,0,0,0,0,0,0
280,4089354,Kabinet Brewery,Have a Nice Trip,IPA - Triple,https://untappd.com/b/kabinet-brewery-have-a-nice-trip/4089354,10.41,105,3.75,444,12/08/20,"Welcome to Serbia and Have a Nice Trip.Beer made with our deLux friends from Totenhopfen Brauhaus.Everything about this beer was a trip for all of us and we can tell you it was an awesome one.From the recipe creation to the label and our trip to misty and mysterious Kosmaj mountain.Double mashed and dry hopped with Mosaic, Enigma and Idaho7. ",serbia,0,0,0,0,0,0,0,0,0,0,0,0,0,0,0,0,0,0,0,0,0,0,0,0,0,0,0,1,0,0,0,0,0,0,0,0,0,0
281,4731343,Docker Brewery,Doctor Triple,IPA - Triple,https://untappd.com/b/docker-brewery-doctor-triple/4731343,10.0,64,3.75,473,02/26/22,"When new generation of Kors Brewmasters dedicate beer to one and only Mr Yuri that need to be nothing less than Triple Ipa. Columbus, Mosaic, El Dorado, Sabro, Cascade,Bru-1 & Idaho-7 ",serbia,0,0,0,0,0,0,0,0,0,0,0,0,0,0,0,0,0,0,0,0,0,0,0,0,0,0,0,1,0,0,0,0,0,0,0,0,0,0
282,5010151,Dogma Brewery,SACK,IPA - Triple,https://untappd.com/b/dogma-brewery-sack/5010151,9.9,60,3.75,304,09/07/22,"SACK! That's always painfull thing for every quarteback. And this Triple IPA brewed in honor of American football, with our friends from Podcast ""99 Jardi"" will sack you!  ",serbia,0,0,0,0,0,0,0,0,0,0,0,0,0,0,0,0,0,0,0,0,0,0,0,0,0,0,0,1,0,0,0,0,0,0,0,0,0,0
286,5331463,Robocraft Brewery,MONITOR HEADS,IPA - Triple New England / Hazy,https://untappd.com/b/robocraft-brewery-monitor-heads/5331463,9.0,55,3.75,279,04/25/23, ,serbia,0,0,0,0,0,0,0,0,0,0,0,0,0,0,0,0,0,0,0,0,0,0,0,0,0,0,0,1,0,0,0,0,0,0,0,0,0,0
287,4725780,Dogma Brewery,Nowhere In the World,IPA - Triple New England / Hazy,https://untappd.com/b/dogma-brewery-nowhere-in-the-world/4725780,8.5,50,3.74,153,02/22/22,"Special beer for special friends! It's  named like this as you definitely can not drink it Nowhere In The World. Except in France as this is an exclusive brew for V and B. Full body, super juicy & potent. Run to V and B stores!  ",serbia,0,0,0,0,0,0,0,0,0,0,0,0,0,0,0,0,0,0,0,0,0,0,0,0,0,0,0,1,0,0,0,0,0,0,0,0,0,0
288,4886953,Docker Brewery,Silly Alpaca,IPA - White / Wheat,https://untappd.com/b/docker-brewery-silly-alpaca/4886953,5.9,N/A,3.8,657,06/14/22, ,serbia,0,0,0,0,0,0,0,0,0,0,0,0,0,0,0,0,0,0,0,0,0,0,0,0,0,0,0,1,0,0,0,0,0,0,0,0,0,0
289,2073650,Dogma Brewery,Albino,IPA - White / Wheat,https://untappd.com/b/dogma-brewery-albino/2073650,6.5,60,3.7,5743,05/03/17,"Albino is a WIPA. Why? Well, because we believe in hops, but also we like to get into new fields. Now, we're in fields of wheat which gave us an ""hybrid"" IPA, perfectly balanced with fruity aromas of American and Slovenian hopse, hints of tangerine and orange peel flavour.  ",serbia,0,1,0,0,0,0,0,0,1,0,0,0,0,0,0,0,0,0,0,0,0,0,0,0,0,0,0,1,0,0,0,0,0,0,0,0,0,0
290,4939567,Dogma Brewery,6th Anniversary No.4 - Zappa White IPA,IPA - White / Wheat,https://untappd.com/b/dogma-brewery-6th-anniversary-no-4-zappa-white-ipa/4939567,6.8,50,3.57,495,07/20/22,Zappa hops & white IPA malts. Great combo!  ,serbia,1,1,0,0,0,0,0,0,0,0,0,0,0,0,0,0,0,0,0,0,0,0,0,0,0,0,0,1,0,0,0,0,0,0,0,0,0,0
291,943051,The Camelot,Svetlo,Kellerbier / Zwickelbier,https://untappd.com/b/the-camelot-svetlo/943051,5.0,N/A,3.59,175,01/13/15,Hazy golden color with quickly disappearing head and some lacing. Aroma is malty with some floral hops and hint of yeast. Taste is sweet with malt and hops. Its very tasty and balanced beer. ,serbia,1,1,0,0,0,0,0,1,0,0,0,0,0,0,0,0,0,0,0,0,0,0,0,0,0,0,0,0,0,0,0,0,0,0,0,0,0,1
292,376508,BIP,Ruski Kvas Original,Kvass,https://untappd.com/b/bip-ruski-kvas-original/376508,0.5,N/A,2.73,282,06/01/13, ,serbia,0,0,0,0,0,0,0,0,0,0,0,0,0,0,0,0,0,0,0,0,0,0,0,0,0,0,0,0,0,0,0,0,0,0,0,0,0,1
293,3338357,Dogma Brewery,Linden,Kölsch,https://untappd.com/b/dogma-brewery-linden/3338357,4.0,20,3.49,341,07/19/19,Another birthday collaboration with our friends from Pelicon. Our view on this fabulous beer style with a twist of adding the Linden tea before kegging and bottling. So god damn gentle beer!  ,serbia,0,0,0,0,0,0,0,0,0,0,0,0,0,0,0,0,0,0,0,0,0,0,0,0,0,0,0,0,1,0,0,0,0,0,0,0,0,0
294,2142119,Cigla Bar,Cigla Crveno,Lager - Amber / Red,https://untappd.com/b/cigla-bar-cigla-crveno/2142119,5.0,N/A,3.58,155,06/13/17,Red lager made for Cigla Bar ,serbia,0,0,0,0,0,0,0,0,0,0,0,0,0,0,0,0,0,0,0,0,0,0,0,0,0,0,0,0,0,1,0,0,0,0,0,0,0,0
295,2200850,Kaš Balkan Brewtopia,Jugoslavija,Lager - Amber / Red,https://untappd.com/b/kas-brewery-jugoslavija/2200850,4.7,N/A,3.57,188,07/19/17, ,serbia,0,0,0,0,0,0,0,0,0,0,0,0,0,0,0,0,0,0,0,0,0,0,0,0,0,0,0,0,0,1,0,0,0,0,0,0,0,0
296,3811351,Gvint,Orthodox Celts Red,Lager - American Amber / Red,https://untappd.com/b/gvint-orthodox-celts-red/3811351,4.8,30,3.49,441,06/03/20,"Copper colored beer, moderately strong body, moderate biterness and a mild caramel aroma. Made in collaboration with Orthodox Celts, Serbian rock bend . ",serbia,0,0,0,0,0,0,1,0,0,0,0,0,0,0,0,0,0,0,0,0,0,0,0,0,0,0,0,0,0,1,0,0,0,0,0,0,0,0
297,5618001,Docker Brewery,Annette,Lager - Dark,https://untappd.com/b/docker-brewery-annette/5618001,4.5,N/A,3.74,447,11/24/23,Annette je Nemačka škola tamnog piva. Klasićan shwartzbier u našem izvođenju. Bazni Pale Ale slad umiksovali smo sa još 5 vrsta specijalnih sladova i svemu tome dodali prženi ražani hleb. Lager kvasac je tu za uživanje u čistom sladnom ukusu piva. Živeli! ,serbia,1,0,0,0,0,0,0,1,0,0,0,0,0,0,0,0,0,0,0,0,0,0,0,0,0,0,0,0,0,1,0,0,0,0,0,0,0,0
298,5662147,3bir,Crni Šlager,Lager - Dark,https://untappd.com/b/3bir-crni-slager/5662147,5.0,N/A,3.63,192,12/28/23, ,serbia,0,0,0,0,0,0,0,0,0,0,0,0,0,0,0,0,0,0,0,0,0,0,0,0,0,0,0,0,0,1,0,0,0,0,0,0,0,0
299,4512906,Pivara Vučje,Leskovačko Crno,Lager - Dark,https://untappd.com/b/pivara-vucje-leskovacko-crno/4512906,5.3,N/A,3.54,175,09/19/21, ,serbia,0,0,0,0,0,0,0,0,0,0,0,0,0,0,0,0,0,0,0,0,0,0,0,0,0,0,0,0,0,1,0,0,0,0,0,0,0,0
300,3651455,Inat Brewery,Crno,Lager - Dark,https://untappd.com/b/inat-brewery-crni-lager/3651455,4.2,22,3.24,282,01/31/20, ,serbia,0,0,0,0,0,0,0,0,0,0,0,0,0,0,0,0,0,0,0,0,0,0,0,0,0,0,0,0,0,1,0,0,0,0,0,0,0,0
301,1402598,Heineken Srbija Zaječar,Zaječarsko Crno,Lager - Dark,https://untappd.com/b/heineken-srbija-zajecar-zajecarsko-crno/1402598,5.2,N/A,3.17,3214,01/24/16,"Autentičan ukus i aroma Zaječarskog Crnog su postignuti kombinacijom četiri vrste slada: svetlog, specijalnog, karamelnog i crnog (prženog). ",serbia,1,0,0,0,0,0,1,0,0,0,0,0,0,0,0,0,0,0,0,0,0,0,0,0,0,0,0,0,0,1,0,0,0,0,0,0,0,0
302,1047440,Heineken Srbija Zaječar,Weifert,Lager - Dortmunder / Export,https://untappd.com/b/heineken-srbija-zajecar-weifert/1047440,5.0,N/A,3.19,316,04/13/15, ,serbia,0,0,0,0,0,0,0,0,0,0,0,0,0,0,0,0,0,0,0,0,0,0,0,0,0,0,0,0,0,1,0,0,0,0,0,0,0,0
303,4526798,Dogma Brewery,Callista & Ariana,Lager - Helles,https://untappd.com/b/dogma-brewery-callista-and-ariana/4526798,4.5,20,3.71,172,09/30/21,We brew this beer with a help of our friends from Barth Haas. First ever use of Lupomax hop pellets in Serbia for a beer which celebrates culture & identity of Oktoberfest! Prost!  ,serbia,0,0,0,0,0,0,0,0,0,0,0,0,0,0,0,0,0,0,0,0,0,0,0,0,0,0,0,0,0,1,0,0,0,0,0,0,0,0
304,3978870,Dogma Brewery,On the Road To Munich,Lager - Helles,https://untappd.com/b/dogma-brewery-on-the-road-to-munich/3978870,4.7,20,3.62,379,09/25/20,Munich is the city we like cause of those silky & tasty beers. This beer is our dedication to this unique & legendary beer place on Planet Earth!  ,serbia,0,0,0,0,0,0,0,0,0,0,0,0,0,0,0,0,0,0,0,0,0,0,0,0,0,0,0,0,0,1,0,0,0,0,0,0,0,0
305,5831030,Dogma Brewery,Wish & Goal Stadium Lager,Lager - Helles,https://untappd.com/b/dogma-brewery-wish-and-goal-stadium-lager/5831030,4.7,N/A,3.61,273,05/17/24,"We like football. We adore beer. Those facts brought us to this great collab with legendary football comentators Viško & Gojko, authors of ""Wish & Goal"" podcast. Easy Helles inspired by next EURO in Germany. Enjoy it before, during or after stadium!  ",serbia,0,0,0,1,0,0,0,0,0,0,0,0,0,0,0,0,0,0,0,0,0,0,0,0,0,0,0,0,0,1,0,0,0,0,0,0,0,0
306,5075360,Funk And Soul Pub,Funk Off,Lager - Helles,https://untappd.com/b/funk-and-soul-pub-funk-off/5075360,4.5,N/A,3.54,189,10/20/22, ,serbia,0,0,0,0,0,0,0,0,0,0,0,0,0,0,0,0,0,0,0,0,0,0,0,0,0,0,0,0,0,1,0,0,0,0,0,0,0,0
307,1764300,Kabinet Brewery,Shatzi (Šaci),Lager - Helles,https://untappd.com/b/kabinet-brewery-shatzi-saci/1764300,5.2,19,3.5,304,10/07/16,Serbian version of the classic German lager. ,serbia,0,0,0,1,0,0,0,0,0,0,0,0,0,0,0,0,0,0,0,0,0,0,0,0,0,0,0,0,0,1,0,0,0,0,0,0,0,0
308,4275800,Robocraft Brewery,Cyber Punk,Lager - Helles,https://untappd.com/b/robocraft-brewery-cyber-punk/4275800,4.5,20,3.42,910,04/20/21,"Cyber punk je kiborg poslat iz budućnosti da spreči dominaciju indistrijskog piva koje se udaljilo od izvornog kvaltetnog lagera štedeći na sirovinama (manje ječmenog slada, forsiranje kukurzne krupice, pregaziran proizvod da sve to zamagli)Cyber punk je kraft lager sa više vrsta visoko kvalitnenog slada, što čini telo piva jakim ali pitkim, u kome se uživa natenane da bi se osetila punoća ukusa koja pravi razliku.Cyber ​​punk is a cyborg sent from the future to prevent the dominance of industrial beer that has moved away from the original quality lager by saving on raw materials (less barley malt, forcing corn, overcarbonated product to cover it all).Cyber ​​punk is a craft lager with several types of high quality malt, which makes the body of the beer strong but refreshing, which is enjoyed slowely to feel the fullness of taste that makes the difference. ",serbia,1,0,0,0,0,0,0,0,0,0,0,0,0,0,1,1,0,0,1,0,0,0,0,0,0,0,0,0,0,1,0,0,0,0,0,0,0,0
309,2678368,Dogma Brewery,Brate!,Lager - IPL (India Pale Lager),https://untappd.com/b/dogma-brewery-brate/2678368,4.5,25,3.67,401,06/01/18,"Brate! is the beer produced by two brother breweries Dogma & Lambrate. Sessionable, clean and hoppy lager ideal for summer days! ",serbia,0,0,0,0,0,0,0,0,0,0,0,0,0,0,0,0,0,0,0,0,0,0,0,0,0,0,0,0,0,1,0,0,0,0,0,0,0,0
310,4818300,Docker Brewery,Hoppy Sparrow,Lager - IPL (India Pale Lager),https://untappd.com/b/docker-brewery-hoppy-sparrow/4818300,4.5,N/A,3.67,159,04/29/22,Classic lager beer Dry Hoped with Mandarina Bavaria hops ,serbia,0,1,0,0,0,0,0,0,0,0,0,0,0,0,0,0,0,0,0,0,0,0,0,0,0,0,0,0,0,1,0,0,0,0,0,0,0,0
311,4118093,Dilemma Pivara,Galaxy India Pale Lager,Lager - IPL (India Pale Lager),https://untappd.com/b/dilemma-pivara-galaxy-india-pale-lager/4118093,5.3,N/A,3.66,174,12/26/20, ,serbia,0,0,0,0,0,0,0,0,0,0,0,0,0,0,0,0,0,0,0,0,0,0,0,0,0,0,0,0,0,1,0,0,0,0,0,0,0,0
312,5699812,Dogma Brewery,Lokalac Na Internetu,Lager - IPL (India Pale Lager),https://untappd.com/b/dogma-brewery-lokalac-na-internetu/5699812,5.1,35,3.66,256,02/02/24,"Here comes lokalac (local guy) who surfes around worldwide web which parts are our national .rs & .срб internet domains. With our friends from RNIDS, Registry of National Internet Domains of Serbia, we've brewed this West Coast Pilsner, beer style which is in these days super popular among crafters all around the world. Clean & crispy, with Slovenian Styrian Wolf, American Bru-1 and New Zealand Moteuka hops, this ultra drinkable pilsner brings you tropical aromas of citrus, pineapple & vanilla. And yes, we're bringing you sunny days a bit earlier - enjoy it and surf! ",serbia,0,1,0,0,0,1,0,0,0,0,0,0,0,0,0,0,0,0,0,0,0,0,0,0,0,0,0,0,0,1,0,0,0,0,0,0,0,0
313,5572858,Niška Pivara,Kalfa (Калфа),Lager - IPL (India Pale Lager),https://untappd.com/b/niska-pivara-kalfa-kalfa/5572858,6.0,35,3.58,578,10/20/23,"Special dark beer for real beer lovers, intensely hoppy, unfiltered beer. ",serbia,0,0,0,0,0,0,0,0,0,0,0,0,0,0,0,0,0,0,0,0,0,0,0,0,0,0,0,0,0,1,0,0,0,0,0,0,0,0
314,3243025,Gvint,Gvint 5,Lager - IPL (India Pale Lager),https://untappd.com/b/gvint-gvint-5/3243025,5.5,45,3.54,474,05/23/19,"Made from 5 varieties of hops and 5 varieties of  malt. Aromatic and hoppy, but still lager - crisp and refreshing. ",serbia,1,1,0,0,0,0,0,0,0,0,0,0,0,0,0,0,0,0,0,0,0,0,0,0,0,0,0,0,0,1,0,0,0,0,0,0,0,0
315,779025,Kabinet Brewery,Vertigo,Lager - IPL (India Pale Lager),https://untappd.com/b/kabinet-brewery-vertigo/779025,4.2,45,3.46,907,08/14/14,"An eccentric German pilsen, whose mandarine and honey notes will  make you see things from a new angle. ",serbia,0,0,0,1,0,0,0,0,0,0,0,0,0,0,0,0,0,0,0,0,0,0,0,0,0,0,0,0,0,1,0,0,0,0,0,0,0,0
316,4877790,Docker Brewery,Hamato Yoshi,Lager - Japanese Rice,https://untappd.com/b/docker-brewery-hamato-yoshi/4877790,5.3,N/A,3.57,649,06/08/22,Hamato Yoshi is Dry Lager made by 50% malt and 50% rice. Unpasteurized but filtrated which makes him extremely drinkable. Also this is beer with apsolutly lowest calories that we ever make.  ,serbia,1,0,0,0,0,0,0,0,0,0,0,0,0,0,0,0,0,0,0,0,0,0,0,0,0,0,0,0,0,1,0,0,0,0,0,0,0,0
317,4926904,Dogma Brewery,IPPON,Lager - Japanese Rice,https://untappd.com/b/dogma-brewery-ippon/4926904,5.0,25,3.55,306,07/10/22,"IPPON is produced in honor of great sport of judo! By buying a can, we're all suport Judo Club ""Rakovica"". ",serbia,0,0,0,0,0,0,0,0,0,0,0,0,0,0,0,0,0,0,0,0,0,0,0,0,0,0,0,0,0,1,0,0,0,0,0,0,0,0
318,5911476,Dogma Brewery,8th AB - El Niño De Tijuana,Lager - Mexican,https://untappd.com/b/dogma-brewery-8th-ab-el-nino-de-tijuana/5911476,4.5,20,3.63,243,07/18/24,"One of two 8th Anniversary beers dedicated to our friends around the world. This one is for a true craft beer legend, one and only Mario Beltran - El Niño De Tijuana!  ",serbia,0,0,0,0,0,0,0,0,0,0,0,0,0,0,0,0,0,0,0,0,0,0,0,0,0,0,0,0,0,1,0,0,0,0,0,0,0,0
319,4939562,Dogma Brewery,6th Anniversary No.3 - Mexican Lager,Lager - Mexican,https://untappd.com/b/dogma-brewery-6th-anniversary-no-3-mexican-lager/4939562,4.8,15,3.53,354,07/20/22,Hombre che pasa!? We've made it easy for this sunshine days. Take a sombrero and smash this crisp & clean festive lager! ,serbia,0,0,0,0,0,0,0,0,0,0,0,0,0,0,0,0,0,0,0,0,0,0,0,0,0,0,0,0,0,1,0,0,0,0,0,0,0,0
320,5044903,3bir,Podrigez,Lager - Mexican,https://untappd.com/b/3bir-podrigez/5044903,4.5,N/A,3.52,317,09/30/22,"Rezultat kolaboracije sa pivarom Manguliner, nas zajednički prvenac -  Podrigez - Meksicki lagerOvaj stil u pivarstvu je veoma popularan u svetu, pa smo i mi odlucili da napravimo našu verziju, a opisali bi ga kao jako svetlo pivo, niske gorčine, i nešto nižeg postotka alkohola(4,5%), veoma osvežavajućeg koji u sebi sadrži, pored uobičajnih sastojaka, i corn flakes. ",serbia,0,0,0,0,0,0,0,0,0,0,0,1,0,0,0,0,0,0,0,0,0,0,0,0,0,0,0,0,0,1,0,0,0,0,0,0,0,0
321,6595278,Dogma Brewery,Sri Lankan,Lager - Other,https://untappd.com/b/dogma-brewery-sri-lankan/6595278,4.7,N/A,3.6,159,02/08/26,Spiced lager ,serbia,0,0,0,0,0,0,0,0,0,0,0,0,0,0,0,0,0,0,0,0,0,0,0,0,0,0,0,0,0,1,0,0,0,0,0,0,0,0
322,6445403,Valjevska Pivara,Praga Slavic Lager,Lager - Other,https://untappd.com/b/valjevska-pivara-praga-slavic-lager/6445403,4.8,N/A,3.43,316,10/12/25, ,serbia,0,0,0,0,0,0,0,0,0,0,0,0,0,0,0,0,0,0,0,0,0,0,0,0,0,0,0,0,0,1,0,0,0,0,0,0,0,0
323,6266073,Niška Pivara,Pan Beran,Lager - Pale,https://untappd.com/b/niska-pivara-pan-beran/6266073,4.7,21,3.7,152,05/16/25,"Aroma: a fresh malt character with hints of herbal hop.Taste: a pure malt flavour with notes of gentle herbal hops and hints of freshly cut grass. Medium-bodied with moderate creaminess and a light, creamy texture. ",serbia,1,1,0,0,0,0,0,0,0,0,0,0,0,0,0,0,0,0,0,0,0,0,0,0,0,0,0,0,0,1,0,0,0,0,0,0,0,0
324,3894195,Crow Brewery,Vrana,Lager - Pale,https://untappd.com/b/crow-brewery-vrana/3894195,5.0,23,3.69,191,07/29/20,"Prvi u nizu novog serijala lager piva Vrana.Euro pale lager, najzastupjeniji svetli lager u Evropi.Cist, pitak, osvetavajuc.Prijatan ukus jecmenog slada, i nezna aroma Perle hmelja.Ziveli! ",serbia,1,1,0,0,0,0,0,0,0,0,0,0,0,0,0,0,0,0,0,0,0,0,0,0,0,0,0,0,0,1,0,0,0,0,0,0,0,0
325,4537280,Docker Brewery,Docker Lager,Lager - Pale,https://untappd.com/b/docker-brewery-docker-lager/4537280,4.5,N/A,3.63,977,10/07/21,"ČETIRI VRSTE SLADA, DVE VRSTE HMELJA, DUŽI ROK ODLEŽAVANJA NA NISKIM TEMPERATURAMA I NEOGRANIČENA KOLIČINA LJUBAVI DONELI SU SAVRŠENO BALANSIRAN LAGER PUNOG SLADNOG UKUSA I PRIJATNE GORČINE.  ENGFOUR TYPES OF MALT, TWO TYPES OF HOPS, A LONGER PERIOD OF AGING AT LOW TEMPERATURES AND AN UNLIMITED AMOUNT OF LOVE HAVE BROUGHT A PERFECTLY BALANCED LAGER FULL OF MALT FLAVOR AND PLEASANT BITTERNESS. ",serbia,0,0,0,0,0,0,0,0,0,0,0,0,0,0,0,0,0,0,0,0,0,0,0,0,0,0,0,0,0,1,0,0,0,0,0,0,0,0
326,3344144,Homoljsko Pivo / Aleksandar & Friedrich Brewery,Homoljsko Pivo,Lager - Pale,https://untappd.com/b/homoljsko-aca-pivo-aleksandar-and-friedrich-brewery-homoljsko-pivo/3344144,5.5,N/A,3.62,169,07/21/19, ,serbia,0,0,0,0,0,0,0,0,0,0,0,0,0,0,0,0,0,0,0,0,0,0,0,0,0,0,0,0,0,1,0,0,0,0,0,0,0,0
327,5571112,Crow Brewery,Megdan,Lager - Pale,https://untappd.com/b/crow-brewery-megdan/5571112,5.0,25,3.61,158,10/19/23,"Novo kucno pivo Gunners Pub-a, nemacki tip lagera. ",serbia,0,0,0,1,0,0,0,0,0,0,0,0,0,0,0,0,0,0,0,0,0,0,0,0,0,0,0,0,0,1,0,0,0,0,0,0,0,0
328,5853807,Kabinet Brewery,BIK,Lager - Pale,https://untappd.com/b/kabinet-brewery-bik/5853807,5.5,N/A,3.58,166,06/02/24,Collab w Bip ,serbia,0,0,0,0,0,0,0,0,0,0,0,0,0,0,0,0,0,0,0,0,0,0,0,0,0,0,0,0,0,1,0,0,0,0,0,0,0,0
329,1726040,Cigla I Krigla,Cigla Svetlo Lager,Lager - Pale,https://untappd.com/b/cigla-i-krigla-cigla-svetlo-lager/1726040,4.7,N/A,3.57,153,09/10/16,Czech Lager ,serbia,0,0,0,0,0,0,0,0,0,0,0,0,0,0,0,0,0,0,0,0,0,0,0,0,0,0,0,0,0,1,0,0,0,0,0,0,0,0
330,3727671,Manguliner,Manguliner,Lager - Pale,https://untappd.com/b/manguliner-manguliner/3727671,4.2,N/A,3.55,250,03/20/20,Lokalno pivo. Sremska Mitrovica ,serbia,0,0,0,0,0,0,0,0,0,0,0,0,0,0,0,0,0,0,0,0,0,0,0,0,0,0,0,0,0,1,0,0,0,0,0,0,0,0
331,2627986,Beer Wood,Biroslav,Lager - Pale,https://untappd.com/b/beer-wood-biroslav/2627986,4.7,N/A,3.55,178,04/30/18, ,serbia,0,0,0,0,0,0,0,0,0,0,0,0,0,0,0,0,0,0,0,0,0,0,0,0,0,0,0,0,0,1,0,0,0,0,0,0,0,0
332,3923694,Pivzdarija (Пивздарија),Lager,Lager - Pale,https://untappd.com/b/pivzdarija-pivzdari-a-lager/3923694,4.5,N/A,3.53,170,08/17/20, ,serbia,0,0,0,0,0,0,0,0,0,0,0,0,0,0,0,0,0,0,0,0,0,0,0,0,0,0,0,0,0,1,0,0,0,0,0,0,0,0
333,4408970,Tron Brewery,Zavičaj,Lager - Pale,https://untappd.com/b/tron-brewery-zavicaj/4408970,4.5,N/A,3.51,283,07/13/21, ,serbia,0,0,0,0,0,0,0,0,0,0,0,0,0,0,0,0,0,0,0,0,0,0,0,0,0,0,0,0,0,1,0,0,0,0,0,0,0,0
334,3809058,Salto Pivo,Salto Lager,Lager - Pale,https://untappd.com/b/salto-pivo-salto-lager/3809058,4.8,28,3.51,1199,06/01/20,"Salto Lager unites classic European brewing tradition with the progressive ideas of the craft beer scene. Taking the best from both worlds and carefully selecting ingredients helps us produce an exceptional lager beer. Salto Lager is as refreshing as regular lagers, but it has a more aromatic, nuanced taste. Our brewery is all about attention to detail, making our beer unique and great tasting. Salto is making lager exciting again. ",serbia,0,0,0,0,0,0,0,0,0,0,0,0,0,0,0,0,0,0,0,0,0,0,0,0,0,0,0,0,0,1,0,0,0,0,0,0,0,0
335,1141586,BIP,BiP Nefiltrirano,Lager - Pale,https://untappd.com/b/bip-bip-nefiltrirano/1141586,5.0,N/A,3.5,181,06/28/15, ,serbia,0,0,0,0,0,0,0,0,0,0,0,0,0,0,0,0,0,0,0,0,0,0,0,0,0,0,0,0,0,1,0,0,0,0,0,0,0,0
336,3394099,The Three Carrots,3 Lepe,Lager - Pale,https://untappd.com/b/the-three-carrots-3-lepe/3394099,4.8,20,3.49,256,08/21/19, ,serbia,0,0,0,0,0,0,0,0,0,0,0,0,0,0,0,0,0,0,0,0,0,0,0,0,0,0,0,0,0,1,0,0,0,0,0,0,0,0
337,1151777,Sindikat Brewery,Tanker,Lager - Pale,https://untappd.com/b/sindikat-brewery-tanker/1151777,4.8,N/A,3.45,217,07/06/15, ,serbia,0,0,0,0,0,0,0,0,0,0,0,0,0,0,0,0,0,0,0,0,0,0,0,0,0,0,0,0,0,1,0,0,0,0,0,0,0,0
338,1690465,Valjevska Pivara,Eichinger,Lager - Pale,https://untappd.com/b/valjevska-pivara-eichinger/1690465,4.8,N/A,3.44,150,08/14/16, ,serbia,0,0,0,0,0,0,0,0,0,0,0,0,0,0,0,0,0,0,0,0,0,0,0,0,0,0,0,0,0,1,0,0,0,0,0,0,0,0
339,4517220,Pivara Vučje,Leskovačko Svetlo,Lager - Pale,https://untappd.com/b/pivara-vucje-leskovacko-svetlo/4517220,4.5,N/A,3.43,392,09/23/21, ,serbia,0,0,0,0,0,0,0,0,0,0,0,0,0,0,0,0,0,0,0,0,0,0,0,0,0,0,0,0,0,1,0,0,0,0,0,0,0,0
340,3275709,Inat Brewery,Lager,Lager - Pale,https://untappd.com/b/inat-brewery-lager/3275709,4.7,24,3.41,504,06/11/19, ,serbia,0,0,0,0,0,0,0,0,0,0,0,0,0,0,0,0,0,0,0,0,0,0,0,0,0,0,0,0,0,1,0,0,0,0,0,0,0,0
341,2646565,Gvint,Svetlo,Lager - Pale,https://untappd.com/b/gvint-svetlo/2646565,4.9,26,3.41,910,05/12/18,"Lager that is somewhere between the Bavarian (heles) and Czech (pilsner), with just enough barley malt and hops so that the beer has moderate aroma and bitterness.  ",serbia,1,1,0,0,0,0,0,0,0,0,0,0,0,0,0,1,0,0,0,0,0,0,0,0,0,0,0,0,0,1,0,0,0,0,0,0,0,0
342,4027978,Liga Pub,Quality Lager,Lager - Pale,https://untappd.com/b/liga-pub-quality-lager/4027978,5.0,N/A,3.4,417,10/28/20, ,serbia,0,0,0,0,0,0,0,0,0,0,0,0,0,0,0,0,0,0,0,0,0,0,0,0,0,0,0,0,0,1,0,0,0,0,0,0,0,0
343,1683575,Valjevska Pivara,Spirit Tesla Serbian Lager Beer,Lager - Pale,https://untappd.com/b/valjevska-pivara-spirit-tesla-serbian-lager-beer/1683575,4.5,N/A,3.37,252,08/10/16, ,serbia,0,0,0,0,0,0,0,0,0,0,0,0,0,0,0,0,0,0,0,0,0,0,0,0,0,0,0,0,0,1,0,0,0,0,0,0,0,0
344,4551460,Harat's Pub Belgrade,Harat's Lager,Lager - Pale,https://untappd.com/b/harat-s-pub-belgrade-harat-s-lager/4551460,5.0,N/A,3.31,571,10/16/21, ,serbia,0,0,0,0,0,0,0,0,0,0,0,0,0,0,0,0,0,0,0,0,0,0,0,0,0,0,0,0,0,1,0,0,0,0,0,0,0,0
345,222958,Black Turtle Brewpub,Lager,Lager - Pale,https://untappd.com/b/black-turtle-brewpub-lager/222958,4.6,N/A,3.3,602,08/31/12, ,serbia,0,0,0,0,0,0,0,0,0,0,0,0,0,0,0,0,0,0,0,0,0,0,0,0,0,0,0,0,0,1,0,0,0,0,0,0,0,0
346,3131713,Carlsberg Srbija,Zrenjaninsko Svetlo Pivo,Lager - Pale,https://untappd.com/b/carlsberg-srbija-zrenjaninsko-svetlo-pivo/3131713,5.0,N/A,3.29,181,03/17/19, ,serbia,0,0,0,0,0,0,0,0,0,0,0,0,0,0,0,0,0,0,0,0,0,0,0,0,0,0,0,0,0,1,0,0,0,0,0,0,0,0
347,1582778,Apatinska Pivara,Jelen Nefiltrirano Pivo,Lager - Pale,https://untappd.com/b/apatinska-pivara-jelen-nefiltrirano-pivo/1582778,5.2,25,3.29,408,06/02/16,"JELEN NEFILTRIRANO is a pasteurized lager beer with 5,2% alcohol and 12% of beer extract. This beer did not go through the filtration process, so its natural ingredients are present for a longer time and give it a visible cloudiness.Richer taste, real beer freshness and a shorter expiration date are the thing that distinguish it from other filtered lager beers. ",serbia,0,0,0,0,0,0,0,0,0,0,0,1,0,0,0,0,0,0,0,0,0,0,0,0,0,0,0,0,0,1,0,0,0,0,0,0,0,0
348,228208,Niška Pivara,Niško (Нишко),Lager - Pale,https://untappd.com/b/niska-pivara-nisko-nishko/228208,4.7,N/A,3.27,4521,09/10/12, ,serbia,0,0,0,0,0,0,0,0,0,0,0,0,0,0,0,0,0,0,0,0,0,0,0,0,0,0,0,0,0,1,0,0,0,0,0,0,0,0
349,4156756,Heineken Srbija Zaječar,Zaječarsko Ekstra,Lager - Pale,https://untappd.com/b/heineken-srbija-zajecar-zajecarsko-ekstra/4156756,4.5,N/A,3.21,524,01/27/21,"Зајечарско Екстра Филтрирано је светло, непастеризовано/хладно филтрирано пиво направљено на основу рецептуре Зајечарског светлог. Захваљујући посебној врсти хмеља пиво има благи хербални укус добро избалансиран са оригиналном горчином, што га чини невероватно питким и лаганим.Зајечарско Екстра Филтрирано је пиво врхунског квалитета чија је одлика хладна филтрација која чува оригиналну арому хмеља. Ново паковање са симболом Ртња - најпознатије планине источне Србије јединствене по својој нетакнутој природи, додатно истиче свежину зајечарског бисера. ",serbia,0,0,0,0,0,0,0,0,0,0,0,0,0,0,0,0,0,0,0,0,0,0,0,0,0,0,0,0,0,1,0,0,0,0,0,0,0,0
350,236695,Valjevska Pivara,Valjevsko Pivo,Lager - Pale,https://untappd.com/b/valjevska-pivara-valjevsko-pivo/236695,4.8,N/A,3.19,3339,09/28/12,"Pours a clear yellow golden topped with a rather small white head. Aroma of very sweet grains. Taste is bitter but heavy on the metallic feel. Valjevsko Beer is prepared from the best raw materials, according to a traditional recipe. Pleasant bitterness, fine aroma, full taste, drinkability and refreshing effect provide a superb beer consumption experience. During the decades of production, light ""Valjevsko pivo"" has retained a unique taste and quality that true lovers of the golden drink can appreciate. It is one of the most famous beer brands in our country (Serbia). ",serbia,0,0,0,0,0,0,0,0,0,0,0,0,0,0,0,0,0,0,0,0,0,0,0,0,0,0,0,0,0,1,0,0,0,0,0,0,0,0
351,891529,Carlsberg Srbija,Carsko,Lager - Pale,https://untappd.com/b/carlsberg-srbija-carsko/891529,4.2,N/A,3.11,234,11/28/14, ,serbia,0,0,0,0,0,0,0,0,0,0,0,0,0,0,0,0,0,0,0,0,0,0,0,0,0,0,0,0,0,1,0,0,0,0,0,0,0,0
352,4232928,Apatinska Pivara,Jelen Chill,Lager - Pale,https://untappd.com/b/apatinska-pivara-jelen-chill/4232928,4.0,N/A,3.1,263,03/22/21, ,serbia,0,0,0,0,0,0,0,0,0,0,0,0,0,0,0,0,0,0,0,0,0,0,0,0,0,0,0,0,0,1,0,0,0,0,0,0,0,0
353,1613028,Carlsberg Srbija,Lav Premium,Lager - Pale,https://untappd.com/b/carlsberg-srbija-lav-premium/1613028,4.9,N/A,3.08,7994,06/22/16, ,serbia,0,0,0,0,0,0,0,0,0,0,0,0,0,0,0,0,0,0,0,0,0,0,0,0,0,0,0,0,0,1,0,0,0,0,0,0,0,0
354,736398,Carlsberg Srbija,Dunđerski Svetlo Pivo,Lager - Pale,https://untappd.com/b/carlsberg-srbija-dun-erski-svetlo-pivo/736398,4.8,N/A,3.08,396,07/05/14, ,serbia,0,0,0,0,0,0,0,0,0,0,0,0,0,0,0,0,0,0,0,0,0,0,0,0,0,0,0,0,0,1,0,0,0,0,0,0,0,0
355,14262,Apatinska Pivara,Jelen Pivo,Lager - Pale,https://untappd.com/b/apatinska-pivara-jelen-pivo/14262,4.6,N/A,2.99,41400,12/11/10,"Market leader, Jelen Pivo launched its successful foray into foreign markets. Is present primarily in the markets of neighboring countries: Bosnia and Herzegovina (also a market leader), Macedonia, Croatia and Austria, Switzerland, Greece and Italy. ",serbia,0,0,0,0,0,0,0,0,0,0,0,0,0,0,0,0,0,0,0,0,0,0,0,0,0,0,0,0,0,1,0,0,0,0,0,0,0,0
356,228198,Heineken Srbija Zaječar,Zaječarsko Svetlo,Lager - Pale,https://untappd.com/b/heineken-srbija-zajecar-zajecarsko-svetlo/228198,4.5,N/A,2.95,20523,09/10/12, ,serbia,0,0,0,0,0,0,0,0,0,0,0,0,0,0,0,0,0,0,0,0,0,0,0,0,0,0,0,0,0,1,0,0,0,0,0,0,0,0
357,52584,Carlsberg Srbija,Lav Pivo,Lager - Pale,https://untappd.com/b/carlsberg-srbija-lav-pivo/52584,4.5,N/A,2.83,15058,05/24/11, ,serbia,0,0,0,0,0,0,0,0,0,0,0,0,0,0,0,0,0,0,0,0,0,0,0,0,0,0,0,0,0,1,0,0,0,0,0,0,0,0
358,224731,Carlsberg Srbija,Merak,Lager - Pale,https://untappd.com/b/carlsberg-srbija-merak/224731,4.5,N/A,2.73,2740,09/03/12, ,serbia,0,0,0,0,0,0,0,0,0,0,0,0,0,0,0,0,0,0,0,0,0,0,0,0,0,0,0,0,0,1,0,0,0,0,0,0,0,0
359,3477714,Dilemma Pivara,1722,Lager - Vienna,https://untappd.com/b/dilemma-pivara-1722/3477714,5.5,N/A,3.67,245,10/12/19,"1722 Mittelfruh Lager je napravljen u čast svih koji su stvarali najlepše vrste piva u Pančevu i širom Balkana, od 1722. godine do sada. U to ime ŽIVELI!Nakon tri stotine godina stvaranja piva u Pančevu, Dilemma Brewery nastavlja prekinutu tradiciju. Naš lager je nemačkog tipa, zahmeljen plemenitom sortom hmelja Halertauer Mittelfruh, nazvan po regiji gde se vekovima uzgaja. Čist ukus, umerene slatkoće sa izraženim notama ječmenog slada – veoma pitko.  ",serbia,1,1,0,0,0,0,0,0,0,0,0,0,0,0,0,0,0,0,0,0,0,0,0,0,0,0,0,0,0,1,0,0,0,0,0,0,0,0
360,4352980,Dogma Brewery,Dama/Lady - Vienna Lager,Lager - Vienna,https://untappd.com/b/dogma-brewery-dama-lady-vienna-lager/4352980,5.0,N/A,3.56,265,06/09/21,Dogma Tap Room is the only place where you can find it draft. For our friends from Kafeterija bars we've brewed this first of four in their card editions beers.  ,serbia,0,0,0,0,0,0,0,0,0,0,0,0,0,0,0,0,0,0,0,0,0,0,0,0,0,0,0,0,0,1,0,0,0,0,0,0,0,0
361,6007364,Docker Brewery,Braggot On Steroids,Mead - Braggot,https://untappd.com/b/docker-brewery-braggot-on-steroids/6007364,11.0,N/A,3.66,168,10/04/24,"Kad med susretne slad u ravnomernim količinama nastane Braggot on steroids. 20% meda i 20% slada doneli su ""laganih"" 11% ALK ",serbia,1,0,0,0,0,0,0,0,0,0,0,0,0,0,0,0,0,0,0,0,0,0,0,0,0,0,0,0,0,0,0,0,0,0,0,0,0,1
362,3562530,Dilemma Pivara,Braggot,Mead - Braggot,https://untappd.com/b/dilemma-pivara-braggot/3562530,7.0,N/A,3.63,232,12/04/19,"Sa 15-30% medovine ili čistog meda u mešavini sladovanih žitarica čine ovaj stari skandinavski stil piva vrlo kompleksnog ukusa. Braggot je ejl u kome je vekovima uživala vikinška kultura. Prirodan šumski med čija aroma dominira, oživljava ukus stare Skandinavije. Akcenat na hmelju u ovom slučaju izostaje, kao što to ovaj stil piva i predviđa.Veoma kompleksno - a pitko. ",serbia,1,0,0,0,0,0,0,0,0,0,0,0,0,0,0,0,0,0,0,0,0,0,0,0,0,0,0,0,0,0,0,0,0,0,0,0,0,1
363,4561329,Dogma Brewery,Drunken Beaver,Mild - Dark,https://untappd.com/b/dogma-brewery-drunken-beaver/4561329,3.0,15,3.39,698,10/23/21, ,serbia,0,0,0,0,0,0,0,0,0,0,0,0,0,0,0,0,0,0,0,0,0,0,0,0,0,0,0,0,0,0,0,0,0,0,0,0,0,1
364,179585,Apatinska Pivara,Jelen Cool,Non-Alcoholic - Lager,https://untappd.com/b/apatinska-pivara-jelen-cool/179585,0.0,N/A,2.7,360,05/28/12,"First Serbian alcohol-free beer!For those who want to on any occasion, anytime and anywhere, enjoy a unique and well-known taste Jelen Pivo, Apatinska brewery has prepared a surprise - soft Jelen Cool!Jelen Cool light beer, made to a special recipe by Apatinska Brewery! Well-known name, & can be consumed anytime and anywhere! Cool Jelen will be available to beer lovers and dynamic range of containers - reusable bottle 0.5l, 0.33 non-refundable bottles can 0.5l. From now on, Jelen offers you a choice in all situations that involve limited alcohol. Chilled to 5 degrees Jelen Cool is the perfect refreshment for the upcoming hot summer days and nights. ",serbia,0,0,0,0,0,0,0,0,0,0,0,1,0,0,0,0,0,0,0,0,0,0,0,0,0,0,0,0,0,1,0,0,0,0,0,0,0,0
365,5868083,Dogma Brewery,1st AMONG OTHERS,Non-Alcoholic - Pale Ale,https://untappd.com/b/dogma-brewery-1st-among-others/5868083,0.5,20,3.59,241,06/14/24,"1st non alcoholic beer at Serbian craft beer scene. And it's 1st among others we will brew. NA but still with a bit of body & pleasant hop aroma from Galaxy, Mosaic & Mandarina Bavaria.  ",serbia,0,0,0,0,0,0,0,0,0,0,0,1,0,0,0,0,0,0,0,0,0,0,0,0,0,0,0,0,0,0,1,0,0,0,0,0,0,0
366,4275537,TWO HOPPY SISTERS,CITRATONIC,Pale Ale - American,https://untappd.com/b/two-hoppy-sisters-citratonic/4275537,5.3,29,3.79,903,04/20/21,"American Pale Ale with a light body, dry hopped like IPA. Its name says it all, explosion of citrus flavor and aroma with a little bit of bitterness, easy going as tonic. ",serbia,0,0,0,0,0,0,0,0,0,0,0,0,0,0,0,0,0,0,0,0,0,0,0,0,0,0,0,0,0,0,0,0,0,0,0,0,1,0
367,3692201,3bir,Troll,Pale Ale - American,https://untappd.com/b/3bir-troll/3692201,4.9,N/A,3.77,196,02/26/20,"Porodica 3Bir bogatija je za novog člana: Troll – American pale ale predstavnik je sinteze neodoljivih komponenata.  Prvi element dolazi sa dalekog kontinenta okupanog suncem, prožet  paletom razdraganih boja – australijski hmelj Galaxy pokretač je i osovina ovog šarmantnog napitka. Izuzetna aroma citrusa, breskve i strastvenih voćnih mirisa galaxy hmelja osvojiće vas na prvom susretu i omađijaće sva vaša čula. Za drugi element organizovali smo ekspediciju po šumama, gorama i pećinama Skandinavije u potrazi za mitskim bićima -  Trolovima.  Rezultat avanture je opsesivna i zavodnička spoljašnost  uzburkana eksplozijom juice machine kvasca. Troll  Pale Ale – mlad, opsesivni zavodnik koji svakom novom rundom kontinuirano šarmira. ",serbia,0,1,0,0,0,0,0,0,0,0,0,0,0,0,1,0,0,0,0,0,0,0,0,0,0,0,0,0,0,0,0,0,0,0,0,0,1,0
368,4367513,Hog,Ragnar,Pale Ale - American,https://untappd.com/b/hog-ragnar/4367513,5.2,45,3.75,590,06/18/21, ,serbia,0,0,0,0,0,0,0,0,0,0,0,0,0,0,0,0,0,0,0,0,0,0,0,0,0,0,0,0,0,0,0,0,0,0,0,0,1,0
369,2645117,Crow Brewery,Laika,Pale Ale - American,https://untappd.com/b/crow-brewery-laika/2645117,5.0,30,3.74,151,05/12/18,Special brew for Sputnik bar in Kragujevac. ,serbia,0,0,0,0,0,0,0,0,0,0,0,0,0,0,0,0,0,0,0,0,0,0,0,0,0,0,0,0,0,0,0,0,0,0,0,0,1,0
370,1565399,Zebrew,Apache,Pale Ale - American,https://untappd.com/b/zebrew-apache/1565399,5.5,50,3.74,253,05/21/16,"Izrazito zahmeljeni pale ale, sa dodatkom ovsenih pahuljica i korijandera.Dry hop: Galaxy i Mosaic ",serbia,0,0,0,0,0,0,0,0,0,0,0,0,0,0,1,0,0,0,0,0,0,0,0,0,0,0,0,0,0,0,0,0,0,0,0,0,1,0
371,4515885,3bir,Toster APA,Pale Ale - American,https://untappd.com/b/3bir-toster-apa/4515885,4.8,N/A,3.72,161,09/22/21, ,serbia,0,0,0,0,0,0,0,0,0,0,0,0,0,0,0,0,0,0,0,0,0,0,0,0,0,0,0,0,0,0,0,0,0,0,0,0,1,0
372,1625697,Docker Brewery,Grizzly,Pale Ale - American,https://untappd.com/b/docker-brewery-grizzly/1625697,5.5,51,3.72,1181,07/01/16,"Hops in your veins, lime and pineapple in the mouth. With pale, caramel, wheat and a pinch of rye malt we created this mighty beast that will overwhelm you. Hopped with Simcoe and Amarillo hops, it’s a perfect beer for enjoyment. ",serbia,1,1,0,0,0,0,1,0,0,0,0,0,0,0,1,0,0,0,0,0,0,0,0,0,0,0,0,0,0,0,0,0,0,0,0,0,1,0
373,4756535,MEHANIKA,Mašinovođa,Pale Ale - American,https://untappd.com/b/mehanika-masinovoda/4756535,5.6,40,3.71,351,03/17/22,Light body with medium bitterness from nugget hops.Flavored with mosaic and simcoe hops.Enjoy ,serbia,0,1,0,0,0,0,0,0,0,0,0,0,0,0,0,0,0,0,0,0,0,0,0,0,0,0,0,0,0,0,0,0,0,0,0,0,1,0
374,1908079,Ministarstvo Beer Bar,Ministarsko,Pale Ale - American,https://untappd.com/b/ministarstvo-beer-bar-ministarsko/1908079,5.7,36,3.71,272,01/15/17,"Mildly bitter, rich citrus aroma. ",serbia,0,0,0,0,0,0,0,0,0,0,0,0,0,0,0,0,0,0,0,0,0,0,0,0,0,0,0,0,0,0,0,0,0,0,0,0,1,0
375,3384094,Dogma Brewery,The Boyz Are Back In Town,Pale Ale - American,https://untappd.com/b/dogma-brewery-the-boyz-are-back-in-town/3384094,5.8,N/A,3.71,284,08/15/19,"DDH Pale ale on somewhere between east and west coast. Hopped at the start and the end of fermentation with Simcoe, El Dorado and Enigma. ",serbia,0,0,0,0,0,0,0,0,0,0,0,0,0,0,0,0,0,0,0,0,0,0,0,0,0,0,0,0,0,0,0,0,0,0,0,0,1,0
376,1492298,Salto Pivo,Salto Pale Ale,Pale Ale - American,https://untappd.com/b/salto-pivo-salto-pale-ale/1492298,5.7,35,3.71,3966,04/02/16,"Dry hopped like IPA, drinkable as APA. Loads of hops, hint of caramel in background. That is the the secret to this all-seasons classic. ",serbia,0,1,0,0,0,0,1,0,0,0,0,0,0,0,0,0,0,0,0,0,0,0,0,0,0,0,0,0,0,0,0,0,0,0,0,0,1,0
377,2775361,3bir,Cura Pale Ale,Pale Ale - American,https://untappd.com/b/3bir-cura-pale-ale/2775361,5.6,40,3.71,209,07/31/18,"Special release brewed for Loft coffee & lounge bar, Novi Sad. ",serbia,0,0,0,0,0,0,0,0,0,0,0,0,0,0,0,0,0,0,0,0,0,0,0,0,0,0,0,0,0,0,0,0,0,0,0,0,1,0
378,3090734,Arator,Dragon,Pale Ale - American,https://untappd.com/b/arator-dragon/3090734,5.7,N/A,3.7,241,02/20/19, ,serbia,0,0,0,0,0,0,0,0,0,0,0,0,0,0,0,0,0,0,0,0,0,0,0,0,0,0,0,0,0,0,0,0,0,0,0,0,1,0
379,2087405,Crow Brewery,Gunners Pub APA,Pale Ale - American,https://untappd.com/b/crow-brewery-gunners-pub-apa/2087405,5.3,30,3.69,1024,05/11/17,Gunners Pub (Braće Jugovića 2a) u saradnji sa Crow Brewery (Vranovo) je napravio Gunners Pub pivo.Stil: American Pale Ale (APA)Alc: 5.3% ,serbia,0,0,0,0,0,0,0,0,0,0,0,0,0,0,0,0,0,0,0,0,0,0,0,0,0,0,0,0,0,0,0,0,0,0,0,0,1,0
380,4979044,3bir,Beogradski Fantom,Pale Ale - American,https://untappd.com/b/3bir-beogradski-fantom/4979044,4.9,35,3.69,1079,08/15/22,"Beogradski Fantom - DDH APA, exclusively made for Belgrade Beer Fest 2022 ",serbia,0,0,0,0,0,0,0,0,0,0,0,0,0,0,0,0,0,0,0,0,0,0,0,0,0,0,0,0,0,0,0,0,0,0,0,0,1,0
381,1552158,Crow Brewery,Gecko,Pale Ale - American,https://untappd.com/b/crow-brewery-gecko/1552158,5.5,40,3.68,678,05/14/16,"American Pale ale from Serbian Crow brewery. Nice aromatic taste and pleasant bitterness. Mosaic and Equinox hops, as per description. Good beer! ",serbia,0,1,0,0,0,0,0,0,0,0,0,0,0,0,0,0,0,0,0,0,0,0,0,0,0,0,0,0,0,0,0,0,0,0,0,0,1,0
382,5971896,Dogma Brewery,Kick Off,Pale Ale - American,https://untappd.com/b/dogma-brewery-kick-off/5971896,5.0,30,3.66,237,09/05/24,"It's time to KICK OFF new NFL season. 3rd of many collaborations inspired by American Football brewed with our friends from the best regional NFL podcast - 99 JARDI. Easy drinkable, perfect for every match. Kick it off!  ",serbia,0,0,0,0,0,0,0,0,0,0,0,0,0,0,0,0,0,0,0,0,0,0,0,0,0,0,0,0,0,0,0,0,0,0,0,0,1,0
383,5322342,MEHANIKA,BAD HORSIE,Pale Ale - American,https://untappd.com/b/mehanika-bad-horsie/5322342,5.2,50,3.66,183,04/19/23,SIMPLE REFRESHING LIGHT AND TASTY ,serbia,0,0,0,0,0,0,0,0,0,0,0,0,0,0,0,0,0,0,0,0,0,0,0,0,0,0,0,0,0,0,0,0,0,0,0,0,1,0
384,2690131,Carstvo Piva,Maharadža,Pale Ale - American,https://untappd.com/b/carstvo-piva-maharadza/2690131,5.2,40,3.65,160,06/08/18,Mosaic  ,serbia,0,0,0,0,0,0,0,0,0,0,0,0,0,0,0,0,0,0,0,0,0,0,0,0,0,0,0,0,0,0,0,0,0,0,0,0,1,0
385,4847776,Tron Brewery,Bienvenido A Miami,Pale Ale - American,https://untappd.com/b/tron-brewery-bienvenido-a-miami/4847776,5.5,N/A,3.65,417,05/19/22, ,serbia,0,0,0,0,0,0,0,0,0,0,0,0,0,0,0,0,0,0,0,0,0,0,0,0,0,0,0,0,0,0,0,0,0,0,0,0,1,0
386,5878390,Dogma Brewery,Koleginica,Pale Ale - American,https://untappd.com/b/dogma-brewery-koleginica/5878390,5.1,N/A,3.64,160,06/21/24, ,serbia,0,0,0,0,0,0,0,0,0,0,0,0,0,0,0,0,0,0,0,0,0,0,0,0,0,0,0,0,0,0,0,0,0,0,0,0,1,0
387,6076550,Dogma Brewery,Severno Ledeno,Pale Ale - American,https://untappd.com/b/dogma-brewery-severno-ledeno/6076550,5.2,N/A,3.64,426,11/29/24, ,serbia,0,0,0,0,0,0,0,0,0,0,0,0,0,0,0,0,0,0,0,0,0,0,0,0,0,0,0,0,0,0,0,0,0,0,0,0,1,0
388,3300835,Kabinet Brewery,Akrobata,Pale Ale - American,https://untappd.com/b/kabinet-brewery-akrobata/3300835,5.3,50,3.64,151,06/26/19,"Our little acrobat is full of tricks and stunts and is always ready to entertain a curious mind.The idea behind this beer is to always change something in the recipe.This time we changed the ratio of hops and we increased the dry hop ratio a bit.Dry hopped with:55,5% Citra33,3% Enigma11,1% Loral0,1% Magic ",serbia,0,1,0,0,0,0,0,0,0,0,0,0,0,0,0,0,0,0,0,0,0,0,0,0,0,0,0,0,0,0,0,0,0,0,0,0,1,0
389,5108788,Dorćol Pivara,Aurora,Pale Ale - American,https://untappd.com/b/dorcol-pivara-aurora/5108788,5.1,30,3.64,151,11/07/22, ,serbia,0,0,0,0,0,0,0,0,0,0,0,0,0,0,0,0,0,0,0,0,0,0,0,0,0,0,0,0,0,0,0,0,0,0,0,0,1,0
390,4074780,Cigla I Krigla,Canadair,Pale Ale - American,https://untappd.com/b/cigla-i-krigla-canadair/4074780,4.7,N/A,3.63,172,11/28/20, ,serbia,0,0,0,0,0,0,0,0,0,0,0,0,0,0,0,0,0,0,0,0,0,0,0,0,0,0,0,0,0,0,0,0,0,0,0,0,1,0
391,6453186,Dogma Brewery,Pravda Za Olmana,Pale Ale - American,https://untappd.com/b/dogma-brewery-pravda-za-olmana/6453186,5.5,N/A,3.63,162,10/19/25, ,serbia,0,0,0,0,0,0,0,0,0,0,0,0,0,0,0,0,0,0,0,0,0,0,0,0,0,0,0,0,0,0,0,0,0,0,0,0,1,0
392,968636,Kabinet Brewery,Mozaik,Pale Ale - American,https://untappd.com/b/kabinet-brewery-mozaik/968636,5.2,35,3.6,1713,02/07/15,"A walk by the pine trees in your mouth, mango and caramel, enjoy the spicy finish. ",serbia,0,0,0,0,0,0,1,0,0,0,0,0,0,0,0,0,0,0,0,0,0,0,0,0,0,0,0,0,0,0,0,0,0,0,0,0,1,0
393,2487791,3bir,Wild Orange,Pale Ale - American,https://untappd.com/b/3bir-wild-orange/2487791,5.2,35,3.6,196,01/27/18,"Opasno zahmeljen, mutan i zavodljiv, bučan i mio. Bez pravila. Buntovnik!  ",serbia,0,0,0,0,0,0,0,0,0,0,0,0,0,0,0,0,0,0,0,0,0,0,0,0,0,0,0,0,0,0,0,0,0,0,0,0,1,0
394,2138508,Sindikat Brewery,Easy Rider,Pale Ale - American,https://untappd.com/b/sindikat-brewery-easy-rider/2138508,5.2,N/A,3.58,705,06/10/17,Zahmeljeno pivo citrusne arome lagano za celodnevnu “vožnju” ,serbia,0,0,0,0,0,0,0,0,0,0,0,0,0,0,0,0,0,0,0,0,0,0,0,0,0,0,0,0,0,0,0,0,0,0,0,0,1,0
395,733636,Kabinet Brewery,BrrKaaa,Pale Ale - American,https://untappd.com/b/kabinet-brewery-brrkaaa/733636,5.0,31,3.58,7300,07/03/14,"Road trip with the smell of lemon, orange and a wind in your hair! A beer that made people smile in over 25 countries. The one and only Mr B! ",serbia,0,0,0,0,0,0,0,0,0,0,0,0,0,0,0,0,0,0,0,0,0,0,0,0,0,0,0,0,0,0,0,0,0,0,0,0,1,0
396,1451705,Dogma Brewery,Svetionik Pale Ale,Pale Ale - American,https://untappd.com/b/dogma-brewery-svetionik-pale-ale/1451705,5.5,35,3.57,6891,03/04/16,"Svetionik is easy drinking pale ale created with influences of American and German brewing school. Light body and properly hoppy beer with bitternes, whirlpool and dry hop additions. Ideal Beer for every day in a year!  ",serbia,0,0,0,1,0,0,0,0,0,0,0,0,0,0,0,0,0,0,0,0,0,0,0,0,0,0,0,0,0,0,0,0,0,0,0,0,1,0
397,1942795,Tron Brewery,Navigator,Pale Ale - American,https://untappd.com/b/tron-brewery-navigator/1942795,4.5,N/A,3.57,328,02/10/17,American-style pale ale ,serbia,0,0,0,0,0,0,0,0,0,0,0,0,0,0,0,0,0,0,0,0,0,0,0,0,0,0,0,0,0,0,0,0,0,0,0,0,1,0
398,1246545,RazBeerbriga,Temper,Pale Ale - American,https://untappd.com/b/razbeerbriga-temper/1246545,5.0,32,3.54,488,09/22/15,"Temper: (n), a particular state of mind or feelings; a habit of mind; (v), to bring to a proper, suitable, or desirable state by or as by blending. Temper is just that - a beer that might just be habit-forming, blended meticulously for beer connoisseurs of each and every kind into an irresistibly drinkable beer. A beer for anytime, any state of mind, and every taste. Your everyday beer that’s not just your everyday beer. Borrowing from both the English and American pale ale brewing traditions, Temper pulls together the best elements of both heritages to make a beer that is part old-school, part new-school, but uniquely its own. Fine toasted notes of pale and lightly caramelized malts echo the rich tradition of English pale ales, giving this ale a honey-like, tawny hue and rounded body, while a healthy dose of bright American and Serbian hops bursting with citrus and floral zest, bolstered with notes of cedar and herbs announce that this beer is a beer of today. And one that’s here to stay. Smooth, savory, enticing, mellow, refreshing; finely tempered.  ",serbia,1,1,0,0,0,0,1,0,0,0,0,0,0,0,0,0,0,0,0,0,0,0,0,0,0,0,0,0,0,0,0,0,0,0,0,0,1,0
399,2112730,Bunt99,American Pale Ale,Pale Ale - American,https://untappd.com/b/bunt99-apa/2112730,5.5,N/A,3.54,316,05/26/17, ,serbia,0,0,0,0,0,0,0,0,0,0,0,0,0,0,0,0,0,0,0,0,0,0,0,0,0,0,0,0,0,0,0,0,0,0,0,0,1,0
400,1351443,NikolaCar Brewery,American Idiot,Pale Ale - American,https://untappd.com/b/nikolacar-brewery-nikolacar/1351443,5.5,N/A,3.51,291,12/14/15, ,serbia,0,0,0,0,0,0,0,0,0,0,0,0,0,0,0,0,0,0,0,0,0,0,0,0,0,0,0,0,0,0,0,0,0,0,0,0,1,0
401,3406804,Kompas Pivo,KONSTANTIN,Pale Ale - American,https://untappd.com/b/kompas-pivo-konstantin/3406804,5.1,32,3.47,281,08/29/19, ,serbia,0,0,0,0,0,0,0,0,0,0,0,0,0,0,0,0,0,0,0,0,0,0,0,0,0,0,0,0,0,0,0,0,0,0,0,0,1,0
402,768563,Kabinet Brewery,Citra,Pale Ale - American,https://untappd.com/b/kabinet-brewery-citra/768563,4.5,17,3.45,663,08/04/14, ,serbia,0,0,0,0,0,0,0,0,0,0,0,0,0,0,0,0,0,0,0,0,0,0,0,0,0,0,0,0,0,0,0,0,0,0,0,0,1,0
403,4726003,Robocraft Brewery,Neon Planet,Pale Ale - American,https://untappd.com/b/robocraft-brewery-neon-planet/4726003,4.2,37,3.44,526,02/22/22,"Synthwave muzika, francuski haus i italo disco nas inspirišu, 80-te i čitav taj vajb kreativnosti, ludih boja i futurističkih momenata. Neon planet je pale ale koji te lagano uvodi u svet naših ale stilova. Pivo za opuštanje u bilo kom periodu godine, sa laganih 4,2% alc. Synthwave music, french house and italo disco inspire us, 80s a all that vibe of creativity, vivid colors and futuristic elements. Neon planet is a pale ale which introduces a slow entry to the world of our ale styles. A berr to chill abd relax with, all yerar round, with and light abv of 4,2%.  ",serbia,0,0,0,0,0,0,0,0,0,0,0,0,0,0,0,0,0,0,0,0,0,0,0,0,0,0,0,0,0,0,0,0,0,0,0,0,1,0
404,5523888,Tron Brewery,Bruce,Pale Ale - Australian,https://untappd.com/b/tron-brewery-bruce/5523888,5.1,N/A,3.74,171,09/13/23,"Our new beer for our friends Samo_pivo for their 10th Birthday anniversary. Australian Pale Ale with Nelson Sauvin, Motueka & Galaxy hops.  ",serbia,0,1,0,0,0,0,0,0,0,0,0,0,0,0,0,0,0,0,0,0,0,0,0,0,0,0,0,0,0,0,0,0,0,0,0,0,1,0
405,2853828,3bir,Sputnik,Pale Ale - English,https://untappd.com/b/3bir-sputnik/2853828,5.5,35,3.78,154,09/20/18, ,serbia,0,0,0,0,0,0,0,0,0,0,0,0,0,0,0,0,0,0,0,0,0,0,0,0,0,0,0,0,0,0,0,0,0,0,0,0,1,0
406,4590300,Docker Brewery,Docker Ale,Pale Ale - English,https://untappd.com/b/docker-brewery-docker-ale/4590300,5.0,N/A,3.69,266,11/12/21,"100% Pilsner slada fermentisanog sa Ale kvascem i bez dry hopa. Bistro,pitko i balansirano. Idealno resenje za ""lagerase"" ili pivopije kojima su ale piva za sada strana. ",serbia,1,0,0,0,0,0,0,0,0,0,0,0,0,0,0,0,0,0,0,0,0,0,0,0,0,0,0,0,0,0,0,0,0,0,0,0,1,0
407,2876116,Tron Brewery,Kobajagi,Pale Ale - English,https://untappd.com/b/tron-brewery-kobajagi/2876116,4.7,N/A,3.62,172,10/04/18,Special brew for Samo pivo! bar ,serbia,0,0,0,0,0,0,0,0,0,0,0,0,0,0,0,0,0,0,0,0,0,0,0,0,0,0,0,0,0,0,0,0,0,0,0,0,1,0
408,1227186,Tron Brewery,The Pale Ale,Pale Ale - English,https://untappd.com/b/tron-brewery-the-pale-ale/1227186,4.6,N/A,3.58,174,09/06/15, ,serbia,0,0,0,0,0,0,0,0,0,0,0,0,0,0,0,0,0,0,0,0,0,0,0,0,0,0,0,0,0,0,0,0,0,0,0,0,1,0
409,1317393,Kabinet Brewery,Maćedo,Pale Ale - English,https://untappd.com/b/kabinet-brewery-macedo/1317393,5.0,22,3.53,154,11/17/15,"Inspired by the Domaćica music scene, maćedo is an ale styled brew highlighting ingredients from region, blending Serbian bacon flavor with dried orange zest from Croatian island of Vis, infused with a hint of sea salt from Piran, Slovenia. ",serbia,0,0,0,0,0,0,0,0,0,0,0,0,0,0,0,0,0,0,0,0,0,0,0,0,0,0,0,0,0,0,0,0,0,0,0,0,1,0
410,2356564,Princ Pivara,Princip,Pale Ale - English,https://untappd.com/b/princ-pivara-princip/2356564,5.0,N/A,3.29,206,10/25/17, ,serbia,0,0,0,0,0,0,0,0,0,0,0,0,0,0,0,0,0,0,0,0,0,0,0,0,0,0,0,0,0,0,0,0,0,0,0,0,1,0
411,1842954,Dogma Brewery,Miss Quince,Pale Ale - Fruited,https://untappd.com/b/dogma-brewery-miss-quince/1842954,5.5,33,3.5,5482,11/30/16,Easy drinking pale ale brewed with quince which was added at the end of the boil and in whirlpool. Special beer when we speak about (special) fruit addition. ,serbia,0,0,0,0,0,0,0,0,1,0,0,0,0,0,0,0,0,0,0,0,0,0,0,0,0,0,1,0,0,0,0,0,0,0,0,0,0,0
412,4886097,Robocraft Brewery,Mangolorian,Pale Ale - Milkshake,https://untappd.com/b/robocraft-brewery-mangolorian/4886097,5.2,N/A,3.38,406,06/13/22,"Mangolorian Novi robot se probija kroz pustinju koja je za sobom ostovila masovna proizvodnja industrijskog piva i donosi ti milkshake osveženje u vidu punog ukusa manga, citrusa i tropskih hmeljeva!Our new robot makes its way through the desert left behind by the mass production of industrial beer and brings you milkshake refreshment in the form of a full taste of mango, citrus and tropical hops! ",serbia,0,1,0,0,0,0,0,0,0,0,0,0,0,0,0,0,0,0,0,0,0,0,0,0,0,0,0,0,0,0,0,0,0,0,0,0,1,0
413,5274150,3bir,Nitrox,Pale Ale - New England / Hazy,https://untappd.com/b/3bir-nitrox/5274150,5.2,35,3.81,496,03/15/23, ,serbia,0,0,0,0,0,0,0,0,0,0,0,0,0,0,0,0,0,0,0,0,0,0,0,0,0,0,0,0,0,0,0,0,0,0,0,0,1,0
414,3776916,Crow Brewery,Mr. Moose,Pale Ale - New England / Hazy,https://untappd.com/b/crow-brewery-mr-moose/3776916,5.5,27,3.81,878,05/07/20,"DDH New England Pale Ale sa Sabro i Citra hmeljevima.Aroma I ukus vinogradarske breskve, kokosa i mandarine.Ziveli!  ",serbia,0,0,0,0,0,0,0,0,0,0,0,0,0,0,0,0,0,0,0,0,0,0,0,0,0,0,0,0,0,0,0,0,0,0,0,0,1,0
415,6625563,Dogma Brewery,Solar Eclipse,Pale Ale - New England / Hazy,https://untappd.com/b/dogma-brewery-solar-eclipse/6625563,5.2,N/A,3.8,186,03/07/26, ,serbia,0,0,0,0,0,0,0,0,0,0,0,0,0,0,0,0,0,0,0,0,0,0,0,0,0,0,0,0,0,0,0,0,0,0,0,0,1,0
416,6523974,Dogma Brewery,1019 IS NOW DOLCITA,Pale Ale - New England / Hazy,https://untappd.com/b/dogma-brewery-1019-is-now-dolcita/6523974,5.1,20,3.77,217,12/09/25,We're just saying that this juicy pale ale is a younger brother of our 1019 NEIPA. What do you think? True or false? ,serbia,0,0,0,0,0,0,0,0,0,0,0,0,0,0,0,0,0,0,0,0,0,0,0,0,0,0,0,0,0,0,0,0,0,0,0,0,1,0
417,5236415,Kabinet Brewery,Lazy & Hazy,Pale Ale - New England / Hazy,https://untappd.com/b/kabinet-brewery-lazy-and-hazy/5236415,4.3,20,3.72,335,02/14/23,"New England style pale ale designed with chill in mind. Just relax, enjoy and forget about the world.Light grain bill, light in color, with hints of citrus and lychee and abv of just 4,3% it is a beer for every day.Just look at that color. ",serbia,0,0,0,0,0,0,0,0,0,0,0,0,0,0,0,0,0,0,0,0,0,0,0,0,0,0,0,0,0,0,0,0,0,0,0,0,1,0
418,5745450,Kabinet Brewery,Kaleidoskop,Pale Ale - New England / Hazy,https://untappd.com/b/kabinet-brewery-kaleidoskop/5745450,5.2,15,3.68,156,03/11/24,"DDH pale ale heavily dry hopped with Citra, Galaxy and Vic Secret. Supported with Centennial and Sabro and fermented with experimental yeast from Lallemand. ",serbia,0,0,0,0,0,0,0,1,0,0,0,0,0,0,0,0,0,0,0,0,0,0,0,0,0,0,0,0,0,0,0,0,0,0,0,0,1,0
419,5186735,3bir,Tropikalizam,Pale Ale - New England / Hazy,https://untappd.com/b/3bir-tropikalizam/5186735,5.0,35,3.67,381,01/03/23, ,serbia,0,0,0,0,0,0,0,0,0,0,0,0,0,0,0,0,0,0,0,0,0,0,0,0,0,0,0,0,0,0,0,0,0,0,0,0,1,0
420,4510609,Soulcity Brewing Co.,Susegado,Pale Ale - New England / Hazy,https://untappd.com/b/soulcity-brewing-co-susegado/4510609,4.5,N/A,3.64,198,09/18/21,"We present to you ""Susegado"" derived from lifestyle associated with indian state of goa which depicts there laid back, relaxed & carefree attitude towards life and there 'art of contentment'. With our first beer we wanted to bring somthing new to beer lovers but keeping it true to feeling of susegad. Our Susegado is a New England extra pale ale with 4.5% alc. This hazy little sipper consists of rich malt bill of 5 different malts to give it smooth velvety mouthfeel which supports heavy dose of magnum, simco & Centennial. Expect ever so slight bitterness at the same time bright citrusy flavours (think lemon peel, grapefruit), pine & subtle dank fruityness, which gives way to subtle aromas of peach & orange. ",serbia,1,0,0,0,0,0,0,0,1,0,0,0,0,0,0,0,0,0,0,0,0,0,0,0,0,0,0,0,0,0,0,0,0,0,0,0,1,0
421,4455050,Robocraft Brewery,Futurisma,Pale Ale - New England / Hazy,https://untappd.com/b/robocraft-brewery-futurisma/4455050,5.5,55,3.62,1543,08/11/21,"Futurisma je retro-futuristički način razmisljanja o pivu, svakim gtljajem se pitate da li ste probali nešto slično.U pitanju je hazy new england american pale ale, izrazito žute boje, extra zahmeljenosti i jakih citrnusnih nota, manga , blagog procenta alkohola, što je čini izuzetno pitkom. Kvalitetan kvasac I tehnologija njegove upotrebe joj daje mogućnost da telo piva bude mutno a izrazito svetlo sa kremastom penom. Futurisma is a retro-futuristic way of thinking about beer, with every sip you wonder if you have tried something similar.It is hazy new england american pale ale, distinctly yellow in color, extra hoppy and strong citrus notes, mango, a mild percentage of alcohol, which makes it extremely drinkable. Quality yeast and the technology of its use give it the opportunity to keep the body of the beer cloudy and extremely light with creamy foam. ",serbia,0,0,0,0,0,0,0,1,0,0,0,1,0,0,1,0,0,0,0,0,0,0,0,0,0,0,0,0,0,0,0,0,0,0,0,0,1,0
422,6205322,3bir,Hobbiton,Pale Ale - New Zealand,https://untappd.com/b/3bir-hobbiton/6205322,5.5,N/A,3.67,195,03/27/25,"U srcu zelenih brežuljaka leži selo Hobbiton, dom bezbrižnih Hobita, ljubitelja dobrog piva, smeha i priča. Inspirisani njihovim svetom, donosimo vam Hobbiton, pivo koje nosi duh radosti i uživanja , sunce Novog Zelanda u  čaši!Upoznajte našu najnoviju čaroliju, lagani dodir slada koji se igra sa eksplozijom aroma Nelson Sauvin hmelja. Ovaj dragulj sa Novog Zelanda donosi neodoljive note sočnog ogrozda, elegantnog belog vina i egzotičnog tropskog voća, uz prefinjene nijanse slatke marakuje i sveže zgnječenog grožđa, baš sve što krasi i vino Sauvignon Blanc! ",serbia,1,1,0,0,0,0,0,0,0,0,0,0,0,0,0,0,0,0,0,0,0,0,0,0,0,0,0,0,0,0,0,0,0,0,0,0,1,0
423,4419922,Komitet Pivara,Kole Pale Ale,Pale Ale - Other,https://untappd.com/b/komitet-pivara-kole-pale-ale/4419922,5.2,30,3.77,163,07/20/21,Kole pale ale karakteriše dominantan ukus breskve uz osvežavajuću gorčinu koja potiče od hmelja Magnum. ,serbia,0,1,0,0,0,0,0,0,0,0,0,0,0,0,0,0,0,0,0,0,0,0,0,0,0,0,0,0,0,0,0,0,0,0,0,0,1,0
424,6292624,Dogma Brewery,This Dog Goes To Heaven,Pale Ale - Other,https://untappd.com/b/dogma-brewery-this-dog-goes-to-heaven/6292624,5.4,35,3.68,267,06/06/25,"This dog definitely went to heaven. Two years ago a sad, wounded and neglected dog entered the Dogma Tap Room. Our colleagues took him to the veterinarian and few weeks after, a new dog was reborn - SIMA was the name of this healthy, crazy and above all beloved host of Dogma Tap Room. A few weeks ago we found him behind the brewery. Only the rainy night knows the story of his end. In a memory of our SIMA, we brewed this pale ale with a strong message, cause every pet goes to heaven. We're sure! ",serbia,0,0,0,0,0,0,0,0,0,0,0,0,0,0,1,0,0,0,0,0,0,0,0,0,0,0,0,0,0,0,0,0,0,0,0,0,1,0
425,3887263,Premier Beer,Fancker Mazut Craft,Pale Ale - Other,https://untappd.com/b/premier-beer-fancker-mazut-craft/3887263,5.3,14,3.65,168,07/24/20, ,serbia,0,0,0,0,0,0,0,0,0,0,0,0,0,0,0,0,0,0,0,0,0,0,0,0,0,0,0,0,0,0,0,0,0,0,0,0,1,0
426,5130238,Robocraft Brewery,Shinigami - Appuru APA,Pale Ale - Other,https://untappd.com/b/robocraft-brewery-shinigami-appuru-apa/5130238,5.0,N/A,3.64,226,11/23/22,"Japanski duhovi, shinigamiji, koji su zaduženi za selekciju onih koji prelaze s ovog na drugi svet, inspiracija su nam za našu appuru apu. Oni prate svakog pojedinca, njihov život, odluke. Naš robotizovani Shinigami, u japanskoj pop kulturi mnogo voli da jede vrhunske jabuke, stoga je savršen za pale ale sa jabukom od 5% alc.Japanese ghost, the shinigami, whos purpose is to select those who cross between worlds, inspired us to brew a craft apple apa. They watch over every individual, their life decisions. Our robotized shinigami, in japanese pop culture is a big fan of apples. Therefore, he is a perfect avatar for our apa of 5% abv, mixed with japenese apples and mint. ",serbia,0,0,0,0,0,0,0,0,0,0,0,0,0,0,0,0,0,0,1,0,0,0,0,0,0,0,0,0,0,0,0,0,0,0,0,0,1,0
427,1991524,Baš Pivo | Gardoš Pivo,Gardoš Pale Ale,Pale Ale - Other,https://untappd.com/b/bas-pivo-gardos-pivo-gardos-pale-ale/1991524,5.2,N/A,3.63,244,03/12/17, ,serbia,0,0,0,0,0,0,0,0,0,0,0,0,0,0,0,0,0,0,0,0,0,0,0,0,0,0,0,0,0,0,0,0,0,0,0,0,1,0
428,5749717,Dogma Brewery,TRKAČ,Pale Ale - Other,https://untappd.com/b/dogma-brewery-trkac/5749717,4.42,25,3.62,654,03/15/24,"Six years after we started this run with our friends from BURT - Belgrade Urban Running Team, here comes again ""the fastest recovery drink for them! Hop combo of Cascade, Columbus and Mandarina Bavaria gives this beer subtle fruity aroma. Perfect after easy jogging or long marathon. Run, enjoy & recover yourself!  ",serbia,0,0,0,0,0,0,0,0,1,0,0,0,0,0,0,0,0,0,0,0,0,0,0,0,0,0,0,0,0,0,0,0,0,0,0,0,1,0
429,5998939,Dogma Brewery,Blagoejl,Pale Ale - Other,https://untappd.com/b/dogma-brewery-blagoejl/5998939,5.0,30,3.62,153,09/27/24,Blagoejl is a unique brew for a unique person. Our brother for whom evil people will say that he is a part of Dogma Tap Room inventory just got a special brew from us - for his 40th birthday!   Crazy drinkable Pale Ale just as he wanted it to be - super comercial! :D Long live Blagoje! ,serbia,0,0,0,0,0,0,0,0,0,0,0,0,0,0,1,0,0,0,0,0,0,0,0,0,0,0,0,0,0,0,0,0,0,0,0,0,1,0
430,2866053,Academia,Student,Pale Ale - Other,https://untappd.com/b/academia-student/2866053,5.4,N/A,3.61,156,09/28/18,"Stired on the surface, light and unfiltrated undernaeth; just like the young mind. The smell of elder motivates like the semester completed with high grades. Energetic pale ale with a ambitious taste  ",serbia,0,0,0,0,0,0,0,0,0,0,0,0,0,0,0,0,0,0,0,0,0,0,0,0,0,0,0,0,0,0,0,0,0,0,0,0,1,0
431,2107568,Kaš Balkan Brewtopia,Kašper Rye Pale Ale,Pale Ale - Other,https://untappd.com/b/kas-balkan-brewtopia-kasper-rye-pale-ale/2107568,6.0,N/A,3.6,278,05/22/17,Pale Ale brewed for the bar Cašper in Budva Montenegro ,serbia,0,0,0,0,0,0,0,0,0,0,0,0,0,0,0,0,0,0,0,0,0,0,0,0,0,0,0,0,0,0,0,0,0,0,0,0,1,0
432,5275752,Robocraft Brewery,Retro Sickness,Pale Ale - Other,https://untappd.com/b/robocraft-brewery-retro-sickness/5275752,5.0,N/A,3.59,192,03/16/23,"Blast from the past! Miks hmeljeva, citrusa i dunje vodi te na retro put synth-a i povratak u budućnost! Lagani ABV od 5% za svačiji ukus! JOIN THE ROBOLUTION! ",serbia,0,0,0,0,0,0,0,0,0,0,0,0,0,0,0,0,0,0,0,0,0,0,0,0,0,0,0,0,0,0,0,0,0,0,0,0,1,0
433,4802209,Dogma Brewery,Dramatičnjak Herbal Ale,Pale Ale - Other,https://untappd.com/b/dogma-brewery-dramaticnjak-herbal-ale/4802209,5.3,35,3.58,948,04/17/22,Sa našim drugarima iz Meli Plants i narodnim travarom Momčilom Antonijevićem napravili smo pravu dramu! U lagani ejl dodali smo tinkturu matičnjaka i djumbira i dobili ovo sjajno prolećno pivo.  ,serbia,0,0,0,0,0,0,0,0,0,0,0,0,0,0,0,0,0,0,0,0,0,0,0,0,0,0,0,0,0,0,0,0,0,0,0,0,1,0
434,4506536,Premier Beer,Premier Pale Ale,Pale Ale - Other,https://untappd.com/b/premier-beer-premier-pale-ale/4506536,5.0,N/A,3.58,250,09/16/21, ,serbia,0,0,0,0,0,0,0,0,0,0,0,0,0,0,0,0,0,0,0,0,0,0,0,0,0,0,0,0,0,0,0,0,0,0,0,0,1,0
435,2887182,Kabinet Brewery,Silk Road,Pale Ale - Other,https://untappd.com/b/kabinet-brewery-silk-road/2887182,4.7,30,3.58,259,10/11/18,"Born in the East, brewed in the West. Enriched by the delicate perfume of lychee, spiked with a hint of black pepper. The perfect complement to exotic Asian flavours. A private label of Istok restaurant in Belgrade. ",serbia,0,0,0,0,0,0,0,0,0,0,0,0,0,0,0,0,0,0,0,0,0,0,0,0,0,0,0,0,0,0,0,0,0,0,0,0,1,0
436,2612821,Gvint,Trkač Session Ale,Pale Ale - Other,https://untappd.com/b/gvint-trkac-session-ale/2612821,4.42,35,3.57,223,04/21/18,He’s running. He likes to party. He has laser eyes. He’s eating kilometeres every day. He’s member of a Belgrade Urban Runing Team. He’s a Runner! ,serbia,0,0,0,0,0,0,0,0,0,0,0,0,0,0,0,0,0,0,0,0,0,0,0,0,0,0,0,0,0,0,0,0,0,0,0,0,1,0
437,1999282,Carstvo Piva,Mandarin,Pale Ale - Other,https://untappd.com/b/carstvo-piva-mandarin/1999282,5.3,12,3.54,219,03/17/17, ,serbia,0,0,0,0,0,0,0,0,0,0,0,0,0,0,0,0,0,0,0,0,0,0,0,0,0,0,0,0,0,0,0,0,0,0,0,0,1,0
438,3010421,Tri Kralja,Kralj Milutin,Pale Ale - Other,https://untappd.com/b/tri-kralja-tri-kralja/3010421,4.6,N/A,3.54,167,12/27/18, ,serbia,0,0,0,0,0,0,0,0,0,0,0,0,0,0,0,0,0,0,0,0,0,0,0,0,0,0,0,0,0,0,0,0,0,0,0,0,1,0
439,4224508,Funk And Soul Pub,Mother Funker,Pale Ale - Other,https://untappd.com/b/funk-and-soul-pub-mother-funker/4224508,4.2,N/A,3.51,314,03/17/21, ,serbia,0,0,0,0,0,0,0,0,0,0,0,0,0,0,0,0,0,0,0,0,0,0,0,0,0,0,0,0,0,0,0,0,0,0,0,0,1,0
440,1955208,Kompas Pivo,Tricycle - Extra Pale Ale,Pale Ale - XPA (Extra Pale),https://untappd.com/b/kompas-pivo-tricycle-extra-pale-ale/1955208,5.8,40,3.67,232,02/18/17, ,serbia,0,0,0,0,0,0,0,0,0,0,0,0,0,0,0,0,0,0,0,0,0,0,0,0,0,0,0,0,0,0,0,0,0,0,0,0,1,0
441,6483105,Dogma Brewery,Multnomah Falls / Pacific Northwest Pilsner,Pilsner - American,https://untappd.com/b/dogma-brewery-multnomah-falls-pacific-northwest-pilsner/6483105,5.2,N/A,3.68,162,11/07/25,"First of many beers dedicated to our Hop Harvest Tour 2025! On the road from Portland to Yakima Valley, there are Multnomah Falls - place where nature shows you raw power & beauty. We were enchanted by meditational power of this falls which have story of 400.000 years. And we needed to brew beer in that name! Pacific Northwest hops combo brings enligntment in a glass! ",serbia,0,1,0,0,0,0,0,0,0,0,0,0,0,0,0,0,0,0,0,0,0,0,0,0,0,0,0,0,0,0,0,1,0,0,0,0,0,0
442,5451391,Dogma Brewery,7th AB #1 American Pilsner,Lager - American,https://untappd.com/b/dogma-brewery-7th-ab-1-american-pilsner/5451391,5.0,15,3.6,200,07/20/23,1st among 7. Collab with our brothers & sister from Gvint Brewery. Celebration can start! ,serbia,0,0,0,0,0,0,0,0,0,0,0,0,0,0,0,0,0,0,0,0,0,0,0,0,0,0,0,0,0,1,0,0,0,0,0,0,0,0
443,6067631,Dogma Brewery,Švejk,Pilsner - Czech / Bohemian,https://untappd.com/b/dogma-brewery-svejk/6067631,5.0,30,3.69,291,11/22/24,Another brew with special dedication to Czech brewing school. Brewed as a surprise for a visit of a Czech Minister of Agriculture with 100% Saaz. Czech delegation said that we did great job. Our hearts are warm!  ,serbia,0,0,0,0,0,0,0,0,0,0,0,0,0,0,0,0,0,0,0,0,0,0,0,0,0,0,0,0,0,0,0,1,0,0,0,0,0,0
444,4367004,Ravangrad,Ernest,Pilsner - Czech / Bohemian,https://untappd.com/b/ravangrad-ernest/4367004,4.5,22,3.56,327,06/18/21,"Czech style pilsner lagerPredstavljamo vam gospodina „ERNESTA“, zaštitno lice našeg novog kraft lagera u stilu Czech pilsner lager!ERNEST Bošnjak je prvi jugoslovenski reditelj, snimatelj, producent i jedan od osnivača naše kinematografije!Veliki Somborac koji je poznat po otvorenosti ka novim idejama, poduhvatima, a mi ćemo pretpostaviti i ukusima!Vizionar i naša velika inspiracija kada je motivacija u pitanju! ",serbia,0,0,0,0,0,0,0,0,0,0,0,0,0,0,0,0,0,0,0,0,0,0,0,0,0,0,0,0,0,0,0,1,0,0,0,0,0,0
445,186604,Apatinska Pivara,Apatinsko,Pilsner - Czech / Bohemian,https://untappd.com/b/apatinska-pivara-apatinsko/186604,4.2,N/A,2.73,4916,06/14/12, ,serbia,0,0,0,0,0,0,0,0,0,0,0,0,0,0,0,0,0,0,0,0,0,0,0,0,0,0,0,0,0,0,0,1,0,0,0,0,0,0
446,1767467,3bir,Šlager,Pilsner - German,https://untappd.com/b/3bir-slager/1767467,4.1,25,3.65,222,10/08/16,"Nemačko lager pivo sa šmekom. Kombinacija nemačke doslednosti i pitkog Perle hmelja daje notu zavodljivosti. Pitak, veseo, razigran, šarmantan! Pravi šlager! Zavešće vas i stalno ćete mu se vraćati! ",serbia,0,1,0,0,0,0,0,0,0,0,0,0,0,0,1,0,0,0,0,0,0,0,0,0,0,0,0,0,0,0,0,1,0,0,0,0,0,0
447,4150422,3bir,Wartburg Pils,Pilsner - German,https://untappd.com/b/3bir-wartburg-pils/4150422,4.1,32,3.5,926,01/22/21,"Blizak rođak Šlagera, Wartburg je lagani nemački pilsner koji će vas osvežiti i okrepiti u momentu. Suptilne note piva, probudiće vaše čulo ukusa i pripremiti za sve ono što Vam sledi u toku dana. ",serbia,0,0,0,0,0,0,0,0,0,0,0,0,0,0,0,0,0,0,0,0,0,0,0,0,0,0,0,0,0,0,0,1,0,0,0,0,0,0
448,2840600,Premier Beer,German Pilsner,Pilsner - German,https://untappd.com/b/premier-beer-german-pilsner/2840600,4.5,N/A,3.49,199,09/11/18,"Light, not filtered, not pasteurized beer. Bitter, smooth, typical representative of the best-selling beer in the world.  ",serbia,0,0,0,0,0,0,0,0,0,0,0,0,0,0,0,0,0,0,0,0,0,0,0,0,0,0,0,0,0,0,0,1,0,0,0,0,0,0
449,3240834,Dogma Brewery,New Pils On the Block,Pilsner - German,https://untappd.com/b/dogma-brewery-new-pils-on-the-block/3240834,4.7,30,3.48,3631,05/22/19,"Everyboy speaks about ""back to basics"" trend.  This is our answer. Our first traditional style lager. With a twist. Clean and crispy, with noble, floral and slightly fruity hop aroma. At the end, semi dry to sweet mouthfeel. New Pils On The Block - pils with a twist!  ",serbia,0,0,0,0,0,0,0,0,1,0,0,0,0,0,0,0,0,0,0,0,0,0,0,0,0,0,0,0,0,0,0,1,0,0,0,0,0,0
450,5635238,Dogma Brewery,Blessed By Ignorance,Pilsner - Imperial / Double,https://untappd.com/b/dogma-brewery-blessed-by-ignorance/5635238,7.8,15,3.66,480,12/08/23,"Yes, we're Blessed by Ignorance! With our brother & sister from Totenhopfen Brauhaus we've brought the light to our brewing temple of Dogma. Imperial one! Saphir, Perle and Tettnanger hops are bringing floral & honey touch to this seriously strong Pilsner. Are you Blessed by Ignorance? ",serbia,0,1,0,0,0,0,0,0,0,0,0,0,0,0,0,0,0,0,0,0,0,0,0,0,0,0,0,0,0,0,0,1,0,0,0,0,0,0
451,5216907,Dogma Brewery,Ciaone!,Pilsner - Italian,https://untappd.com/b/dogma-brewery-ciaone/5216907,5.0,20,3.58,405,01/29/23,"""Ciaone"" is not the same as ""Ciao"". This Pilsner is not the same as other Pilsners. This one is Italian Pilsner we've brewed with our friends from Nama Brewing.  ",serbia,0,0,0,0,0,0,0,0,0,0,0,0,0,0,0,0,0,0,0,0,0,0,0,0,0,0,0,0,0,0,0,1,0,0,0,0,0,0
452,4433681,Gvint,Tony,Pilsner - Italian,https://untappd.com/b/gvint-tony/4433681,4.5,30,3.53,183,07/29/21,Italian Style Pilsner ,serbia,0,0,0,0,0,0,0,0,0,0,0,0,0,0,0,0,0,0,0,0,0,0,0,0,0,0,0,0,0,0,0,1,0,0,0,0,0,0
453,5125911,Dogma Brewery,Sir John Benedict,Pilsner - Other,https://untappd.com/b/dogma-brewery-sir-john-benedict/5125911,5.5,N/A,3.69,325,11/19/22,"Ovo pivo je u svemu izbalansirano. Skuvano da traje. Zahmeljeno je tako da upotpuni i ojača hmeljnu notu jednog čistog i pitkog Pilsnera. Dodali smo mu dry hop sa Citrom, ali smo uspeli da zadržimo i hmeljnu aromatiku fantastične Calliste, koju smo dobili iz samog procesa kuvanja. Spoj citrusnih i cvetnih nota ova dva hmelja, pokazao se kao odličan potez. ",serbia,0,1,0,0,0,0,0,0,0,0,0,0,0,0,0,0,0,0,0,0,0,0,0,0,0,0,0,0,0,0,0,1,0,0,0,0,0,0
454,3881744,Docker Brewery,R'N'R Star,Pilsner - Other,https://untappd.com/b/kors-brewery-r-n-r-star/3881744,4.6,25,3.63,366,07/20/20,Nefiltrirani nepasterizovani Pilsner napravljen po zajedničkoj recepturi sa Gunners Pubom.   ,serbia,0,0,0,0,0,0,0,0,0,0,0,0,0,0,0,0,0,0,0,0,0,0,0,0,0,0,0,0,0,0,0,1,0,0,0,0,0,0
455,2742914,Pivara Patuljak,Mrgud,Pilsner - Other,https://untappd.com/b/pivara-patuljak-mrgud/2742914,4.8,N/A,3.61,178,07/11/18, ,serbia,0,0,0,0,0,0,0,0,0,0,0,0,0,0,0,0,0,0,0,0,0,0,0,0,0,0,0,0,0,0,0,1,0,0,0,0,0,0
456,1941461,Crow Brewery,Čika Alberto,Pilsner - Other,https://untappd.com/b/crow-brewery-cika-alberto/1941461,4.8,30,3.53,169,02/09/17,"Čika Alberto is the first installment of the ""Čika"" beer series, presenting traditional beer styles. Čika Alberto is dedicated to our dear friend Alberto Taddeo who is most ""at fault"" that Crow Brewery even exists. Cheers! ",serbia,0,0,0,0,0,0,0,0,0,0,0,0,0,0,0,0,0,0,0,0,0,0,0,0,0,0,0,0,0,0,0,1,0,0,0,0,0,0
457,4080498,Sindikat Brewery,Desetka,Pilsner - Other,https://untappd.com/b/sindikat-brewery-desetka/4080498,4.4,17,3.52,299,12/02/20, ,serbia,0,0,0,0,0,0,0,0,0,0,0,0,0,0,0,0,0,0,0,0,0,0,0,0,0,0,0,0,0,0,0,1,0,0,0,0,0,0
458,3891428,Niška Pivara,Sinđelić,Pilsner - Other,https://untappd.com/b/niska-pivara-sindelic/3891428,4.9,N/A,3.52,264,07/26/20, ,serbia,0,0,0,0,0,0,0,0,0,0,0,0,0,0,0,0,0,0,0,0,0,0,0,0,0,0,0,0,0,0,0,1,0,0,0,0,0,0
459,836950,Jagodinska Pivara,Jagodinsko Pivo ( -2017),Pilsner - Other,https://untappd.com/b/jagodinska-pivara-jagodinsko-pivo-2017/836950,5.0,N/A,3.3,907,10/07/14, ,serbia,0,0,0,0,0,0,0,0,0,0,0,0,0,0,0,0,0,0,0,0,0,0,0,0,0,0,0,0,0,0,0,1,0,0,0,0,0,0
460,769076,Krugher & Brent,Pils,Pilsner - Other,https://untappd.com/b/krugher-and-brent-pils/769076,5.5,N/A,3.29,200,08/05/14, ,serbia,0,0,0,0,0,0,0,0,0,0,0,0,0,0,0,0,0,0,0,0,0,0,0,0,0,0,0,0,0,0,0,1,0,0,0,0,0,0
461,4126832,Valjevska Pivara,Jagodinsko Pivo,Pilsner - Other,https://untappd.com/b/valjevska-pivara-jagodinsko-pivo/4126832,4.8,N/A,3.27,1097,01/01/21,"An European Pale Lager with a rich history dating back to 1852. It is known for its finely balanced bitterness and rich foam, offering a clean and refreshing taste with a 4.8% ABV. The beer pours a hazy medium gold with a white head and has an aroma of grainy lager malt with hints of caramel and grassy hops. The flavor profile includes grainy lager malt, light caramel, and corn sweetness, making it a satisfying choice for beer enthusiasts. ",serbia,1,1,0,0,0,0,1,0,0,0,0,0,0,0,0,0,0,0,0,0,0,0,0,0,0,0,0,0,0,0,0,1,0,0,0,0,0,0
462,424116,BIP,BG Svetlo Pivo,Pilsner - Other,https://untappd.com/b/bip-bg-svetlo-pivo/424116,5.0,N/A,3.22,263,08/05/13, ,serbia,0,0,0,0,0,0,0,0,0,0,0,0,0,0,0,0,0,0,0,0,0,0,0,0,0,0,0,0,0,0,0,1,0,0,0,0,0,0
463,178366,Heineken Srbija Zaječar,Pils Plus,Pilsner - Other,https://untappd.com/b/heineken-srbija-zajecar-pils-plus/178366,4.8,N/A,3.08,349,05/26/12, ,serbia,0,0,0,0,0,0,0,0,0,0,0,0,0,0,0,0,0,0,0,0,0,0,0,0,0,0,0,0,0,0,0,1,0,0,0,0,0,0
464,539739,BIP,Svetlo Pivo,Pilsner - Other,https://untappd.com/b/bip-svetlo-pivo/539739,4.7,N/A,2.91,899,12/22/13, ,serbia,0,0,0,0,0,0,0,0,0,0,0,0,0,0,0,0,0,0,0,0,0,0,0,0,0,0,0,0,0,0,0,1,0,0,0,0,0,0
465,353372,Heineken Srbija (Pivara MB Novi Sad),MB Pils,Pilsner - Other,https://untappd.com/b/heineken-srbija-pivara-mb-novi-sad-mb-pils/353372,4.5,N/A,2.82,425,04/27/13, ,serbia,0,0,0,0,0,0,0,0,0,0,0,0,0,0,0,0,0,0,0,0,0,0,0,0,0,0,0,0,0,0,0,1,0,0,0,0,0,0
466,6042422,3bir,Harry Porter And the Kidney Stone,Porter - American,https://untappd.com/b/3bir-harry-porter-and-the-kidney-stone/6042422,6.3,N/A,3.61,220,11/01/24, ,serbia,0,0,0,0,0,0,0,0,0,0,0,0,0,0,0,0,0,0,0,0,0,0,0,0,0,0,0,0,0,0,0,0,1,0,0,0,0,0
467,2273523,Kabinet Brewery,Olga,Porter - Baltic,https://untappd.com/b/kabinet-brewery-olga/2273523,7.5,N/A,3.78,721,09/02/17,"Our special made for Brazil, the best beer of Serbia by Ratebeer. Strong but smooth, just like a real woman. ",serbia,0,0,0,0,0,0,0,0,0,0,0,0,0,0,1,0,0,0,0,0,0,0,0,0,0,0,0,0,0,0,0,0,1,0,0,0,0,0
468,6409016,Docker Brewery,10 Years - Baltic Porter,Porter - Baltic,https://untappd.com/b/docker-brewery-10-years-baltic-porter/6409016,9.0,N/A,3.65,151,09/12/25,"Po BJCP klasifikaciji opisuje se kao:tradicionalno pivo iz država koje imajuizlaz ka Baltičkom moru. Nezvaničnostil koji smo napravili zove se ImperialPorter. Glavna karakteristika ovogpiva je izraženi sladni aromatskiprofil, dobijen kombinacijom sedamsladova. Specijalni sladovi doprinoseukusu karamele, oraha, suvog voća,tamni sladovi daju note čokolade ikafe. Ovaj stil fermentiše isključivo saLager kvascem. U tank za odležavanjepiva potopili smo hrastov čips, kojije prethodno obogaćen domaćimviskijem koji je pre 6 godina dobijendestilacijom našeg crnog piva. Kakobismo dobili razvijeni aromatski buke,pivo je odležavalo 7 meseci zajedno sahrastovinom. ",serbia,1,0,0,0,0,0,1,0,0,0,0,0,0,0,1,0,0,0,0,0,0,0,0,0,0,0,0,0,0,0,0,0,1,0,0,0,0,0
469,3585120,Dogma Brewery,Dockers Hook,Porter - Coffee,https://untappd.com/b/dogma-brewery-dockers-hook/3585120,6.0,25,3.68,370,12/18/19,"Winter is perfect time for a dark beer. Robust Porter, beer style originating from industrial docks we twicked with cold brew addition of hand roasted artisanal Columbia coffee. Distinctive ""roasty"" aroma with a pleasant coffee & nuts flavour fulfills medium body of this winter brew. We've joined brewing forces with our friends from East Side Brewery and brought you beer for the upcoming festive days! ",serbia,0,0,0,0,0,0,0,0,0,0,0,0,0,0,0,0,0,0,0,0,0,0,0,0,0,0,0,0,0,0,0,0,1,0,0,0,0,0
470,4610810,Dogma Brewery,Docker's Hook Brasil,Porter - Coffee,https://untappd.com/b/dogma-brewery-docker-s-hook-brasil/4610810,6.0,20,3.64,784,11/26/21,At our docks we now have Brasil coffee beans which we've added to our traditional winterish brew - Docker's Hook Robust Coffee Porter.  ,serbia,0,0,0,0,0,0,0,0,0,0,0,0,0,0,0,0,0,0,0,0,0,0,0,0,0,0,0,0,0,0,0,0,1,0,0,0,0,0
471,5089035,Docker Brewery,Porterccino,Porter - Coffee,https://untappd.com/b/docker-brewery-porterccino/5089035,4.8,N/A,3.61,152,10/25/22,In the name of all Port workers we make a tribute with one classic easy drinkable Porter with Columbian espresso coffe and cocoa.   ,serbia,0,0,0,0,0,0,0,0,0,0,0,0,0,0,0,0,1,0,0,0,0,0,0,0,0,0,0,0,0,0,0,0,1,0,0,0,0,0
472,4072570,Dogma Brewery,Docker's Hook Guatemala,Porter - Coffee,https://untappd.com/b/dogma-brewery-docker-s-hook-guatemala/4072570,6.0,20,3.6,3517,11/27/20,"Second year in a row, we brought ourselves to docks and produced traditional Robust Porter with an addition of coffee. We've used artisanal coffee from a local roastery. Now we boosted aroma & flavour with Guatemala beans. It's a coffee porter time! ",serbia,0,0,0,0,0,0,0,0,0,0,0,0,0,0,0,0,0,0,0,0,0,0,0,0,0,0,0,0,0,0,0,0,1,0,0,0,0,0
473,1920541,Kabinet Brewery,Uteha,Porter - Imperial / Double,https://untappd.com/b/kabinet-brewery-uteha/1920541,6.7,25,3.72,560,01/23/17,This honey porter is our collaboration brew with creative Zagovor brewery from Russia. ,serbia,0,0,0,0,0,0,0,0,0,0,0,0,0,0,0,0,0,0,0,0,0,0,0,0,0,0,0,0,0,0,0,0,1,0,0,0,0,0
474,2377024,Kabinet Brewery,Olga On Cardamom,Porter - Imperial / Double Baltic,https://untappd.com/b/kabinet-brewery-olga-on-cardamom/2377024,10.0,N/A,3.75,1554,11/07/17,"A special beer created for Brazil, the best beer of Serbia by Ratebeer. ",serbia,0,0,0,0,0,0,0,0,0,0,0,0,0,0,1,0,0,0,0,0,0,0,0,0,0,0,0,0,0,0,0,0,1,0,0,0,0,0
475,4185835,Hog,Coco Viking,Porter - Other,https://untappd.com/b/hog-coco-viking/4185835,5.2,30,3.74,412,02/18/21,"Coco Viking je #RyePorter, crno nefiltrirano i nepasterizovano pivo, jedino koje može da utoli žeđ neustrašivih Vikinga za bitkom kad iz okova snega i leda pođu u tropske krajeve. Arome kokosa i čokolade učinkovito razgaljuju njihove nemilosrdne duše.Ukratko, egzotika koja je zavela Vikinge! SKÅL! ",serbia,0,0,0,0,0,0,0,0,0,0,0,0,0,0,1,0,0,0,0,0,0,0,0,0,0,0,0,0,0,0,0,0,1,0,0,0,0,0
476,1379751,Crow Brewery,Dr Jekyll,Porter - Other,https://untappd.com/b/crow-brewery-dr-jekyll/1379751,4.6,25,3.66,177,01/04/16,EBC 152 ,serbia,0,0,0,0,0,0,0,0,0,0,0,0,0,0,0,0,0,0,0,0,0,0,0,0,0,0,0,0,0,0,0,0,1,0,0,0,0,0
477,3007332,Kabinet Brewery,JaffaMania,Porter - Other,https://untappd.com/b/kabinet-brewery-jaffamania/3007332,7.4,25,3.59,179,12/25/18,"Awarded beer, brewed with Jaffa cakes. ",serbia,0,0,0,0,0,0,0,0,0,0,0,0,0,0,0,0,0,0,0,0,0,0,0,0,0,0,0,0,0,0,0,0,1,0,0,0,0,0
478,588525,Kabinet Brewery,Porter,Porter - Other,https://untappd.com/b/kabinet-brewery-porter/588525,6.2,30,3.58,2789,02/14/14,"English type of beer, once a favorite beverage of the workers at the river docks. The sweet aroma and the roasted flavor, come from the special kinds of malt as well as its dark brown, almost completely black and hypnotic appearance. Take a bite of the finest dark chocolate with coffee or just drink our Porter to feel the same. ",serbia,1,0,1,0,0,0,0,0,0,0,0,0,0,0,0,0,0,0,0,0,0,0,0,0,0,0,0,0,0,0,0,0,1,0,0,0,0,0
479,2877662,Kabinet Brewery,Kosmajski Drekavac,Porter - Other,https://untappd.com/b/kabinet-brewery-kosmajski-drekavac/2877662,6.1,N/A,3.56,185,10/05/18, ,serbia,0,0,0,0,0,0,0,0,0,0,0,0,0,0,0,0,0,0,0,0,0,0,0,0,0,0,0,0,0,0,0,0,1,0,0,0,0,0
480,6531756,Dogma Brewery,Pastrami Wanna Be,Porter - Smoked,https://untappd.com/b/dogma-brewery-pastrami-wanna-be/6531756,5.4,N/A,3.69,183,12/14/25,Our first smoked beer among all those 170+ we brewed! And we launching it as an add on to our Pastrami sandwich. Try both and enjoy if you admire smoke!  ,serbia,0,0,0,0,0,0,0,0,0,0,0,0,0,0,0,0,0,0,0,0,0,0,0,0,0,0,0,0,0,0,0,0,1,0,0,0,0,0
481,2918775,Dogma Brewery,Hollow Pumpkin,Pumpkin / Yam Beer,https://untappd.com/b/dogma-brewery-hollow-pumpkin/2918775,6.0,25,3.61,924,10/31/18,"Hollow Pumpkin is a liquid pie with addition of baked pumpkin, clove and cinnamon. Or it's a beer? Try it and tell us!  ",serbia,0,0,0,0,0,0,0,0,0,0,0,0,0,0,0,0,0,0,0,0,0,0,0,0,0,0,0,0,0,0,0,0,0,0,0,0,0,1
482,3981030,Hog,Loki,Red Ale - American Amber / Red,https://untappd.com/b/hog-loki/3981030,5.2,35,3.72,675,09/26/20,"Loki je Amber Ale, srce od hmelja u telu od slada. Ovo slatkorečivo i ubedljivo crveno pivo obuće vam leteće cipele za haranje nebom i dozvoliti vam da na kratko budete neko drugi.Ako spletkarite s Lokijem, čeka vas zabava bez premca. SKÅL!  ",serbia,1,1,0,0,0,0,0,0,0,0,0,0,0,0,0,0,0,0,0,0,0,0,0,0,0,0,0,0,0,0,0,0,0,0,0,0,1,0
483,4763917,Dogma Brewery,Kralj,Red Ale - American Amber / Red,https://untappd.com/b/dogma-brewery-kralj/4763917,5.0,N/A,3.64,154,03/21/22, ,serbia,0,0,0,0,0,0,0,0,0,0,0,0,0,0,0,0,0,0,0,0,0,0,0,0,0,0,0,0,0,0,0,0,0,0,0,0,1,0
484,1346946,Kabinet Brewery,Bad Copy,Red Ale - American Amber / Red,https://untappd.com/b/kabinet-brewery-bad-copy/1346946,5.3,30,3.63,384,12/12/15,"When Bad Copy rhymes became a beer, this is the result. Bitterness that puts a smile on your face, fat rhymes and beats that flow through your body and foam and taste that stay to linger. Dirt is missing but beer can not be dirty that is why is red. Cheers! ",serbia,0,0,0,0,0,0,0,0,0,0,0,0,0,0,0,0,0,0,0,0,0,0,0,0,0,0,0,0,0,0,0,0,0,0,0,0,1,0
485,2585445,Ravangrad,Red Ale,Red Ale - American Amber / Red,https://untappd.com/b/ravangrad-red-ale/2585445,4.8,27,3.6,226,04/04/18,"Prvo somborsko zanatsko pivo namenjeno ljubiteljima piva koji se prvi put susreću sa kraft pivom. Odlikuje ga blaga karamelna nota od prženog slada koja mu isto vreme daje I tamniju, crvenu boju. Umerene je gorčine I laganog tela. ",serbia,1,0,0,0,0,0,1,0,0,0,0,0,0,0,0,0,0,0,0,0,0,0,0,0,0,0,0,0,0,0,0,0,0,0,0,0,1,0
486,1374132,RazBeerbriga,Bandiera Rossa,Red Ale - American Amber / Red,https://untappd.com/b/razbeerbriga-bandiera-rossa/1374132,6.0,45,3.56,406,12/31/15,"A red flag rises and a revolution begins. And at RazBeerBriga, the craft beer revolution begins locally. The first new-age craft beer to be brewed using only exclusively Serbian grown hops, and generously malted, Bandiera Rossa unfurls a brilliant crimson as it pours, the product of slow-roasted, caramelized grains, while savory aromas of orange peel, flowers, and pine rise in the background from the combination of Cascade, Centennial, and Chinook hops. A rich, yet balanced beer, Bandiera Rossa is crafted to evoke and celebrate the spirited interplay of malt and hops. Hints of biscuit sweetness are punctuated with bright floral and citrus bursts. Earthy, piney resin runs up against a dry, toasty finish. What results is a highly quaffable, yet sophisticated sipping beer, made from the passionate labor of us here at RazBeerBriga’s craft brewery. Raise your red flag and join us in a cheer! ",serbia,1,1,0,0,0,0,1,0,0,0,0,0,0,0,0,0,0,0,0,0,0,0,0,0,0,0,0,0,0,0,0,0,0,0,0,0,1,0
487,3718743,Dogma Brewery,Donegan's Irish Red,Red Ale - Irish,https://untappd.com/b/dogma-brewery-donegan-s-irish-red/3718743,4.5,15,3.55,337,03/13/20,"This beer is a tribute. Tribute to our friend & beer lover. This beer is a tribute to an Irishman. From his hometown of Portlaoise in Irish Midlands till Begrade when we met him, he was delivering positivity, proudness & unique humor. All the aspects of true Irish. We're bringing you true Irish Red Ale. Light in hops and low ABV but rich & smooth in mouthfeel  with caramel & biscuit silkiness. Great beer for a session with your fellow Irishman. Available as a Nitro & regular draft. Believe us - as our dear Donegan likes to say, you will also shout - ""Oi, hit me with one for the road!""  Sláinte! ",serbia,0,1,0,0,0,0,1,0,0,0,0,0,0,0,0,0,0,0,0,0,0,0,0,0,0,0,0,0,0,0,0,0,0,0,0,0,1,0
488,2831321,Academia,Filozof,Red Ale - Other,https://untappd.com/b/academia-filozof/2831321,6.2,N/A,3.61,168,09/05/18,Objedinjuje aromu karamele i gustu penu u životnu filozofiju koju treba okusiti. Prijemčiva intelektu dovoljno snažnom da se nosi sa zdravom dozom gorčine koja je prožima. ,serbia,0,0,0,0,0,0,1,0,0,0,0,0,0,0,0,0,0,0,0,0,0,0,0,0,0,0,0,0,0,0,0,0,0,0,0,0,1,0
489,2184522,Pivzdarija (Пивздарија),Crven Ban (Црвен Бан),Red Ale - Other,https://untappd.com/b/pivzdarija-pivzdari-a-crven-ban-crven-ban/2184522,5.5,N/A,3.59,247,07/08/17,First red ale ,serbia,0,0,0,0,0,0,0,0,0,0,0,0,0,0,0,0,0,0,0,0,0,0,0,0,0,0,0,0,0,0,0,0,0,0,0,0,1,0
490,5209229,Docker Brewery,Babaroggen,Rye Beer,https://untappd.com/b/docker-brewery-babaroggen/5209229,5.5,N/A,3.72,244,01/23/23, ,serbia,0,0,0,0,0,0,0,0,0,0,0,0,0,0,0,0,0,0,0,0,0,0,0,0,0,0,0,0,0,0,0,0,0,0,0,0,0,1
491,5724585,Dogma Brewery,The Age of Lamb,Schwarzbier,https://untappd.com/b/dogma-brewery-the-age-of-lamb/5724585,5.0,10,3.65,246,02/23/24,"Another collab! And this one is inspired by Bavarian meeting with our friend Daniel from Garage Beer Co. & his love with food. And not some food - with Serbian lamb. He enjoyed food, we all together enjoyed brewing. This is a new start. This is The Age Of Lamb!  ",serbia,0,0,0,0,0,0,0,0,0,0,0,0,0,0,0,0,0,0,0,0,0,0,0,0,0,0,0,0,0,0,0,0,0,0,0,0,0,1
492,2646598,Gvint,Tamno,Schwarzbier,https://untappd.com/b/gvint-tamno/2646598,5.9,33,3.39,400,05/12/18,"Slightly higher percentage of alcohol and more extract than Gvint classic lager. More intense taste, with coffee and chocolate aroma. ",serbia,0,0,1,0,0,0,0,0,0,0,0,1,0,0,0,0,0,0,0,0,0,0,0,0,0,0,0,0,0,0,0,0,0,0,0,0,0,1
493,2885709,Gvint,Radler,Shandy / Radler,https://untappd.com/b/gvint-radler/2885709,2.3,N/A,3.51,156,10/10/18, ,serbia,0,0,0,0,0,0,0,0,0,0,0,0,0,0,0,0,0,0,0,0,0,0,0,0,0,0,0,0,0,0,0,0,0,0,0,0,0,1
494,2652157,Apatinska Pivara,Jelen Fresh Zova,Shandy / Radler,https://untappd.com/b/apatinska-pivara-jelen-fresh-zova/2652157,2.0,N/A,3.3,295,05/16/18, ,serbia,0,0,0,0,0,0,0,0,0,0,0,0,0,0,0,0,0,0,0,0,0,0,0,0,0,0,0,0,0,0,0,0,0,0,0,0,0,1
495,2666311,Apatinska Pivara,Jelen Fresh Limun & Nana (Lemon & Mint),Shandy / Radler,https://untappd.com/b/apatinska-pivara-jelen-fresh-limun-and-nana/2666311,2.0,N/A,3.3,564,05/25/18,"It is summer version of radler style beer with Lemon, but with added flavor of mint (Nana tea). It is very refreshing, and you wont be disapointed ",serbia,0,0,0,0,0,0,0,0,0,0,0,0,0,0,0,0,0,0,0,0,0,0,0,0,0,0,0,0,0,0,0,0,0,0,0,0,0,1
496,179581,Apatinska Pivara,Jelen Fresh Grejp,Shandy / Radler,https://untappd.com/b/apatinska-pivara-jelen-fresh-grejp/179581,2.0,N/A,3.24,899,05/28/12,"The distinctive taste of Jelen Pivo in combination with refreshing grapefruit and reduced alcohol content of 2% is an excellent choice for those who love the taste of beer and non-beer types, but they are certainly looking for the ideal refreshment and new tastes that brings enjoyment.This unique beer on the domestic market is available in returnable glass bottles of 0.5 l non-returnable glass bottles of 0,33 l and 0,5 l cans. Jelen Fresh Grapefruit is a beer for every occasion and all seasons, great thirst quencher and is a choice that will satisfy the need to indulge in a unique and entirely new taste of beer that starts the party. ",serbia,0,0,0,0,0,0,0,0,1,0,0,1,0,0,0,0,0,0,0,0,0,0,0,0,0,0,0,0,0,0,0,0,0,0,0,0,0,1
497,179584,Apatinska Pivara,Jelen Fresh Limun,Shandy / Radler,https://untappd.com/b/apatinska-pivara-jelen-fresh-limun/179584,2.0,N/A,3.23,239,05/28/12,"Characterized by reduced bitterness, low percentage of alcohol by only 2%, and a light, refreshing notes of fresh lemon juice.At any time, an unforgettable night out or afternoon having fun with friends, Jelen Fresh lemon is the right choice for refreshment that brings an overwhelming flavor of beer with lemon. ",serbia,0,0,0,0,0,0,0,0,0,0,0,1,0,0,0,0,0,0,0,0,0,0,0,0,0,0,0,0,0,0,0,0,0,0,0,0,0,1
498,179086,Carlsberg Srbija,Twist Limun,Shandy / Radler,https://untappd.com/b/carlsberg-srbija-twist-limun/179086,2.0,N/A,3.14,597,05/27/12, ,serbia,0,0,0,0,0,0,0,0,0,0,0,0,0,0,0,0,0,0,0,0,0,0,0,0,0,0,0,0,0,0,0,0,0,0,0,0,0,1
499,4559995,Pivara Vučje,Leskovačko Dimljeno,Smoked Beer,https://untappd.com/b/pivara-vucje-leskovacko-dimljeno/4559995,4.5,N/A,3.52,229,10/22/21,"Prvih nekoliko gutljaja ovog piva će vas verovatno iznenaditi svojom aromom. Radi se o premium lager pivu koje karakteriše dimljeni slad. Posebnim načinom proizvodnje pivo dobija različite nivoe punog i intenzivnog, dimljenog ukusa. Ovo pivo savršeno ide uz sve vrste mesa, pogotovo roštilja i pečenja gde otvara nove dimenzije i stvara balans ukusa. ",serbia,1,0,0,0,0,0,0,0,0,0,0,0,0,0,1,0,0,0,0,0,0,0,0,0,0,0,0,0,0,0,0,0,0,0,0,0,0,1
500,3382145,Crow Brewery,Apricot Berliner Weisse,Sour - Berliner Weisse,https://untappd.com/b/crow-brewery-apricot-berliner-weisse/3382145,3.8,6,3.74,161,08/14/19,Berliner Weisse with apricot added  in secondary fermentation. ,serbia,0,0,0,0,0,0,0,0,0,0,0,0,0,0,0,0,0,0,0,0,0,0,0,0,0,0,0,0,0,0,0,0,0,0,1,0,0,0
502,5325400,Docker Brewery,Raspberry Attack,Sour - Fruited,https://untappd.com/b/docker-brewery-raspberry-attack/5325400,4.5,N/A,3.78,519,04/21/23,Malina napada sva čula u prisustvu od čak 20% čistog voća u pivu.  ,serbia,0,0,0,0,0,0,0,0,0,0,0,0,0,0,0,0,0,0,0,0,0,0,0,0,0,0,1,0,0,0,0,0,0,0,0,0,0,0
503,4939559,Dogma Brewery,6th Anniversary No.2 - Apricot & Tarragon Sour,Sour - Fruited,https://untappd.com/b/dogma-brewery-6th-anniversary-no-2-apricot-and-tarragon-sour/4939559,5.5,N/A,3.77,526,07/20/22,B*BOP Fermentory is in da Dogma house! :) We've combined apricot & tarragon in this super delicious sour. Hell yeah!  ,serbia,0,0,0,0,0,0,0,0,0,0,0,0,0,0,0,0,0,0,0,0,0,0,0,0,0,0,1,0,0,0,0,0,0,0,0,0,0,0
504,5953266,Kabinet Brewery,Velvet Whisper,Sour - Fruited,https://untappd.com/b/kabinet-brewery-velvet-whisper/5953266,4.8,5,3.77,176,08/20/24,Collab with BIERlab.Let the fruity whispers guide you trougha tapestry of velvety dreams and etherealflavors.Fruited sour with loads of rhubarb and strawberry and a gentle amount of lactose. ,serbia,0,0,0,0,0,0,0,0,1,0,0,0,0,0,0,0,0,0,0,0,0,0,0,0,0,0,1,0,0,0,0,0,0,0,0,0,0,0
505,4701991,Docker Brewery,Lime Vs Kiwi,Sour - Fruited,https://untappd.com/b/docker-brewery-lime-vs-kiwi/4701991,4.4,N/A,3.76,456,02/04/22,"U 1000l piva dodali smo 220 kg kiwija i 20 kg limete. Medjutim, limeta je doslovce nokautilara kiwi koji je pobegao iz ove borbe i doziveo nokaut u prvoj rundi. Rezultat je pitko kiselo, citrusno i ekstremno osvezavajuce pivo sa laganih 4.4%. ",serbia,0,0,0,0,0,0,0,0,0,0,0,0,0,0,0,0,0,0,0,0,0,0,0,0,0,0,1,0,0,0,0,0,0,0,0,0,0,0
506,5868084,Docker Brewery,Pasji Trn (Облепиха),Sour - Fruited,https://untappd.com/b/docker-brewery-pasji-trn-oblepiha/5868084,5.2,N/A,3.76,294,06/14/24,"Pasji Trn poznat još i kao Vučji Trn i ""Облепиха"" poznat je Širom sveta kao jedna od najzdravijih biljaka na svetu. Ovoga puta ovaj izvor vitamina završio je u našem pivu. Živeli!  ",serbia,0,0,0,0,0,0,0,0,0,0,0,0,0,0,0,0,0,0,0,0,0,0,0,0,0,0,1,0,0,0,0,0,0,0,0,0,0,0
507,5469245,Kabinet Brewery,Shasta Fay,Sour - Fruited,https://untappd.com/b/kabinet-brewery-shasta-fay/5469245,4.9,N/A,3.75,176,08/02/23,"Fruited sour with loads of watermelon, pineapple and lime juice. ",serbia,0,0,0,0,0,0,0,0,0,0,0,0,0,0,0,0,0,0,0,0,0,0,0,0,0,0,1,0,0,0,0,0,0,0,0,0,0,0
508,4333447,3bir,Monday Morning Sour,Sour - Fruited,https://untappd.com/b/3bir-monday-morning-sour/4333447,4.5,N/A,3.75,166,05/28/21, ,serbia,0,0,0,0,0,0,0,0,0,0,0,0,0,0,0,0,0,0,0,0,0,0,0,0,0,0,1,0,0,0,0,0,0,0,0,0,0,0
509,4495135,3bir,3birCuz Apricot Sour,Sour - Fruited,https://untappd.com/b/3bir-3bircuz-apricot-sour/4495135,5.1,N/A,3.75,261,09/07/21,"U pitanju je Smoothie Sour u koji je dodato 350 kg kaše od kajsija pravo iz voćnjaka @beercuz.ns pivare sa obronka Fruške gore. Beercuz pivara, pored toga što je obezbedila sirovine, takođe je umešala prste u samo kuvanje ovog kiselkastog i osvećavajućeg piva. ",serbia,0,0,0,0,0,0,0,0,0,0,0,0,0,0,0,0,0,0,0,0,0,0,0,0,0,0,1,0,0,0,0,0,0,0,0,0,0,0
510,5911465,Dogma Brewery,8th AB - Crate Digger,Sour - Fruited,https://untappd.com/b/dogma-brewery-8th-ab-crate-digger/5911465,4.5,5,3.74,366,07/18/24,"One of two ""music"" collabs for our 8th Anniversary. This one was created with and dedicated to a Serbian hip hop legend - Timbe. Beside his great rap flow, he is a great DJ and true crate digger! ",serbia,0,0,0,0,0,0,0,0,0,0,0,0,0,0,0,0,0,0,0,0,0,0,0,0,0,0,1,0,0,0,0,0,0,0,0,0,0,0
511,5496628,Kabinet Brewery,Nuh Badda Mi,Sour - Fruited,https://untappd.com/b/kabinet-brewery-nuh-badda-mi/5496628,5.0,N/A,3.74,162,08/23/23,Special made for 10th birthday of Samo Pivo.Sour made with pineapple and ginger. ,serbia,0,0,0,0,0,0,0,0,0,0,0,0,0,0,0,0,0,0,0,0,0,0,0,0,0,0,1,0,0,0,0,0,0,0,0,0,0,0
512,4868410,3bir,Thursday Morning Sour,Sour - Fruited,https://untappd.com/b/3bir-thursday-morning-sour/4868410,4.5,N/A,3.73,170,06/02/22,"Thursday Morning Sour - Crvena ribizla i grejp isprepleteni su u nestašnom plesu koji hipnotiše sva čula. Kiselkaste teksture sa naznakom sladunjavosti, Thursday Morning Sour razoružava. ",serbia,1,0,0,0,0,0,0,0,0,0,0,0,0,0,1,0,0,0,0,0,0,0,0,0,0,0,1,0,0,0,0,0,0,0,0,0,0,0
513,4422704,Dogma Brewery,5th Anniversary Beer #2 - Black Currant & Lime Sour,Sour - Fruited,https://untappd.com/b/dogma-brewery-5th-anniversary-beer-2-black-currant-and-lime-sour/4422704,4.0,N/A,3.73,274,07/22/21,5 BEERS FOR 5 YEARS! #2 in our 5th Anniversary Beer edition - summerish & fruity. Local black currants boosted with a bit of lime juice. Low ABV with high drinkability. ,serbia,0,0,0,0,0,0,0,0,1,0,0,0,0,0,0,0,0,0,0,0,0,0,0,0,0,0,1,0,0,0,0,0,0,0,0,0,0,0
514,6258225,Dogma Brewery,Apricot Ginger & Mint Sour,Sour - Fruited,https://untappd.com/b/dogma-brewery-apricot-ginger-and-mint-sour/6258225,4.1,5,3.73,184,05/09/25,"New sour in our crew! After ""older sister"" Raspberry Mint, here comes a combination of apricot puree, ginger juice and macerated mojito mint! Prepare for summer & enjoy! ",serbia,0,0,0,0,0,0,0,0,1,0,0,0,0,0,0,0,0,0,0,0,0,0,0,0,0,0,1,0,0,0,0,0,0,0,0,0,0,0
515,4621064,Dogma Brewery,Dirty Old Snake,Sour - Fruited,https://untappd.com/b/dogma-brewery-dirty-old-snake/4621064,9.0,10,3.72,324,12/03/21,"Inspired by Snakebite & black, drink combined of beer, cider and black currant. Imperial & fruited sour with addition of apple & black currant. Strong & nasty like a dirty old snake!  ",serbia,0,0,0,0,0,0,0,0,1,0,0,0,0,0,0,0,0,0,0,0,0,0,0,0,0,0,1,0,0,0,0,0,0,0,0,0,0,0
516,5876125,3bir,Sunday Morning Sour,Sour - Fruited,https://untappd.com/b/3bir-sunday-morning-sour/5876125,6.2,N/A,3.72,323,06/20/24, ,serbia,0,0,0,0,0,0,0,0,0,0,0,0,0,0,0,0,0,0,0,0,0,0,0,0,0,0,1,0,0,0,0,0,0,0,0,0,0,0
517,4938605,3bir,Peachwise,Sour - Fruited,https://untappd.com/b/3bir-peachwise/4938605,4.4,N/A,3.72,182,07/19/22,"Šta se dešava kada se u prostoriji sastanu ljubitelji piva? Ukratko: PeachwisePeachwise je Sour nastao u kolaboraciji dve novosadske kraft pivare: Beerokrate i 3bir. Sour stil nije bez razloga prvi letnji izbor mnogih od nas. Sa sobom nosi prepoznatljive kiselkaste finese i osveženje za kojim žudimo. Peachwise ukusom preovladava slasna breskva koje, da vam pravo kažemo, ima u izobilju. Posmatrajte to ovako: ako vam se prvi zalogaj breskve čini kao neodoljiv doživljaj, Peachwise će vam pričiniti nezaboravno iskustvo. ",serbia,0,0,0,0,0,0,0,0,0,0,0,0,0,0,1,0,0,0,0,0,0,0,0,0,0,0,1,0,0,0,0,0,0,0,0,0,0,0
518,4840213,Dogma Brewery,Pinman / Nitro & Mint Edition,Sour - Fruited,https://untappd.com/b/dogma-brewery-pinman-nitro-and-mint-edition/4840213,4.9,10,3.7,434,05/13/22,We changed it a bit. Added mint for the freshness & nitro in fermentor for smoothness. Super refreshing!  ,serbia,0,0,0,0,0,0,0,0,0,0,0,0,0,0,0,0,0,0,0,0,0,0,0,0,0,0,1,0,0,0,0,0,0,0,0,0,0,0
519,5127774,3bir,Friday Morning Sour,Sour - Fruited,https://untappd.com/b/3bir-friday-morning-sour/5127774,5.6,12,3.7,210,11/21/22,"Šta kazete za pivo sa trešnjom? Trešnja je specifično voće jer se uglavnom konzumirama sirova, retko se od nje prave neke poslastice, dzemovi, kolači i zato nam je bila izazov, ali i rizik .Za još bogatiji ukus i boju dodali smo divlju borovnicu  i dobili pivo sa 5,6% alkohola. Proverite da li se rizik isplatio ",serbia,0,0,0,0,0,0,0,0,0,0,0,1,0,0,0,0,0,0,0,0,0,0,0,0,0,0,1,0,0,0,0,0,0,0,0,0,0,0
520,4860261,Dogma Brewery,The Empress,Sour - Fruited,https://untappd.com/b/dogma-brewery-the-empress/4860261,8.5,5,3.69,368,05/27/22,"After we've created The Emperor few years ago, now its time to presentes The Empress! Be ready for Her Greatness! ???? ",serbia,0,0,0,0,0,0,0,0,0,0,0,0,0,0,0,0,0,0,0,0,0,0,0,0,0,0,1,0,0,0,0,0,0,0,0,0,0,0
521,4412724,Docker Brewery,Cherry Kiss,Sour - Fruited,https://untappd.com/b/docker-brewery-cherry-kiss/4412724,4.6,N/A,3.68,1342,07/16/21,Sok domaćih ceđenih višanja pomešali smo sa ukiseljenom sladovinom i sve to začinili ekstratom prirodnog destilovanog badema. Ova kiselo slatka kombinacija u tečnom stanju odaje počast čuvenoj kombinaciji sladoleda od višnje i Italijanskog Amareta. ,serbia,1,0,0,0,0,0,0,0,0,0,0,0,0,0,0,0,0,0,0,0,0,0,0,0,0,0,1,0,0,0,0,0,0,0,0,0,0,0
522,4146014,Dogma Brewery,Bring the Sunshine Babe,Sour - Fruited,https://untappd.com/b/dogma-brewery-bring-the-sunshine-babe/4146014,4.3,15,3.67,777,01/18/21,"We need sun in this cold & grey times. O yes, we need it! Can we get it thru this sour fruited with Passion fruit, Papaya and Guava? O yeah! Bring the sunshine babe!  ",serbia,0,0,0,0,0,0,0,0,1,0,0,0,0,0,0,0,0,0,0,0,0,0,0,0,0,0,1,0,0,0,0,0,0,0,0,0,0,0
523,6257300,Soulcity Brewing Co.,Jamba Joose,Sour - Fruited,https://untappd.com/b/soulcity-brewing-co-jamba-joose/6257300,5.0,N/A,3.64,215,05/08/25, ,serbia,0,0,0,0,0,0,0,0,0,0,0,0,0,0,0,0,0,0,0,0,0,0,0,0,0,0,1,0,0,0,0,0,0,0,0,0,0,0
524,5451408,Dogma Brewery,7th AB #6 Cherry Mojito Sour,Sour - Fruited,https://untappd.com/b/dogma-brewery-7th-ab-6-cherry-mojito-sour/5451408,4.5,5,3.62,468,07/20/23,6th of 7. Our brother Lee joined forces with us to brew this cocktail in a glass. Cheers! ,serbia,0,0,0,0,0,0,0,0,0,0,0,0,0,0,0,0,0,0,0,0,0,0,0,0,0,0,1,0,0,0,0,0,0,0,0,0,0,0
525,5911470,Dogma Brewery,8th AB - Boja Nara,Sour - Fruited,https://untappd.com/b/dogma-brewery-8th-ab-boja-nara/5911470,4.5,5,3.62,271,07/18/24,"One of two brewery collabs for our 8th Anniversary. Boja nara is in Serbian ""colour of pomegranate"" and it's a a name dedicated of a legendary movie of Armenian director Sergej Parajanov.  ",serbia,0,0,0,0,0,0,0,0,0,0,0,0,0,0,0,0,0,0,0,0,0,0,0,0,0,0,1,0,0,0,0,0,0,0,0,0,0,0
526,4797251,3bir,Mandolina Kapetana Esida,Sour - Fruited,https://untappd.com/b/3bir-mandolina-kapetana-esida/4797251,4.6,N/A,3.62,382,04/14/22, ,serbia,0,0,0,0,0,0,0,0,0,0,0,0,0,0,0,0,0,0,0,0,0,0,0,0,0,0,1,0,0,0,0,0,0,0,0,0,0,0
527,6327342,Dogma Brewery,Mango Ginger & Mint Sour,Sour - Fruited,https://untappd.com/b/dogma-brewery-mango-ginger-and-mint-sour/6327342,4.1,5,3.61,272,07/04/25,"Our fruited & mint sour family got new member. After success of Apricot, here comes Mango! Perfect liquid mixture for hot summer days! ",serbia,0,0,0,0,0,0,0,0,1,0,0,0,0,0,0,0,0,0,0,0,0,0,0,0,0,0,1,0,0,0,0,0,0,0,0,0,0,0
528,4870621,Ravangrad,Sombor Sour,Sour - Fruited,https://untappd.com/b/ravangrad-sombor-sour/4870621,5.0,15,3.59,389,06/03/22,"Raspberry sourSombor grad najviše voli svoje letnje dane! Tim povodom napravili smo za vas „Sombor Sour“ pivo od najsočnijih i najlepših malina! Svojim osvežavajućim, pitkim i voćnim notama razbudiće vas i po najtoplijem letnjem danu! A celu priču najbolje predstavlja jedan od čuvenih Somborskih murala, koji smo odabrali i za dizajn ovog piva! Mural čuvenog linnch-a, rađen 2017 za termimalfestival! ",serbia,0,0,0,0,0,0,0,0,1,0,0,0,0,0,1,0,0,1,0,0,0,0,0,0,0,0,1,0,0,0,0,0,0,0,0,0,0,0
529,4300919,Dogma Brewery,Raspberry Mint Sour,Sour - Fruited,https://untappd.com/b/dogma-brewery-raspberry-mint-sour/4300919,3.8,10,3.57,2568,05/07/21,Freshness in a glass. Simple as that. ,serbia,0,0,0,0,0,0,0,0,0,0,0,0,0,0,0,0,0,0,0,0,0,0,0,0,0,0,1,0,0,0,0,0,0,0,0,0,0,0
530,4187093,Dogma Brewery,PINMAN,Sour - Fruited,https://untappd.com/b/dogma-brewery-pinman/4187093,4.9,10,3.55,672,02/19/21,PINMAN is a superhero. He will brake the walls and bring us fresh jungle waves of PINapple and MANgo in this easy drinking sour.  ,serbia,0,0,0,0,0,0,0,0,0,0,0,0,0,0,0,0,0,0,0,0,0,0,0,0,0,0,1,0,0,0,0,0,0,0,0,0,0,0
531,4887462,Robocraft Brewery,Dream Machina,Sour - Fruited,https://untappd.com/b/robocraft-brewery-dream-machina/4887462,5.0,N/A,3.42,484,06/14/22,"Dream Machina Ludi fermentor je jedva čekao da izbaci naš prvi sour, dry hopped, kombinaciju ribizle, limuna i borovnice, punog tela i nezaboravnog ukusa!The crazy tank couldn't wait to produce our first sour 5% alc, dry hopped, a combination of currant, lemon and blueberry, full bodied and unforgettable taste! ",serbia,0,0,0,0,0,0,0,0,1,0,0,0,0,0,1,0,0,0,0,0,0,0,0,0,0,0,1,0,0,0,0,0,0,0,0,0,0,0
532,2811333,Kabinet Brewery,Inversion,Sour - Fruited,https://untappd.com/b/kabinet-brewery-inversion/2811333,5.0,N/A,3.42,295,08/23/18,A collaboration brew with Bakunin from Russia with love. ,serbia,0,0,0,0,0,0,0,0,0,0,0,0,0,0,0,0,0,0,0,0,0,0,0,0,0,0,1,0,0,0,0,0,0,0,0,0,0,0
533,5451406,Dogma Brewery,7th AB #5 Lime & Ginger Berliner Weisse,Sour - Fruited Berliner Weisse,https://untappd.com/b/dogma-brewery-7th-ab-5-lime-and-ginger-berliner-weisse/5451406,3.9,5,3.67,302,07/20/23,"5th of 7. Lambrate is here again babies! Light, fruity & zesty!  ",serbia,0,0,0,0,0,0,0,0,1,0,0,0,0,0,0,0,0,0,0,0,0,0,0,0,0,0,1,0,0,0,0,0,0,0,0,0,0,0
534,3629857,Dogma Brewery,Soul Sista,Sour - Fruited Berliner Weisse,https://untappd.com/b/dogma-brewery-soul-sista/3629857,3.6,N/A,3.45,1839,01/17/20,"Soul Sista is the sour sister of our Miss Quince! Refreshing and fruity, this berliner weisse was boosted with addition of quince, lime & lemongrass.  ",serbia,0,0,0,0,0,0,0,0,1,0,0,0,0,0,0,0,0,0,0,0,0,0,0,0,0,0,1,0,0,0,0,0,0,0,0,0,0,0
535,2872298,Crow Brewery,Gargojl,Sour - Fruited Gose,https://untappd.com/b/crow-brewery-gargojl/2872298,4.3,9,3.78,576,10/01/18,Traditional German Gose with raspberries made specially for Samo Pivo pub. ,serbia,0,0,0,1,0,0,0,0,1,0,0,0,0,0,0,0,0,0,0,0,0,0,0,0,0,0,1,0,0,0,0,0,0,0,0,0,0,0
536,5325397,Docker Brewery,Lime Vs Cucumber,Sour - Fruited Gose,https://untappd.com/b/docker-brewery-lime-vs-cucumber/5325397,4.5,N/A,3.74,245,04/21/23,Nastavljamo sa kombinacijama Lime-a ali ovoga puta sa predivnim i pitkim krastavcem koji će dolazak lepog vremena učiniti još divnijim.  ,serbia,0,0,0,0,0,0,0,0,0,0,0,0,0,0,0,0,0,0,0,0,0,0,0,0,0,0,1,0,0,0,0,0,0,0,0,0,0,0
537,4537324,Docker Brewery,Citrus Bastard,Sour - Fruited Gose,https://untappd.com/b/docker-brewery-citrus-bastard/4537324,5.3,N/A,3.72,284,10/07/21,"Sta se desi kada se pomesaju stvari koje su na prvi pogled neocekivan spoj? Gose Bastard #2 je kiselo slano pivo uz dodatak soka od limuna, grejpa, pomorandze i mente. ",serbia,0,0,0,0,0,0,0,0,0,0,0,0,0,0,0,0,0,0,1,0,0,0,0,0,0,0,1,0,0,0,0,0,0,0,0,0,0,0
538,5053944,Dogma Brewery,Super Can Fest Special Brew / Pear & Coriander Gose,Sour - Fruited Gose,https://untappd.com/b/dogma-brewery-super-can-fest-special-brew-pear-and-coriander-gose/5053944,4.5,N/A,3.68,230,10/05/22,One of two special brews for our Super Can Fest 2022 - and our second collaboration brew with White Dog Brewery brother!  ,serbia,0,0,0,0,0,0,0,0,0,0,0,0,0,0,0,0,0,0,0,0,0,0,0,0,0,0,1,0,0,0,0,0,0,0,0,0,0,0
539,3338383,Dogma Brewery,Just A Berry Gose,Sour - Fruited Gose,https://untappd.com/b/dogma-brewery-just-a-berry-gose/3338383,3.5,10,3.66,543,07/19/19,"Last year we brew it with our Lambrate brothers. This year we brew it by ourselves and we have updated it! Beside black currant, jostaberry and ginger, we have added blackberry. Still salty and sour, still full of flavour and balanced!      ",serbia,0,0,0,0,0,0,0,0,1,0,0,0,0,0,0,0,0,0,0,0,0,0,0,0,0,0,1,0,0,0,0,0,0,0,0,0,0,0
540,4939571,Dogma Brewery,6th Anniversary No.5 - Blackberry & Lime Gose,Sour - Fruited Gose,https://untappd.com/b/dogma-brewery-6th-anniversary-no-5-blackberry-and-lime-gose/4939571,4.6,N/A,3.53,588,07/20/22,It needs to be sour & salty. But it's also fruited! With pleasent combo of blackberry puree & lime juice & peel. ,serbia,0,0,0,0,0,0,0,0,1,0,0,0,0,0,0,0,0,0,0,0,0,0,0,0,0,0,1,0,0,0,0,0,0,0,0,0,0,0
541,5003331,Dogma Brewery,Bloody Rosemary,Sour - Fruited Gose,https://untappd.com/b/dogma-brewery-bloody-rosemary/5003331,4.0,5,3.52,1284,09/02/22,She arrives from the cherry orchard with rosemary in her hair. Her name is Bloody Rosemary!  ,serbia,0,0,0,0,0,0,0,0,0,0,0,0,0,0,0,0,0,0,0,0,0,0,0,0,0,0,1,0,0,0,0,0,0,0,0,0,0,0
542,6281808,3bir,Cherry Oak Sour,Sour - Other,https://untappd.com/b/3bir-cherry-oak-sour/6281808,6.6,N/A,3.78,218,05/28/25, ,serbia,0,0,0,0,0,0,0,0,0,0,0,0,0,0,0,0,0,0,0,0,0,0,0,0,0,0,0,0,0,0,0,0,0,0,1,0,0,0
543,2688643,Kabinet Brewery,Carnival,Sour - Other,https://untappd.com/b/kabinet-brewery-carnival/2688643,4.0,15,3.43,686,06/07/18,A special with pineapple and red peppercorn brewed for Brazil. ,serbia,0,0,0,0,0,0,0,0,0,0,0,0,0,0,1,0,0,0,0,0,0,0,0,0,0,0,0,0,0,0,0,0,0,0,1,0,0,0
545,4343131,3bir,Danube Fruit Stew,Sour - Smoothie / Pastry,https://untappd.com/b/3bir-danube-fruit-stew/4343131,4.3,12,3.82,2041,06/03/21,"Da li postoji savršeno letnje pivo?Sa Danube Fruit Stew u rukama odgovor je: Da! Malina i crna ribizla glavni su akteri čarobnog napitka nastalog u saradnji pivare 3bir i Nova Runda. Smoothie sour perfektno uglađenih manira i raskošnih ukusa. Senzacija prirodnog domaćeg voća, slada, hmelja i galantnog tropskog ukusa vanile rajski su vrt za svačije nepce. Bogato fruktozom, vitaminima i organskim kiselinama, šarmantne interakcije sa sopstvom svakog pojedinca, napitak koji podjednako osvaja i dame i džentlmene.Danube Fruit Stew, osvežavajući Smoothie sour pravi je izbor za krepkost duha i tela. ",serbia,1,1,0,0,0,0,0,0,0,0,0,0,0,0,0,0,0,0,0,0,0,0,0,0,0,0,0,0,0,0,0,0,0,0,1,0,0,0
546,6430938,Crow Brewery,Wild Crow Cheesecake,Sour - Smoothie / Pastry,https://untappd.com/b/crow-brewery-wild-crow-cheesecake/6430938,3.6,N/A,3.8,195,10/01/25,Čiz kejk pivo?Zašto da ne :D ,serbia,0,0,0,0,0,0,0,0,0,0,0,0,0,0,0,0,0,0,0,0,0,0,0,0,0,0,0,0,0,0,0,0,0,0,1,0,0,0
547,4745518,3bir,Wednesday Morning Sour,Sour - Smoothie / Pastry,https://untappd.com/b/3bir-wednesday-morning-sour/4745518,6.2,N/A,3.77,545,03/09/22,WEDNESDAY MORNING SOUR će Vas iznenaditi svojim prijatnim kiselkastim tonovima i krepkošću.Nar i šipurak su glavni odgovorni za preovlađujuće voćne note u ovom pivu. ,serbia,0,0,0,0,0,0,0,0,0,0,0,0,0,0,0,0,0,0,0,0,0,0,0,0,0,0,0,0,0,0,0,0,0,0,1,0,0,0
548,5495025,Kabinet Brewery,Tomato Gose,Sour - Tomato / Vegetable Gose,https://untappd.com/b/kabinet-brewery-tomato-gose/5495025,4.0,N/A,3.72,470,08/21/23,"Collab with Samo Pivo and TT Eatery.Spicy, salty and delicious. ",serbia,0,0,0,0,0,0,0,0,0,0,0,0,0,0,0,0,0,0,0,0,0,0,0,0,0,0,0,0,0,0,0,0,0,0,1,0,0,0
549,4537305,Docker Brewery,Tomato Bastard,Sour - Tomato / Vegetable Gose,https://untappd.com/b/docker-brewery-tomato-bastard/4537305,4.3,N/A,3.67,738,10/07/21,"Sta se desi kada se pomesaju stvari koje su na prvi pogled neocekivan spoj? Gose Bastard #1 je kiselo slano pivo uz dodatak soka od paradajza, bibera i tobasco sosa. ",serbia,0,0,0,0,0,0,0,0,0,0,0,0,0,0,0,0,0,0,1,0,0,0,0,0,0,0,0,0,0,0,0,0,0,0,1,0,0,0
550,5267278,Dogma Brewery,"Bloody Marriage - Tomato, Pepper & Basil",Sour - Tomato / Vegetable Gose,https://untappd.com/b/dogma-brewery-bloody-marriage-tomato-pepper-and-basil/5267278,4.2,5,3.53,447,03/10/23,"Dogma Brewery & Beer Sheep have a long lasting relationship. It's a bussines, but first is friendship. With this exclusive brew this relationship becomes ""Bloody Marriage"" when we celebrate Beer Sheep's 3rd Birthday.  Tomato, pepper & basil with lot of salt for juicy & veggie gose!   ",serbia,0,0,0,0,0,0,0,0,0,0,0,0,0,0,0,0,0,0,0,0,0,0,0,0,0,0,0,0,0,0,0,0,0,0,1,0,0,0
551,4631587,Docker Brewery,Drunk Grandpa,Spiced / Herbed Beer,https://untappd.com/b/docker-brewery-drunk-grandpa/4631587,7.0,N/A,3.67,399,12/10/21,"Limun, Djumbir i med u kombinaciji sa 7% alkohola pretvoriće i obične prilike u specijalne i za pamćenje.  ",serbia,0,0,0,0,0,0,0,0,0,0,0,1,0,0,0,0,0,0,0,0,0,0,0,0,0,0,0,0,0,0,0,0,0,0,0,0,0,1
552,2498885,Kabinet Brewery,"You Happy, Me Happy",Spiced / Herbed Beer,https://untappd.com/b/kabinet-brewery-you-happy-me-happy/2498885,8.0,N/A,3.63,676,02/03/18,"A real gastro special Belgian tripel with several species, our birthday beer. ",serbia,0,0,0,0,0,0,0,0,0,0,0,0,0,0,0,0,0,0,0,0,0,0,0,0,0,0,0,0,0,0,0,0,0,0,0,0,0,1
553,1872493,Crow Brewery,Alien,Spiced / Herbed Beer,https://untappd.com/b/crow-brewery-alien/1872493,5.2,30,3.58,568,12/20/16,"An interesting mix of a pale ale with tea from the Rtanj mountains of Serbia, which adds a discrete herbal tang as an aftertaste. This beer is another collaboration projects between the Serbian Crow brewery from Vranovo and the German Lenny's Artisanal Ales. ",serbia,0,0,0,1,0,0,0,0,0,0,0,0,0,0,0,0,0,0,0,0,0,0,0,0,0,0,0,0,0,0,0,0,0,0,0,0,0,1
554,1082173,Kabinet Brewery,Melisa,Spiced / Herbed Beer,https://untappd.com/b/kabinet-brewery-melisa/1082173,5.4,35,3.53,2685,05/12/15,"Zen master. Melissa, the secret ingredient carefully gathered from the slopes of Kosmaj. Unusual, slightly reddish pale ale.  It is time to relax. ",serbia,0,0,0,0,0,0,0,0,0,0,0,0,0,0,0,0,0,0,0,0,0,0,0,0,0,0,0,0,0,0,0,0,0,0,0,0,0,1
555,1241077,Kabinet Brewery,Rufaro,Spiced / Herbed Beer,https://untappd.com/b/kabinet-brewery-rufaro/1241077,5.2,28,3.52,1682,09/18/15,Taste of well being with your every sip. Herbal beer with one of the oldest and most amazing plants. ,serbia,0,0,0,0,0,0,0,0,0,0,0,0,0,0,0,0,0,0,0,0,0,0,0,0,0,0,0,0,0,0,0,0,0,0,0,0,0,1
556,1151053,RazBeerbriga,Black Rider,Stout - American,https://untappd.com/b/razbeerbriga-black-rider/1151053,5.5,48,3.57,322,07/05/15," It’s dark. Pitch-black. Impenetrable. But do not fear – this darkness is on your side. It’s the Black Rider. No grim figure here, this is a hearty stout, robust in body, strong in character, yet silky smooth in its arrival, like a proud, swarthy knight striding forward on a full-blooded ebony stallion. And this no ordinary dark beer, but an ale that is the culmination of seven different layers of malt melding into one substantial, opulent, yet balanced brew. Rich aromas of roasted coffee, chocolate, and just a glint of toasted sugars entice the nose, leading on to a surge of dark, decadent flavors. A subtle backdrop of caramel emerges and spicy and woodsy notes from noble German and Serbian hops give way to a dry, satisfying finish that will leave you wanting another quaff. So go ahead, take the reins, swig back, and ride out into the Black Rider’s night. ",serbia,1,1,1,1,0,0,1,0,0,0,0,0,0,0,0,0,0,0,0,0,0,0,0,0,0,0,0,0,0,0,0,0,0,0,0,1,0,0
557,3595332,Ministarstvo Beer Bar,Black Magic,Stout - Coffee,https://untappd.com/b/ministarstvo-beer-bar-black-magic/3595332,5.2,25,3.73,163,12/23/19,Espresso stout brewed at Crow Brewery specially for Ministarstvo Beer Bar. ,serbia,0,0,0,0,0,0,0,0,0,0,0,0,0,0,0,0,0,0,0,0,0,0,0,0,0,0,0,0,0,0,0,0,0,0,0,1,0,0
558,4725107,Robocraft Brewery,Gort,Stout - Coffee,https://untappd.com/b/robocraft-brewery-gort/4725107,6.0,32,3.67,319,02/21/22,"Inspiraciju za ovog robota smo dobili iz pionirskog sci fi podhvata 50-tih godina 20. Veka ""The Day the Earth Stood Still"" . Tema koja se provlači u filmu, gde vanzemaljci dolaze na zemlju da donesu čovečanstvu know how koji će unaprediti civilizaciju i ksenofobična reakcija Zemljana na novo i nepoznato, poslužila nam je kao metafora ne samo za našu borbu protiv industrije, već i neslogu i tragikomično medjusobno rivalstvo zanatskih pivara. Gort je za nas personifikacija promene edukuvanih pivopija, koji se pridružuju roboluciji šireći neuništivu istinu o kvalitetu! Gort je stout, vrhunsko tamno pivo sa 6% alc, jakim i konkretnim telom, kafenim, čokoladnim i notama kokosa koji mu daju jedinstven karakter.  ",serbia,0,0,0,0,0,0,0,0,0,0,0,0,0,0,0,0,0,0,0,0,0,0,0,0,0,0,0,0,0,0,0,0,0,0,0,1,0,0
561,5286625,Dogma Brewery,Serbian Barrels Series No.6 - Imperial Prune Stout,Stout - Imperial / Double,https://untappd.com/b/dogma-brewery-serbian-barrels-series-no-6-imperial-prune-stout/5286625,10.5,5,3.76,185,03/24/23,"Serbia is famous for plums. Plums mainly go to Sljivovica brandy, but here we go with this No. 6 in Serbian Barrels Series. We've combined an Imperial stout with prunes added in whirlpool & and barrels. Near a year this beauty was sleepin' in Serbian Vinjak barrels. On a prune pillow.  ",serbia,0,0,0,0,0,0,0,0,0,0,0,0,0,1,0,0,0,0,0,0,0,0,0,0,0,0,0,0,0,0,0,0,0,0,0,1,0,0
562,6007373,Docker Brewery,Raspberry Vs Coconut,Stout - Imperial / Double,https://untappd.com/b/docker-brewery-raspberry-vs-coconut/6007373,9.0,N/A,3.75,169,10/04/24,Borba maline i kokosa koji je ekstraktovan u belom rumu može da počne. ,serbia,0,0,0,0,0,0,0,0,0,0,1,0,0,0,0,0,0,1,0,0,0,0,0,0,0,0,0,0,0,0,0,0,0,0,0,1,0,0
563,6078324,3bir,Demento Dory,Stout - Imperial / Double,https://untappd.com/b/3bir-demento-dory/6078324,10.0,N/A,3.72,164,11/30/24, ,serbia,0,0,0,0,0,0,0,0,0,0,0,0,0,0,0,0,0,0,0,0,0,0,0,0,0,0,0,0,0,0,0,0,0,0,0,1,0,0
564,3159233,Kabinet Brewery,BonBon,Stout - Imperial / Double,https://untappd.com/b/kabinet-brewery-bonbon/3159233,9.0,40,3.69,458,04/04/19,Cherish your inner child. Thick and sticky stout with a loads of homemade caramel. A real delicacy for the dessert lovers. ,serbia,0,0,0,0,0,0,1,0,0,0,0,0,0,0,0,0,0,0,0,0,0,0,0,0,0,0,0,0,0,0,0,0,0,0,0,1,0,0
569,4831380,Dogma Brewery,Dry Irish Stout Nitro Edition,Stout - Irish Dry,https://untappd.com/b/dogma-brewery-dry-irish-stout-nitro-edition/4831380,4.5,N/A,3.46,2355,05/07/22,"Part of a great project ""Restore Our Earth"" developed by our friends from The Garden Brewery & Beer 52. One of 16 collabs. Brewed in Belgrade. Dark & Roasty. Smooth & Dry. And NITRO on tap and in a can! ",serbia,0,0,0,0,0,0,0,0,0,0,0,0,0,0,0,0,0,0,0,0,0,0,0,0,0,0,0,0,0,0,0,0,0,0,0,1,0,0
572,1191028,Zebrew,Ice Cream Stout,Stout - Milk / Sweet,https://untappd.com/b/zebrew-ice-cream-stout/1191028,5.0,30,3.78,396,08/08/15,Milk stout sa 8 vrsta slada i dodatkom štapića vanile.  ,serbia,1,0,0,0,0,0,0,0,0,0,0,0,0,0,0,0,0,0,0,0,0,0,0,0,0,0,0,0,0,0,0,0,0,0,0,1,0,0
573,2183028,Sindikat Brewery,Darker,Stout - Milk / Sweet,https://untappd.com/b/sindikat-brewery-darker/2183028,4.7,25,3.63,404,07/08/17, ,serbia,0,0,0,0,0,0,0,0,0,0,0,0,0,0,0,0,0,0,0,0,0,0,0,0,0,0,0,0,0,0,0,0,0,0,0,1,0,0
574,1795610,Dogma Brewery,Crna Krava,Stout - Milk / Sweet,https://untappd.com/b/dogma-brewery-crna-krava/1795610,5.0,20,3.5,3023,10/28/16,"Note kafe i čokolade u aromi, pun i mlečan ukus u ustima.Šest specijalnih sladova i dodatak prženog ječma i laktoze. Upoznajte našu Crnu Kravu, koja predstavlja klasičan ostrvski stout, oplemenjen mlečnim ukusom! ",serbia,1,0,0,0,0,0,0,0,0,0,0,0,0,0,0,0,0,0,0,0,0,0,0,0,0,0,0,0,0,0,0,0,0,0,0,1,0,0
575,6218935,Crow Brewery,Nightmare,Stout - Milk / Sweet,https://untappd.com/b/crow-brewery-nightmare-nutella-s-mores-stout/6218935,5.8,N/A,3.29,1237,04/07/25,"Rich chocolate, roasted malt, and marshmallow sweetness with hints of hazelnut, graham cracker, and vanilla. Smooth, creamy mouthfeel and a decadent, dessert-like finish. ",serbia,1,0,1,0,0,1,0,0,0,0,0,0,0,0,0,0,0,0,0,0,0,0,0,0,0,0,0,0,0,0,0,0,0,0,0,1,0,0
576,4174939,Salto Pivo,Salto Stout,Stout - Oatmeal,https://untappd.com/b/salto-pivo-salto-stout/4174939,5.5,24,3.71,1651,02/10/21,"Expect a burst of subtle milk chocolate, hazelnut and coffee flavours which melt away into a smooth and long lasting aftertaste. The rich, flavoursome body evokes memories of luxurious desserts - the kind that always left you wanting another spoonful. ",serbia,0,0,1,0,0,0,0,0,0,0,0,0,0,0,0,0,0,0,0,0,0,0,0,0,0,0,0,0,0,0,0,0,0,0,0,1,0,0
577,4575207,Kabinet Brewery,Pixie Dust,Stout - Oatmeal,https://untappd.com/b/kabinet-brewery-pixie-dust/4575207,4.4,38,3.62,250,11/01/21,All day oatmeal stout sprinkled with a bit of pixie dust.Destination Neverland.Oatmeal stout with cinnamon and vanilla.Label change from 2023. ,serbia,0,0,0,0,0,1,0,0,0,0,0,0,0,0,0,0,0,0,0,0,0,0,0,0,0,0,0,0,0,0,0,0,0,0,0,1,0,0
578,854732,Kabinet Brewery,Cassius,Stout - Other,https://untappd.com/b/kabinet-brewery-cassius/854732,6.3,37,3.76,621,10/25/14,"Deep vanilla, cinnamon and dark chocolate. Cassius, floats like a butterfly stings like a bee.   ",serbia,0,0,1,0,0,1,0,0,0,0,0,0,0,0,0,0,0,0,0,0,0,0,0,0,0,0,0,0,0,0,0,0,0,0,0,1,0,0
579,1712092,Tron Brewery,All On Black,Stout - Other,https://untappd.com/b/tron-brewery-all-on-black/1712092,6.3,30,3.65,623,08/31/16, ,serbia,0,0,0,0,0,0,0,0,0,0,0,0,0,0,0,0,0,0,0,0,0,0,0,0,0,0,0,0,0,0,0,0,0,0,0,1,0,0
580,2879284,Ravangrad,Odžačar,Stout - Other,https://untappd.com/b/ravangrad-odzacar/2879284,5.5,N/A,3.62,302,10/06/18,"Crno pivo dobijeno korišćenjem 5 vrsta prženih ječmenih sladova od kojih, pored izrazito crne boje, dobija i bogatu aromu kafe, čokolade i karamele. ",serbia,1,0,0,0,0,0,1,0,0,0,0,0,0,0,1,0,0,0,0,0,0,0,0,0,0,0,0,0,0,0,0,0,0,0,0,1,0,0
581,6144246,Dogma Brewery,Chocolate Habanero Spicy Stout,Stout - Other,https://untappd.com/b/dogma-brewery-chocolate-habanero-spicy-stout/6144246,5.3,5,3.61,431,01/31/25,"Great new collab with Zlobex, producer of hot paprika & hit sauces. We combined full body stout with tincture of chocolate habanero. Be brave. Try it!  ",serbia,0,0,1,0,0,0,0,0,0,0,0,0,0,0,0,0,0,0,0,0,0,0,0,0,0,0,0,0,0,0,0,0,0,0,0,1,0,0
582,848389,Black Turtle Brewpub,Stout,Stout - Other,https://untappd.com/b/black-turtle-brewpub-stout/848389,4.6,N/A,3.42,420,10/18/14, ,serbia,0,0,0,0,0,0,0,0,0,0,0,0,0,0,0,0,0,0,0,0,0,0,0,0,0,0,0,0,0,0,0,0,0,0,0,1,0,0
583,483076,Krugher & Brent,Extra Stout,Stout - Other,https://untappd.com/b/krugher-and-brent-extra-stout/483076,5.0,N/A,3.28,276,10/20/13,"Extra Stout, but looking more like a german Schwartzbier ",serbia,0,0,0,1,0,0,0,0,0,0,0,0,0,0,0,0,0,0,0,0,0,0,0,0,0,0,0,0,0,0,0,0,0,0,0,1,0,0
588,4194327,Dogma Brewery,Cossack's Whip,Stout - Russian Imperial,https://untappd.com/b/dogma-brewery-cossack-s-whip/4194327,9.0,N/A,3.71,967,02/24/21,Cossaks were well known for their power & strenght. Whip was one of the most respectfull weapons. Cause of that we've named this powerful RIS. Full body with addition of cocoa nibs with spicy aroma of cardamom. Mixture of strenght & complexity!  ,serbia,0,0,0,0,0,0,0,0,0,0,0,0,0,0,0,0,1,0,0,0,0,0,0,0,0,0,0,0,0,0,0,0,0,0,0,1,0,0
589,3669338,3bir,Wild Dogs,Wheat Beer - American Pale Wheat,https://untappd.com/b/3bir-wild-dogs/3669338,5.4,25,3.75,1114,02/12/20,"Mudrost, fizicka spremnost, mirisne note i ukusi tropskog voca, istrajnost, umesnost, jaka zahmeljenost, fokus, mentalna stabilnost, tradicija - osobenosti Wild Dogs american wheat. 3bir kao ponositi sponzor uspesnog lokalnog tima americkog fudbala Wild Dogs vam donosi psenicni napitak u koji su sa ljubavlju polozeni svi potrebni sastojci za postizanje izvanrednih rezultata koji se sire i van zelenog okvira od 120 jardi. 3bir - Wild Dogs - Touchdown. ",serbia,0,0,0,0,0,0,0,0,0,0,0,0,0,0,0,0,0,0,0,0,0,0,0,0,0,0,0,0,0,0,0,0,0,1,0,0,0,0
590,1455413,Crow Brewery,Sunshine,Wheat Beer - American Pale Wheat,https://untappd.com/b/crow-brewery-sunshine/1455413,5.2,25,3.62,1078,03/06/16,American Wheat brewed with Cascade and Citra hops. ,serbia,0,1,0,0,0,0,0,0,0,0,0,0,0,0,0,0,0,0,0,0,0,0,0,0,0,0,0,0,0,0,0,0,0,1,0,0,0,0
591,2288727,Kaš Balkan Brewtopia,Bledoliki,Wheat Beer - American Pale Wheat,https://untappd.com/b/kas-balkan-brewtopia-bledoliki/2288727,5.3,35,3.6,256,09/12/17, ,serbia,0,0,0,0,0,0,0,0,0,0,0,0,0,0,0,0,0,0,0,0,0,0,0,0,0,0,0,0,0,0,0,0,0,1,0,0,0,0
592,2643722,Kabinet Brewery,Wheat Me Up,Wheat Beer - American Pale Wheat,https://untappd.com/b/kabinet-brewery-wheat-me-up/2643722,5.3,N/A,3.56,277,05/11/18,"You get the gray skies outta my way... My beats per minute will never be the same.Wheat beer that carries a spirit of the carefree time. It s summer, so let's cool in the pool. Brewed with coriander and orange peel.… ",serbia,0,0,0,0,0,0,0,0,0,0,0,0,0,0,0,0,0,0,0,0,0,0,0,0,0,0,0,0,0,0,0,0,0,1,0,0,0,0
593,2757045,Dogma Brewery,Summer Ale,Wheat Beer - American Pale Wheat,https://untappd.com/b/dogma-brewery-summer-ale/2757045,4.5,20,3.44,880,07/20/18,"Summer in a glass! Low in alcohol, high in drinkability. Light body with aromas of coriander, lemon zest which we've added in whirpool + pineapple boost from added juice at the end of fermentation. We celebrate summer!  ",serbia,0,0,0,0,0,0,0,0,0,0,0,1,0,0,0,0,0,0,0,0,0,0,0,0,0,0,0,0,0,0,0,0,0,1,0,0,0,0
594,4802888,Robocraft Brewery,Kriegerbot,Wheat Beer - Hefeweizen,https://untappd.com/b/robocraft-brewery-kriegerbot/4802888,6.0,20,3.68,242,04/17/22,"Ovog puta vam donosimo Hefeweizen sa 5,5% alc, punog tela i boje. Surovo precizan, kriegerbot ima zadatak da u ruinama ""pivske ponude"" koja je ostavila iza sebe industrija, prezentuje doktrinu pšeničnog piva od 100% prirodnih sirovina, pšeničnog i ječmenog slada bez aditiva i pasterizacije. This time we bring you a Hefeweizen with 5.5% alc, full body and color. Cruelly precise, the kriegerbot has the task of presenting the doctrine of wheat beer from 100% natural raw materials, wheat and barley malt without additives and pasteurization, in the ruins of the ""beer offer"" left behind by the industry. ",serbia,1,0,0,0,0,0,0,0,0,0,0,0,0,0,0,1,0,0,0,0,0,0,0,0,0,0,0,0,0,0,0,0,0,1,0,0,0,0
595,4537284,Docker Brewery,Weizendock,Wheat Beer - Hefeweizen,https://untappd.com/b/docker-brewery-weizendock/4537284,4.8,N/A,3.66,499,10/07/21, ,serbia,0,0,0,0,0,0,0,0,0,0,0,0,0,0,0,0,0,0,0,0,0,0,0,0,0,0,0,0,0,0,0,0,0,1,0,0,0,0
596,2138072,Dilemma Pivara,Hefeweizen,Wheat Beer - Hefeweizen,https://untappd.com/b/dilemma-pivara-hefeweizen/2138072,5.9,25,3.61,259,06/10/17, ,serbia,0,0,0,0,0,0,0,0,0,0,0,0,0,0,0,0,0,0,0,0,0,0,0,0,0,0,0,0,0,0,0,0,0,1,0,0,0,0
597,1155651,Sindikat Brewery,Surfer,Wheat Beer - Hefeweizen,https://untappd.com/b/sindikat-brewery-surfer/1155651,5.7,N/A,3.52,221,07/10/15, ,serbia,0,0,0,0,0,0,0,0,0,0,0,0,0,0,0,0,0,0,0,0,0,0,0,0,0,0,0,0,0,0,0,0,0,1,0,0,0,0
598,2644593,Gvint,Pšenično,Wheat Beer - Hefeweizen,https://untappd.com/b/gvint-psenicno/2644593,4.7,22,3.45,493,05/12/18,"Soft, creamy flavor and a pale color, a mild banana and cloves flavor.  ",serbia,0,0,0,0,1,0,0,0,0,0,0,0,0,0,0,0,0,0,0,0,0,0,0,0,0,0,0,0,0,0,0,0,0,1,0,0,0,0
599,2757056,Dogma Brewery,Raspberry Hefeweizen,Wheat Beer - Hefeweizen,https://untappd.com/b/dogma-brewery-raspberry-hefeweizen/2757056,4.5,13,3.31,1654,07/20/18,We like raspberry. Also we like Hefeweizen. Two lovely aromas found their place in this beer. Traditional hefeweizen with it's aromas of clove and banana upgraded with raspberry pure. We've searched for balance between sugars and acidity. Have we founded it?  ,serbia,0,0,0,0,1,0,0,0,1,0,0,0,0,0,0,0,0,0,0,0,0,0,0,0,0,0,0,0,0,0,0,0,0,1,0,0,0,0
600,2556972,Heineken Srbija Zaječar,Zaječarsko Pšenično,Wheat Beer - Hefeweizen,https://untappd.com/b/heineken-srbija-zajecar-zajecarsko-psenicno/2556972,5.0,N/A,3.31,1065,03/17/18,PŠENIČNO SVETLO MUTNO PALTERIZOVANO PIVO. alk 5.0 % vol ,serbia,0,0,0,0,0,0,0,0,0,0,0,0,0,0,0,0,0,0,0,0,0,0,0,0,0,0,0,0,0,0,0,0,0,1,0,0,0,0
601,4203982,Inat Brewery,Pšenično,Wheat Beer - Hefeweizen,https://untappd.com/b/inat-brewery-psenicno/4203982,5.6,27,3.15,306,03/03/21, ,serbia,0,0,0,0,0,0,0,0,0,0,0,0,0,0,0,0,0,0,0,0,0,0,0,0,0,0,0,0,0,0,0,0,0,1,0,0,0,0
602,3352718,3bir,La Banana,Wheat Beer - Other,https://untappd.com/b/3bir-la-banana/3352718,7.3,20,3.77,206,07/27/19,"LaBanana je pivo koje smo napravili u saradnji sa ekipom iz Kulturni Centar LAB.Od Velvet Underground, preko Bada Spensera do Danija Alveša na utakmici protiv Viljareala, banana je po pravilu bila simbol otpora, slobode i kreativnosti.LaBanana je pšenično pivo sa jakim i voćnim karakterom (mereno u procentima - 7,3% Alc.) Veselo i drugačije, LaBanana je letnje pivo koje se ispija polako i u društvu, party-pivo po svom karakteru i efektu na okolinu. ",serbia,0,0,0,0,1,0,0,0,0,0,0,0,0,0,0,0,0,0,0,0,0,0,0,0,0,0,0,0,0,0,0,0,0,1,0,0,0,0
603,4536068,3bir,Dunk Wit,Wheat Beer - Other,https://untappd.com/b/3bir-dunk-wit/4536068,4.75,N/A,3.65,298,10/06/21,"Dunk Wit je pšenično pivo nešto lakšeg temperamenta, sa 4,75% alkohola i dodatkom semenki korijandera. Ovo pivo, zaplesaće po vašem nepcu ostavljajući citrusne tragove, jer ga krase sveže pomorandže i daju mu odvažnost u svom nastupu.Ali, Dunk Wit nije inovativan samo na osnovu toga. Postoji jedan sastojak koji ga zaista čini neponovljivo dovitljivim, a to je litvanski kvasac. Nastao u 19. veku, od strane porodice koja se generacijama bavila pivarstvom, ovaj kvasac se istakao na svojevrstan način, našao reči hvale širom sveta i došao do naše pivare. ",serbia,0,0,0,0,0,0,0,1,0,0,0,1,0,0,0,0,0,0,0,0,0,0,0,0,0,0,0,0,0,0,0,0,0,1,0,0,0,0
604,5356615,Dogma Brewery,Dogma In Da Streets - OH NO BARBARA,Wheat Beer - Witbier / Blanche,https://untappd.com/b/dogma-brewery-dogma-in-da-streets-oh-no-barbara/5356615,4.8,10,3.67,216,05/13/23,"2nd beer in our proudly created ""Dogma In Da Streets"" series is dedicated to our friend Barbara, famous street artist well known for her gentle but strong painting style. Label ilustration is at this moment been transfered to the walls of Dogma Brewery. And yes! It's a gentle, silky and super tasty Wit upgraded by huge whirlpool addition of a fresh lime & lime peel.  ",serbia,0,0,0,0,0,0,0,0,0,0,0,0,0,0,0,0,0,0,0,0,0,0,0,0,0,0,0,0,0,0,0,0,0,1,0,0,0,0
605,5789792,3bir,Hippie Carp,Wheat Beer - Witbier / Blanche,https://untappd.com/b/3bir-hippie-carp/5789792,5.6,N/A,3.61,468,04/15/24, ,serbia,0,0,0,0,0,0,0,0,0,0,0,0,0,0,0,0,0,0,0,0,0,0,0,0,0,0,0,0,0,0,0,0,0,1,0,0,0,0
606,1723916,Dorćol Pivara,Paklena Pomorandža,Wheat Beer - Witbier / Blanche,https://untappd.com/b/dorcol-pivara-paklena-pomorandza/1723916,6.3,N/A,3.55,761,09/09/16, ,serbia,0,0,0,0,0,0,0,0,0,0,0,0,0,0,0,0,0,0,0,0,0,0,0,0,0,0,0,0,0,0,0,0,0,1,0,0,0,0
607,5911487,Dogma Brewery,Dogma In Da Streets - Dechko Tzar,Wheat Beer - Witbier / Blanche,https://untappd.com/b/dogma-brewery-dogma-in-da-streets-dechko-tzar/5911487,5.0,15,3.54,214,07/18/24,"On 8th Anniversary we're continuing our ""Dogma In Da Streets"" series with an easy & summerish wit and great artwork of street art masters Braća Burazeri, creators of Dechko Tzar. Respect!  ",serbia,0,0,0,0,0,0,0,0,0,0,0,0,0,0,1,0,0,0,0,0,0,0,0,0,0,0,0,0,0,0,0,0,0,1,0,0,0,0
608,3221304,Salto Pivo,Salto Wit,Wheat Beer - Witbier / Blanche,https://untappd.com/b/salto-pivo-salto-wit/3221304,4.9,14,3.52,1081,05/10/19,"A wave of freshness inspired by Belgian-style wheat beers with a bold Salto twist. Salto Wit brings bright and citrusy aromas to the front, while skillfully balanced sweet notes underline soft and creamy mouthfeel. Organic wheat, Curaçao orange zest and coriander give this unfiltered, unpasteurized beer its basic character, and added herbs are accentuating its freshness. ",serbia,0,0,0,0,0,0,0,0,0,0,0,0,0,0,0,0,0,0,0,0,0,0,0,0,0,0,0,0,0,0,0,0,0,1,0,0,0,0
609,3384041,Dogma Brewery,Death In Watermelon,Wheat Beer - Witbier / Blanche,https://untappd.com/b/dogma-brewery-death-in-watermelon/3384041,5.5,N/A,3.46,284,08/15/19,"It's a summer brew. Serbian watermelon, lime and a little bit of salt are bringing layers of summer flavours!  ",serbia,0,0,0,0,0,0,0,0,0,0,0,0,0,0,0,0,0,0,0,0,0,0,0,0,0,0,0,0,0,0,0,0,0,1,0,0,0,0
51,3048168,Mlinarica,Mrzljak,Altbier - Traditional,https://untappd.com/b/mlinarica-mrzljak/3048168,5.9,51,3.66,210,01/23/19,"Very deep copper to brown clear color, white almost creamy head with fine retention. First aroma is herbal and spicy from the noble German hops used, followed with a sweeter malty and finally fruity aroma contributed by the ale yeast. Taste is initially bready, but the gentle yet rich bitterness kicks in right away. The finish is clean, smooth and crispy which is achieved with the lagering of his beer as required for the style. This being the sticke version of the altbier (more hops, more malt) makes it very enjoyable for both malty and hoppy beer lovers. ",croatia,1,1,0,1,0,0,0,1,1,0,0,0,0,0,0,0,0,0,0,1,0,0,0,0,0,0,0,0,0,0,0,0,0,0,0,0,0,0
52,1549302,PIVIONICA,Fulir Tamno,Altbier - Traditional,https://untappd.com/b/pivionica-fulir-tamno/1549302,6.0,24,3.51,197,05/11/16, ,croatia,0,0,0,0,0,0,0,0,0,0,0,0,0,0,0,0,0,0,0,1,0,0,0,0,0,0,0,0,0,0,0,0,0,0,0,0,0,0
53,3526658,PriMarius craft pivovara,Krampus,Barleywine - English,https://untappd.com/b/primarius-craft-pivovara-krampus/3526658,8.8,50,3.73,284,11/11/19, ,croatia,0,0,0,0,0,0,0,0,0,0,0,0,0,0,0,0,0,0,0,0,1,0,0,0,0,0,0,0,0,0,0,0,0,0,0,0,0,0
54,1814708,Pivovara Medvedgrad,Pivo Svetog Martina,Barleywine - Other,https://untappd.com/b/pivovara-medvedgrad-pivo-svetog-martina/1814708,10.3,60,3.76,755,11/11/16,"Ovaj pivski specijalitet skuhali su u kolaboraciji naš majstor pivar Božo Kostanjčar i Matt Hollingsworth. Izraženih je slatkih, voćnih okusa i ugodne, kompleksne arome koja potječe od bogate mješavine slada. Ovo specifično ječmeno vino stvoreno je za uživanje i polagano ispijanje, poput pivskog cognaca.  ",croatia,1,0,0,0,0,0,0,0,0,0,0,0,0,0,0,0,0,0,0,0,1,0,0,0,0,0,0,0,0,0,0,0,0,0,0,0,0,0
55,5521778,Pivovara Medvedgrad,Zeko je reko - Belgian blonde ale,Belgian Blonde,https://untappd.com/b/pivovara-medvedgrad-zeko-je-reko-belgian-blonde-ale/5521778,7.0,24,3.65,212,09/11/23,"Zeko je reko je Belgian blond ale koji pomaže u skupljanju hrabrosti za činjenje prave stvari! Etiketa dočarava maksimirsku šumu i sudionike poznatog vica o zeki koji je skupio hrabrost i reagirao na guranje preko reda drugih životinja - tek nakon pola gajbe piva. ""Kaj, 'ko je rek'o?! Zeko je rek'o!""Zeko također kaže da se 30 centi po svakoj prodanoj boci i litri točenog piva donira udruzi za zaštitu životinja Šapica.  ",croatia,0,0,0,0,0,0,0,0,0,0,0,0,0,0,0,0,0,0,0,0,0,1,0,0,0,0,0,0,0,0,0,0,0,0,0,0,0,0
56,1651335,Houblon,Blonde Ale,Belgian Blonde,https://untappd.com/b/houblon-blonde-ale/1651335,6.0,14,3.47,1702,07/18/16,"Full bodied, refreshing, slightly hazy, refermented belgian blonde ",croatia,0,0,0,0,0,0,0,0,0,0,0,0,0,0,0,0,0,0,0,0,0,1,0,0,0,0,0,0,0,0,0,0,0,0,0,0,0,0
57,2970413,Kampanjola Eko Bira,Ceranski Ale,Belgian Dubbel,https://untappd.com/b/kampanjola-eko-bira-ceranski-ale/2970413,6.3,26,3.63,175,12/02/18, ,croatia,0,0,0,0,0,0,0,0,0,0,0,0,0,0,0,0,0,0,0,0,0,0,0,0,0,0,0,0,0,0,0,0,0,0,0,0,0,1
58,3693842,Pulfer Brewery,Lost Vicar,Belgian Quadrupel,https://untappd.com/b/pulfer-brewery-lost-vicar/3693842,10.0,35,3.78,453,02/27/20,"Collaboration project with Omnivar (Ljubljana) and Old Street brewery (London)Caramel and toffifee-like flavour with notes of raisins and honey. Special abbey yeast gave authenthic spicy touch. Be careful, with 9.7% alcohol it is dangerously drinkable, perfect for desserts.Suitable for aging so grab some bottles, store and forget them. You won't regret when you finally open them after some time! ",croatia,0,0,0,0,0,0,0,1,0,0,0,1,0,0,0,0,0,0,0,0,0,0,0,1,0,0,0,0,0,0,0,0,0,0,0,0,0,0
59,5755902,Pivovara Medvedgrad,Strossmayer,Belgian Strong Dark Ale,https://untappd.com/b/pivovara-medvedgrad-strossmayer/5755902,9.7,28,3.72,339,03/19/24,"Strossmayer je jako, kompleksno, slatkasto, tamno pivo. U okusu se isprepliću note suhih smokava, grožđica, šljiva te suptilna nota banane. ",croatia,0,0,0,0,0,0,0,0,0,0,0,0,0,0,0,0,0,0,0,0,0,0,0,0,0,0,0,0,0,0,0,0,0,0,0,0,1,0
60,2407272,Bura Brew,Trippin' Tripel,Belgian Tripel,https://untappd.com/b/bura-brew-trippin-tripel/2407272,8.1,27,3.65,1944,11/27/17,"Limited Edition available in 0,33 and 0,75 bottle format. Top fermented Belgian style ale with deep golden colour. Unpasturized, unfiltered, bottle conditioned. Fermented with selected Belgian Abbaye yeast. Maturation in bottles and kegs for 4 months before release. ",croatia,0,0,0,0,0,0,0,1,0,0,0,0,0,0,0,0,0,0,0,0,0,0,0,0,1,0,0,0,0,0,0,0,0,0,0,0,0,0
61,2433586,Zmajska Pivovara,DragonFish Tripel,Belgian Tripel,https://untappd.com/b/zmajska-pivovara-dragonfish-tripel/2433586,8.9,25,3.56,446,12/16/17,"A long-standing friendship resulted with first collaboration between HumanFish.Brewery and Zmajska pivovara. Classical slovenian hops Styrian Golding and Bobek have completed a base made from belgium pils, vienna and wheat malts. ",croatia,1,1,0,0,0,0,0,0,0,0,0,0,0,0,0,0,0,0,0,0,0,0,0,0,1,0,0,0,0,0,0,0,0,0,0,0,0,0
62,5714489,Zmajska Pivovara,Monarch,Bitter - Extra Special / Strong (ESB),https://untappd.com/b/zmajska-pivovara-monarch/5714489,5.4,38,3.66,236,02/15/24,"Long live the brew!Hops: Olicana, Godiva, Ernest ",croatia,0,0,0,0,0,0,0,0,0,0,0,0,0,0,0,0,0,0,0,0,0,0,0,0,0,0,0,0,0,0,0,0,0,0,0,0,0,1
63,1620236,Valentinijan D.o.o.,Valens ESB,Bitter - Extra Special / Strong (ESB),https://untappd.com/b/valentinijan-d-o-o-valens-esb/1620236,5.5,25,3.63,269,06/26/16, ,croatia,0,0,0,0,0,0,0,0,0,0,0,0,0,0,0,0,0,0,0,0,0,0,0,0,0,0,0,0,0,0,0,0,0,0,0,0,0,1
64,2189779,Zmajska Pivovara,Mari's Bitter,Bitter - Extra Special / Strong (ESB),https://untappd.com/b/zmajska-pivovara-mari-s-bitter/2189779,4.6,35,3.63,295,07/12/17,"Malty body, light bitternes and dry finish characterise this traditional english ale. This ale was brewed with premium Maris Otter malt from British islands and hopped with Celeia and Bobek hops. ",croatia,1,1,0,0,0,0,0,0,0,0,0,0,0,0,0,0,0,0,0,0,0,0,0,0,0,0,0,0,0,0,0,0,0,0,0,0,0,1
65,1843550,Lab Split,Barba ENGLEZ,Bitter - Session / Ordinary,https://untappd.com/b/lab-split-barba-englez/1843550,5.4,32,3.45,534,11/30/16,"Sweet, mild ester, drinkable English style ale... Half way from ESB to NEBA. Wasn't made to suit specific style, but to represent English ale in our beer lineup.  ",croatia,0,0,0,0,0,0,0,0,0,0,0,0,0,0,0,0,0,0,0,0,0,0,0,0,0,0,0,0,0,0,0,0,0,0,0,0,0,1
66,1858746,Karlovačka Pivovara (Heineken Croatia),Rezano,Black & Tan,https://untappd.com/b/karlovacka-pivovara-heineken-croatia-rezano/1858746,5.8,30,3.14,855,12/11/16, ,croatia,0,0,0,0,0,0,0,0,0,0,0,0,0,0,0,0,0,0,0,0,0,0,0,0,0,0,0,0,0,0,0,0,0,0,0,0,0,1
67,978526,Zagrebačka Pivovara,Ožujsko Rezano,Black & Tan,https://untappd.com/b/zagrebacka-pivovara-ozujsko-rezano/978526,5.9,N/A,3.11,4939,02/15/15, ,croatia,0,0,0,0,0,0,0,0,0,0,0,0,0,0,0,0,0,0,0,0,0,0,0,0,0,0,0,0,0,0,0,0,0,0,0,0,0,1
68,5919436,The Garden Brewery,American Blonde,Blonde / Golden Ale - American,https://untappd.com/b/the-garden-brewery-american-blonde/5919436,4.8,40,3.52,398,07/24/24,"Fresh light amber coloured. Dryhopped with Citra, Mosaic & Columbus.Tangerine & Melon aroma.  ",croatia,0,0,0,0,0,0,0,0,0,0,0,0,0,0,0,0,0,0,0,0,0,1,0,0,0,0,0,0,0,0,0,0,0,0,0,0,0,0
69,900538,Pivovara Daruvar,5th Element ABA,Blonde / Golden Ale - American,https://untappd.com/b/pivovara-daruvar-5th-element-aba/900538,5.3,26,3.43,7466,12/06/14,"Prva u liniji specijalnih piva je American Blond Ale, spravljeno u stilu piva koje karakterizira vrlo visoka pitkost s intenzivnom voćnom aromom specijalnih američkih hmeljeva sorti CENTENNIAL, CASCADE i CHINOOK. Zbog upotrebe posebne vrste kvasca gornjeg vrenja (ALE kvasac) simbolizira ga element VATRA ",croatia,0,0,0,0,0,0,0,1,0,0,0,0,0,0,0,0,0,0,1,0,0,1,0,0,0,0,0,0,0,0,0,0,0,0,0,0,0,0
70,5909713,Motovunsko,Motovunsko,Blonde / Golden Ale - Other,https://untappd.com/b/motovunsko-motovunsko/5909713,4.7,20,3.73,171,07/16/24, ,croatia,0,0,0,0,0,0,0,0,0,0,0,0,0,0,0,0,0,0,0,0,0,1,0,0,0,0,0,0,0,0,0,0,0,0,0,0,0,0
71,3302180,Tap B Split Craft Brewery,Lito,Blonde / Golden Ale - Other,https://untappd.com/b/tap-b-split-craft-brewery-lito/3302180,3.5,18,3.6,181,06/27/19,Summer beer  ,croatia,0,0,0,0,0,0,0,0,0,0,0,0,0,0,0,0,0,0,0,0,0,1,0,0,0,0,0,0,0,0,0,0,0,0,0,0,0,0
72,5159732,Kumska Pivovara,Kumsko Blonde Ale,Kölsch,https://untappd.com/b/kumska-pivovara-kumsko-blonde-ale/5159732,5.0,24,3.58,177,12/14/22,Easy drinking and well balanced ale with moderate grainy malt aroma. Subtle hop aroma with pleasant bitterness ,croatia,1,0,0,0,0,0,0,0,0,0,0,0,0,0,0,0,0,0,0,0,0,0,0,0,0,0,0,0,1,0,0,0,0,0,0,0,0,0
73,4356510,Prva Makarska Pivovara,Summer,Blonde / Golden Ale - Other,https://untappd.com/b/prva-makarska-pivovara-summer/4356510,4.8,28,3.57,322,06/11/21, ,croatia,0,0,0,0,0,0,0,0,0,0,0,0,0,0,0,0,0,0,0,0,0,1,0,0,0,0,0,0,0,0,0,0,0,0,0,0,0,0
74,3278405,Minorit,S.anto,Blonde / Golden Ale - Other,https://untappd.com/b/minorit-s-anto/3278405,4.7,31,3.56,161,06/13/19, ,croatia,0,0,0,0,0,0,0,0,0,0,0,0,0,0,0,0,0,0,0,0,0,1,0,0,0,0,0,0,0,0,0,0,0,0,0,0,0,0
75,3807149,Familia Craft Pivovara,Bracera,Blonde / Golden Ale - Other,https://untappd.com/b/familia-craft-pivovara-bracera/3807149,5.0,24,3.56,1153,05/30/20,This light and refreshing beer Bracera will take you sailing on the calm sea of gentle aromas. ,croatia,0,0,0,0,0,0,0,0,0,0,0,0,0,0,0,0,0,0,0,0,0,1,0,0,0,0,0,0,0,0,0,0,0,0,0,0,0,0
76,3100065,Craft Pivovara Vukovar,Walkow - Blonde Ale,Blonde / Golden Ale - Other,https://untappd.com/b/craft-pivovara-vukovar-walkow-blonde-ale/3100065,5.1,28,3.55,407,02/26/19, ,croatia,0,0,0,0,0,0,0,0,0,0,0,0,0,0,0,0,0,0,0,0,0,1,0,0,0,0,0,0,0,0,0,0,0,0,0,0,0,0
77,3198747,PriMarius craft pivovara,Cvrkut,Blonde / Golden Ale - Other,https://untappd.com/b/primarius-craft-pivovara-cvrkut/3198747,5.0,20,3.55,837,04/27/19,HÖPPY BLONDE ,croatia,0,0,0,0,0,0,0,0,0,0,0,0,0,0,0,0,0,0,0,0,0,1,0,0,0,0,0,0,0,0,0,0,0,0,0,0,0,0
78,3493783,Mali Div Zanatska Pivovara,Cincilator,Blonde / Golden Ale - Other,https://untappd.com/b/mali-div-zanatska-pivovara-cincilator/3493783,4.4,20,3.54,335,10/22/19,Čak 4 slada i 4 hmelja korišteno je u našoj prvoj kreaciji! Uživajte u svakom gutljaju! Pivili! 4 malt and 4 hops were used in creation of our first beer. Enjoy every sip! Cheers! ,croatia,1,1,0,0,0,0,0,0,0,0,0,0,0,0,0,0,0,0,0,0,0,1,0,0,0,0,0,0,0,0,0,0,0,0,0,0,0,0
79,3460214,Kampanjola Eko Bira,Organic Blonde,Blonde / Golden Ale - Other,https://untappd.com/b/kampanjola-eko-bira-bionda/3460214,5.0,20,3.53,1643,10/01/19,"Nefiltrirano pivo proizvedeno od ekoloških sastojaka, na tradicionalan način, bez konzervansa. ",croatia,0,0,0,0,0,0,0,0,0,0,0,0,0,0,0,0,0,0,0,0,0,1,0,0,0,0,0,0,0,0,0,0,0,0,0,0,0,0
80,4404243,Brewville - Neretva Valley,No Man's Land,Blonde / Golden Ale - Other,https://untappd.com/b/brewville-neretva-valley-no-man-s-land/4404243,4.5,20,3.52,359,07/10/21,"No Man's Land is a story about the origin of the Neretva valley. It is also our first beer. We started from scratch. American Blond Ale - No Man's Land is a summer, refreshing, balanced and light beer without pronounced hop aromas and bitterness. Very simple! ",croatia,0,0,0,0,0,0,0,0,0,0,0,0,0,0,0,0,0,0,0,0,0,1,0,0,0,0,0,0,0,0,0,0,0,0,0,0,0,0
81,3247491,Varoška,Ćakula,Blonde / Golden Ale - Other,https://untappd.com/b/varoska-cakula/3247491,5.0,N/A,3.52,212,05/25/19, ,croatia,0,0,0,0,0,0,0,0,0,0,0,0,0,0,0,0,0,0,0,0,0,1,0,0,0,0,0,0,0,0,0,0,0,0,0,0,0,0
82,3181020,Pivovara 022,"""83:82""",Blonde / Golden Ale - Other,https://untappd.com/b/pivovara-022-83-82/3181020,4.2,21,3.52,518,04/17/19,"U finalnoj utakmici košarkaškog prvenstva bivše države 09.04.1983. Šibenka je pobijedila Bosnu rezultatom 83:82 i postala prvak ex Jugoslavije. Nažalost, političkom odlukom dan poslije, utakmica je poništena, a ponosni Šibenčani su odbili odigrati novu utakmicu u Novom Sadu. Bosna je proglaše a prvakom na papiru, ali u šibenskim srcima zauvik ostaje - Šibenka prvak! ",croatia,0,0,0,0,0,0,0,0,0,0,0,0,0,0,0,0,0,0,0,0,0,1,0,0,0,0,0,0,0,0,0,0,0,0,0,0,0,0
83,4484317,Lokalna Craft Pivovara,Purger,Blonde / Golden Ale - Other,https://untappd.com/b/lokalna-craft-pivovara-purger/4484317,5.0,25,3.51,225,08/31/21,Light and refreshing blond ale hopped with Aurora and Bobek hops. Cheers! ,croatia,0,1,0,0,0,0,0,0,0,0,0,0,0,0,0,0,0,0,0,0,0,1,0,0,0,0,0,0,0,0,0,0,0,0,0,0,0,0
84,1705774,Brlog zadružna pivovara,Plavuša,Blonde / Golden Ale - Other,https://untappd.com/b/brlog-zadruzna-pivovara-plavusa/1705774,5.0,25,3.48,5527,08/26/16,"Plavuša je blonde ale s okusom slobode stvaranja prvog zadrugarskog piva.Dominant flavours are citrus and elderberry, medium bodied,  with some grain and freshly baked bread notes. ",croatia,0,0,0,0,0,0,0,0,1,0,0,0,0,0,0,0,0,0,0,0,0,1,0,0,0,0,0,0,0,0,0,0,0,0,0,0,0,0
85,2918550,Tap B Split Craft Brewery,Walter White,Blonde / Golden Ale - Other,https://untappd.com/b/tap-b-split-craft-brewery-walter-white/2918550,5.0,18,3.48,977,10/31/18,Walter White is our entry level craft beer. Very drinkable and smooth. We used european hops: styrian goldings and mandarina bavaria. ,croatia,0,1,0,0,0,0,0,0,0,0,0,0,0,0,0,0,0,0,0,0,0,1,0,0,0,0,0,0,0,0,0,0,0,0,0,0,0,0
86,2672343,Pivovara Barilo,Mila,Blonde / Golden Ale - Other,https://untappd.com/b/pivovara-barilo-mila/2672343,5.0,27,3.48,1484,05/27/18,"To taste our beer is to wake your senses, Bourne with the fresh crisp water from our river Cetina, embodied with the gentle flavours of the finest hops. Our beer MILA has a combination of 4 different strains of top quality barley and is infused with 4 different types of the finest hops brought together to delight your palette.Refresh yourself during hot summer days with ours Golden Ale, which leaves a rich citrus taste after each sip. ",croatia,0,1,0,0,0,0,0,0,0,0,0,0,0,0,0,1,0,0,0,0,0,1,0,0,0,0,0,0,0,0,0,0,0,0,0,0,0,0
87,2847479,Mandrill Nano Brewing Co.,Blonde,Blonde / Golden Ale - Other,https://untappd.com/b/mandrill-nano-brewing-co-blonde/2847479,4.5,N/A,3.48,695,09/15/18, ,croatia,0,0,0,0,0,0,0,0,0,0,0,0,0,0,0,0,0,0,0,0,0,1,0,0,0,0,0,0,0,0,0,0,0,0,0,0,0,0
88,3620769,Varionica,Swanky Blond Ale,Blonde / Golden Ale - Other,https://untappd.com/b/varionica-swanky-blond-ale/3620769,4.7,N/A,3.47,395,01/10/20,Special brew for Swanky Monkey bar.  ,croatia,0,0,0,0,0,0,0,0,0,0,0,0,0,0,0,0,0,0,0,0,0,1,0,0,0,0,0,0,0,0,0,0,0,0,0,0,0,0
89,4398005,Saso Mange Brewery,Hairy Blonde,Blonde / Golden Ale - Other,https://untappd.com/b/saso-mange-brewery-hairy-blonde/4398005,4.6,23,3.47,212,07/06/21, ,croatia,0,0,0,0,0,0,0,0,0,0,0,0,0,0,0,0,0,0,0,0,0,1,0,0,0,0,0,0,0,0,0,0,0,0,0,0,0,0
90,4332449,Fabrika Bire,Jedna s Mora,Blonde / Golden Ale - Other,https://untappd.com/b/fabrika-bire-jedna-s-mora/4332449,5.0,21,3.46,789,05/27/21,"Nefiltrirano, nepasterizirano domaće ale pivo bez konzervansa, umjetnih bojila i bilo kakvih drugih dodataka, s prirodnim jestivim talogom kvasca, refermentirano u boci. Napravljeno od kombinacije 3 vrste najkvalitetnijih engleskih i njemačkih sladova i 3 vrste najatraktivnijih američkih hmeljeva. Ovaj osvježavajući blond ale idealan je odabir za svaki dan!Poželjno čuvati na hladnom i tamnom mjestu u uspravnom položaju. ",croatia,1,0,0,0,0,0,0,0,0,0,0,0,0,0,0,0,0,1,0,0,0,1,0,0,0,0,0,0,0,0,0,0,0,0,0,0,0,0
91,4407994,Mandrill Nano Brewing Co.,Lantina,Blonde / Golden Ale - Other,https://untappd.com/b/mandrill-nano-brewing-co-lantina/4407994,4.0,N/A,3.46,619,07/12/21, ,croatia,0,0,0,0,0,0,0,0,0,0,0,0,0,0,0,0,0,0,0,0,0,1,0,0,0,0,0,0,0,0,0,0,0,0,0,0,0,0
92,2972370,Hajsonberg,Proud Mary Blond Ale,Blonde / Golden Ale - Other,https://untappd.com/b/hajsonberg-proud-mary-blond-ale/2972370,4.5,N/A,3.45,277,12/04/18, ,croatia,0,0,0,0,0,0,0,0,0,0,0,0,0,0,0,0,0,0,0,0,0,1,0,0,0,0,0,0,0,0,0,0,0,0,0,0,0,0
93,1479489,Bura Brew,Optimist Golding Ale,Blonde / Golden Ale - Other,https://untappd.com/b/bura-brew-optimist-golding-ale/1479489,5.5,25,3.41,7582,03/23/16,"Top-fermented blonde ale. Unpasteurized, unfiltered, bottle-fermented (bottle conditioned).Top-fermented beer in Golden Ale style brewed with barley malt, a small amount of wheat malt, yeast and a mix of Slovenian hops, one of which is the Styrian Golding. Rich golden colour and intentionally opaque, it presents itself with a fine and persistent foam. You can identify herbal and citrus features, mildly spiced and fruity flavours due to the esters intentionally evoked by our brewmaster. Refreshing, easily drinkable and well balanced thanks to its dryness and final bitterness (which prompts you to try some more). An OPTIMIST is a boat intended for use by children learning to sail: light and breezy wherever the wind takes you. Unfiltered and bottle-conditioned it comes with a natural yeast sediment. ",croatia,1,1,0,0,0,0,0,1,1,0,0,0,0,0,0,1,0,0,0,0,0,1,0,0,0,0,0,0,0,0,0,0,0,0,0,0,0,0
94,2732618,Lepi Dečki Brewery,Waitapu,Blonde / Golden Ale - Other,https://untappd.com/b/lepi-decki-brewery-waitapu/2732618,4.1,14,3.41,2575,07/04/18,"Waitapu is a poetic need for breaking the boundaries, to explore the unexplored, a message about visible and invisible walls. Waitapu is the imaginary line where sky and sea meet and the travel towards it. Our Blonde ale try available from 6/7/2019 across the Croatia ",croatia,0,0,0,0,0,0,0,0,0,0,0,0,0,0,0,0,0,0,0,0,0,1,0,0,0,0,0,0,0,0,0,0,0,0,0,0,0,0
95,4815359,Labona Craft Brewery,Blonde Ale,Blonde / Golden Ale - Other,https://untappd.com/b/labona-craft-brewery-blonde-ale/4815359,5.0,N/A,3.4,810,04/27/22, ,croatia,0,0,0,0,0,0,0,0,0,0,0,0,0,0,0,0,0,0,0,0,0,1,0,0,0,0,0,0,0,0,0,0,0,0,0,0,0,0
96,1866338,Šibenska Pivovara,Mihovil,Blonde / Golden Ale - Other,https://untappd.com/b/sibenska-pivovara-mihovil/1866338,5.3,18,3.39,2668,12/16/16, ,croatia,0,0,0,0,0,0,0,0,0,0,0,0,0,0,0,0,0,0,0,0,0,1,0,0,0,0,0,0,0,0,0,0,0,0,0,0,0,0
97,2218064,Zeppelin Craft Brewery,Merkat,Blonde / Golden Ale - Other,https://untappd.com/b/zeppelin-craft-brewery-merkat/2218064,5.1,28,3.36,1881,07/29/17,"PIVO: Osvježavajući svijetli ale, čistog i punog okusa, blage sladne arome i ugodne hmeljne gorčine.LIK: MERKATI su najniži u hijerarhiji posade Zeppelina koje svi udaraju nogom i ignoriraju, ali oni su toliko dobra ekipa i uživaju u poslu koji rade bez obzira na tretman koji dobivaju. Nitko ih ne kontrolira, oni jednostavno vole to što rade i guštaju. Pojedinci su blesavi jer se povremeno nagutaju Natrijevog hidroksida, lužine za pranje pivovare...MENU: Zbog svoje pitkosti MERKAT će odgovarati uz sve vrste jela, pivo koje utaži žeđ i traži još! Fino će se stopiti sa laganom hranom, a ublažiti jaku hranu blagim sladnim notama i završiti svježinom. ",croatia,1,0,0,0,0,0,0,0,0,0,0,0,0,0,0,0,0,0,0,0,0,1,0,0,0,0,0,0,0,0,0,0,0,0,0,0,0,0
98,4567899,Lepi Dečki Brewery,ŠČ - Mrletovo pivo,Blonde / Golden Ale - Other,https://untappd.com/b/lepi-decki-brewery-sc-mrletovo-pivo/4567899,4.1,N/A,3.36,769,10/28/21,Lepi dečki skuhali su Mrletovo pivo - ŠČ! ,croatia,0,0,0,0,0,0,0,0,0,0,0,0,0,0,0,0,0,0,0,0,0,1,0,0,0,0,0,0,0,0,0,0,0,0,0,0,0,0
99,5439018,Lepi Dečki Brewery,Goodara BLONDE,Blonde / Golden Ale - Other,https://untappd.com/b/lepi-decki-brewery-goodara-blonde/5439018,4.3,18,3.33,1230,07/11/23,Dobar osjećaj u tekućem obliku! Robna marka koja to nije ;) #Ribafish ,croatia,0,0,0,0,0,0,0,0,0,0,0,0,0,0,0,0,0,0,0,0,0,1,0,0,0,0,0,0,0,0,0,0,0,0,0,0,0,0
100,1593203,The Garden Brewery,Session Ale,Blonde / Golden Ale - Other,https://untappd.com/b/the-garden-brewery-session-ale/1593203,4.0,22,3.29,1229,06/09/16,"A light ‘bridging’ beer. A non-offensive, easy, entry ale for first time craft beer lovers who are used to mainstream lager. Designed with summer, the heat and refreshment in mind this is a very well balanced, crisp, fresh beer that leaves you wanting to take another sip right away. It pours effervescent and clear forming a solid, white head. Aromas of fresh hay, lemon are subtle with a back note of maize. Taste is balanced and thirst quenching; not too hoppy, not too malty. The slight body here coats the pallet nicely, without lingering, which is the key to its sessionability.  ",croatia,1,0,0,0,0,0,0,0,0,0,0,0,0,0,0,0,0,0,0,0,0,1,0,0,0,0,0,0,0,0,0,0,0,0,0,0,0,0
101,3074131,Lab Split,Punica,Blonde / Golden Ale - Other,https://untappd.com/b/lab-split-punica/3074131,4.2,17,3.29,657,02/09/19,"Punica is Croatian for his mother in law... the name of the beer is mother in law... soft, smooth, suiting, gentle like any other mother in law!!! ",croatia,0,0,0,0,0,0,0,0,0,0,0,0,0,0,0,0,0,0,0,0,0,1,0,0,0,0,0,0,0,0,0,0,0,0,0,0,0,0
102,1212155,MBC,Slawoner,Blonde / Golden Ale - Other,https://untappd.com/b/mbc-slawoner/1212155,4.5,25,3.25,252,08/24/15,"Poured a full yellow murky body with a small white head with good retention. Crackery/grainy aroma, with very vague, light fruity/hoppy notes, but very vague. Taste... earthy, slightly beety ",croatia,0,0,0,0,0,0,0,0,1,0,0,0,0,0,0,0,0,0,0,0,0,1,0,0,0,0,0,0,0,0,0,0,0,0,0,0,0,0
103,5022272,The Garden Brewery,Doppelbock #6,Bock - Doppelbock,https://untappd.com/b/the-garden-brewery-doppelbock-6/5022272,7.3,21,3.66,671,09/16/22,"Strong & dark German bock beer. Originally made by Munich monks this is bready, chewy, fruity and great with food ",croatia,0,0,0,1,0,0,0,0,1,0,0,0,0,0,0,0,0,0,0,0,0,0,0,0,0,0,0,0,0,0,0,0,0,0,0,0,0,1
104,5606439,Lepi Dečki Brewery,BIG HORN,Bock - Doppelbock,https://untappd.com/b/lepi-decki-brewery-big-horn/5606439,7.5,15,3.62,171,11/15/23, ,croatia,0,0,0,0,0,0,0,0,0,0,0,0,0,0,0,0,0,0,0,0,0,0,0,0,0,0,0,0,0,0,0,0,0,0,0,0,0,1
105,896498,Pivovara Medvedgrad,Božićno Pivo,Bock - Doppelbock,https://untappd.com/b/pivovara-medvedgrad-bozicno-pivo/896498,6.9,23,3.58,1428,12/02/14,"A strong dark lager, with an intensive taste and aroma which comes from the rich mixture of malt prepared especially for these occasions. Božićno pivo (Christmas beer) is available in December. ",croatia,1,0,0,0,0,0,0,0,0,0,0,0,0,0,0,0,0,0,0,0,0,0,0,0,0,0,0,0,0,0,0,0,0,0,0,0,0,1
106,90228,Pivovara Medvedgrad,Grička Vještica,Bock - Doppelbock,https://untappd.com/b/pivovara-medvedgrad-gricka-vjestica/90228,7.5,21,3.49,14866,10/21/11,"Strong dark lager, with a gentle ruby red colour. A light, aromatic taste, with a rich fine sweetness and a pleasant aroma. We brew Grička vještica (Grič witch) throughout the year. ",croatia,0,0,0,0,0,0,0,0,0,0,0,0,0,0,0,0,0,0,0,0,0,0,0,0,0,0,0,0,0,0,0,0,0,0,0,0,0,1
107,5988788,Zmajska Pivovara,Bock Bock,Bock - Hell / Maibock / Lentebock,https://untappd.com/b/zmajska-pivovara-bock-bock/5988788,6.3,N/A,3.68,171,09/19/24,Marking the Oktoberfest period with a strong German lager ,croatia,0,0,0,1,0,0,0,0,0,0,0,0,0,0,0,0,0,0,0,0,0,0,0,0,0,0,0,0,0,0,0,0,0,0,0,0,0,1
108,5784272,Pivovara Medvedgrad,Strojar,Bock - Single / Traditional,https://untappd.com/b/pivovara-medvedgrad-strojar/5784272,6.6,25,3.64,262,04/11/24,"Strojar je prvo pivo u seriji od pet piva koja pričaju Medvedgrad priču povodom 30. obljetnice. Jaki tamni lager, bogatih, kompleksnih okusa karamele i suhog voća, lagane gorčine, izrazito pitko. ",croatia,0,0,0,0,0,0,1,0,0,0,0,0,0,0,1,0,0,0,0,0,0,0,0,0,0,0,0,0,0,0,0,0,0,0,0,0,0,1
109,2339836,Varionica,La Dolce Vita,Bock - Single / Traditional,https://untappd.com/b/varionica-la-dolce-vita/2339836,6.7,24,3.56,1048,10/14/17,"A tasty Märzenbock with Mosaic, brewed in collaboration with Munich Brew Mafia. ",croatia,0,0,0,0,0,0,0,0,0,0,0,0,0,0,0,0,0,0,0,0,0,0,0,0,0,0,0,0,0,0,0,0,0,0,0,0,0,1
110,4606900,Lepi Dečki Brewery,Zimsko,Bock - Single / Traditional,https://untappd.com/b/lepi-decki-brewery-zimsko/4606900,6.5,26,3.53,153,11/23/21,"Zimsko is our wintery beer. This year we brewed bock, a strong, dark brown pour with our special take - snowflakes sprayed by a dragon ""Pozojček Zimsky"" Three types of malt, three hops - Mandarina bavaria, Hallertau blanc & Styrian wolf. ",croatia,1,1,0,0,0,0,0,0,0,0,0,0,0,0,0,0,0,0,0,0,0,0,0,0,0,0,0,0,0,0,0,0,0,0,0,0,0,1
111,1285400,Pivovara Daruvar,Staročeško Bock (Jako),Bock - Single / Traditional,https://untappd.com/b/pivovara-daruvar-starocesko-bock-jako/1285400,6.3,23,3.46,184,10/24/15, ,croatia,0,0,0,0,0,0,0,0,0,0,0,0,0,0,0,0,0,0,0,0,0,0,0,0,0,0,0,0,0,0,0,0,0,0,0,0,0,1
112,5589983,Mlinarica,PureBrett: Lavender,Brett Beer,https://untappd.com/b/mlinarica-purebrett-lavender/5589983,5.8,N/A,3.72,200,11/02/23,"Different worts (With rye and wheat in the brain bill) fermented only on Brettanomyces Claussenii. Fresh lavender dominates the aroma over the brett funk and acidity evident already on the nose. Tastes fruity sour, moderately strong sourness. Tannins from the lavender enhance the body and bring about some bitterness in the finish ",croatia,0,0,0,0,0,0,0,0,1,0,0,0,0,0,1,0,0,0,0,0,0,0,0,0,0,0,0,0,0,0,0,0,0,0,0,0,0,1
113,786438,Nova Runda,Brale,Brown Ale - American,https://untappd.com/b/nova-runda-brale/786438,4.9,35,3.64,415,08/21/14, ,croatia,0,0,0,0,0,0,0,0,0,0,0,0,0,0,0,0,0,0,0,0,0,0,0,0,0,0,0,0,0,0,0,0,0,0,0,0,1,0
114,2298274,Lepi Dečki Brewery,Mina,Brown Ale - American,https://untappd.com/b/lepi-decki-brewery-mina/2298274,4.6,50,3.46,539,09/18/17,"Mine [maina] is our fourth beer, beer dedicated to brave miners of Međimurje county. Minne was as well a German goddess of love and fertility. Cheers!  ",croatia,0,0,0,1,0,0,0,0,0,0,0,0,0,0,0,0,0,0,0,0,0,0,0,0,0,0,0,0,0,0,0,0,0,0,0,0,1,0
115,1855732,Prvo Viško Pivo,Imperial Brown Ale,Brown Ale - Imperial / Double,https://untappd.com/b/prvo-visko-pivo-imperial-brown-ale/1855732,7.0,N/A,3.63,276,12/09/16, ,croatia,0,0,0,0,0,0,0,0,0,0,0,0,0,0,0,0,0,0,0,0,0,0,0,0,0,0,0,0,0,0,0,0,0,0,0,0,1,0
116,3595362,Fabrika Bire,Pulski Grand Ale,Brown Ale - Other,https://untappd.com/b/fabrika-bire-pulski-grand-ale/3595362,5.2,25,3.42,594,12/23/19,"Nefiltrirano, nepasterizirano domaće ale pivo bez konzervansa, umjetnih bojila i bilo kakvih drugih dodataka, s prirodnim jestivim talogom kvasca, refermentirano u boci. Ovo ale pivo napravljeno je od 4 vrste pomno odabranih najfinijih njemačkih sladova i plemenitog hmelja. Poželjno čuvati na hladnom i tamnom mjestu, u uspravnom položaju. ",croatia,1,1,0,0,0,0,0,0,0,0,0,0,0,0,0,0,0,1,0,0,0,0,0,0,0,0,0,0,0,0,0,0,0,0,0,0,1,0
117,2972379,Hajsonberg,Foxy Lady Brown Ale,Brown Ale - Other,https://untappd.com/b/hajsonberg-foxy-lady-brown-ale/2972379,5.1,N/A,3.42,234,12/04/18, ,croatia,0,0,0,0,0,0,0,0,0,0,0,0,0,0,0,0,0,0,0,0,0,0,0,0,0,0,0,0,0,0,0,0,0,0,0,0,1,0
118,2199589,The Garden Brewery,Pacific Common,California Common,https://untappd.com/b/the-garden-brewery-pacific-common/2199589,4.2,35,3.55,363,07/18/17,"A Californian common transformed by pacific rim hops. This crisp & clean throwback beer starts out with a soft, caramel-like sweetness then quickly transitions to a floral & piney note quickly finishing bitter and dry. At 4.2% ABV, its nice and approachable for all beer drinkers new and old. ",croatia,0,1,0,0,0,0,1,0,0,0,0,0,0,0,0,0,0,0,0,0,0,0,0,0,0,0,0,0,0,0,0,0,0,0,0,0,0,1
119,2426366,Pivovara 022,1066,California Common,https://untappd.com/b/pivovara-022-1066/2426366,5.0,35,3.44,687,12/12/17,"Godine 1066, na Božić, u ispravi moćnog hrvatskoh kralja Petra Krešimira IV. prvi put se spominje Šibenik, najstariji samorodni hrvatski grad na Jadranu.--------------On Christmas day in 1066 in a document signed by king Petar Krešimir IV, name Šibenik was first mentioned. Its the only city on the Adriatic that was founded by Croats. ",croatia,0,0,0,0,0,0,0,0,0,0,0,0,0,0,0,0,0,0,0,0,0,0,0,0,0,0,0,0,0,0,0,0,0,0,0,0,0,1
120,2631579,Buzdovan,Apple Cider Dry,Cider - Dry,https://untappd.com/b/buzdovan-apple-cider-dry-granny-smith-cider/2631579,5.0,N/A,3.45,651,05/04/18,"Aromatic, fresh and light cider. On the nose it is fresh and fruity, with aromas of citrus and fermented green apple. In the mouth dry, with beautiful structure and taste of fermented green apple. Playful acidity brings persistent and long aertaste ",croatia,0,0,0,0,0,0,0,0,1,0,0,0,0,0,0,0,0,0,0,0,0,0,0,0,0,1,0,0,0,0,0,0,0,0,0,0,0,0
121,4804210,Buzdovan,Apple And Ginger Cider,Cider - Herbed / Spiced,https://untappd.com/b/buzdovan-apple-and-ginger-cider/4804210,5.0,N/A,3.58,449,04/19/22,"Fresh, citrusy and seductive cider. The scent is fresh with pronounced notes of ginger, apple and citrus. Semi-dry to sweet taste, drinkable structure and fruit spices. Ideal cider for solo consumption or combination with cocktails. ",croatia,0,0,0,0,0,0,0,0,1,0,0,0,0,0,0,0,0,0,0,0,0,0,0,0,0,1,0,0,0,0,0,0,0,0,0,0,0,0
122,2675556,Buzdovan,Apple & Elderflower,Cider - Herbed / Spiced,https://untappd.com/b/buzdovan-apple-and-elderflower/2675556,5.0,N/A,3.5,689,05/30/18,"Aromatic, fresh and flowery cider. On the nose it is fresh with the notes of the fermented apples and elderflower. In the mouth is semi dry, beautiful structure is followed by taste of the fermented apple and elderflowers. Playful acidity brings persistent and long aftertaste. ",croatia,0,0,0,0,0,0,0,0,0,0,0,0,0,0,0,0,0,0,0,0,0,0,0,0,0,1,0,0,0,0,0,0,0,0,0,0,0,0
123,1825918,Karlovačka Pivovara (Heineken Croatia),Stari Lisac,Cider - Sweet,https://untappd.com/b/karlovacka-pivovara-heineken-croatia-stari-lisac/1825918,4.5,N/A,3.3,4185,11/18/16, ,croatia,0,0,0,0,0,0,0,0,0,0,0,0,0,0,0,0,0,0,0,0,0,0,0,0,0,1,0,0,0,0,0,0,0,0,0,0,0,0
124,2042824,Buzdovan,Red Apple Cider,Cider - Traditional / Apfelwein,https://untappd.com/b/buzdovan-red-apple-cider/2042824,5.5,N/A,3.49,905,04/14/17,"Aromatic, light and delicate cider. On the nose it is fruity with hints of fermented overripe red apples, notes of stone fruit, like apricot, and some vanilla notes. On the pallet it is dry, well balanced, with beautiful structure and medium carbonation. Hints of red apple and vanilla notes. Playful acidity brings persistent and long afertaste. ",croatia,0,0,0,0,0,1,0,0,1,0,0,0,0,0,0,0,0,0,0,0,0,0,0,0,0,1,0,0,0,0,0,0,0,0,0,0,0,0
125,3807588,Nova Runda,Small Batch Series: 13 Hoppy Dark Ale,Dark Ale,https://untappd.com/b/nova-runda-small-batch-series-13-hoppy-dark-ale/3807588,6.1,60,3.74,152,05/31/20,"Easy going, bitter and hoppy dark ale. Fruity and biscuity cappuccino with Comet, Sabro and Nugget hops.  ",croatia,0,1,0,0,0,0,0,0,0,0,0,0,0,0,0,0,0,0,0,0,0,0,0,0,0,0,0,0,0,0,0,0,0,0,0,0,1,0
126,4545339,The Garden Brewery,"Peach, Nectarine & Camomille Bière de Garde",Farmhouse Ale - Bière de Garde,https://untappd.com/b/the-garden-brewery-peach-nectarine-and-camomille-biere-de-garde/4545339,5.5,4,3.54,1591,10/12/21,"Stillwater (USA) Collab: 5.5%We love Stillwater's neverending desire to create and experiment so we teamed up to make this and kickstart our new series of mixed fermentation beers. This is soft and gently sour with a slight nuttiness. The Lalbrew Farmhouse adds a much-loved funk and resting on fresh ripe Peaches, Nectarines & foraged Croatian Camomile gives a gentle, fruity complexity. ",croatia,0,0,0,0,0,0,0,0,1,0,0,0,0,0,0,0,0,0,0,0,0,0,0,0,0,0,0,0,0,0,0,0,0,0,0,0,1,0
127,4874624,The Garden Brewery,Farmhouse Pale Ale,Farmhouse Ale - Other,https://untappd.com/b/the-garden-brewery-farmhouse-pale-ale/4874624,4.5,24,3.38,1555,06/05/22,"Spicy yeast esters mix with gentle stone fruit and berry aromas. Showcasing Callista hops from the German Hop Research Center in HüllThe Garden Brewery asked 16 of its favourite global breweries to work with us to create exclusive collab beers for Restore Our Earth, a charity project we initiated with Beer52, the world’s biggest beer club. In the Summer of 2022 1.5 millions cans will be distributed globally.The Garden Brewery and Beer52 have committed to donate at least €30,000 to charities with proven high impact deliverables in Marine Conservation, Forest Conservation, Reimagining Carbon, Education & Behavior, Food & Agriculture and building Climate Resistant Communities ",croatia,0,1,0,1,0,0,0,1,1,0,0,0,0,0,0,0,0,0,0,0,0,0,0,0,0,0,0,0,0,0,0,0,0,0,0,0,1,0
128,2231586,Pulfer Brewery,Hoppy Saison,Farmhouse Ale - Saison,https://untappd.com/b/pulfer-brewery-hoppy-saison/2231586,5.7,27,3.85,393,08/06/17,"Great collaboration with Zao Gnom for great summer beer - saison. We used belgian yeast which produced spicy and fruit flavours, wheat and pils malt for drinkability, Citra, Chinook and Mosaic for hop aroma - all combined together to make great beer! Cheers! #malažuta ",croatia,1,0,0,0,0,0,0,1,1,0,0,0,0,0,0,0,0,0,0,0,0,0,0,0,0,0,0,0,0,0,0,0,0,0,0,0,1,0
129,3227514,Tap B Split Craft Brewery,Gnomeberry,Farmhouse Ale - Saison,https://untappd.com/b/tap-b-split-craft-brewery-gnomeberry/3227514,5.5,20,3.81,227,05/14/19,Raspberry saison dryhopped with Citra And Amarillo. Very balanced dry and fruity beer. ,croatia,0,0,0,0,0,0,0,0,1,0,0,0,0,0,0,0,0,0,0,0,0,0,0,0,0,0,0,0,0,0,0,0,0,0,0,0,1,0
130,3902600,Pulfer Brewery,No Bummer Summer,Farmhouse Ale - Saison,https://untappd.com/b/pulfer-brewery-no-bummer-summer/3902600,5.8,20,3.79,227,08/03/20,"No Bummer Summer is a first saison in our new series ""Four Seasons Saison"". Year 2020 is a year of challenges and changes so we want to think optimistic through all the bad things going on. For all people who think that this summer is ruined and bummer this is a beer that says opposite - No Bummer Summer. Think positive and enjoy this refreshing summer beer.Dry hopped with New Zealand hop Motueka. Citrusy, fruity, bubblegum, some clove and lots of grapefruit. Absolute delicious!Let no bummer summer begins! ",croatia,0,0,0,0,0,0,0,0,1,0,0,0,0,0,0,0,0,0,0,0,0,0,0,0,0,0,0,0,0,0,0,0,0,0,0,0,1,0
131,4196669,Pulfer Brewery,Freezy Dizzy,Farmhouse Ale - Saison,https://untappd.com/b/pulfer-brewery-freezy-dizzy/4196669,8.0,45,3.77,325,02/26/21,"Freezy Dizzy is a 3rd saison in ""Four season's saison"" series that represents winter.We try to expand limits that define tradional saison beers, as we push hops to crazy amounts, recreate body and texture and let yeast do it's job at un-ordinary conditions!Aroma is a complex spectar: at first you have funky, bubblegum and raspberries-like with lot of tropical and fruity aromas from hops (Nelson Sauvin and Pacific Jade). Body in enhanced with oats that gave silky texture, and than at the end, you got lots of spicy aromas, grapes and wine-like flavour, black pepper and herbal notes. We could say it's like NEIPA combined with saison - hoppy, silky and funky.This is why we brew! ",croatia,0,1,0,0,0,0,0,1,1,0,0,0,0,0,1,0,0,0,0,0,0,0,0,0,0,0,0,0,0,0,0,0,0,0,0,0,1,0
132,3994885,Pulfer Brewery,Sober October?,Farmhouse Ale - Saison,https://untappd.com/b/pulfer-brewery-sober-october/3994885,5.7,9,3.77,209,10/05/20,"Do you really wanna be sober in October?This beer is a 2nd saison in our ""Four season's saison"" series that represents autumn. We add huge amount of blueberries and raspberries in our sour saison.What an amazing violet color! Saison yeast gave wine and raspberry-like aroma, mixed with blueberries and raspberries and really nice tartness  makes a really cool blend. We are happy to say it has very nice fruity, spicy and wine-like taste perfect for a beautiful time of year - autumn!After reading this, do you really wanna be sober in October? ",croatia,0,0,0,0,0,0,0,1,1,0,0,0,0,0,0,0,0,0,0,0,0,0,0,0,0,0,0,0,0,0,0,0,0,0,0,0,1,0
133,3790301,Tap B Split Craft Brewery,Rozita,Farmhouse Ale - Saison,https://untappd.com/b/tap-b-split-craft-brewery-rozita/3790301,5.8,20,3.7,207,05/18/20,Raspberry saison. Very balanced dry and fruity beer. ,croatia,0,0,0,0,0,0,0,0,1,0,0,0,0,0,0,0,0,0,0,0,0,0,0,0,0,0,0,0,0,0,0,0,0,0,0,0,1,0
134,4940869,Pulfer Brewery,Leggero,Farmhouse Ale - Saison,https://untappd.com/b/pulfer-brewery-leggero/4940869,6.0,30,3.68,454,07/21/22,"Another summer, another hoppy saison!We really love this style of beer, we could say maybe the best summmer hoppy choice.Dry hopped with Citra and Nelson Sauvin, this saison have aromas of lemon zest, spicy, peppery and estery bubblegum-ish, yet super refreshing taste. With dry aftertaste, you will crave for next cold sip on hot summer day.Originaly an Italian word, 'Leggero' means lighty and easy going, or as Croats would say - Laganini. ",croatia,0,0,0,0,0,0,0,0,0,0,0,0,0,0,0,0,0,0,0,0,0,0,0,0,0,0,0,0,0,0,0,0,0,0,0,0,1,0
135,1256262,Vunetovo Craft Beer,Saison Dekot,Farmhouse Ale - Saison,https://untappd.com/b/vunetovo-craft-beer-saison-dekot/1256262,5.4,30,3.64,163,09/30/15, ,croatia,0,0,0,0,0,0,0,0,0,0,0,0,0,0,0,0,0,0,0,0,0,0,0,0,0,0,0,0,0,0,0,0,0,0,0,0,1,0
136,4888520,Varionica,Make Saison Not War,Farmhouse Ale - Saison,https://untappd.com/b/varionica-make-saison-not-war/4888520,6.4,35,3.64,170,06/15/22,Made in collaboration with Tapir homebrewery. A very drinkable saison made with grains of paradise to accentuate its spicy aromas. From every bottle sold we donate 3kn to aid the victims of war in Ukraine.  ,croatia,0,0,0,0,0,0,0,0,0,0,0,0,0,0,0,0,0,0,0,0,0,0,0,0,0,0,0,0,0,0,0,0,0,0,0,0,1,0
137,2632935,The Garden Brewery,Saison 2.0,Farmhouse Ale - Saison,https://untappd.com/b/the-garden-brewery-saison-2-0/2632935,5.1,20,3.6,154,05/04/18,"The first of our annual spring series, this take on a classic dry & estery farmhouse saison combines the traditional with the exotic. Pink peppercorns, cardamon, coriander seeds and orange peel marry perfectly with a high ester profile from our classic house saison yeast. ",croatia,0,0,0,0,0,0,0,1,0,0,0,0,0,0,0,0,0,0,0,0,0,0,0,0,0,0,0,0,0,0,0,0,0,0,0,0,1,0
138,6178222,Brewtal Brew Co.,Brewtal Saison,Farmhouse Ale - Saison,https://untappd.com/b/brewtal-brew-co-brewtal-saison/6178222,5.0,28,3.59,273,03/03/25, ,croatia,0,0,0,0,0,0,0,0,0,0,0,0,0,0,0,0,0,0,0,0,0,0,0,0,0,0,0,0,0,0,0,0,0,0,0,0,1,0
139,3267840,Pivovara Medvedgrad,Zeko Je Reko - Saison,Farmhouse Ale - Saison,https://untappd.com/b/pivovara-medvedgrad-zeko-je-reko-saison/3267840,5.1,20,3.58,352,06/07/19,"Zarada od humanitarnog piva Zeko je reko namijenjena je zaštiti ugroženih životinjskih vrsta u Hrvatskoj, a ove godine jedna kuna od svake prodane boce odlazi u Indigo udrugu za dobrobit i zaštitu životinja. ",croatia,0,0,0,0,0,0,0,0,0,0,0,0,0,0,0,0,0,0,0,0,0,0,0,0,0,0,0,0,0,0,0,0,0,0,0,0,1,0
140,1633513,Prvo Viško Pivo,Saison,Farmhouse Ale - Saison,https://untappd.com/b/prvo-visko-pivo-saison/1633513,6.5,30,3.51,1004,07/06/16, ,croatia,0,0,0,0,0,0,0,0,0,0,0,0,0,0,0,0,0,0,0,0,0,0,0,0,0,0,0,0,0,0,0,0,0,0,0,0,1,0
141,5022268,The Garden Brewery,Festbier #3,Festbier,https://untappd.com/b/the-garden-brewery-festbier-3/5022268,6.8,26,3.6,536,09/16/22,Fill a stein and head to the fest! Infinitely drinkable lager with toasted malts flavours ,croatia,1,0,0,0,0,0,0,0,0,0,0,0,0,0,0,0,0,0,0,0,0,0,0,0,0,0,0,0,0,0,0,0,0,0,0,0,0,1
142,4737183,Varionica,Take Your Mango And Go Kveik Yourself,Fruit Beer,https://untappd.com/b/varionica-take-your-mango-and-go-kveik-yourself/4737183,6.7,28,3.68,215,03/03/22,"Although it looks like it, this is not a fruit juice. This unusually fine beer is a fantastic combination of ripe tropical fruits from the southern regions and bold and unpredictable Kveik yeast from the cold north. What would it look like if the Vikings went to the tropics to harvest mangoes? Lots of mango! And add a whole bunch of different hops? Try tasting this unusual combination through sips of this aromatic beer full of hops Talus, Sabro Cryo and Idaho 7.New birthday beer from Varionica. ",croatia,0,1,0,0,0,0,0,1,1,0,0,0,0,0,0,0,0,0,0,0,0,0,0,0,0,0,1,0,0,0,0,0,0,0,0,0,0,0
143,5034675,Nova Runda,Fruit Expo: Paw Paw,Fruit Beer,https://untappd.com/b/nova-runda-fruit-expo-paw-paw/5034675,5.8,8,3.64,220,09/24/22,"Our #FruitExpoSeries went a step further, and this time we made a fruit beer with paw-paw, exotic fruit which produced tropical and mango-like flavors with a slightly sourish and creamy texture! ",croatia,0,0,0,0,0,0,0,0,1,0,0,0,0,0,0,0,0,0,0,0,0,0,0,0,0,0,1,0,0,0,0,0,0,0,0,0,0,0
144,3664421,Varionica,Mr. Pink Monster,Fruit Beer,https://untappd.com/b/varionica-mr-pink-monster/3664421,6.66,18,3.5,1006,02/08/20,Raspberry ale with cider yeast ,croatia,0,0,0,0,0,0,0,1,1,0,0,0,0,0,0,0,0,0,0,0,0,0,0,0,0,0,1,0,0,0,0,0,0,0,0,0,0,0
145,2681223,Karlovačka Pivovara (Heineken Croatia),Crna Višnja,Fruit Beer,https://untappd.com/b/karlovacka-pivovara-heineken-croatia-crna-visnja/2681223,5.6,N/A,2.82,1278,06/02/18,Black Cherry Fruit Beer ,croatia,0,0,0,0,0,0,0,0,0,0,0,0,0,0,0,0,0,0,0,0,0,0,0,0,0,0,1,0,0,0,0,0,0,0,0,0,0,0
146,2617948,The Garden Brewery,Gluten Free IPA,Gluten-Free,https://untappd.com/b/the-garden-brewery-gluten-free-ipa/2617948,6.7,69,3.54,339,04/24/18,A Gluten-Free flavour-packed classic. Eureka hops give a piney resinous base from which the softer hops (Lemondrop...) shine alongside our unique yeast.  ,croatia,0,1,0,0,0,0,0,1,0,0,0,0,0,0,0,0,0,0,0,0,0,0,0,0,0,0,0,0,0,0,0,0,0,0,0,0,0,1
147,3329415,The Garden Brewery,Gluten Free Helles,Gluten-Free,https://untappd.com/b/the-garden-brewery-gluten-free-helles/3329415,4.9,18,3.53,206,07/13/19,"Full bodied and well rounded, lemondrop hops add a touch of citrus & spice. Clean, crisp, and refreshing.  ",croatia,0,1,0,0,0,0,0,0,0,0,0,0,0,0,0,0,0,0,0,0,0,0,0,0,0,0,0,0,0,0,0,0,0,0,0,0,0,1
148,5022271,The Garden Brewery,Landbier #5,Gluten-Free,https://untappd.com/b/the-garden-brewery-landbier-5/5022271,4.8,30,3.53,486,09/16/22,Full bodied golden lager. Gluten-free ,croatia,0,0,0,0,0,0,0,0,0,0,0,0,0,0,0,0,0,0,0,0,0,0,0,0,0,0,0,0,0,0,0,0,0,0,0,0,0,1
149,4043951,Gardia,Dark Lager,Gluten-Free,https://untappd.com/b/gardia-dark-lager/4043951,5.7,N/A,3.41,160,11/07/20,Gluten free dark lager ,croatia,0,0,0,0,0,0,0,0,0,0,0,0,0,0,0,0,0,0,0,0,0,0,0,0,0,0,0,0,0,0,0,0,0,0,0,0,0,1
150,3651693,Gardia,Gardia Lager,Gluten-Free,https://untappd.com/b/gardia-gardia-lager/3651693,4.5,N/A,2.98,767,01/31/20,"Very light, refreshing beer with original lager flavor. Great aftertaste.Pasteurized & filtered.  ",croatia,0,0,0,0,0,0,0,0,0,0,0,0,0,0,0,0,0,0,0,0,0,0,0,0,0,0,0,0,0,0,0,0,0,0,0,0,0,1
151,4835242,Podrum,Frankopansko Gvirček,Historical Beer - Gruit / Ancient Herbed Ale,https://untappd.com/b/podrum-frankopansko-gvircek/4835242,5.6,19,3.46,289,05/10/22, ,croatia,0,0,0,0,0,0,0,0,0,0,0,0,0,0,0,0,0,0,0,0,0,0,0,0,0,0,0,0,0,0,0,0,0,0,0,0,1,0
165,4258442,Pulfer Brewery,How To Pick A Pickle In A Pickle Jar,IPA - American,https://untappd.com/b/pulfer-brewery-how-to-pick-a-pickle-in-a-pickle-jar/4258442,6.7,50,3.85,182,04/09/21,"Craft beer shouldn’t be just another beverage. We imagine it as a way of life, practically a subculture that connects people, tells stories and lifts our mood in every occasion. Especially when you find yourself in a pub, some bar or in a restaurant.Without question, people who work there make that thing special, thou, beer too. Guys who love beers, love to talk and know a lot about beer. Women and men who know your next beer before you even take your favorite spot at the bar. Our friends 'Tap Bullies' - Matija Juršić and Sandi Marinković - are those kind of bartenders!In these difficult times we've collaborated with this beer to support all the people in the industry and give them a recognition they deserve. Cheers to them all! ",croatia,0,0,0,0,0,0,0,0,0,0,0,0,0,0,0,0,0,0,0,0,0,0,0,0,0,0,0,1,0,0,0,0,0,0,0,0,0,0
166,5141285,Nova Runda,Jawbreaker,IPA - American,https://untappd.com/b/nova-runda-jawbreaker/5141285,6.2,130,3.85,720,12/01/22,You sense the fear risingas you sneak behind your preyA claw rips through the boneat the moment you've been seenBut the jaw has already been gonebefore they could hear him scream ,croatia,0,0,0,0,0,0,0,0,0,0,0,0,0,0,0,0,0,0,0,0,0,0,0,0,0,0,0,1,0,0,0,0,0,0,0,0,0,0
167,3781663,Nova Runda,Brew Alone,IPA - American,https://untappd.com/b/nova-runda-brew-alone/3781663,7.2,65,3.85,252,05/11/20,"Our quarantine sessions. Covid-19 virus locked us down, but it didn't slow us. As a reminder of that bitter period, we made a West Coast IPA!! ",croatia,0,0,0,0,0,0,0,0,0,0,0,0,0,0,0,0,0,0,0,0,0,0,0,0,0,0,0,1,0,0,0,0,0,0,0,0,0,0
168,5793340,Maskeron,The Raven,IPA - American,https://untappd.com/b/maskeron-the-raven/5793340,6.5,60,3.85,270,04/18/24,West Coast IPA with killer NZ combo: NECTARON & RIWAKA ,croatia,0,0,0,0,0,0,0,0,0,0,0,0,0,0,0,0,0,0,0,0,0,0,0,0,0,0,0,1,0,0,0,0,0,0,0,0,0,0
169,6147978,Nova Runda,Hop Expedition: Yakima #4 Neomexicanus IPA,IPA - American,https://untappd.com/b/nova-runda-hop-expedition-yakima-4-neomexicanus-ipa/6147978,6.3,25,3.84,311,02/03/25,Yakima #4 is an IPA brewed with Sabro Dynaboost and HBC 1019 Cryo hops. ,croatia,0,1,0,0,0,0,0,0,0,0,0,0,0,0,0,0,0,0,0,0,0,0,0,0,0,0,0,1,0,0,0,0,0,0,0,0,0,0
170,6257519,Zmajska Pivovara,Hop Selection in Action,IPA - American,https://untappd.com/b/zmajska-pivovara-hop-selection-in-action/6257519,5.4,30,3.84,312,05/09/25,"Hops: Citra, Mosaic, Cryo-Simcoe ",croatia,0,0,0,0,0,0,0,0,0,0,0,0,0,0,0,0,0,0,0,0,0,0,0,0,0,0,0,1,0,0,0,0,0,0,0,0,0,0
171,6373443,Nova Runda,"The West, the Coast, and the IPA",IPA - American,https://untappd.com/b/nova-runda-the-west-the-coast-and-the-ipa/6373443,6.1,80,3.84,547,08/11/25,"Like the legendary gunslinger trilogy, a true West Coast IPA that doesn't mess around - very dry, bitter, and hop-forward. Simcoe, Mosaic, and Krush hops draw their pistols at high noon. ",croatia,0,1,0,0,0,0,0,0,0,0,0,0,0,0,0,0,0,0,0,0,0,0,0,0,0,0,0,1,0,0,0,0,0,0,0,0,0,0
172,5550306,Nova Runda,Green Machine,IPA - American,https://untappd.com/b/nova-runda-green-machine/5550306,6.2,90,3.84,1062,10/03/23,"In the hop-filled fields, a tale unfolds, Where greed and need clash, as the story goes. A green machine, relentless and blind, Seeks profits vast, but leaves a trail behind.IPA brewed with YCH 605 Trial Blend and Ekuanot. ",croatia,0,0,0,0,0,0,0,0,0,0,0,0,0,0,0,0,0,0,0,0,0,0,0,0,0,0,0,1,0,0,0,0,0,0,0,0,0,0
173,4045739,Nova Runda,Time To Travel,IPA - American,https://untappd.com/b/nova-runda-time-to-travel/4045739,7.3,35,3.83,354,11/08/20,"American IPA focused on oats. It has creamy mouthfeel, and 7,3% ABV which is perfectly hidden behind Amarillo and Citra combo. ",croatia,0,0,0,0,0,0,0,0,0,0,0,0,0,0,0,0,0,0,0,0,0,0,0,0,0,0,0,1,0,0,0,0,0,0,0,0,0,0
174,6391296,Maskeron,Andy Wood,IPA - American,https://untappd.com/b/maskeron-andy-wood/6391296,6.5,70,3.83,317,08/27/25,West Coast IpaMosaic Cryo + Nectaron + Abstax King Louie XIII for extra diesel dank. ,croatia,0,0,0,0,0,0,0,0,0,0,0,0,0,0,0,0,0,0,0,0,0,0,0,0,0,0,0,1,0,0,0,0,0,0,0,0,0,0
175,4988775,Nova Runda,Hoppy Brewday 2022,IPA - American,https://untappd.com/b/nova-runda-hoppy-brewday-2022/4988775,6.3,24,3.83,376,08/22/22,"Happy 8th birthday APA!! For this occasion, we brewed a juicy IPA with Lemondrop, Citra & Mosaic hops..  ",croatia,0,1,0,0,0,0,0,0,0,0,0,0,0,0,0,0,0,0,0,0,0,0,0,0,0,0,0,1,0,0,0,0,0,0,0,0,0,0
176,6415155,Maskeron,Yul Brynner,IPA - American,https://untappd.com/b/maskeron-yul-brynner/6415155,6.5,60,3.83,156,09/17/25,"Classic Ipa like Yul Brynner.DDH with Strata, Enigma, Columbus Cryo and Nectaron AbstraxNew yeast in this batch, Lallemand AURORA. ",croatia,0,0,0,0,0,0,0,1,0,0,0,0,0,0,0,0,0,0,0,0,0,0,0,0,0,0,0,1,0,0,0,0,0,0,0,0,0,0
177,5907518,Maskeron,Clint Westwood,IPA - American,https://untappd.com/b/maskeron-clint-westwood/5907518,7.2,70,3.82,166,07/14/24,"West Coast Ipa with The wildest bunch of hops we ever used in one batch.Cascade in Mash, full hot side with Columbus, Simcoe, Whirlpool with Mosaic, Idaho7, and more Columbus.The first dry hop with Simcoe Cryo and Columbus Cryo. Second dry hop with Amarillo and Nelson Sauvin. ",croatia,0,1,0,0,0,0,0,0,0,0,0,0,0,0,0,0,0,0,0,0,0,0,0,0,0,0,0,1,0,0,0,0,0,0,0,0,0,0
178,4476650,Pulfer Brewery,It's Time For IPA,IPA - American,https://untappd.com/b/pulfer-brewery-it-s-time-for-ipa/4476650,7.0,40,3.82,544,08/26/21,"It is time for IPA! Is it? Yes, it is!There is no mystery that we love IPAs, from american IPAs, DIPAs and TRIPAs to NEIPAs and fruited ones.When you sit in a bar or in a pub or just at home, and you wonder if now is the time for some hoppy IPA, then don't think twice or overthink - grab one! Because it's time for IPA!We put fair amount of hops in this one, so expect citrusy and tropical aroma and flavour thanks to Cashmere, Citra and Sabro hops.It is something between american IPA and NEIPA, trending style of IPA called mountain style IPA!This is why we brew! ",croatia,0,1,0,0,0,0,0,0,1,0,0,0,0,0,0,0,0,0,0,0,0,0,0,0,0,0,0,1,0,0,0,0,0,0,0,0,0,0
179,6056574,Maskeron,The Cougar,IPA - American,https://untappd.com/b/maskeron-the-cougar/6056574,6.2,60,3.82,305,11/12/24,"""American Hoppy Tale"" series batch number 4.Mountain Ipa, clash between West Coast and East Coast Ipa. This is fermented with WHC Pineapple Passion Kveik hybrid yeast. DDH with Superdelic, NZ Cascade, and Citra Cryo.#Cheers! ",croatia,0,0,0,0,0,0,0,1,0,0,0,0,0,0,0,0,0,0,0,0,0,0,0,0,0,0,0,1,0,0,0,0,0,0,0,0,0,0
180,6056570,Maskeron,The Grizzly,IPA - American,https://untappd.com/b/maskeron-the-grizzly/6056570,6.2,60,3.82,270,11/12/24,"From ""American Hoppy Tale"" series one more West Coast Ipa. DDH with two different lots of NZ FreeStyle Nelson Sauvin. D15M and D22M plus Citra Cryo.#cheers! ",croatia,0,0,0,0,0,0,0,0,0,0,0,0,0,0,0,0,0,0,0,0,0,0,0,0,0,0,0,1,0,0,0,0,0,0,0,0,0,0
181,5808168,Nova Runda,This Is How We Roll,IPA - American,https://untappd.com/b/nova-runda-this-is-how-we-roll/5808168,6.4,50,3.82,302,04/29/24,"Crafted by five adventurous pals who stumbled upon Yakima's hop fields, while trippin' across Oregon and Washington! This beer is as bold as a buffalo, and as smooth as a road trip playlist.The beer is brewed with HBC 1019, HBC 638, and Simcoe hops.  ",croatia,0,1,0,0,0,0,0,0,0,0,0,0,0,0,0,0,0,0,0,0,0,0,0,0,0,0,0,1,0,0,0,0,0,0,0,0,0,0
182,6509199,Nova Runda,No Name IPA,IPA - American,https://untappd.com/b/nova-runda-no-name-ipa/6509199,6.1,80,3.82,157,11/28/25,"A bandit with No Name, but with plenty of character and a West Coast attitude, is already one foot in the grave. We should let him enjoy a proper pint before he's face-down in the dust ",croatia,0,0,0,0,0,0,0,0,0,0,0,0,0,0,0,0,0,0,0,0,0,0,0,0,0,0,0,1,0,0,0,0,0,0,0,0,0,0
183,3944316,Pulfer Brewery,Amazing Hazying,IPA - American,https://untappd.com/b/pulfer-brewery-amazing-hazying/3944316,6.0,30,3.82,246,09/01/20,"Haziness, lots of wheat and oats became new trend in some american IPAs, not just NEIPA styles. Amazing Hazying is our first IPA that follows „hazy trend“ and we made it with Azzaca and BRU-1 hops. Fifty percent of oats and wheat gave supersilky flavour empowered with pineapple, stonefruit, citrusy and tropical fruit aroma. With ABV 6% it is easy drinkable, great for the upcoming end of summer. Be ready for our new hazy beers that will come soon!Amazed?  ",croatia,0,1,0,0,0,0,0,0,1,0,0,0,0,0,0,0,0,0,0,0,0,0,0,0,0,0,0,1,0,0,0,0,0,0,0,0,0,0
184,6573934,Pulfer Brewery,Joaquin,IPA - American,https://untappd.com/b/pulfer-brewery-joaquin/6573934,6.7,60,3.81,554,01/19/26,"Back to old school!Juaquin Murrieta, also called Robin Hood of the West, was a mexican outlaw, thirsty for revenge.Our 'Bandido' is a true west coast IPA - hoppy, bitter with citrusy, piney and resinous flavours. Brewed with Citra, Centennial, Columbus, Chinook and Apollo!Enjoy!  ",croatia,0,0,0,0,0,0,0,0,0,0,0,0,0,0,0,0,0,0,0,0,0,0,0,0,0,0,0,1,0,0,0,0,0,0,0,0,0,0
185,6373453,Nova Runda,Tuco’s Revenge,IPA - American,https://untappd.com/b/nova-runda-tuco-s-revenge/6373453,6.1,80,3.81,220,08/11/25,"The ugly bandit is back, and this time he's packing Nelson Sauvin hops from New Zealand's hop frontier. At 6.1% ABV and 80 IBUs, this New Zealand IPA delivers a cold and hoppy revenge. ",croatia,0,1,0,0,0,0,0,0,0,0,0,0,0,0,0,0,0,0,0,0,0,0,0,0,0,0,0,1,0,0,0,0,0,0,0,0,0,0
186,4377037,Pulfer Brewery,Hike My Beer,IPA - American,https://untappd.com/b/pulfer-brewery-hike-my-beer/4377037,7.3,50,3.81,376,06/24/21,"For all current and future hikers. Hike your own hike, but don't forget to bring this IPA with you.It will always show you the right way!Rich, smooth and really tasty with big bright citrusy and piney flavor, rounded with tropical notes. Sultana and Citra complemented each other perfectly.Be creative, take a picture with 'Hike My Beer' somewhere in forest, hill or mountain, or any hike routes and make us proud and happy.#This is why we brew! ",croatia,0,0,0,0,0,0,0,0,0,0,0,0,0,0,0,0,0,0,0,0,0,0,0,0,0,0,0,1,0,0,0,0,0,0,0,0,0,0
187,6401271,Zmajska Pivovara,Reality Check,IPA - American,https://untappd.com/b/zmajska-pivovara-reality-check/6401271,6.0,55,3.8,278,09/05/25,"Back to reality!hops: Citra, Centennial, YCH303 ",croatia,0,1,0,0,0,0,0,0,0,0,0,0,0,0,0,0,0,0,0,0,0,0,0,0,0,0,0,1,0,0,0,0,0,0,0,0,0,0
188,5808163,Nova Runda,Small Batch Series: 61 Juicy IPA,IPA - American,https://untappd.com/b/nova-runda-small-batch-series-61-juicy-ipa/5808163,6.3,35,3.8,204,04/29/24, ,croatia,0,0,0,0,0,0,0,0,0,0,0,0,0,0,0,0,0,0,0,0,0,0,0,0,0,0,0,1,0,0,0,0,0,0,0,0,0,0
189,6710940,Maskeron,HOPPYFORNIA 2026 Edition,IPA - American,https://untappd.com/b/maskeron-hoppyfornia-2026-edition/6710940,6.0,65,3.8,160,05/15/26,"HOPPYFORNIA, West Coast Republic Ipa!2026 EditionDDH with EGGERS SPECIAL and NECTARONWEST COAST, BEST COAST!!! ",croatia,0,0,0,0,0,0,0,0,0,0,0,0,0,0,0,0,0,0,0,0,0,0,0,0,0,0,0,1,0,0,0,0,0,0,0,0,0,0
190,5364251,Pulfer Brewery,Psilomancer,IPA - American,https://untappd.com/b/pulfer-brewery-psilomancer/5364251,6.6,40,3.8,612,05/19/23,"A Psilomancer is a wizzard with hallucination power to convert grains into mystic liquid that controls your ability to be yourself.Soft and very drinkable, this american IPA with Mosaic, Citra, Simcoe, Chinook and Nelson Sauvin hops is just perfect for incoming summer vibes. Easy-going with nice hoppy flavor.  ",croatia,0,1,0,0,0,0,0,0,0,0,0,0,0,0,0,0,0,0,0,0,0,0,0,0,0,0,0,1,0,0,0,0,0,0,0,0,0,0
191,4295557,Nova Runda,WRPAR,IPA - American,https://untappd.com/b/nova-runda-wrpar/4295557,6.3,60,3.79,711,05/03/21,"The annual celebration and appreciation of a clean beer glass. Keep it simple - (W)ash, (R)inse, (P)Polish (A)nd (R)epeat!  ",croatia,0,0,0,0,0,0,0,0,0,0,0,0,0,0,0,0,0,0,0,0,0,0,0,0,0,0,0,1,0,0,0,0,0,0,0,0,0,0
192,3807590,Nova Runda,Resolution 2020 - 2nd Run Juicy IPA,IPA - American,https://untappd.com/b/nova-runda-resolution-2020-2nd-run-juicy-ipa/3807590,6.5,40,3.79,932,05/31/20,"We're making a rollback to the beginning of 2020. We already released Resolution 2020, but COVID-19 messed up our plans, and we had to restart 2020. New Resolution 2020 is being made, 2nd Run, this time with Galena, Sabro and Cryo Amarillo hops!      ",croatia,0,1,0,0,0,0,0,0,0,0,0,0,0,0,0,0,0,0,0,0,0,0,0,0,0,0,0,1,0,0,0,0,0,0,0,0,0,0
193,1931585,Varionica,B-day IPA,IPA - American,https://untappd.com/b/varionica-b-day-ipa/1931585,6.6,70,3.79,245,02/01/17, ,croatia,0,0,0,0,0,0,0,0,0,0,0,0,0,0,0,0,0,0,0,0,0,0,0,0,0,0,0,1,0,0,0,0,0,0,0,0,0,0
194,5580214,Zmajska Pivovara,BOOO!,IPA - American,https://untappd.com/b/zmajska-pivovara-booo/5580214,6.2,70,3.79,273,10/26/23,"Halloween edition - West coast IPA.Hops: Chinook, Citra, Motueka, Ahhhroma, Sultana ",croatia,0,0,0,0,0,0,0,0,0,0,0,0,0,0,0,0,0,0,0,0,0,0,0,0,0,0,0,1,0,0,0,0,0,0,0,0,0,0
195,3943853,Nova Runda,Urban Jungle,IPA - American,https://untappd.com/b/nova-runda-urban-jungle/3943853,6.1,70,3.78,411,08/31/20,"West Coast IPA made with Chinook, Simcoe, Eukanot and Sabro hops. ",croatia,0,1,0,0,0,0,0,0,0,0,0,0,0,0,0,0,0,0,0,0,0,0,0,0,0,0,0,1,0,0,0,0,0,0,0,0,0,0
196,5442970,Nova Runda,Riffquake,IPA - American,https://untappd.com/b/nova-runda-riffquake/5442970,6.3,75,3.78,634,07/14/23,"Collaboration brew with our friends from Maskeron Brewery. This is old school IPA brewed with modern hops - Luminosa, Meridian, and Strata CXG.   ",croatia,0,1,0,0,0,0,0,0,0,0,0,0,0,0,0,0,0,0,0,0,0,0,0,0,0,0,0,1,0,0,0,0,0,0,0,0,0,0
197,2258541,Mlinarica,Bitter Kiss IPA,IPA - American,https://untappd.com/b/mlinarica-bitter-kiss-ipa/2258541,6.7,76,3.78,1365,08/24/17, ,croatia,0,0,0,0,0,0,0,0,0,0,0,0,0,0,0,0,0,0,0,0,0,0,0,0,0,0,0,1,0,0,0,0,0,0,0,0,0,0
198,6425191,Nova Runda,Small Batch Series : 83 Kveik American IPA,IPA - American,https://untappd.com/b/nova-runda-small-batch-series-83-kveik-american-ipa/6425191,6.4,90,3.78,191,09/26/25,"Small Batch 83 is an American IPA brewed with Kveik yeast and Loral, Ekuanot, BRU1, and Krush hops. ",croatia,0,1,0,0,0,0,0,1,0,0,0,0,0,0,0,0,0,0,0,0,0,0,0,0,0,0,0,1,0,0,0,0,0,0,0,0,0,0
199,6032288,Familia Craft Pivovara,Perun,IPA - American,https://untappd.com/b/familia-craft-pivovara-perun/6032288,6.5,67,3.78,340,10/24/24,"Perun, supreme thunder god of the ancient Slavs, a purifier and overseer of right and order.Like that, this beer brings power of West and East (Coast IPA). We really like bitter character of West and juiciness of East Coast, hope you'll too. ",croatia,0,0,0,0,0,0,0,0,0,0,0,0,0,0,0,0,0,0,0,0,0,0,0,0,0,0,0,1,0,0,0,0,0,0,0,0,0,0
200,5979150,Nova Runda,El Vengador Del Infierno,IPA - American,https://untappd.com/b/nova-runda-el-vengador-del-infierno/5979150,6.2,45,3.78,432,09/11/24,"Este gladiador cósmico, con un corazón de fuego y una piel más dura que el acero, viene armado con un arma digna de un dios: ¡un tridente de cactus! Sí, has oído bien, un tridente de cactus. No te preocupes, solo tiene una pequeña herida superficial de sus batallas anteriores. Es como un cactus que se ha rascado un poco. ",croatia,0,0,0,0,0,0,0,0,0,0,0,0,0,0,1,0,0,0,0,0,0,0,0,0,0,0,0,1,0,0,0,0,0,0,0,0,0,0
201,5961585,Pulfer Brewery,Landsky Overload,IPA - American,https://untappd.com/b/pulfer-brewery-landsky-overload/5961585,6.7,35,3.78,801,08/27/24,"There is an interesting story behind the creation of our more 'mature' version of Landsky.This year, in less than a month, Borefts Beer Festival, will be held. A great traditional festival organized by Brouwerij de Molen, which will also celebrate its 20th anniversary. Big number, congratulations!The theme of the festival is - 'Back&Future'. So, each brewery participating in the festival was asked to modernize one of their iconic beers. Without much hesitation, we decided to lift our session IPA. We kept its distinctiveness, but absolutely everything was raised to a higher level. Proper IPA.Please welcome the overloaded Ms. Landsky. ",croatia,0,0,0,0,0,0,0,0,0,0,0,0,0,0,0,0,0,0,0,0,0,0,0,0,0,0,0,1,0,0,0,0,0,0,0,0,0,0
202,6479614,The Garden Brewery,Hazy IPA: Australian New Hop Showcase,IPA - Australian,https://untappd.com/b/the-garden-brewery-hazy-ipa-australian-new-ho-showcase/6479614,6.0,N/A,3.73,345,11/04/25, ,croatia,0,0,0,0,0,0,0,0,0,0,0,0,0,0,0,0,0,0,0,0,0,0,0,0,0,0,0,1,0,0,0,0,0,0,0,0,0,0
203,2361303,Pulfer Brewery,Slice of Life,IPA - Black / Cascadian Dark Ale,https://untappd.com/b/pulfer-brewery-slice-of-life/2361303,6.7,60,3.83,432,10/28/17,"Slice of Life is homebrewed short film that pays tribute to '80s sci-fi. Now our black IPA pays tribute to Slice of Life. It's a bit roasty, heavily hopped, and delicious. So kick back, relax, and enjoy your Slice of Life! ",croatia,0,0,0,0,0,0,0,0,0,0,0,0,0,0,0,0,0,0,0,0,0,0,0,0,0,0,0,1,0,0,0,0,0,0,0,0,0,0
204,1353568,Vunetovo Craft Beer,Aljaški Mrgud,IPA - Black / Cascadian Dark Ale,https://untappd.com/b/vunetovo-craft-beer-aljaski-mrgud/1353568,5.9,63,3.8,209,12/17/15, ,croatia,0,0,0,0,0,0,0,0,0,0,0,0,0,0,0,0,0,0,0,0,0,0,0,0,0,0,0,1,0,0,0,0,0,0,0,0,0,0
205,3417778,Zmajska Pivovara,Black Dawn,IPA - Black / Cascadian Dark Ale,https://untappd.com/b/zmajska-pivovara-black-dawn/3417778,6.7,75,3.76,206,09/05/19,"Dark, strong ale beer with fine bitterness and dominant herbal and citrus aroma from Simcoe and Citra hops. Dark in colour but with light roasted and caramelized aromas. Drafted only! ",croatia,0,1,0,0,0,0,1,0,0,0,0,0,0,0,0,0,0,0,0,0,0,0,0,0,0,0,0,1,0,0,0,0,0,0,0,0,0,0
206,6636858,Zmajska Pivovara,Luck of the Dark,IPA - Black / Cascadian Dark Ale,https://untappd.com/b/zmajska-pivovara-luck-of-the-dark/6636858,6.5,N/A,3.75,236,03/16/26,"Pitch black.Shamrock Lucky.Hops: Chinook, Simcoe, Cryo Simcoe ",croatia,0,0,0,0,0,0,0,0,0,0,0,0,0,0,0,0,0,0,0,0,0,0,0,0,0,0,0,1,0,0,0,0,0,0,0,0,0,0
207,4321421,Nova Runda,Hoppy Ninja,IPA - Black / Cascadian Dark Ale,https://untappd.com/b/nova-runda-hoppy-ninja/4321421,6.9,75,3.73,771,05/20/21,"Silent but deadly, this Ninja warrior is equipped with an arsenal of mighty hops - El Dorado, Chinook, Mosaic, Sabro, and Citra. ",croatia,0,1,0,0,0,0,0,0,0,0,0,0,0,0,0,0,0,0,0,0,0,0,0,0,0,0,0,1,0,0,0,0,0,0,0,0,0,0
208,1337247,Pivovara Medvedgrad,Crni Jack,IPA - Black / Cascadian Dark Ale,https://untappd.com/b/pivovara-medvedgrad-crni-jack/1337247,6.3,55,3.72,1529,12/04/15,Black India pale ale dominated by notes of roasted malt and American hops. ,croatia,1,1,0,0,0,0,0,0,0,0,0,0,0,0,0,0,0,0,0,0,0,0,0,0,0,0,0,1,0,0,0,0,0,0,0,0,0,0
209,5661953,Pulfer Brewery,Dark Quasar,IPA - Black / Cascadian Dark Ale,https://untappd.com/b/pulfer-brewery-dark-quasar/5661953,6.8,60,3.69,844,12/28/23,"Another monstrous cataclysmic beer label!If you tried Black Blizzard, White Typhoon and Crimson Tornado, than you know we continued with this monster-like beer series.With Citra, Mosaic and Simcoe in whirlpool and dryhopping, we added Southern Cross SubZero hop Kief for extra hoppy touch..This is why we brew! ",croatia,0,0,0,0,0,0,0,0,0,0,0,0,0,0,0,0,0,0,0,0,0,0,0,0,0,0,0,1,0,0,0,0,0,0,0,0,0,0
210,2426113,Lab Split,GORNJA BANDA Black IPA,IPA - Black / Cascadian Dark Ale,https://untappd.com/b/lab-split-gornja-banda-black-ipa/2426113,5.3,38,3.55,537,12/11/17, ,croatia,0,0,0,0,0,0,0,0,0,0,0,0,0,0,0,0,0,0,0,0,0,0,0,0,0,0,0,1,0,0,0,0,0,0,0,0,0,0
211,1457180,Black Hat Craft Brewery (Đakovo),Black IPA,IPA - Black / Cascadian Dark Ale,https://untappd.com/b/black-hat-craft-brewery-akovo-black-ipa/1457180,7.9,65,3.55,199,03/07/16,"Black Ipa is dark ale beer, unfiltered, unpasteurized, made of three types of malt and three types of hops, balanced flavour with expressed citrus aroma. ",croatia,1,1,0,0,0,0,0,0,0,0,0,0,0,0,0,0,0,0,0,0,0,0,0,0,0,0,0,1,0,0,0,0,0,0,0,0,0,0
212,6498912,Pulfer Brewery,Shadow Moon,IPA - Brown,https://untappd.com/b/pulfer-brewery-shadow-moon/6498912,6.7,68,3.62,603,11/20/25,"Heavily hopped IPA in dark brown body!Bitter, dry, fruity with chocolate notes. Brewed with Simcoe, Sabro and Citra ",croatia,0,0,1,0,0,0,0,0,1,0,0,0,0,0,0,0,0,0,0,0,0,0,0,0,0,0,0,1,0,0,0,0,0,0,0,0,0,0
213,4578374,Zmajska Pivovara,FROSTBITE,IPA - Cold,https://untappd.com/b/zmajska-pivovara-frostbite/4578374,6.8,60,3.8,267,11/04/21,"Brewer's Concoction series FROSTBITE is COLD IPA (brewed with lager yeast), a crisp IPA with rich hop aromas (Citra, Mosaic and Cascade). ",croatia,0,0,0,0,0,0,0,1,0,0,0,0,0,0,0,0,0,0,0,0,0,0,0,0,0,0,0,1,0,0,0,0,0,0,0,0,0,0
214,4788075,Zmajska Pivovara,Springbite,IPA - Cold,https://untappd.com/b/zmajska-pivovara-springbite/4788075,6.6,60,3.77,406,04/08/22,"Cold IPA dry hopped Motueka, Lemondrop, Idaho#7 ",croatia,0,0,0,0,0,0,0,0,0,0,0,0,0,0,0,0,0,0,0,0,0,0,0,0,0,0,0,1,0,0,0,0,0,0,0,0,0,0
215,6348021,Mlinarica,Knez Beerislav,IPA - Cold,https://untappd.com/b/mlinarica-knez-beerislav/6348021,5.7,40,3.75,172,07/21/25,"Malts: Pils Vienna, CaraBody, MelanoHops: Superdelic, Kohatu, Simcoe, MosaicYeast: W34/70 ",croatia,0,0,0,0,0,0,0,0,0,0,0,0,0,0,0,0,0,0,0,0,0,0,0,0,0,0,0,1,0,0,0,0,0,0,0,0,0,0
216,5141166,Zmajska Pivovara,Cryobite,IPA - Cold,https://untappd.com/b/zmajska-pivovara-cryobite/5141166,6.3,60,3.72,234,12/01/22,"Hops: Strata, Mosaic, Cryo mosaic, HBC586In both taste and aroma dominantly strawberry, followed by berries, pine, orange, kumquat, mild vanilla, mild maltiness and biscuits. Fuller body, dry finish, pleasant bitterness. ",croatia,1,0,0,0,0,1,0,0,1,0,0,0,0,0,0,0,0,0,0,0,0,0,0,0,0,0,0,1,0,0,0,0,0,0,0,0,0,0
217,5314904,Pivovara Medvedgrad,Fantom 31,IPA - Cold,https://untappd.com/b/pivovara-medvedgrad-fantom-31/5314904,6.8,65,3.71,176,04/14/23,"Fantom 31 pripada stilu Cold IPA, koja izraziti naglasak stavlja na zahmeljenost - gorčinu i voćne note hmelja, uz lakše tijelo, svježinu i pitkost dobivenu upotrebom lager kvasca. ",croatia,0,1,0,0,0,0,0,0,0,0,0,0,0,0,1,0,0,0,0,0,0,0,0,0,0,0,0,1,0,0,0,0,0,0,0,0,0,0
218,4824128,The Garden Brewery,Cold IPA #02,IPA - Cold,https://untappd.com/b/the-garden-brewery-cold-ipa-02/4824128,6.9,35,3.71,639,05/02/22,"Where Lager & IPA meet: light, crisp and super refreshing. Generously dry hopped with Citra, Mosaic, Bru-1 & Cryo-Pop hops ",croatia,0,1,0,0,0,0,0,0,0,0,0,0,0,0,0,0,0,0,0,0,0,0,0,0,0,0,0,1,0,0,0,0,0,0,0,0,0,0
219,5022269,The Garden Brewery,Cold IPA #4,IPA - Cold,https://untappd.com/b/the-garden-brewery-cold-ipa-4/5022269,5.5,35,3.7,447,09/16/22,Where lager meets Citra IPA. Intensely hoppy and beautifully refreshing ,croatia,0,0,0,0,0,0,0,0,0,0,0,0,0,0,0,0,0,0,0,0,0,0,0,0,0,0,0,1,0,0,0,0,0,0,0,0,0,0
220,4588987,The Garden Brewery,Cold IPA #01,IPA - Cold,https://untappd.com/b/the-garden-brewery-cold-ipa-01/4588987,6.5,30,3.7,328,11/11/21,"Where Lager & IPA meet. Light. Bright. Crisp. Clear. Super Refreshing. Hop-forward. Brewed with Pilsner malt and Lager yeast. Generously dry hopped with Citra, Mosaic & Sabro ",croatia,1,0,0,0,0,0,0,1,0,0,0,0,0,0,0,0,0,0,0,0,0,0,0,0,0,0,0,1,0,0,0,0,0,0,0,0,0,0
221,5614048,The Garden Brewery,Rice Cold IPA,IPA - Cold,https://untappd.com/b/the-garden-brewery-rice-cold-ipa/5614048,6.1,27,3.68,717,11/21/23,"Super dry, rice IPA allows the stone fruit hop notes to take centre stage. Our first ever Japanese collab with Tokyo's CraftRock ",croatia,0,0,0,0,0,0,0,0,1,0,0,0,0,0,0,0,0,0,0,0,0,0,0,0,0,0,0,1,0,0,0,0,0,0,0,0,0,0
222,5759193,The Garden Brewery,West Coast Cold IPA,IPA - Cold,https://untappd.com/b/the-garden-brewery-west-coast-cold-ipa/5759193,5.7,35,3.65,707,03/22/24,"Been playing around with some recipes with White Dog Brewery and we came up with this interesting fusion. Cold IPA meets West Coast IPA - dry, refreshing, dank and all kinds of other tasty stuff. ",croatia,0,0,0,0,0,0,0,0,0,0,0,0,0,0,0,0,0,0,0,0,0,0,0,0,0,0,0,1,0,0,0,0,0,0,0,0,0,0
223,5785488,Varionica,10 Cold IPA,IPA - Cold,https://untappd.com/b/varionica-10-cold-ipa/5785488,6.3,30,3.65,152,04/12/24,A delicious and very drinkable Cold IPA made with rice and New Zeland hops. Brewed specially for our 10 birthday!  ,croatia,0,1,0,0,0,0,0,0,0,0,0,0,0,0,0,0,0,0,0,0,0,0,0,0,0,0,0,1,0,0,0,0,0,0,0,0,0,0
224,6259202,The Garden Brewery,Mirna,IPA - Cold,https://untappd.com/b/the-garden-brewery-mirna/6259202,5.8,30,3.61,1049,05/10/25,"Delicious & refreshing. Juicy notes of Grapefruit, Lime & Melon. Collaboration with Siren ",croatia,0,0,0,0,0,0,0,0,1,0,0,0,0,0,0,0,0,0,0,0,0,0,0,0,0,0,0,1,0,0,0,0,0,0,0,0,0,0
225,4880541,The Garden Brewery,Cold IPA,IPA - Cold,https://untappd.com/b/the-garden-brewery-cold-ipa/4880541,5.8,25,3.56,2409,06/10/22,"Where Lager & IPA meet. Light. Bright. Crisp. Clear. Super Refreshing. Hop-forward. Brewed with Lager yeast. Generously dry hopped with Ekuanot Incognito, Citra and Simcoe hops.The Garden Brewery asked 16 of its favourite global breweries to work with us to create exclusive collab beers for Restore Our Earth, a charity project we initiated with Beer52, the world’s biggest beer club. In the Summer of 2022 1.5 millions cans will be distributed globally.The Garden Brewery and Beer52 have committed to donate at least €30,000 to charities with proven high impact deliverables in Marine Conservation, Forest Conservation, Reimagining Carbon, Education & Behavior, Food & Agriculture and building Climate Resistant Communities. ",croatia,0,1,0,0,0,0,0,1,0,0,0,0,0,0,0,0,0,0,0,0,0,0,0,0,0,0,0,1,0,0,0,0,0,0,0,0,0,0
226,6218943,Brlog zadružna pivovara,Majstorica #39 Cold IPA,IPA - Cold,https://untappd.com/b/brlog-zadruzna-pivovara-majstorica-39-cold-ipa/6218943,5.1,N/A,3.53,1491,04/07/25,"Crisp aromas of white peach, pink grapefruit and light florals, with soft, clean malt base and a hint of rice-driven dryness; sharp, refreshing bitterness. ",croatia,1,0,0,0,0,0,0,0,1,0,0,0,0,0,0,0,0,0,0,0,0,0,0,0,0,0,0,1,0,0,0,0,0,0,0,0,0,0
227,1501740,Bura Brew,Tornado IPA - Istrian Pale Ale,IPA - English,https://untappd.com/b/bura-brew-tornado-ipa-istrian-pale-ale/1501740,6.1,45,3.49,7692,04/09/16,"Top-fermented IPA-style beer. Unpasteurized, unfiltered, bottle-fermented (bottle conditioned). Istrian reinterpretation (Istrian Pale Ale) of the Indian Pale Ale (British style) brewed with barley malt, a small amount of wheat malt, yeast and a mix of English and American hops which evoke an intense aroma thanks also to the additional amount of hops added in dry hopping. It presents itself in amber colour with abundant as well as creamy and persistent foam. The hoppy flavours varying from exotic fruit to citrus and floral elements are first perceived in the nose persisting throughout the mouth accompanied by a medium body. It resolves in a pleasant bitterness which recalls the flavours of grapefruit. This IPA doesn’t focus only on the hops (East Kent Golding, Chinook and Amarillo) but also on the malt (4 different types of malt). The result is a TORNADO of flavour. Unfiltered and bottle-conditioned it comes with a natural yeast sediment. ",croatia,1,1,0,0,0,0,0,1,1,0,0,0,0,0,0,1,0,0,0,0,0,0,0,0,0,0,0,1,0,0,0,0,0,0,0,0,0,0
228,1818957,Crafter's,Escape,IPA - English,https://untappd.com/b/crafter-s-escape/1818957,5.0,N/A,3.43,1529,11/13/16, ,croatia,0,0,0,0,0,0,0,0,0,0,0,0,0,0,0,0,0,0,0,0,0,0,0,0,0,0,0,1,0,0,0,0,0,0,0,0,0,0
229,3729930,Zmajska Pivovara,IPA Gone Wild (Brewer's Concoction),IPA - Farmhouse,https://untappd.com/b/zmajska-pivovara-ipa-gone-wild-brewer-s-concoction/3729930,8.6,60,3.73,237,03/23/20,"Remember the Barrel 01, 02, 03, 04 aroma? The IPA Gone Wild is aged in wooden barrels and it is blend of all 4 barrels. It is secondary fermented with brettanomyces yeast (Brewer's mix), dry-hopped, with moderate bitterness and plenty of alcohol and floral and fruity aromas with the characteristic acidity that we like in wild beers. ",croatia,0,0,0,0,0,0,0,1,1,0,0,1,0,1,0,0,0,0,0,0,0,0,0,0,0,0,0,1,0,0,0,0,0,0,0,0,0,0
231,5921939,Maskeron,Goblet Barbarian,IPA - Fruited,https://untappd.com/b/maskeron-goblet-barbarian/5921939,5.5,20,3.84,327,07/26/24,Goblet Barbarian is the new Tropical Neipa for the Goblet Beer Store Zagreb and Rijeka.The summer edition for our collaboration is Fruited Neipa with Pineapple and touch with Orange and Mango.Dry hopped with Superdelic and El Dorado Cryo.It was fermented with WHC Mango Madness yeast. ,croatia,0,0,0,0,0,0,0,1,0,0,0,0,0,0,0,0,0,0,0,0,0,0,0,0,0,0,1,0,0,0,0,0,0,0,0,0,0,0
232,5897332,Maskeron,Pineapple Punch,IPA - Fruited,https://untappd.com/b/maskeron-pineapple-punch/5897332,6.0,18,3.81,164,07/06/24,TROPICAL NEIPANew Hazy with Pineapple Puree and DH with Nectaron + Bru1. Mango Madness WHC yeast. ,croatia,0,0,0,0,0,0,0,1,0,0,0,0,0,0,0,0,0,0,0,0,0,0,0,0,0,0,1,0,0,0,0,0,0,0,0,0,0,0
233,6398355,Nova Runda,Small Batch Series: 82 Tropical IPA,IPA - Fruited,https://untappd.com/b/nova-runda-small-batch-series-82-tropical-ipa/6398355,6.2,20,3.74,154,09/02/25,"IPA brewed with Sabro and Eclipse hops, and infused with Mango and Coconut. ",croatia,0,1,0,0,0,0,0,0,0,0,0,0,0,0,0,0,0,0,0,0,0,0,0,0,0,0,1,0,0,0,0,0,0,0,0,0,0,0
234,6282874,The Garden Brewery,Hazy IPA With Sun-Kissed Dalmatian Lemons,IPA - Fruited,https://untappd.com/b/the-garden-brewery-hazy-ipa-with-sun-kissed-dalmatian-lemons/6282874,6.0,N/A,3.65,613,05/29/25, ,croatia,0,0,0,0,0,0,0,0,0,0,0,0,0,0,0,0,0,0,0,0,0,0,0,0,0,0,1,0,0,0,0,0,0,0,0,0,0,0
235,6415150,Maskeron,Red Mosquito,IPA - Fruited,https://untappd.com/b/maskeron-red-mosquito/6415150,6.4,20,3.63,243,09/17/25,"Red Ipa with Sweet Cherry, touch of Marshamellow and DH with HBC 630 Cryo  ",croatia,0,0,0,0,0,0,0,0,0,0,0,0,0,0,0,0,0,0,0,0,0,0,0,0,0,0,1,0,0,0,0,0,0,0,0,0,0,0
236,1656481,The Garden Brewery,Citrus IPA,IPA - Fruited,https://untappd.com/b/the-garden-brewery-citrus-ipa/1656481,7.2,60,3.61,7878,07/23/16,"Fresh orange, grapefruit and lime with dank American hops. Dark orange in colour with a slight haze and a lingering, tight white head the aroma is strong sweet orange and tropical fruit. A complex citrus taste is followed by a soft and sticky bittersweet finish. Highly carbonated and easy drinking. ",croatia,0,1,0,0,0,0,0,0,1,0,0,0,0,0,0,0,0,0,0,0,0,0,0,0,0,0,1,0,0,0,0,0,0,0,0,0,0,0
248,6619616,Zmajska Pivovara,Party Prophet,IPA - Imperial / Double,https://untappd.com/b/zmajska-pivovara-party-prophet/6619616,8.3,75,3.85,290,03/02/26,"This was foretold. - double IPA, teenage attitude- 13 candles, 75 IBU's- birthday brew, strong, juicy- your destiny is bitter ",croatia,0,0,0,0,0,0,0,0,0,0,0,0,0,0,0,0,0,0,0,0,0,0,0,0,0,0,0,1,0,0,0,0,0,0,0,0,0,0
249,4208611,Zmajska Pivovara,Cryo Fang,IPA - Imperial / Double,https://untappd.com/b/zmajska-pivovara-cryo-fang/4208611,8.3,80,3.85,355,03/06/21,"West coast double IPA, hops: Columbus, Chinook, Idaho 7 Cryo, Amarillo, Citra, Simcoe. ",croatia,0,1,0,0,0,0,0,0,0,0,0,0,0,0,0,0,0,0,0,0,0,0,0,0,0,0,0,1,0,0,0,0,0,0,0,0,0,0
250,3816390,The Garden Brewery,East Coast Double IPA #4,IPA - Imperial / Double,https://untappd.com/b/the-garden-brewery-east-coast-double-ipa-4/3816390,8.0,40,3.84,2319,06/06/20,"Hazy and tropical, with notes of pineapple, melon and citrus. ",croatia,0,0,0,0,0,0,0,0,0,0,0,0,0,0,0,0,0,0,0,0,0,0,0,0,0,0,0,1,0,0,0,0,0,0,0,0,0,0
251,5571131,The Garden Brewery,Double Hazy IPA,IPA - Imperial / Double,https://untappd.com/b/the-garden-brewery-double-hazy-ipa/5571131,7.7,16,3.84,844,10/19/23,"A big, hazy Double IPA with Strata, Citra & Ekuanot hops. Made with our Dublin friends, Whiplash ",croatia,0,1,0,0,0,0,0,0,0,0,0,0,0,0,0,0,0,0,0,0,0,0,0,0,0,0,0,1,0,0,0,0,0,0,0,0,0,0
252,6237993,Maskeron,West And Nothing Else,IPA - Imperial / Double,https://untappd.com/b/maskeron-west-and-nothing-else/6237993,8.0,60,3.84,211,04/23/25,"West Coast Double Ipa with Nectaron playing the main role, supported by Amarillo and Columbus Cryo. ",croatia,0,0,0,0,0,0,0,0,0,0,0,0,0,0,0,0,0,0,0,0,0,0,0,0,0,0,0,1,0,0,0,0,0,0,0,0,0,0
253,4274604,The Garden Brewery,Hazy Double IPA #04,IPA - Imperial / Double,https://untappd.com/b/the-garden-brewery-hazy-double-ipa-04/4274604,8.5,22,3.83,1361,04/19/21,"Australian Hop Showcase Packed with Galaxy, Enigma, Australian Cascade and Eclipse. Punchy and tropical with notes of Pineapple, Mandarin, Passion Fruit and a gentle background spice ",croatia,0,0,0,0,0,0,0,0,0,0,0,0,0,0,0,0,0,0,0,0,0,0,0,0,0,0,0,1,0,0,0,0,0,0,0,0,0,0
254,2409004,Lab Split,Imperial IPA Barba,IPA - Imperial / Double,https://untappd.com/b/lab-split-imperial-ipa-barba/2409004,8.0,70,3.83,1303,11/29/17,"Surely the best Split beer in the World!!! BEST IN CROATIA for 2018 - RateBeer!1st class malts combined with YCH CryoHops and pellets.28g of hops per liter! -Columbus as first wort hop. -Centennial as Whirlpool hop. -Lupulin Simcoe, Lupulin Citra and Cascade in dryhop...  ",croatia,1,1,0,0,0,0,0,0,0,0,0,0,0,0,0,0,0,0,0,0,0,0,0,0,0,0,0,1,0,0,0,0,0,0,0,0,0,0
255,3927056,The Garden Brewery,Hazy Double IPA,IPA - Imperial / Double,https://untappd.com/b/the-garden-brewery-hazy-double-ipa/3927056,8.5,19,3.82,487,08/20/20,"Oat laden East Coast Double IPA with a silken mouth feel and sacks of Simcoe and Azacca hops. Aromas of berrys, citrus, pineapple, and apricots. ",croatia,0,1,0,0,0,0,0,0,1,0,0,0,0,0,0,0,0,0,0,0,0,0,0,0,0,0,0,1,0,0,0,0,0,0,0,0,0,0
256,3506419,The Garden Brewery,Imperial IPA,IPA - Imperial / Double,https://untappd.com/b/the-garden-brewery-imperial-ipa/3506419,9.4,80,3.82,189,10/30/19,"Topical, juicy and resinous. Our highest dry hop so far; 27g/l of Citra, Mosaic & Nelson Sauvin.  ",croatia,0,0,0,0,0,0,0,0,0,0,0,0,0,0,0,0,0,0,0,0,0,0,0,0,0,0,0,1,0,0,0,0,0,0,0,0,0,0
257,4387356,The Garden Brewery,Hazy Double IPA #06,IPA - Imperial / Double,https://untappd.com/b/the-garden-brewery-hazy-double-ipa-06/4387356,8.0,20,3.82,984,06/30/21,"Smooth and tropical with big aromas of peach, coconut, berries and melon ",croatia,0,0,0,0,0,0,0,0,1,0,0,0,0,0,0,0,0,0,0,0,0,0,0,0,0,0,0,1,0,0,0,0,0,0,0,0,0,0
258,4146164,The Garden Brewery,Hazy Double IPA #02,IPA - Imperial / Double,https://untappd.com/b/the-garden-brewery-hazy-double-ipa-02/4146164,8.6,45,3.81,1578,01/18/21,"Cherry and raspberry notes mingled with papaya, candy and blackcurrant. ",croatia,0,0,0,0,0,0,0,0,1,0,0,0,0,0,0,0,0,0,0,0,0,0,0,0,0,0,0,1,0,0,0,0,0,0,0,0,0,0
259,3432623,The Garden Brewery,East Coast Double IPA,IPA - Imperial / Double,https://untappd.com/b/the-garden-brewery-east-coast-double-ipa/3432623,8.8,50,3.8,975,09/14/19,"Tropical and juicy, this East Coast DIPA is packed with a 20g/LTR dry hop of Azacca, Vic Secret & Mosaic. A big tropical fruit nose gives way to big notes of Pineapple & Mango. Robust, balanced and deceptive, with a soft mouthfeel and a subtle residual bitterness.  ",croatia,0,0,0,0,0,0,0,0,1,0,0,0,0,0,0,0,0,0,0,0,0,0,0,0,0,0,0,1,0,0,0,0,0,0,0,0,0,0
260,4764770,The Garden Brewery,Hazy Double IPA #08,IPA - Imperial / Double,https://untappd.com/b/the-garden-brewery-hazy-double-ipa-08/4764770,8.1,25,3.8,343,03/22/22,"Well balanced and clean drinking with strong aromas of Pineapple, Mango & Citrus over an ultra-light malt base. Packed with Mosaic & Bru-1 hops ",croatia,1,1,0,0,0,0,0,0,0,0,0,0,0,0,0,0,0,0,0,0,0,0,0,0,0,0,0,1,0,0,0,0,0,0,0,0,0,0
261,5793936,Pulfer Brewery,Night Howler,IPA - Imperial / Double,https://untappd.com/b/pulfer-brewery-night-howler/5793936,8.0,70,3.79,786,04/19/24,"A modern west coast double IPA!Brewed with Citra, Chinook and Strata, it gives citrusy aromas with piney and dank notes.Very tasty, flavourfull and drinkable, so rehydrate yourself properly. Unless you want to become a night howler! ",croatia,0,0,0,0,0,0,0,0,0,0,0,0,0,0,0,0,0,0,0,0,0,0,0,0,0,0,0,1,0,0,0,0,0,0,0,0,0,0
262,6180703,Zmajska Pivovara,Piñata Deathmatch,IPA - Imperial / Double,https://untappd.com/b/zmajska-pivovara-pinata-deathmatch/6180703,8.3,65,3.79,237,03/06/25,"Traditional birthday brew!WC IPA with HBC1019, Krush, Simcoe ",croatia,0,0,0,0,0,0,0,0,0,0,0,0,0,0,0,0,0,0,0,0,0,0,0,0,0,0,0,1,0,0,0,0,0,0,0,0,0,0
263,2873482,Lepi Dečki Brewery,Regoč,IPA - Imperial / Double,https://untappd.com/b/lepi-decki-brewery-regoc/2873482,8.2,112,3.79,719,10/02/18,"A mountain of hops and malts, a mountain of a man - a hill giant Regoč and his favorite little faerie Kosjenka will take you on a trip of flavours!  ",croatia,1,1,0,0,0,0,0,0,0,0,0,0,0,0,0,0,0,0,0,0,0,0,0,0,0,0,0,1,0,0,0,0,0,0,0,0,0,0
264,5320954,The Garden Brewery,Double IPA,IPA - Imperial / Double,https://untappd.com/b/the-garden-brewery-double-ipa/5320954,8.2,35,3.77,1945,04/18/23,Huge Pineapple-driven New England IPA with notes of Pine & Mandarin. Smooth & tropical ,croatia,0,0,0,0,0,0,0,0,0,0,0,0,0,0,0,0,0,0,0,0,0,0,0,0,0,0,0,1,0,0,0,0,0,0,0,0,0,0
265,5264574,Zmajska Pivovara,Double Digits,IPA - Imperial / Double,https://untappd.com/b/zmajska-pivovara-double-digits/5264574,8.3,85,3.76,302,03/08/23,"Anniversary beer to mark a big milestone - 10 years of Zmajska brewery. Limited Concoction series, ultra hoppy double IPA. Hops: Chinook, Columbus, Azacca, Centennial ",croatia,0,0,0,0,0,0,0,0,0,0,0,0,0,0,0,0,0,0,0,0,0,0,0,0,0,0,0,1,0,0,0,0,0,0,0,0,0,0
266,4912108,The Garden Brewery,West Coast Double IPA,IPA - Imperial / Double,https://untappd.com/b/the-garden-brewery-west-coast-double-ipa/4912108,8.1,65,3.76,846,07/01/22,"Dank, resinous and unapologetically bitter; with notes of citrus, tropical and stone fruits ",croatia,0,0,0,0,0,0,0,0,1,0,0,0,0,0,0,0,0,0,0,0,0,0,0,0,0,0,0,1,0,0,0,0,0,0,0,0,0,0
267,3690403,The Garden Brewery,East Coast Double IPA #3,IPA - Imperial / Double,https://untappd.com/b/the-garden-brewery-east-coast-double-ipa-3/3690403,8.6,N/A,3.75,364,02/24/20,"Tropical notes with sweet tangerine and pine. 26 g/l dry hop intensity.Hops: HBC522, Azacca, Enigma, MagnumMalts: Pale Ale, Wheat, Dextrin, Oat, Golden Naked OatsYeast: Lallemand New England18° ",croatia,0,0,0,0,0,0,0,0,0,0,0,0,0,0,0,0,0,0,0,0,0,0,0,0,0,0,0,1,0,0,0,0,0,0,0,0,0,0
268,3327242,The Garden Brewery,West Coast Double IPA,IPA - Imperial / Double,https://untappd.com/b/the-garden-brewery-west-coast-double-ipa/3327242,8.4,80,3.73,540,07/12/19,Big notes of Melon and Citrus with a long lasting and oily finish. ,croatia,0,0,0,0,0,0,0,0,0,0,0,0,0,0,0,0,0,0,0,0,0,0,0,0,0,0,0,1,0,0,0,0,0,0,0,0,0,0
269,4618233,Pulfer Brewery,Tapu Pia,IPA - Imperial / Double,https://untappd.com/b/pulfer-brewery-tapu-pia/4618233,8.2,50,3.73,513,12/01/21,"'Sacred beer' or Tapu Pia, as Māori people would called it, is a east coast double IPA loaded with New Zealand hops - Nelson Sauvin and The Bruce. Actually, The Bruce is hop blend of four different hops: early Nelson Sauvin, early Motueka, late Pacifica and mid Pacific Jade.Expect citrusy and tropical notes with lots of spicy and peppery aromas and hint of ripe grapes. Brewed with New Zealand hops, this double IPA is very drinkable with 8,2 abv, nice silky body and bitterish finish. ",croatia,0,1,0,0,0,0,0,0,0,0,0,0,0,0,0,0,0,0,0,0,0,0,0,0,0,0,0,1,0,0,0,0,0,0,0,0,0,0
270,5275465,Mlinarica,Bitter F**K,IPA - Imperial / Double,https://untappd.com/b/mlinarica-bitter-f-k/5275465,7.7,69,3.72,151,03/16/23,"Our session IPA is bitter hugOur west coast IPA is bitter kiss..So we present you the west coast DIPA:Bitter F**K!Simple grain bill consisting mostly of Pils, some Munich and Vienna and a touch of carapils. Sticking to the familiar workhorse of a yeast US-05 for this one, and combining some old school and new school hops in Citra, Cascade, Azacca and HBC472. The resulting beer is an aromatic bomb loaded with the whole citrus spectrum: tangerine dominant, followed by grapefruit, oranges and lemons. Some pineapple and piny notes there as well. Hops are well present in flavor with their fruity notes along side with some simple malt sweetness, but in the finish the (appropriate) 69 IBUs state their presence.  ",croatia,1,1,0,0,0,0,0,1,1,0,1,0,0,0,0,0,0,0,0,0,0,0,0,0,0,0,0,1,0,0,0,0,0,0,0,0,0,0
271,4878376,The Garden Brewery,Southern Hemisphere Double IPA,IPA - Imperial / Double,https://untappd.com/b/the-garden-brewery-southern-hemisphere-double-ipa/4878376,7.0,30,3.72,1665,06/08/22,"Ripe Mango, Passionfruit, and Pineapple notes dominate this Australian Hopped DIPA. ",croatia,0,0,0,0,0,0,0,0,1,0,0,0,0,0,0,0,0,0,0,0,0,0,0,0,0,0,0,1,0,0,0,0,0,0,0,0,0,0
272,4322538,The Garden Brewery,Hazy Double IPA #05,IPA - Imperial / Double,https://untappd.com/b/the-garden-brewery-hazy-double-ipa-05/4322538,8.2,20,3.69,336,05/21/21,"Citra, Sabro, Mosaic, El Dorado and HBC 431. Five of our favourite hops packed into a light, fruity and smooth DIPA base ",croatia,0,1,0,0,0,0,0,0,1,0,0,0,0,0,0,0,0,0,0,0,0,0,0,0,0,0,0,1,0,0,0,0,0,0,0,0,0,0
273,2389190,The Garden Brewery,Honey Double IPA Collab,IPA - Imperial / Double,https://untappd.com/b/the-garden-brewery-honey-double-ipa-collab/2389190,8.0,75,3.68,410,11/16/17,"Our first local collaboration with the team who started it all here - Medvedgrad. A robust, biscuty, floral Double IPA with the addition of 100% local honey. Pouring a dark honey gold with a creamy thick head, this easy drinking DIPA welcomes you with strong notes of honey, pineapple, and floral bouquet on the nose. The big sticky mouth filling sweetness is cut through by the 75 IBUs given by american Denali and Lemondrop hops. This balanced marriage lends strong notes of biscuit, honey, pineapple, and citrus that will leave you full on a cold winters night. ",croatia,0,1,0,0,0,0,0,0,0,0,0,0,0,0,0,0,0,0,0,0,0,0,0,0,0,0,0,1,0,0,0,0,0,0,0,0,0,0
274,3640106,Crafter's,Paradigma No.1,IPA - Imperial / Double,https://untappd.com/b/crafter-s-paradigma-no-1/3640106,8.2,110,3.67,166,01/24/20,n/a ,croatia,0,0,0,0,0,0,0,0,0,0,0,0,0,0,0,0,0,0,0,0,0,0,0,0,0,0,0,1,0,0,0,0,0,0,0,0,0,0
275,2650890,The Garden Brewery,Pineapple DIPA,IPA - Imperial / Double,https://untappd.com/b/the-garden-brewery-pineapple-dipa/2650890,8.2,80,3.64,762,05/15/18,Our 200th Brew! A deceptively easy drinking IPA combined with fresh pineapple chunks in the whirlpool and dry hopped with some of the sexiest new and experimental hops money can buy. A heavy hitter for bringing in the summer and our brewhouse's 2nd birthday! ,croatia,0,1,0,0,0,0,0,0,0,0,0,0,0,0,0,0,0,0,0,0,0,0,0,0,0,0,0,1,0,0,0,0,0,0,0,0,0,0
276,2052504,Pivovara Daruvar,5th Element Imperial IPA,IPA - Imperial / Double,https://untappd.com/b/pivovara-daruvar-5th-element-imperial-ipa/2052504,7.5,75,3.48,8248,04/21/17,"LJUBAV / ZRAK - Svaka receptura dobiva svoju istinsku moć tek u trenutku kada joj se doda peti element. Iz zemlje potekao hmelj u zrak ispušta zamamne mirise koje ljubav pivara zarobljava u njegovom pivu.Aroma: Naglašeno smolaste, citrusne, hmeljne arome tipične za američke hmeljne sorte COLUMBUS, CHINOOK, CASCADE i CENTENNIAL. U pozadini hmeljne arome pojavljuje se slatkasta aroma karamela i alkohola izvrsno balansiranih početnom gorčinom. Unatoč povećanom sadržaju alkohola vrlo pitko.Izgled: Mutno, narančaste bakrene boje s postojanom pjenom.Okus: Kao i aroma, bogatog je hmeljnog okusa balansiranog slatkoćom karamela i alkohola.Punoća: Punog tijela profinjene teksture s prikrivenim utjecajem alkohola, blago karbonizirano, okrepljujuće.Uparivanje s hranom: meso i ribe s roštilja, voćni deserti, tvrdi sirevi intenzivnog okusaServiranje: 10 – 12°CČaša: tulip ",croatia,0,0,0,0,0,0,1,0,0,0,0,1,0,0,0,0,0,0,0,0,0,0,0,0,0,0,0,1,0,0,0,0,0,0,0,0,0,0
277,4684485,Pulfer Brewery,Black Blizzard,IPA - Imperial / Double Black,https://untappd.com/b/pulfer-brewery-black-blizzard/4684485,8.0,70,3.81,674,01/20/22,"Double black IPA is a new hoppy beer style that has trending place amongst hopfoward craft breweries around the world. We are excited to bring this trend to Croatia and region because is's powerful stuff, guys!Loaded with a combo of Cashmere, Mosaic, Simcoe and Columbus hops in dry hop, this is a very drinkable beast with citrusy, flowery, bit herbal aromas and piney notes with subtle roasty and nice chocolate background from dark malts. Ends with lasting hoppy taste and fair bitterness, as it should be for double black IPA.Also, a monster on the label is just awesome and cool, just like this hardcore hoppy IPA!This is why we brew! ",croatia,1,1,1,0,0,0,0,0,0,0,0,0,0,0,0,0,0,0,0,0,0,0,0,0,0,0,0,1,0,0,0,0,0,0,0,0,0,0
278,6100018,Pulfer Brewery,Yan Kamov,IPA - Imperial / Double Black,https://untappd.com/b/pulfer-brewery-yan-kamov/6100018,8.0,68,3.79,779,12/19/24, ,croatia,0,0,0,0,0,0,0,0,0,0,0,0,0,0,0,0,0,0,0,0,0,0,0,0,0,0,0,1,0,0,0,0,0,0,0,0,0,0
279,4182029,The Garden Brewery,Imperial Milkshake IPA,IPA - Imperial / Double Milkshake,https://untappd.com/b/the-garden-brewery-imperial-milkshake-ipa/4182029,8.0,10,3.72,264,02/14/21,"Smoothie style Milkshake IPA loaded with Simcoe, Citra, Azacca and Sabro hops, amped up with a blend of Mango, Mandarin and Papaya.  Topped with generous milk sugar and vanilla. ",croatia,0,1,0,0,0,1,0,0,0,0,0,0,0,0,0,0,0,0,0,0,0,0,0,0,0,0,0,1,0,0,0,0,0,0,0,0,0,0
308,4648897,Zmajska Pivovara,Moxie,IPA - Imperial / Double New England / Hazy,https://untappd.com/b/zmajska-pivovara-moxie/4648897,7.7,N/A,3.85,552,12/21/21,"Boldly hopped and with its silky texture, soft body and intense aromas of tangerine, orange, lime, vanilla and just a gentle hint of cinnamon, Moxie is a liquid hop ceremony with a sumptuous holiday twist. ",croatia,0,0,0,0,0,1,0,0,0,0,0,0,0,0,0,0,0,0,0,0,0,0,0,0,0,0,0,1,0,0,0,0,0,0,0,0,0,0
309,4607871,Pulfer Brewery,Double B,IPA - Imperial / Double New England / Hazy,https://untappd.com/b/pulfer-brewery-double-b/4607871,8.2,50,3.84,593,11/24/21,"Double trouble, double badassness, double IPA, double B...Do you feel lucky, punk?Get ready to be kicked from hops! This double trouble IPA gonna provide you tropical citrusy punch with more than 8.2%abv kick.Beware, it's easy drinkable double east coast IPA.   Bit hazy, super juicy and with slight bitterness at the end.  ",croatia,0,1,0,0,0,0,0,0,0,0,0,0,0,0,0,0,0,0,0,0,0,0,0,0,0,0,0,1,0,0,0,0,0,0,0,0,0,0
310,6403435,Pulfer Brewery,Monocchio,IPA - Imperial / Double New England / Hazy,https://untappd.com/b/pulfer-brewery-monocchio/6403435,8.0,50,3.84,871,09/06/25,"We continued with series of beer labels with mythical creatures and legends. For those who spent their childhood playing strategy games like 'Heroes of Might and Magic' will surely recognize inspiration for this beer label.Brewed with Mosaic, Citra, Eukanot, Ahhhhroma and Nectarom, burst tropical and citrusy flavours, with some and spicy notes.Monocchio is a one-eyed giant cyclope! Enjoy! ",croatia,0,0,0,0,0,0,0,0,0,0,0,0,0,0,0,0,0,0,0,0,0,0,0,0,0,0,0,1,0,0,0,0,0,0,0,0,0,0
311,4154768,Pulfer Brewery,Nuff Hop'd,IPA - Imperial / Double New England / Hazy,https://untappd.com/b/pulfer-brewery-nuff-hop-d/4154768,8.0,45,3.84,436,01/25/21,"A second hazy IPA in our ""Triple threesome IPA series"" is Double New England IPA.""Triple threesome"" is a new project that pushes the limits on the hop amount in beer! It is all about hops and silky texture in your mouth. We will present three hazy IPAs, use three varieties of hops per beer and three different yeasts - Triple threesome includes hazy IPA, Double IPA and Triple IPA!NUFF HOP'D is the showcase of African Queen, Rakau and Citra hops!Lalbrew New England yeast gave even more fruity aromas to 'nuff' hoppy profile. Apricot, peaches, tropical, citrusy, overall juicy, silky texture with 'nuff' bitterness.BEER READY for more! ",croatia,0,1,0,0,0,0,0,1,1,0,0,0,0,0,0,0,0,0,0,0,0,0,0,0,0,0,0,1,0,0,0,0,0,0,0,0,0,0
312,5837614,The Garden Brewery,Hazy Double IPA,IPA - Imperial / Double New England / Hazy,https://untappd.com/b/the-garden-brewery-hazy-double-ipa/5837614,8.2,20,3.84,1154,05/22/24,"Big, juicy and bursting with Pineapple & Peach flavours from the Bru-1, Galaxy, Cascade & Citra hops. Made with our Hungarian friends Reketye Brewing Co ",croatia,0,1,0,0,0,0,0,0,0,0,0,0,0,0,0,0,0,0,0,0,0,0,0,0,0,0,0,1,0,0,0,0,0,0,0,0,0,0
313,3901848,Nova Runda,El Galactico,IPA - Imperial / Double New England / Hazy,https://untappd.com/b/nova-runda-el-galactico/3901848,7.5,25,3.83,854,08/02/20,"La Fuerza desde la profundidad del Universo está viajando hacia la Tierra. El Galactico Violente aplasta todo en su camino, y nada puede detener su 7,5% ABV y 25 IBU-s! ",croatia,0,0,0,0,0,0,0,0,0,0,0,0,0,0,0,0,0,0,0,0,0,0,0,0,0,0,0,1,0,0,0,0,0,0,0,0,0,0
314,4606577,The Garden Brewery,New England Double IPA,IPA - Imperial / Double New England / Hazy,https://untappd.com/b/the-garden-brewery-new-england-double-ipa/4606577,9.2,25,3.83,765,11/23/21,"Thick and juicy oat-laden IPA with heavy notes of sweet citrus, Coconut and Pineapple. Crammed with Citra, Citra Spectrum, Azacca, Talus and Sabro hops ",croatia,0,1,0,0,0,0,0,0,0,0,1,0,0,0,0,0,0,0,0,0,0,0,0,0,0,0,0,1,0,0,0,0,0,0,0,0,0,0
315,6072680,The Garden Brewery,Hazy Double IPA: Spectrum & Lupomax Showcase,IPA - Imperial / Double New England / Hazy,https://untappd.com/b/the-garden-brewery-hazy-double-ipa-spectrum-and-lupomax-showcase/6072680,7.5,15,3.82,458,11/26/24,"Huge Tangerine, Citrus & Marmalade punch! Packed with brilliant, fresh hop products from our supplier Barth Haas ",croatia,0,0,0,0,0,0,0,0,0,0,0,0,0,0,0,0,0,0,0,0,0,0,0,0,0,0,0,1,0,0,0,0,0,0,0,0,0,0
316,5652706,Pivovara Medvedgrad,29,IPA - Imperial / Double New England / Hazy,https://untappd.com/b/pivovara-medvedgrad-29/5652706,8.3,42,3.82,151,12/21/23,"29. po redu rođendansko pivo spada u kategoriju robusnih teškaša: double NEIPA vrlo je jako pivo, sočna bomba tropsko – citrusnih okusa dobivenih od velike količine hmelja i specijalnog kvasca.  ",croatia,0,1,0,0,0,0,0,0,0,0,0,0,0,0,0,0,0,0,0,0,0,0,0,0,0,0,0,1,0,0,0,0,0,0,0,0,0,0
317,5563168,Maskeron,Sky Creature,IPA - Imperial / Double New England / Hazy,https://untappd.com/b/maskeron-sky-creature/5563168,8.0,20,3.81,479,10/13/23,Double Neipa features a big dose of Sub Zero Hop Kief of Motueka and Rakau and classic T90 of Strata and Azacca pallets.#weraiseaglasstoyou! ,croatia,0,0,0,0,0,0,0,0,0,0,0,0,0,0,0,0,0,0,0,0,0,0,0,0,0,0,0,1,0,0,0,0,0,0,0,0,0,0
318,5962598,The Garden Brewery,"Hazy Double IPA (Eclipse, Vic Secret & Sabro)",IPA - Imperial / Double New England / Hazy,https://untappd.com/b/the-garden-brewery-hazy-double-ipa-eclipse-vic-secret-and-sabro/5962598,7.1,25,3.8,893,08/28/24,"Smooth, Balanced & Juicy. Tropical flavours of Mango, Pineapple & Coconut with a subtle note of Pine. Made with our good friends from Argentina ",croatia,0,0,0,0,0,0,0,0,0,0,0,0,0,0,0,0,0,0,0,0,0,0,0,0,0,0,0,1,0,0,0,0,0,0,0,0,0,0
319,6446060,Nova Runda,Double KettleBrew,IPA - Imperial / Double New England / Hazy,https://untappd.com/b/nova-runda-double-kettlebrew/6446060,7.5,50,3.79,213,10/13/25,"A second collab with the Synergy Fitness crowd. This collab is also dedicated to the kettlebell, but this time, the double kettlebell! Double Kettlebrew is a good training partner, which can quickly become a sparring partner if you're not careful. ",croatia,0,0,0,0,0,0,0,0,0,0,0,0,0,0,0,0,0,0,0,0,0,0,0,0,0,0,0,1,0,0,0,0,0,0,0,0,0,0
320,6449666,Nova Runda,Orange Hoppin Goblin,IPA - Imperial / Double New England / Hazy,https://untappd.com/b/nova-runda-orange-hoppin-goblin/6449666,7.6,25,3.79,319,10/17/25,"We have rounded up Orange Goblin's 30-year career with this juicy, hazy beast that delivers massive hop flavors, which go well with Goblin's raw guitar riffage! Three decades of pure rock 'n' roll energy! ",croatia,0,0,0,0,0,0,0,0,0,0,0,0,0,0,0,0,0,0,0,0,0,0,0,0,0,0,0,1,0,0,0,0,0,0,0,0,0,0
321,6205547,The Garden Brewery,Double IPA,IPA - Imperial / Double New England / Hazy,https://untappd.com/b/the-garden-brewery-double-ipa/6205547,8.5,20,3.74,447,03/27/25,"Smooth, juicy and full-bodied. Waves of citrus, pineapple and stone fruits with hints of mango, peach and pine. ",croatia,0,0,0,0,0,0,0,0,1,0,0,0,0,0,0,0,0,0,0,0,0,0,0,0,0,0,0,1,0,0,0,0,0,0,0,0,0,0
322,6657221,The Garden Brewery,Lagano,IPA - Imperial / Double New England / Hazy,https://untappd.com/b/the-garden-brewery-lagano-double-ipa/6657221,7.4,35,3.73,710,04/02/26, ,croatia,0,0,0,0,0,0,0,0,0,0,0,0,0,0,0,0,0,0,0,0,0,0,0,0,0,0,0,1,0,0,0,0,0,0,0,0,0,0
323,4689808,Lepi Dečki Brewery,Big Foot,IPA - Imperial / Double New England / Hazy,https://untappd.com/b/lepi-decki-brewery-big-foot/4689808,7.1,10,3.71,1573,01/24/22,"Smaller cousin of Regoč went to America and all he got was New England legends and myths. DDH Oats, wheat, barley, chinook-citra-simcoe hops.  ",croatia,0,1,0,0,0,0,0,0,0,0,0,0,0,0,0,1,0,0,0,0,0,0,0,0,0,0,0,1,0,0,0,0,0,0,0,0,0,0
324,6237998,Maskeron,Zero,IPA - Milkshake,https://untappd.com/b/maskeron-zero/6237998,6.0,20,3.84,255,04/23/25,"Zero is our first Milkshake Neipa for the new series.Contain lactose of course and wheat, oats for extra fluffy mouth feel.DDH with combo Citra Cryo and Nelson Sauvin plus Abstrax Terpenes Gelato and for the end some Madagascar and Uganda Vanilla beans. ",croatia,0,0,0,0,0,0,0,0,0,0,0,0,0,0,0,0,0,0,0,0,0,0,0,0,0,0,0,1,0,0,0,0,0,0,0,0,0,0
325,5413001,The Garden Brewery,Key Lime Pie Milkshake IPA,IPA - Milkshake,https://untappd.com/b/the-garden-brewery-key-lime-pie-milkshake-ipa/5413001,6.5,15,3.83,1633,06/22/23,"Piquant and aromatic with fresh Lime, Vanilla and loads of Lactose. Based on the US truck stop classic and brewed with our boys from Nicosia. ",croatia,0,0,0,0,0,0,0,0,0,0,0,0,0,0,0,0,0,0,0,0,0,0,0,0,0,0,0,1,0,0,0,0,0,0,0,0,0,0
326,2379067,The Garden Brewery,Milkshake IPA (6.2%),IPA - Milkshake,https://untappd.com/b/the-garden-brewery-milkshake-ipa-6-2/2379067,6.2,35,3.76,26871,11/09/17,"Sweet creamy and juicy. Super Milky - With  3 times more lactose than we have ever used! Subtle sweet notes of passion-fruit, mango, strawberry, and vanilla. Fermented out with unique White Labs London Fog yeast WLP066.  ",croatia,0,0,0,0,0,1,0,1,1,0,0,0,0,0,0,0,0,0,0,0,0,0,0,0,0,0,0,1,0,0,0,0,0,0,0,0,0,0
327,6075070,Zmajska Pivovara,Pillow Crush,IPA - Milkshake,https://untappd.com/b/zmajska-pivovara-pillow-crush/6075070,6.3,20,3.76,198,11/28/24,"DRINK FIRST, PILLOW FIGHT LATER! ",croatia,0,0,0,0,0,0,0,0,0,0,0,0,0,0,0,0,0,0,0,0,0,0,0,0,0,0,0,1,0,0,0,0,0,0,0,0,0,0
328,3506322,The Garden Brewery,Pineapple Milkshake IPA,IPA - Milkshake,https://untappd.com/b/the-garden-brewery-pineapple-milkshake-ipa/3506322,6.8,33,3.74,244,10/30/19,"Creamy, tropical and sweet with a lingering bitterness. Our Milkshake with fresh pineapple and vanilla. ",croatia,0,0,0,0,0,1,0,0,0,0,0,0,0,0,0,0,0,0,0,0,0,0,0,0,0,0,0,1,0,0,0,0,0,0,0,0,0,0
329,4576266,Lepi Dečki Brewery,Puzzle Series Juicy IPA - Sabro #1,IPA - Milkshake,https://untappd.com/b/lepi-decki-brewery-puzzle-series-juicy-ipa-sabro-1/4576266,5.7,20,3.72,190,11/02/21,Puzzle Series is a series of smaller batches of beer produced with similar barley combinations but vastly different hops combinations! First in the series is SABRO Juicy IPA ,croatia,0,1,0,0,0,0,0,0,0,0,0,0,0,0,0,1,0,0,0,0,0,0,0,0,0,0,0,1,0,0,0,0,0,0,0,0,0,0
330,2662996,The Garden Brewery,Raspberry Milkshake IPA,IPA - Milkshake,https://untappd.com/b/the-garden-brewery-raspberry-milkshake-ipa/2662996,5.8,35,3.64,161,05/22/18,"Another twist on our experimental milkshake series. A heavy dose of wheat in this brew backed up by an aggressive hoppy bitterness all brought together by lallemands new NEIPA yeast. In conditioning weve added an outragrous amount of raspberry puree which is rounded out with a touch of vanilla. Tart, Fruity and silky smooth. ",croatia,0,0,0,0,0,1,0,1,1,0,0,0,0,0,0,0,0,0,0,0,0,0,0,0,0,0,0,1,0,0,0,0,0,0,0,0,0,0
331,5558929,Lepi Dečki Brewery,PUZZLE #7 Amarillo,IPA - Milkshake,https://untappd.com/b/lepi-decki-brewery-puzzle-7-amarillo/5558929,6.0,20,3.63,154,10/09/23, ,croatia,0,0,0,0,0,0,0,0,0,0,0,0,0,0,0,0,0,0,0,0,0,0,0,0,0,0,0,1,0,0,0,0,0,0,0,0,0,0
332,6620505,The Garden Brewery,Imperial Strawberry & Vanilla Milkshake IPA,IPA - Milkshake,https://untappd.com/b/the-garden-brewery-imperial-strawberry-and-vanilla-milkshake-ipa/6620505,7.4,N/A,3.6,571,03/03/26,"Big, bold, and decadently creamy, this turbocharged Milkshake IPA is brewed with heaps of fresh strawberries and smoothed out with rich vanilla, creating the ultimate liquid dessert. ",croatia,0,0,0,0,0,1,0,0,1,0,0,0,0,0,0,0,0,0,0,0,0,0,0,0,0,0,0,1,0,0,0,0,0,0,0,0,0,0
333,4880547,The Garden Brewery,Milkshake IPA (Brussels Beer Project),IPA - Milkshake,https://untappd.com/b/the-garden-brewery-milkshake-ipa-brussels-beer-project/4880547,4.7,12,3.56,2826,06/10/22,"Soft and full-bodied with citrus aromas and gentle vanilla and stone fruit flavours.The Garden Brewery asked 16 of its favourite global breweries to work with us to create exclusive collab beers for Restore Our Earth, a charity project we initiated with Beer52, the world’s biggest beer club. In the Summer of 2022 1.5 millions cans will be distributed globally.The Garden Brewery and Beer52 have committed to donate at least €30,000 to charities with proven high impact deliverables in Marine Conservation, Forest Conservation, Reimagining Carbon, Education & Behavior, Food & Agriculture and building Climate Resistant Communities. ",croatia,0,0,0,0,0,1,0,0,1,0,0,0,0,0,0,0,0,0,0,0,0,0,0,0,0,0,0,1,0,0,0,0,0,0,0,0,0,0
389,6273984,Nova Runda,Fresh Hop: 2025 NZ IPA Hop V1 - Riwaka DH,IPA - New Zealand,https://untappd.com/b/nova-runda-fresh-hop-2025-nz-ipa-hop-v1-riwaka-dh/6273984,6.0,57,3.83,244,05/22/25,"This is the First beer in our new Fresh Hop series, where we honor the annual hop harvest in its purest form! 2025 NZ IPA Hop V1 showcases the vibrant character of New Zealand's Riwaka hops, harvested at peak freshness from Freestyle Hops farm! ",croatia,0,1,0,0,0,0,0,0,0,0,0,0,0,0,0,0,0,0,0,0,0,0,0,0,0,0,0,1,0,0,0,0,0,0,0,0,0,0
390,6698401,Maskeron,NELSON,IPA - New Zealand,https://untappd.com/b/maskeron-nelson/6698401,6.1,20,3.82,213,05/04/26,"NELSON is our Bernese mountain dog. Year One for this batch and many more to come.This batch has a special list of Nelson hops.Eggers Nelson, FreeStyle Nelson, Kohia Nelson 2025 crop, and new Fresh Nelson Hop Press Juice.Say Hello To Nelson!! ",croatia,0,1,0,0,0,0,0,0,0,0,0,0,0,0,0,0,0,0,0,0,0,0,0,0,0,0,0,1,0,0,0,0,0,0,0,0,0,0
391,6274014,Nova Runda,Fresh Hop: 2025 NZ IPA Hop V2 - Harvest Mix DH,IPA - New Zealand,https://untappd.com/b/nova-runda-fresh-hop-2025-nz-ipa-hop-v2-harvest-mix-dh/6274014,6.0,57,3.81,240,05/22/25,"Our second release, in the Fresh Hop series, captures the essence of New Zealand through freshly harvested Motueka, NZ Cascade, and Riwaka hops direct from Freestyle Hops Farm! ",croatia,0,1,0,0,0,0,0,0,0,0,0,0,0,0,0,0,0,0,0,0,0,0,0,0,0,0,0,1,0,0,0,0,0,0,0,0,0,0
392,6628723,Nova Runda,Crash Day,IPA - New Zealand,https://untappd.com/b/nova-runda-crash-day/6628723,6.0,90,3.77,187,03/10/26,"Crash Day is an annual celebration of faulty logic, wrong choices, and bad decisions. It's a homage to our 2025 New Zealand road trip and friend Krešo, so it's brewed with New Zealand hops that, unlike Krešo, actually know what they're doing. ",croatia,0,1,0,0,0,0,0,0,0,0,0,0,0,0,0,0,0,0,0,0,0,0,0,0,0,0,0,1,0,0,0,0,0,0,0,0,0,0
393,6137112,Pulfer Brewery,The Grey Pilgrim,IPA - New Zealand,https://untappd.com/b/pulfer-brewery-the-grey-pilgrim/6137112,6.2,30,3.75,1143,01/24/25,"Crushable IPA loaded with hops from down under - Galaxy, Rakau and Moutere.Easy going, hoppy and tastefull."" All we have to do is decide what to do with the IPA that is given to us."" The Grey Pilgrim ",croatia,0,1,0,0,0,0,0,0,0,0,0,0,0,0,0,0,0,0,0,0,0,0,0,0,0,0,0,1,0,0,0,0,0,0,0,0,0,0
394,6628739,Nova Runda,Sunset Bunny Trail,IPA - New Zealand,https://untappd.com/b/nova-runda-sunset-bunny-trail/6628739,5.7,90,3.72,164,03/10/26,"A fluffy bunnies are your modern sherpas, and they know the mountain better than you! If you get lost, just follow the white rabbits into the Sunset! ",croatia,0,0,0,0,0,0,0,0,0,0,0,0,0,0,0,0,0,0,0,0,0,0,0,0,0,0,0,1,0,0,0,0,0,0,0,0,0,0
395,6282871,The Garden Brewery,Phantasm IPA,IPA - New Zealand,https://untappd.com/b/the-garden-brewery-phantasm-ipa/6282871,7.0,30,3.65,480,05/29/25,"This Summer beauty is bright & refreshing with a lush, fruit-forward profile. We showcase the amazing way Phantasm (natural grape extract) combines with Hop Unlock yeast to biotransform natural compounds in hops & malts for intense flavour & aroma, while Riwaka & Motueka hops provide zesty citrus & herbal notes.  ",croatia,1,1,0,0,0,0,0,1,1,0,0,0,0,0,0,0,0,0,0,0,0,0,0,0,0,0,0,1,0,0,0,0,0,0,0,0,0,0
398,5294532,Nova Runda,Small Batch Series : 39 Mountain IPA,IPA - Other,https://untappd.com/b/nova-runda-small-batch-series-39-mountain-ipa/5294532,6.2,100,3.85,258,03/30/23,"Mountain IPA brewed with Galaxy, HBC 630, Citra, and Mosaic hops. ",croatia,0,1,0,0,0,0,0,0,0,0,0,0,0,0,0,0,0,0,0,0,0,0,0,0,0,0,0,1,0,0,0,0,0,0,0,0,0,0
399,6237996,Maskeron,Sunshine Sipper,IPA - Other,https://untappd.com/b/maskeron-sunshine-sipper/6237996,4.5,35,3.82,205,04/23/25,"Small Ipa is a Session Ipa, only 4.5 abv DDH with Simcoe, Krush and Columbus Cryo.No oats or wheat in the mash only WHC juicy yeast for some extra flavor. ",croatia,0,0,0,0,0,0,0,1,0,0,0,0,0,0,0,0,0,0,0,0,0,0,0,0,0,0,0,1,0,0,0,0,0,0,0,0,0,0
400,5406429,Pivovara Medvedgrad,Fantom 34,IPA - Other,https://untappd.com/b/pivovara-medvedgrad-fantom-34/5406429,6.4,46,3.82,181,06/17/23,"Fantom 34 je Mountain IPA, osvježavajuće mutno pivo bogatog okusa, izvrsnog balansa gorčine i slatkoće, tropsko citrusnih nota i vrlo pitko. ",croatia,0,0,0,0,0,0,0,0,0,0,0,0,0,0,0,0,0,0,0,0,0,0,0,0,0,0,0,1,0,0,0,0,0,0,0,0,0,0
401,6662509,Maskeron,Pistol Smoke,IPA - Other,https://untappd.com/b/maskeron-pistol-smoke/6662509,6.1,65,3.81,197,04/06/26,"PISTOL SMOKEMODER IPAThis is another crossover between East Coast and West Coast Ipa. Clean base malt, sharp and hoppy beer with juicy yeast strain.Pistol was fully loaded with classic bullets like SIMCOE and NELSON SAUVIN and then with some more young guns like KRUSH CRYO and PEACHARINE SUB ZERO.#Duel You Can't Miss!!! ",croatia,1,0,0,0,0,0,0,1,0,0,0,0,0,0,0,0,0,0,0,0,0,0,0,0,0,0,0,1,0,0,0,0,0,0,0,0,0,0
402,6323144,Pivovara Medvedgrad,Fantom 47,IPA - Other,https://untappd.com/b/pivovara-medvedgrad-fantom-47/6323144,6.5,43,3.81,152,06/30/25,"Mountain IPA mutno zlatne boje, svježih tropskih mirisa i aroma koje mu daju šest vrsta hmeljeva. Umjerenog tijela i lijepo balansirane gorčine i slatkoće.  ",croatia,0,0,0,0,0,0,0,0,0,0,0,0,0,0,0,0,0,0,0,0,0,0,0,0,0,0,0,1,0,0,0,0,0,0,0,0,0,0
403,5764459,Pivovara Medvedgrad,Fantom 40,IPA - Other,https://untappd.com/b/pivovara-medvedgrad-fantom-40/5764459,6.6,43,3.8,150,03/26/24,"Fantom 40 je Mountain IPA, osvježavajuće mutno pivo bogatog okusa, izvrsnog balansa gorčine i slatkoće, tropsko citrusnih nota i vrlo pitko.  ",croatia,0,0,0,0,0,0,0,0,0,0,0,0,0,0,0,0,0,0,0,0,0,0,0,0,0,0,0,1,0,0,0,0,0,0,0,0,0,0
404,5342092,Varionica,Phantasm Orgasm,IPA - Other,https://untappd.com/b/varionica-phantasm-orgasm/5342092,6.5,N/A,3.79,250,05/03/23,"This tiolized IPA was made with a mission to release the maximum fruit flavors from all ingredients and production processes. Tiolized yeast from White Labs was used to release these aromatic compounds from malt, hops: Mosaic Cryo, Citra Cryo, Nectaron, and Saaz, as well as from Phantasm powder obtained from Sauvignon Blanc skins from New Zealand. The result is a fruity orgasm with 6.5% alcohol. ",croatia,1,1,0,0,0,0,0,1,1,0,0,1,0,0,0,0,0,0,0,0,0,0,0,0,0,0,0,1,0,0,0,0,0,0,0,0,0,0
405,6190232,PriMarius craft pivovara,SuperNova - Mountain IPA,IPA - Other,https://untappd.com/b/primarius-craft-pivovara-supernova-mountain-ipa/6190232,6.66,55,3.78,235,03/14/25, ,croatia,0,0,0,0,0,0,0,0,0,0,0,0,0,0,0,0,0,0,0,0,0,0,0,0,0,0,0,1,0,0,0,0,0,0,0,0,0,0
406,6391297,Maskeron,Dream Like This Must Die,IPA - Other,https://untappd.com/b/maskeron-dream-like-this-must-die/6391297,6.3,70,3.78,188,08/27/25,American IpaDDH with BRU 1 + Motueka ,croatia,0,0,0,0,0,0,0,0,0,0,0,0,0,0,0,0,0,0,0,0,0,0,0,0,0,0,0,1,0,0,0,0,0,0,0,0,0,0
407,4047557,Pivovara Medvedgrad,Fantom IPA 2,IPA - Other,https://untappd.com/b/pivovara-medvedgrad-fantom-ipa-2/4047557,5.6,65,3.78,195,11/10/20,"Novo pivo u našoj eksperimentalnoj seriji je prekrasno zahmeljeni India Pale Ale koji nastavlja tradiciju finih Fantom piva koja su svaki put drugačija. Između šest vrsti hmeljeva koja smo koristili ističu se Ella i Enigma, te stari znanac Vic Secret. Uživajte u ovom finom i pitkom predahu od stvarnosti! ",croatia,0,0,0,0,0,0,0,0,0,0,0,0,0,0,0,0,0,0,0,0,0,0,0,0,0,0,0,1,0,0,0,0,0,0,0,0,0,0
408,4342131,Prva Makarska Pivovara,Beštija,IPA - Other,https://untappd.com/b/prva-makarska-pivovara-bestija/4342131,6.2,45,3.73,428,06/02/21, ,croatia,0,0,0,0,0,0,0,0,0,0,0,0,0,0,0,0,0,0,0,0,0,0,0,0,0,0,0,1,0,0,0,0,0,0,0,0,0,0
409,4910326,Varionica,Kolaboracija 3,IPA - Other,https://untappd.com/b/varionica-kolaboracija-3/4910326,2.7,15,3.65,288,06/30/22,"Kolaboracija 3 - micro NEIPATreća po redu kolaboracija s Nova Runda Brewery i Zmajska pivovara kuhana je kod nas. Plan je bio napraviti vrlo aromatično pivo koje se pije lagano s obzirom na vrućine koje nam ovih dana vrše pritisak na regiju. Nakon agresivnog sastančenja odabir je pao na micro NEIPA. Dakle, New England IPA s intenzivnim citrusnim aromama hmelja, bogato suho hmeljena, zaokruženog okusa, ali micro - svega 2,7% alkohola! To je onaj ""pije se lagano"" dio. ?Riwaka, Cryo Citra i Cryo Mosaic zaslužni su za bogatu citrusno aromatiku ovog piva i za sramežljivih 15 jedinica gorčine. ",croatia,0,1,0,0,0,0,0,0,0,0,0,1,0,0,0,0,0,0,0,0,0,0,0,0,0,0,0,1,0,0,0,0,0,0,0,0,0,0
410,3425378,King's Brew,Svarog,IPA - Other,https://untappd.com/b/king-s-brew-svarog/3425378,6.5,N/A,3.64,361,09/09/19,"Unatoč dolasku IPA-e u Hrvatsku preko Američke pivske revolucije, ovo pivopredstavlja našu pretpostavku kako je stil morao izgledati na svojem izvoru na putovanjima skroz do daleke Indije.Više alkohola, više probranog hmelja ali i mnogo okusa koje američki stilovi skrivaju - ječam, još ječma, i onda još sasvim malo ječma. Uzdravlje! ",croatia,0,1,0,0,0,0,0,0,0,0,0,1,0,0,0,0,0,0,1,0,0,0,0,0,0,0,0,1,0,0,0,0,0,0,0,0,0,0
411,2268117,Pivovara Medvedgrad,Novi Val,IPA - Other,https://untappd.com/b/pivovara-medvedgrad-novi-val/2268117,5.7,55,3.64,1722,08/30/17,"A different taste, a top-notch balance and a wonderful aroma of three exotic New World hops. Let's go back to the eighties and start the New Wave... ",croatia,0,1,0,0,0,0,0,0,0,0,0,0,0,0,0,0,0,0,0,0,0,0,0,0,0,0,0,1,0,0,0,0,0,0,0,0,0,0
412,3820790,Bir,Bir IPA,IPA - Other,https://untappd.com/b/bir-bir-ipa/3820790,6.4,60,3.61,284,06/10/20, ,croatia,0,0,0,0,0,0,0,0,0,0,0,0,0,0,0,0,0,0,0,0,0,0,0,0,0,0,0,1,0,0,0,0,0,0,0,0,0,0
413,3595335,Fabrika Bire,IPA 52,IPA - Other,https://untappd.com/b/fabrika-bire-ipa-52/3595335,6.4,52,3.59,1054,12/23/19,"Nefiltrirano, nepasterizirano domaće ale pivo bez konzervansa, umjetnih bojila i bilo kakvih drugih dodataka, s prirodnim jestivim talogom kvasca, refermentirano u boci. Napravljeno od 2 vrste najfinijeg njemačkog slada i 5 vrsta najkvalitetnijeg američkog hmelja, odakle i dolazi naziv IPA 52. Poželjno čuvati na hladnom i tamnom mjestu u uspravnom položaju ",croatia,1,1,0,0,0,0,0,0,0,0,0,0,0,0,0,0,0,1,0,0,0,0,0,0,0,0,0,1,0,0,0,0,0,0,0,0,0,0
414,2271414,King's Brew,King's IPA,IPA - Other,https://untappd.com/b/king-s-brew-king-s-ipa/2271414,6.0,48,3.57,195,09/01/17, ,croatia,0,0,0,0,0,0,0,0,0,0,0,0,0,0,0,0,0,0,0,0,0,0,0,0,0,0,0,1,0,0,0,0,0,0,0,0,0,0
415,4840112,Labona Craft Brewery,India Pale Ale,IPA - Other,https://untappd.com/b/labona-craft-brewery-india-pale-ale/4840112,6.5,N/A,3.48,808,05/13/22, ,croatia,0,0,0,0,0,0,0,0,0,0,0,0,0,0,0,0,0,0,0,0,0,0,0,0,0,0,0,1,0,0,0,0,0,0,0,0,0,0
416,1457209,Bujska Pivovara,San Servolo IPA,IPA - Other,https://untappd.com/b/bujska-pivovara-san-servolo-ipa/1457209,6.0,69,3.48,7440,03/07/16,"IPA pivo - specijalno ale pivo vareno od najboljih vrsta engleskog slada i hmelja, robustnog tijela i izrazito voćne arome, proizvedeno po uzoru na engleska piva koja su se brodovima prevozila u Indiju, pa su sadržavala veći postotak alkohola i hmelja da bi izdržala taj naporan put. San Servolo IPA, putovanje do Indije u vašoj čaši... ",croatia,1,1,0,0,0,0,0,0,0,0,0,1,0,0,1,0,0,0,0,0,0,0,0,0,0,0,0,1,0,0,0,0,0,0,0,0,0,0
417,3873414,Pitomačka Pivovara,Rovinjsko IPA,IPA - Other,https://untappd.com/b/pitomacka-pivovara-rovinjsko-ipa/3873414,7.2,87,3.46,168,07/15/20,Limited edition by pitko ,croatia,0,0,0,0,0,0,0,0,0,0,0,0,0,0,0,0,0,0,0,0,0,0,0,0,0,0,0,1,0,0,0,0,0,0,0,0,0,0
418,1833224,Nova Runda,Fireball,IPA - Red,https://untappd.com/b/nova-runda-fireball/1833224,6.2,62,3.8,1217,11/23/16,"Seasonal IPA ideal for winter period. Full bodied, malty and hopped with Comet hops.  ",croatia,1,1,0,0,0,0,0,0,0,0,0,0,0,0,0,0,0,0,0,0,0,0,0,0,0,0,0,1,0,0,0,0,0,0,0,0,0,0
419,6239091,Pivovara Medvedgrad,Fantom 46,IPA - Red,https://untappd.com/b/pivovara-medvedgrad-fantom-46/6239091,6.4,60,3.69,183,04/24/25,"Fantom 46 je IPA prekrasne rubin boje, odlično balansirana uz finu gorčinu i srednje tijelo koje ju čini vrlo pitkom. ",croatia,0,0,0,0,0,0,0,0,0,0,0,0,0,0,0,0,0,0,0,0,0,0,0,0,0,0,0,1,0,0,0,0,0,0,0,0,0,0
420,4254486,Zmajska Pivovara,March On,IPA - Red,https://untappd.com/b/zmajska-pivovara-march-on/4254486,6.5,65,3.64,239,04/06/21,"WE HAVE BEEN MARCHING STRONGLY SINCE (MARCH) 2013. AS OUR BIRTHDAY TRIBUTE, THIS YEAR, WE ARE JOINING PINK BOOTS SOCIETY, SUPPORTING WOMEN IN BEER. SO TAKE A MOMENT TO CELEBRATE WITH US WITH AN ALL WOMEN BREWED RED ALE, A PINK BOOTS BLEND. Pink Boots Collaboration Brew Day®. A portion of the proceeds from the sale of this beer goes to the Pink Boots Society. ",croatia,0,0,0,0,0,0,0,0,0,0,0,0,0,0,0,0,0,0,0,0,0,0,0,0,0,0,0,1,0,0,0,0,0,0,0,0,0,0
421,6178223,Brewtal Brew Co.,Brewtal Red Ipa,IPA - Red,https://untappd.com/b/brewtal-brew-co-brewtal-red-ipa/6178223,6.0,72,3.6,332,03/03/25, ,croatia,0,0,0,0,0,0,0,0,0,0,0,0,0,0,0,0,0,0,0,0,0,0,0,0,0,0,0,1,0,0,0,0,0,0,0,0,0,0
422,2926677,Bruman,Red Ho',IPA - Red,https://untappd.com/b/bruman-red-ho/2926677,7.0,72,3.54,705,11/04/18, ,croatia,0,0,0,0,0,0,0,0,0,0,0,0,0,0,0,0,0,0,0,0,0,0,0,0,0,0,0,1,0,0,0,0,0,0,0,0,0,0
423,2051921,Varionica,Into the Rye,IPA - Rye,https://untappd.com/b/varionica-into-the-rye/2051921,7.0,63,3.79,283,04/20/17, ,croatia,0,0,0,0,0,0,0,0,0,0,0,0,0,0,0,0,0,0,0,0,0,0,0,0,0,0,0,1,0,0,0,0,0,0,0,0,0,0
424,2565920,Lepi Dečki Brewery,Kaj-Pa,IPA - Rye,https://untappd.com/b/lepi-decki-brewery-kaj-pa/2565920,6.66,66,3.67,759,03/22/18,"Kaj-Pa, new take on rye ipa by #lepidecki Brewery. Magnum, Chinook and Citra from hops, rye and malts. Proper, genuine rye IPA ",croatia,1,1,0,0,0,0,0,0,0,0,0,0,0,0,1,0,0,0,0,0,0,0,0,0,0,0,0,1,0,0,0,0,0,0,0,0,0,0
425,1715467,Crafter's,Switch,IPA - Rye,https://untappd.com/b/crafter-s-switch/1715467,6.9,N/A,3.57,468,09/03/16,Eksplozija aroma tropskog voća i citrusa u ovom pivu nikoga neće ostaviti ravnodušnim. Idealna kombinacija raži i američkih hmeljeva zaslužna je za ovo gorko ali iznimno aromatično pivo punog tijela. Za prave pivoljupce i one koji žele biti posebni! ,croatia,0,0,0,0,0,0,0,0,0,0,0,0,0,0,0,0,0,0,0,0,0,0,0,0,0,0,0,1,0,0,0,0,0,0,0,0,0,0
426,4970964,Zmajska Pivovara,Hop Volantis,IPA - Session,https://untappd.com/b/zmajska-pivovara-hop-volantis/4970964,4.6,20,3.83,258,08/10/22,"Session NEIPA, hops Citra, Mosaic, Strata, Talus. ",croatia,0,1,0,0,0,0,0,0,0,0,0,0,0,0,0,0,0,0,0,0,0,0,0,0,0,0,0,1,0,0,0,0,0,0,0,0,0,0
427,6350109,Maskeron,Anchovy Sesh.,IPA - Session,https://untappd.com/b/maskeron-anchovy-sesh/6350109,4.5,40,3.82,169,07/23/25,"Session Ipa with the new hop ANCHOVY from Segal Ranch in Yakima, Washington.Anchovy and Citra Cryo combo. ",croatia,0,0,0,0,0,0,0,0,0,0,0,0,0,0,0,0,0,0,0,0,0,0,0,0,0,0,0,1,0,0,0,0,0,0,0,0,0,0
428,5428716,Zmajska Pivovara,Microburst,IPA - Session,https://untappd.com/b/zmajska-pivovara-microburst/5428716,4.4,22,3.77,204,07/03/23,"It refreshes with citrus, lime and grapefruit aromas along with the sweet and fruity aromas of tropical fruits and nectarines. Mildly bitter, medium dry finish. ",croatia,0,0,0,0,0,0,0,0,1,0,0,0,0,0,0,0,0,0,0,0,0,0,0,0,0,0,0,1,0,0,0,0,0,0,0,0,0,0
429,2167200,Nova Runda,Hladovina,IPA - Session,https://untappd.com/b/nova-runda-hladovina/2167200,4.3,35,3.76,992,06/28/17,"What could be better for hot summer days then an IPA with low ABV. This Session IPA is hopped with Galena, Mosaic and El Dorado hops which give spicy, juicy and fruity notes. ",croatia,0,1,0,0,0,0,0,0,1,0,0,0,0,0,0,0,0,0,0,0,0,0,0,0,0,0,0,1,0,0,0,0,0,0,0,0,0,0
430,3948208,Mlinarica,Bitter Hug,IPA - Session,https://untappd.com/b/mlinarica-bitter-hug/3948208,4.5,35,3.76,197,09/04/20,"Malts: pale, wheat malt, flaked oats, carapilsHops: cascade, citra, styrian wolfYeast: verdant IPA ",croatia,1,0,0,0,0,0,0,0,0,0,0,0,0,0,0,0,0,0,0,0,0,0,0,0,0,0,0,1,0,0,0,0,0,0,0,0,0,0
431,6281628,Mlinarica,Baron De Hopard,IPA - Session,https://untappd.com/b/mlinarica-baron-de-hopard/6281628,4.2,33,3.74,151,05/28/25,"Malts: Pale Ale, Carabody,  Munich Hops: Cryo Cascade, Citra, Simcoe, MosaicYeast: YF-107Extra: Orange peel, lemon peel  ",croatia,0,0,0,0,0,0,0,0,0,0,0,0,0,0,0,0,0,0,0,0,0,0,0,0,0,0,0,1,0,0,0,0,0,0,0,0,0,0
432,3218962,Nova Runda,Summer Mode,IPA - Session,https://untappd.com/b/nova-runda-summer-mode/3218962,4.1,14,3.74,621,05/09/19,"Summer time brings summer mode. The best possible outfit to enjoy your cold summer brew is combo of mullet, sandals, comb, glasses and Session IPA!  ",croatia,0,0,0,0,0,0,0,0,0,0,0,0,0,0,0,0,0,0,0,0,0,0,0,0,0,0,0,1,0,0,0,0,0,0,0,0,0,0
433,2731839,PriMarius craft pivovara,Ringišpil,IPA - Session,https://untappd.com/b/primarius-craft-pivovara-ringispil/2731839,4.0,45,3.73,2631,07/04/18,"Dođi klizni mi niz grlo!Kad sunce u čelo tuče i osjetis da ti je vruće, s vjetrom laganini u kosi, vrtuljak okusa misli nek ti nosi... uskoči i zavrti svoj RINGIŠPIL! ",croatia,0,0,0,0,0,0,0,0,0,0,0,0,0,0,0,0,0,0,0,0,0,0,0,0,0,0,0,1,0,0,0,0,0,0,0,0,0,0
434,4918592,Hotch Potch,Vibe,IPA - Session,https://untappd.com/b/hotch-potch-vibe/4918592,4.5,25,3.72,194,07/05/22,"Hazy (some oat flakes and wheat malt) session IPA fermented using Verdant yeast. Idaho 7, Calista and Styrian Wolf hop additions on Whirlpool and dry hop only to give a gentle bitterness and plenty of flavor and aroma! Caution: This beer is such a summer thirst quencher it's practically impossible to only have 1 ",croatia,1,0,0,0,0,0,0,1,0,0,0,0,0,0,0,0,0,0,0,0,0,0,0,0,0,0,0,1,0,0,0,0,0,0,0,0,0,0
435,4261259,Brlog zadružna pivovara,Small Batch IPA #01,IPA - Session,https://untappd.com/b/brlog-zadruzna-pivovara-small-batch-ipa-01/4261259,5.5,N/A,3.72,159,04/10/21,Session IPABright and hazy light bodied IPA with hop-forward character. Strong bitterness with a lot of citrus and tropical fruit aroma. ABV 5.5% ,croatia,0,0,0,0,0,0,0,0,1,0,0,0,0,0,0,0,0,0,0,0,0,0,0,0,0,0,0,1,0,0,0,0,0,0,0,0,0,0
436,2707517,Zmajska Pivovara,Jam Session IPA,IPA - Session,https://untappd.com/b/zmajska-pivovara-jam-session-ipa/2707517,4.5,42,3.67,524,06/18/18,"Session India Pale Ale is a style combining massive amounts of hops with a low alcohol percentage. The fruity notes of American hops and their pleasant bitterness will perfectly reward your palate with the taste of summer. Hops: Cascade, Chinook, Citra. ",croatia,0,1,0,0,0,0,0,0,1,0,0,1,0,0,0,0,0,0,0,0,0,0,0,0,0,0,0,1,0,0,0,0,0,0,0,0,0,0
437,4910375,PIVIONICA,Ipanema Session IPA,IPA - Session,https://untappd.com/b/pivionica-ipanema-session-ipa/4910375,4.0,16,3.66,172,06/30/22,"Refreshing session IPA with Talus, Sabro and Riwaka hops. ",croatia,0,1,0,0,0,0,0,0,0,0,0,0,0,0,0,0,0,0,0,0,0,0,0,0,0,0,0,1,0,0,0,0,0,0,0,0,0,0
438,3230958,Pulfer Brewery,Landsky,IPA - Session,https://untappd.com/b/pulfer-brewery-landsky/3230958,4.9,40,3.66,5178,05/16/19,This session IPA was made in honor of one of the coolest woman in Zagreb's history - the first female ZET conductor Paula Landsky! We want our beer to be just like her - fearless and sophisticated! ,croatia,0,0,0,0,0,0,0,0,0,0,0,0,0,0,0,0,0,0,0,0,0,0,0,0,0,0,0,1,0,0,0,0,0,0,0,0,0,0
439,1713883,Pivovara Medvedgrad,Vragec,IPA - Session,https://untappd.com/b/pivovara-medvedgrad-vragec/1713883,4.8,45,3.65,1584,09/01/16,"Refreshing red beer with an emphasized hoppy character, bitterness of 45 IBU and irresistible fruit flavours Hops used: East Kent Golding, Mandarina Bavaria, Mosaic, Simcoe ",croatia,0,0,0,0,0,0,0,0,1,0,0,0,0,0,0,0,0,0,0,0,0,0,0,0,0,0,0,1,0,0,0,0,0,0,0,0,0,0
440,1780118,The Garden Brewery,Wet Hop,IPA - Session,https://untappd.com/b/the-garden-brewery-wet-hop/1780118,4.9,45,3.64,193,10/16/16, ,croatia,0,0,0,0,0,0,0,0,0,0,0,0,0,0,0,0,0,0,0,0,0,0,0,0,0,0,0,1,0,0,0,0,0,0,0,0,0,0
441,4736179,King's Brew,King's Session IPA,IPA - Session,https://untappd.com/b/king-s-brew-king-s-session-ipa/4736179,5.0,N/A,3.63,319,03/02/22,"King's SIPA (Session IPA) offers an explosion of fruity aromas of orange, mango, and white guava, perfectly complemented by discreet hop notes of pine, resin, and stone fruit. Furthermore, you'll be charmed by the sweet aromas of biscuits and sponge cake, which enrich the experience of this beer delight. Despite its delicate body, there is a noticeable bitterness that adds complexity to the taste, while its dry and tender orange hue makes it visually appealing and a desirable choice. ",croatia,0,0,0,0,0,0,0,0,1,0,0,0,0,0,0,0,0,0,0,0,0,0,0,0,0,0,0,1,0,0,0,0,0,0,0,0,0,0
442,3813380,Zmajska Pivovara,Therapy,IPA - Session,https://untappd.com/b/zmajska-pivovara-therapy/3813380,3.9,35,3.61,5020,06/05/20,Very light and refreshing beer that go along equally well on the beach and at a business lunch. Inhale tropical aromas and dismiss all problems.  ,croatia,0,0,0,0,0,0,0,0,0,0,0,0,0,0,0,0,0,0,0,0,0,0,0,0,0,0,0,1,0,0,0,0,0,0,0,0,0,0
443,5798982,Angeluš brewery,Session IPA,IPA - Session,https://untappd.com/b/angelus-brewery-session-ipa/5798982,4.9,N/A,3.61,301,04/22/24,"Angeluš . Session IPA je suho hmeljeno ale pivo sa Citra, Mosaic i Galaxy hmeljevima. ",croatia,0,0,0,0,0,0,0,0,0,0,0,0,0,0,0,0,0,0,0,0,0,0,0,0,0,0,0,1,0,0,0,0,0,0,0,0,0,0
444,2962345,Lepi Dečki Brewery,To je vuk!,IPA - Session,https://untappd.com/b/lepi-decki-brewery-to-je-vuk/2962345,5.5,24,3.58,2807,11/27/18,It's a WOLF! To je vuk! Styrian Wolf hop with Citra and Amarillo - something new from #LepiDecki ,croatia,0,0,0,0,0,0,0,0,0,0,0,0,0,0,0,0,0,0,0,0,0,0,0,0,0,0,0,1,0,0,0,0,0,0,0,0,0,0
445,3209105,Pivovara Medvedgrad,Sretno Dijete,IPA - Session,https://untappd.com/b/pivovara-medvedgrad-sretno-dijete/3209105,4.1,35,3.58,1122,05/03/19,"Sretno dijete je session IPA koja sretnim čini vas, ali i djecu jer se sa svakim prodanim pivom dio zarade donira nekoj od udruga za zaštitu djece. ",croatia,0,0,0,0,0,0,0,0,0,0,0,0,0,0,0,0,0,0,0,0,0,0,0,0,0,0,0,1,0,0,0,0,0,0,0,0,0,0
446,5622200,The Garden Brewery,Session IPA Mosaic Showcase,IPA - Session,https://untappd.com/b/the-garden-brewery-session-ipa-mosaic-showcase/5622200,4.0,N/A,3.57,203,11/26/23, ,croatia,0,0,0,0,0,0,0,0,0,0,0,0,0,0,0,0,0,0,0,0,0,0,0,0,0,0,0,1,0,0,0,0,0,0,0,0,0,0
447,5684609,The Garden Brewery,Fjaka,IPA - Session,https://untappd.com/b/the-garden-brewery-fjaka/5684609,4.0,24,3.56,348,01/19/24,Tropical & Vibrant. Easy drinking IPA with notes of Pineapple & Papaya ,croatia,0,0,0,0,0,0,0,0,0,0,0,0,0,0,0,0,0,0,0,0,0,0,0,0,0,0,0,1,0,0,0,0,0,0,0,0,0,0
448,3425111,GRIF,Grif Session IPA,IPA - Session,https://untappd.com/b/grif-grif-session-ipa/3425111,4.5,45,3.56,479,09/09/19,"Pivski znalci složit će se da je Session IPA već sama po sebi oksimoron. A kako bismo spojili nespojivo, potreban je i dobar grif. S obzirom na to da nam izazovi nisu strani, upustili smo se u još jednuzahtjevnu pivarsku avanturu tijekom koje smo dobili GRIF SESSION IPA, lagano pivo s malim udjelom alkohola kojeg krase odlike prave IPA-e. Hmeljna gorčina je u skladu s lakšim tijelom za što je zaslužan hmelj Magnum, dok su se za voćnu aromatičnost pobrinuli hmeljevi Mosaic i Amarillo. ",croatia,0,0,0,0,0,0,0,0,0,0,0,1,0,0,0,0,0,1,0,0,0,0,0,0,0,0,0,1,0,0,0,0,0,0,0,0,0,0
449,3743371,The Garden Brewery,Micro IPA,IPA - Session,https://untappd.com/b/the-garden-brewery-micro-ipa/3743371,2.9,35,3.55,591,04/07/20,"Balanced, easy-drinking Micro IPA, packed with tropical aromatics of peach and mango. Micro in ABV, but full of hop character and flavour.Hops Columbus, Azacca, Simcoe, GalaxyMalts Vienna, Dextrin, Wheat, Oats, Golden Naked OatsYeast Saturated ",croatia,0,0,0,0,0,0,0,0,0,0,0,0,0,0,0,0,0,0,0,0,0,0,0,0,0,0,0,1,0,0,0,0,0,0,0,0,0,0
450,3145106,The Garden Brewery,Micro IPA - German Comet & Lemondrop,IPA - Session,https://untappd.com/b/the-garden-brewery-micro-ipa-german-comet-and-lemondrop/3145106,2.9,30,3.53,218,03/25/19,"An experimental low strength IPA. A well-rounded body and robust bitterness belie its alcohol content with notes of citrus, passionfruit and a light grassiness. ",croatia,0,0,0,0,0,0,0,0,1,0,0,1,0,0,0,0,0,0,0,0,0,0,0,0,0,0,0,1,0,0,0,0,0,0,0,0,0,0
451,3304317,Lab Split,GLUTENKO,IPA - Session,https://untappd.com/b/lab-split-glutenko/3304317,5.0,15,3.51,164,06/28/19,"Our first ever gluten free beer. One of the few gluten free beers still rocking full hoppy flavor!This Session IPA was dry hopped with Citra and Ekuanot hops. Light, 5% alch, very refreshing.CAUTION! Glutenko was made with malts specially processed to reduce amount of gluten.This beer is NOT brewed in dedicated gluten free facility thus consumers extremely sensitive to gluten are to be advised. Each batch of this beer will be laboratory tested to ensure it is under 20 ppm of gluten before bottling and keging.Before ordering this beer make sure that tap lines have been properly cleaned and glasses don't have residue of previous beer. ",croatia,1,1,0,0,0,0,0,0,0,0,0,0,1,0,0,0,0,0,0,0,0,0,0,0,0,0,0,1,0,0,0,0,0,0,0,0,0,0
452,3238657,The Garden Brewery,Micro IPA - Mosaic & Azacca,IPA - Session,https://untappd.com/b/the-garden-brewery-micro-ipa-mosaic-and-azacca/3238657,2.9,N/A,3.51,985,05/20/19,A tropical low ABV IPA. Dank Mosaic hops support the intense juiciness and tropical notes of Azacca. ,croatia,0,1,0,0,0,0,0,0,0,0,0,0,0,0,0,0,0,0,0,0,0,0,0,0,0,0,0,1,0,0,0,0,0,0,0,0,0,0
453,3967795,The Garden Brewery,Kveik Session IPA,IPA - Session,https://untappd.com/b/the-garden-brewery-kveik-session-ipa/3967795,4.2,15,3.5,7365,09/17/20,Refreshing hazy session IPA with punchy azacca and simcoe hops.  Brewed with Ebbegarden Kveik yeast for tropical fruit aromas. ,croatia,0,1,0,0,0,0,0,1,1,0,0,0,0,0,0,0,0,0,0,0,0,0,0,0,0,0,0,1,0,0,0,0,0,0,0,0,0,0
454,1729209,Prvo Viško Pivo,Session Ipa,IPA - Session,https://untappd.com/b/prvo-visko-pivo-session-ipa/1729209,4.6,35,3.49,622,09/11/16, ,croatia,0,0,0,0,0,0,0,0,0,0,0,0,0,0,0,0,0,0,0,0,0,0,0,0,0,0,0,1,0,0,0,0,0,0,0,0,0,0
455,5054520,Varionica,Tulum,IPA - Session,https://untappd.com/b/varionica-tulum-session-ipa/5054520,4.2,43,3.48,816,10/06/22,"Hazy session IPA brewed with Simcoe, Mosaic and Idaho 7 made for BEER52 ",croatia,0,0,0,0,0,0,0,0,0,0,0,0,0,0,0,0,0,0,0,0,0,0,0,0,0,0,0,1,0,0,0,0,0,0,0,0,0,0
456,2142653,Varionica,Siesta Session,IPA - Session,https://untappd.com/b/varionica-siesta-session/2142653,4.4,45,3.47,7062,06/13/17,Session IPA with Mosaic and Cascade hops. ,croatia,0,1,0,0,0,0,0,0,0,0,0,0,0,0,0,0,0,0,0,0,0,0,0,0,0,0,0,1,0,0,0,0,0,0,0,0,0,0
457,4879750,The Garden Brewery,Session IPA,IPA - Session,https://untappd.com/b/the-garden-brewery-session-ipa/4879750,4.0,25,3.46,5362,06/09/22,"Showcasing Mosaic hops in their Incognito and Spectrum forms. Big tropical notes of Pineapple and citrus.The Garden Brewery asked 16 of its favourite global breweries to work with us to create exclusive collab beers for Restore Our Earth, a charity project we initiated with Beer52, the world’s biggest beer club. In the Summer of 2022 1.5 millions cans will be distributed globally.The Garden Brewery and Beer52 have committed to donate at least €30,000 to charities with proven high impact deliverables in Marine Conservation, Forest Conservation, Reimagining Carbon, Education & Behavior, Food & Agriculture and building Climate Resistant Communities. ",croatia,0,1,0,0,0,0,0,0,0,0,1,0,0,0,0,0,0,0,0,0,0,0,0,0,0,0,0,1,0,0,0,0,0,0,0,0,0,0
458,3181625,The Garden Brewery,Session IPA,IPA - Session,https://untappd.com/b/the-garden-brewery-garden-session-ipa-vol-2/3181625,4.0,35,3.45,3383,04/17/19,Melon and Mango with a lingering bitter finish ,croatia,0,0,0,0,0,0,0,0,0,0,0,0,0,0,0,0,0,0,0,0,0,0,0,0,0,0,0,1,0,0,0,0,0,0,0,0,0,0
459,5919056,The Garden Brewery,Genije,IPA - Session,https://untappd.com/b/the-garden-brewery-genije/5919056,4.2,24,3.43,1409,07/23/24,Beer with ananas and citrus aroma. Made for Spar Croatia ,croatia,0,0,0,0,0,0,0,0,0,0,0,0,0,0,0,0,0,0,0,0,0,0,0,0,0,0,0,1,0,0,0,0,0,0,0,0,0,0
460,1715146,Crafter's,Hopper,IPA - Session,https://untappd.com/b/crafter-s-hopper/1715146,4.2,N/A,3.35,1886,09/02/16,"Nježna kombinacija cvjetnih, biljnih i citrusnih aroma, uz polusuho tijelo i sladni završetak, čini ovo pivo sposobnim ugasit svaku žeđ. Niži postotak alkohola pridonosi ugodnosti ispijanja čak iako popijete koju više!  ",croatia,1,0,0,0,0,0,0,0,0,0,0,1,0,0,0,0,0,0,0,0,0,0,0,0,0,0,0,1,0,0,0,0,0,0,0,0,0,0
461,4031049,The Garden Brewery,New England Session IPA,IPA - Session,https://untappd.com/b/the-garden-brewery-new-england-session-ipa/4031049,4.5,15,3.76,957,10/30/20,"New England Pale Ale overflowing with Azzaca, Ahtanum, and Citra and Sabro Cryo hops.  Sessionable hop bomb!Collaboration with La Pirata Brewing ",croatia,0,1,0,0,0,0,0,0,0,0,0,0,0,0,0,0,0,0,0,0,0,0,0,0,0,0,0,1,0,0,0,0,0,0,0,0,0,0
462,5093021,The Garden Brewery,Micro New England IPA,IPA - New England / Hazy,https://untappd.com/b/the-garden-brewery-micro-new-england-ipa/5093021,2.5,30,3.62,556,10/28/22,"SIXTH BIRTHDAY COLLAB BREWSmooth and super sessionable low-alcohol hazy. Oozing with Pineapple, Passion Fruit & Mango ",croatia,0,0,0,0,0,0,0,0,0,0,0,1,0,0,0,0,0,0,0,0,0,0,0,0,0,0,0,1,0,0,0,0,0,0,0,0,0,0
463,3743366,The Garden Brewery,Hazy Session IPA,IPA - Session New England / Hazy,https://untappd.com/b/the-garden-brewery-hazy-session-ipa/3743366,4.0,25,3.58,2273,04/07/20,"Tropical, juicy New England IPA with a smooth, silky mouthfeel.Hops Columbus, Simcoe, AhtanumMalts Pale, Dextrin, Wheat, OatsYeast Saturated ",croatia,0,0,0,0,0,0,0,0,0,0,0,0,0,0,0,0,0,0,0,0,0,0,0,0,0,0,0,1,0,0,0,0,0,0,0,0,0,0
464,3865892,The Garden Brewery,Micro NEIPA 2,IPA - New England / Hazy,https://untappd.com/b/the-garden-brewery-micro-neipa-2/3865892,3.4,20,3.42,2174,07/10/20,"A low-alcohol New England IPA with strong citrus, melon and tropical notes.Hops: Columbus, Zythos, Ekuanot, Citra, Mosaic ",croatia,0,0,0,0,0,0,0,0,0,0,0,1,0,0,0,0,0,0,0,0,0,0,0,0,0,0,0,1,0,0,0,0,0,0,0,0,0,0
465,4093280,Nova Runda,Small Batch Series: 20 Sour IPA,IPA - Sour,https://untappd.com/b/nova-runda-small-batch-series-20-sour-ipa/4093280,5.3,35,3.76,150,12/11/20,"A little twist in our Small Batch experimental series. Hoppy IPA combined with a mighty duo of Citra and Mossaic, but this time, in kettle sour version.   ",croatia,0,0,0,0,0,0,0,0,0,0,0,0,0,0,0,0,0,0,0,0,0,0,0,0,0,0,0,1,0,0,0,0,0,0,0,0,0,0
466,3872945,Hotch Potch,Mrs Millers Sour Passion,IPA - Sour,https://untappd.com/b/hotch-potch-mrs-millers-sour-passion/3872945,6.0,25,3.71,167,07/15/20,"Mrs Miller had a thirst again, but this time she wanted something more sour. We gave her the already checked recipe for a fruited NEIPA, but made sure that sourness is present to make it extra refreshing. We also used Sultana hops along with Ella, which makes this beer a proper orange juice substitute in the morning (if it wasn't for the 6% ABV) ",croatia,0,1,0,0,0,0,0,0,1,0,0,0,0,0,0,0,0,0,0,0,0,0,0,0,0,0,0,1,0,0,0,0,0,0,0,0,0,0
467,4222935,Nova Runda,Small Batch Series: 23 Sour IPA,IPA - Sour,https://untappd.com/b/nova-runda-small-batch-series-23-sour-ipa/4222935,5.3,35,3.69,249,03/16/21,Kettle Sour IPA brewed with Mosaic and Citra hops ,croatia,0,1,0,0,0,0,0,0,0,0,0,0,0,0,0,0,0,0,0,0,0,0,0,0,0,0,0,1,0,0,0,0,0,0,0,0,0,0
471,2280341,The Garden Brewery,Triple I.P.A,IPA - Triple,https://untappd.com/b/the-garden-brewery-triple-i-p-a/2280341,10.4,100,3.81,576,09/07/17,"An imperial IPA packed with a huge punch of eye watering hops. Its continuously hopped, in small doses, over its 60 minute boil, then a heavily whirlpool addition of west coast American hops. We then continuously dry hopped it every single day during its fermentation. Once our house vermont yeast had finished, we then dry hopped it another 4 times over 2 weeks. Dank citrus, tropical fruit, pine, and floral notes assault the nose while a complex bitterness rounds out the high alcohol making this imperial monster deceptively quaffable. ",croatia,0,1,0,0,0,0,0,1,1,0,0,1,0,0,0,0,0,0,0,0,0,0,0,0,0,0,0,1,0,0,0,0,0,0,0,0,0,0
472,6399113,The Garden Brewery,Triple IPA Superdelic & Nectaron,IPA - Triple,https://untappd.com/b/the-garden-brewery-triple-ipa-superdelic-and-nectaron/6399113,10.0,40,3.61,741,09/03/25, ,croatia,0,0,0,0,0,0,0,0,0,0,0,0,0,0,0,0,0,0,0,0,0,0,0,0,0,0,0,1,0,0,0,0,0,0,0,0,0,0
480,5607137,Zmajska Pivovara,Wheat Walker,IPA - White / Wheat,https://untappd.com/b/zmajska-pivovara-wheat-walker/5607137,6.0,50,3.8,198,11/16/23,"Hops: Chinook, Citra, Mosaic, Centennial.""Imperial hoppy wheat"", citrus, tropical fruit, mild floral aroma. ",croatia,0,0,0,0,0,0,0,0,1,0,0,0,0,0,0,0,0,0,0,0,0,0,0,0,0,0,0,1,0,0,0,0,0,0,0,0,0,0
481,6147974,Nova Runda,Hop Expedition: Yakima #3 White IPA,IPA - White / Wheat,https://untappd.com/b/nova-runda-hop-expedition-yakima-3-white-ipa/6147974,6.0,24,3.77,327,02/03/25,"Yakima #3 is a White IPA brewed with Citra Dynaboost, Mosaic Dynaboost, and Citra Cryo hops. ",croatia,0,1,0,0,0,0,0,0,0,0,0,0,0,0,0,0,0,0,0,0,0,0,0,0,0,0,0,1,0,0,0,0,0,0,0,0,0,0
482,5022267,The Garden Brewery,Keller Helles #1,Kellerbier / Zwickelbier,https://untappd.com/b/the-garden-brewery-keller-helles-1/5022267,5.5,25,3.58,258,09/16/22,Crisp unfiltered lager. Gentle herbal aromas ,croatia,0,0,0,0,0,0,0,0,0,0,0,0,0,0,0,0,0,0,0,0,0,0,0,0,0,0,0,0,0,0,0,0,0,0,0,0,0,1
483,4446504,The Garden Brewery,Keller Helles,Kellerbier / Zwickelbier,https://untappd.com/b/the-garden-brewery-keller-helles/4446504,5.5,25,3.46,1896,08/06/21,A classic unfiltered lager. Crisp and bready with soft herbal aromas. ,croatia,0,0,0,0,0,0,0,0,0,0,0,0,0,0,0,0,0,0,0,0,0,0,0,0,0,0,0,0,0,0,0,0,0,0,0,0,0,1
484,3703048,Beckers Craft Brewery,Kölsch,Kölsch,https://untappd.com/b/beckers-craft-brewery-kolsch/3703048,4.6,25,3.53,292,03/03/20,"Svijetlo, pitko pivo porijeklom iz Kelna, Njemacka. Donosi najbolje iz svijeta ale-a i lagera. Lagano,svježe i pitko pivo je savršeni prijatelj za tople dane. Pivo za ugasiti žeđ. ",croatia,0,0,0,0,0,0,0,0,0,0,0,0,0,0,0,0,0,0,0,0,0,0,0,0,0,0,0,0,1,0,0,0,0,0,0,0,0,0
485,3913485,Lepi Dečki Brewery,St. Martin's,Kölsch,https://untappd.com/b/lepi-decki-brewery-st-martin-s/3913485,4.5,18,3.35,695,08/10/20,"St. Martin's is a kolsch styled beer brewed in Međimurje with a special thermal water and support by Lifeclass Sv. Martin, a thermal spa and hotel resort.  ",croatia,0,0,0,0,0,0,0,0,0,0,0,0,0,0,0,0,0,0,0,0,0,0,0,0,0,0,0,0,1,0,0,0,0,0,0,0,0,0
486,6682850,Pivovara Medvedgrad,Medo Veliki,Lager - Amber / Red,https://untappd.com/b/pivovara-medvedgrad-medo-veliki/6682850,5.7,30,3.68,163,04/23/26,"Pivovara Medvedgrad i Duh u boci udružili su znanje i strast u priči koja briše granice između pivarstva i destilerstva i stvorili whiskey NEBO. Početak whiskeya i ovog piva je isti, napravljeni su od istog slada u istoj pivovari, a kasnije su nastavili svatko svojim zvjezdanim putem. Medo Veliki je bogato, zaokruženo i ugodno dugotrajno pivo s whiskey karakterom.  ",croatia,1,0,0,0,0,0,0,0,0,1,0,0,0,0,0,0,0,0,0,0,0,0,0,0,0,0,0,0,0,1,0,0,0,0,0,0,0,0
487,6205245,Pivovara Medvedgrad,Heroj Ulice,Lager - Amber / Red,https://untappd.com/b/pivovara-medvedgrad-heroj-ulice/6205245,5.3,31,3.64,195,03/27/25,"Heroj ulice je pivo s misijom: pomoći udrugama koje pomažu ljudima u potrebi. 30 centi od svake boce i litre točenog piva donira se udruzi koja pomaže socijalno ugroženim osobama. Ovaj amber lager ima 5,3% alkohola i 31 IBU – to je osvježavajući i pitki lager duboke jantarne boje, sladnog okusa i pripitomljene gorčine s laganim citrusnim i karamelnim okusima u pozadini.  ",croatia,1,0,0,0,0,0,1,0,0,0,0,1,0,0,0,0,0,0,0,0,0,0,0,0,0,0,0,0,0,1,0,0,0,0,0,0,0,0
488,1430764,Križevačka Pivovara,Križevačko Rezano,Lager - Amber / Red,https://untappd.com/b/krizevacka-pivovara-krizevacko-rezano/1430764,5.0,22,3.52,172,02/16/16, ,croatia,0,0,0,0,0,0,0,0,0,0,0,0,0,0,0,0,0,0,0,0,0,0,0,0,0,0,0,0,0,1,0,0,0,0,0,0,0,0
489,2416260,Linden Tree Retreat & Ranch,Prvo Hrvatsko Pivo Za Žene,Lager - Amber / Red,https://untappd.com/b/linden-tree-retreat-and-ranch-prvo-hrvatsko-pivo-za-zene/2416260,4.8,N/A,3.38,258,12/05/17, ,croatia,0,0,0,0,0,0,0,0,0,0,0,0,0,0,0,0,0,0,0,0,0,0,0,0,0,0,0,0,0,1,0,0,0,0,0,0,0,0
490,960171,Carlsberg Croatia,Pan Kraljevski,Lager - Amber / Red,https://untappd.com/b/carlsberg-croatia-pan-kraljevski/960171,5.2,N/A,3.19,410,01/30/15, ,croatia,0,0,0,0,0,0,0,0,0,0,0,0,0,0,0,0,0,0,0,0,0,0,0,0,0,0,0,0,0,1,0,0,0,0,0,0,0,0
491,2396997,Dečki Iz Pilane,Red Lager,Lager - Amber / Red,https://untappd.com/b/decki-iz-pilane-red-lager/2396997,4.8,N/A,3.11,1170,11/21/17, ,croatia,0,0,0,0,0,0,0,0,0,0,0,0,0,0,0,0,0,0,0,0,0,0,0,0,0,0,0,0,0,1,0,0,0,0,0,0,0,0
492,4773365,Zagrebačka Pivovara,Ožujsko Legendarno,Lager - Amber / Red,https://untappd.com/b/zagrebacka-pivovara-ozujsko-legendarno/4773365,5.0,35,3.09,2592,03/28/22, ,croatia,0,0,0,0,0,0,0,0,0,0,0,0,0,0,0,0,0,0,0,0,0,0,0,0,0,0,0,0,0,1,0,0,0,0,0,0,0,0
493,142928,Zagrebačka Pivovara,Ožujsko Amber,Lager - Amber / Red,https://untappd.com/b/zagrebacka-pivovara-ozujsko-amber/142928,4.8,N/A,3.08,5554,03/09/12,Special birthday beer - 120 anniversary - with three special types of malt and two species of hops (one of it is saaz). ,croatia,1,1,0,0,0,0,0,0,0,0,0,0,0,0,0,0,0,0,0,0,0,0,0,0,0,0,0,0,0,1,0,0,0,0,0,0,0,0
494,375581,Bujska Pivovara,San Servolo Premium Crveno Pivo,Lager - American Amber / Red,https://untappd.com/b/bujska-pivovara-san-servolo-premium-crveno-pivo/375581,5.4,12,3.38,8122,05/31/13,"San Servolo premium red beer is unfiltered and unpasteurized beer, which ensures high naturalness of product, rich in vitamins B-complex, with refined taste of all the ingredients, with dominating taste of slightly roasted coffee with a slight sense of caramel and expressed bitterness that refreshes. Additional fermentation that takes place in the bottle gives the beer naturally occurring carbon dioxide and pleasant pungency and frothiness ",croatia,0,0,0,0,0,0,1,0,0,0,0,0,0,0,0,0,0,0,0,0,0,0,0,0,0,0,0,0,0,1,0,0,0,0,0,0,0,0
495,143394,Pivovara Daruvar,Staročeško Crveno (Red),Lager - American Amber / Red,https://untappd.com/b/pivovara-daruvar-starocesko-crveno-red/143394,4.8,20,3.26,864,03/10/12, ,croatia,0,0,0,0,0,0,0,0,0,0,0,0,0,0,0,0,0,0,0,0,0,0,0,0,0,0,0,0,0,1,0,0,0,0,0,0,0,0
496,4069494,Lepi Dečki Brewery,Črni,Lager - Dark,https://untappd.com/b/lepi-decki-brewery-crni/4069494,4.9,25,3.61,210,11/25/20,"Dark lager, with notes of coffee, dark chocolate and balance between sweetness and bitterness. We dedicate this beer to two apsolute legends, John and Črni.  ",croatia,0,0,1,0,0,0,0,0,0,0,0,0,0,0,0,0,0,0,0,0,0,0,0,0,0,0,0,0,0,1,0,0,0,0,0,0,0,0
497,1209055,Križevačka Pivovara,Križevačko Tamno Pivo,Lager - Dark,https://untappd.com/b/krizevacka-pivovara-krizevacko-tamno-pivo/1209055,6.0,N/A,3.56,589,08/22/15, ,croatia,0,0,0,0,0,0,0,0,0,0,0,0,0,0,0,0,0,0,0,0,0,0,0,0,0,0,0,0,0,1,0,0,0,0,0,0,0,0
498,1108132,Razum,Norc,Lager - Dark,https://untappd.com/b/razum-norc/1108132,5.2,N/A,3.55,166,06/01/15, ,croatia,0,0,0,0,0,0,0,0,0,0,0,0,0,0,0,0,0,0,0,0,0,0,0,0,0,0,0,0,0,1,0,0,0,0,0,0,0,0
499,2180655,Marel Brewery Fažana,Tø Fažanski Temni Lager,Lager - Dark,https://untappd.com/b/marel-brewery-fazana-to-fazanski-temni-lager/2180655,5.1,N/A,3.51,150,07/07/17, ,croatia,0,0,0,0,0,0,0,0,0,0,0,0,0,0,0,0,0,0,0,0,0,0,0,0,0,0,0,0,0,1,0,0,0,0,0,0,0,0
500,6244478,Turopoljska Pivovara,Turopoljsko Tamno,Lager - Dark,https://untappd.com/b/turopoljska-pivovara-turopoljsko-tamno/6244478,4.9,N/A,3.45,152,04/27/25,Lager tamno pivo ,croatia,0,0,0,0,0,0,0,0,0,0,0,0,0,0,0,0,0,0,0,0,0,0,0,0,0,0,0,0,0,1,0,0,0,0,0,0,0,0
501,22041,Pivovara Ličanka,Velebitsko Tamno,Lager - Dark,https://untappd.com/b/pivovara-licanka-velebitsko-tamno/22041,6.0,N/A,3.33,3029,01/06/11, ,croatia,0,0,0,0,0,0,0,0,0,0,0,0,0,0,0,0,0,0,0,0,0,0,0,0,0,0,0,0,0,1,0,0,0,0,0,0,0,0
502,637679,Bujska Pivovara,San Servolo Tamno Pivo,Lager - Dark,https://untappd.com/b/bujska-pivovara-san-servolo-tamno-pivo/637679,5.6,6,3.33,5784,04/04/14,"Tamno pivo - luksuzne note kavovine i čokolade, u ovom baršunastom, kremastom a opet laganom pivu, daju čak četiri vrste slada koje se koriste za njegovu proizvodnju. Njegovu iznimnu aromu zaokružuju dvije vrste egzotičnih hmeljeva koji naglašuju laganu citrusnu notu koja oduševljava! Idealno za ispijanje u zimskim mjesecima uz razna variva, meke sireve i razne deserte! ",croatia,1,0,0,0,0,0,0,0,0,0,0,0,0,0,1,0,0,0,0,0,0,0,0,0,0,0,0,0,0,1,0,0,0,0,0,0,0,0
503,164302,Pivovara Ličanka,Specijalno Kasačko Pivo,Lager - Dark,https://untappd.com/b/pivovara-licanka-specijalno-kasacko-pivo/164302,5.1,N/A,3.32,2492,04/26/12, ,croatia,0,0,0,0,0,0,0,0,0,0,0,0,0,0,0,0,0,0,0,0,0,0,0,0,0,0,0,0,0,1,0,0,0,0,0,0,0,0
504,365819,Karlovačka Pivovara (Heineken Croatia),Karlovačko Crno,Lager - Dark,https://untappd.com/b/karlovacka-pivovara-heineken-croatia-karlovacko-crno/365819,6.0,N/A,3.18,18342,05/16/13,European black lager with 14.5% extract makes this good dark beer with 6% ABV a joy to taste! ,croatia,0,0,0,0,0,0,0,0,0,0,0,0,0,0,0,0,0,0,0,0,0,0,0,0,0,0,0,0,0,1,0,0,0,0,0,0,0,0
505,582039,Osječka Pivovara,Osječko 1664 Crno Pivo,Lager - Dark,https://untappd.com/b/osjecka-pivovara-osjecko-1664-crno-pivo/582039,4.5,N/A,3.17,620,02/07/14, ,croatia,0,0,0,0,0,0,0,0,0,0,0,0,0,0,0,0,0,0,0,0,0,0,0,0,0,0,0,0,0,1,0,0,0,0,0,0,0,0
506,133352,Carlsberg Croatia,Pan Tamni,Lager - Dark,https://untappd.com/b/carlsberg-croatia-pan-tamni/133352,5.5,N/A,3.15,3967,02/17/12, ,croatia,0,0,0,0,0,0,0,0,0,0,0,0,0,0,0,0,0,0,0,0,0,0,0,0,0,0,0,0,0,1,0,0,0,0,0,0,0,0
507,2108279,Carlsberg Croatia,Panonska Dark Lager,Lager - Dark,https://untappd.com/b/carlsberg-croatia-panonska-dark-lager/2108279,4.8,N/A,3.15,651,05/23/17,"Dark Lager je tamni lager kesten smeđe boje i bogate pjene, raskošnog okusa karamele. ",croatia,0,0,0,0,0,0,1,0,0,0,0,0,0,0,0,0,0,0,0,0,0,0,0,0,0,0,0,0,0,1,0,0,0,0,0,0,0,0
508,3871025,Prva Makarska Pivovara,Biokovsko,Lager - Helles,https://untappd.com/b/prva-makarska-pivovara-biokovsko/3871025,4.5,31,3.57,376,07/13/20, ,croatia,0,0,0,0,0,0,0,0,0,0,0,0,0,0,0,0,0,0,0,0,0,0,0,0,0,0,0,0,0,1,0,0,0,0,0,0,0,0
509,5282380,The Garden Brewery,Rosa - Unfiltered Keller Helles,Lager - Helles,https://untappd.com/b/the-garden-brewery-rosa-unfiltered-keller-helles/5282380,5.2,22,3.55,1630,03/20/23,Crisp and refreshing lager with gentle herbal aromas ,croatia,0,0,0,0,0,0,0,0,0,0,0,0,0,0,0,0,0,0,0,0,0,0,0,0,0,0,0,0,0,1,0,0,0,0,0,0,0,0
510,4259753,Funky Craft Brewery,Brko,Lager - Helles,https://untappd.com/b/funky-craft-brewery-brko/4259753,5.0,25,3.54,426,04/09/21, ,croatia,0,0,0,0,0,0,0,0,0,0,0,0,0,0,0,0,0,0,0,0,0,0,0,0,0,0,0,0,0,1,0,0,0,0,0,0,0,0
511,5020838,Pivovara Medvedgrad,Küss die Hand,Lager - Helles,https://untappd.com/b/pivovara-medvedgrad-kuss-die-hand/5020838,4.8,22,3.54,834,09/15/22,"Novo pivo Küss die Hand (Ljubim ruku) oživljava kulturu ophođenja građanskog društva u Zagrebu u velikom dijelu prošlog stoljeća. Bio je to uobičajeni pozdrav damama koji su upućivala gospoda finih manira, uz blagi naklon.Pivo Küss die Hand je jedan pristojan helles, vješto skuhan u tradicionalnoj bavarskoj maniri. Svoj dobar odgoj pokazat će svakom ljubitelju lagera kroz izuzetnu pitkost, nježne note slada i nenametljiv biljni karakter plemenitih hmeljeva.  ",croatia,1,0,0,0,0,0,0,0,0,0,0,0,0,0,0,0,0,0,0,0,0,0,0,0,0,0,0,0,0,1,0,0,0,0,0,0,0,0
512,4191142,Houblon,Šlager,Lager - Helles,https://untappd.com/b/houblon-slager/4191142,5.0,20,3.53,517,02/21/21,"Classic clear and bright Bavarian type helles. Sligthly malty and toasty, with touch of german noble hop flavour and aroma. ",croatia,1,0,0,1,0,0,0,0,0,0,0,0,0,0,0,0,0,0,0,0,0,0,0,0,0,0,0,0,0,1,0,0,0,0,0,0,0,0
513,5704251,Lepi Dečki Brewery,TRIA (Tri Mrtvaca) HELLES,Lager - Helles,https://untappd.com/b/lepi-decki-brewery-tria-tri-mrtvaca-helles/5704251,4.8,28,3.53,248,02/06/24,TRIA rebranded! Međimursko grainbill brewed with helles yeast ,croatia,0,0,0,0,0,0,0,1,0,0,0,0,0,0,0,0,0,0,0,0,0,0,0,0,0,0,0,0,0,1,0,0,0,0,0,0,0,0
514,5054472,Familia Craft Pivovara,Karet,Lager - Helles,https://untappd.com/b/familia-craft-pivovara-karet/5054472,4.8,20,3.53,409,10/06/22,"Just lika dalmatian karet, this beer is a playful combination of tradition and simplicity.Satisfaction guaranteed. ",croatia,0,0,0,0,0,0,0,0,0,0,0,0,0,0,0,0,0,0,0,0,0,0,0,0,0,0,0,0,0,1,0,0,0,0,0,0,0,0
515,4275461,Angeluš brewery,Lager,Lager - Helles,https://untappd.com/b/angelus-brewery-lager/4275461,4.7,20,3.52,715,04/20/21,"Angeluš - Lager je pitko i osvježavajuće pivo izraženih aroma biskvita, tosta, začina i cvijeća. ",croatia,0,0,0,0,0,0,0,0,0,0,0,0,0,0,0,0,0,0,0,0,0,0,0,0,0,0,0,0,0,1,0,0,0,0,0,0,0,0
516,3850209,Pulfer Brewery,Lagerica,Lager - Helles,https://untappd.com/b/pulfer-brewery-lagerica/3850209,5.5,17,3.51,2755,06/29/20,"To brew proper good lager takes years of experience, lot of knowledge and passion for perfection. It took us some time to achieve all those things but we made it! Lagerica is finally here for you guys. Tradicional german hops gave true german character to this munich helles lager. Easygoing, smooth and delicious. Enjoy! ",croatia,0,1,0,1,0,0,0,0,0,0,0,0,0,0,0,0,0,0,0,0,0,0,0,0,0,0,0,0,0,1,0,0,0,0,0,0,0,0
517,5308062,Pivovara Medvedgrad,Rugby Lager,Lager - Helles,https://untappd.com/b/pivovara-medvedgrad-rugby-lager/5308062,4.3,N/A,3.5,462,04/08/23, ,croatia,0,0,0,0,0,0,0,0,0,0,0,0,0,0,0,0,0,0,0,0,0,0,0,0,0,0,0,0,0,1,0,0,0,0,0,0,0,0
518,2686236,King's Brew,Perun,Lager - Helles,https://untappd.com/b/king-s-brew-perun/2686236,4.7,28,3.49,293,06/06/18,"Perun is a classic helles, hopped with German Tettnager, Chech Saaz and Slovenian Savinja Golding hops. The light but balanced body owes it's taste to the Munich and Vienna malts, and a long and slow mash.Non filtered, non pasteurised. Minimum production time 61 days. ",croatia,1,1,0,1,0,0,0,0,0,0,0,0,0,0,0,0,0,0,0,0,0,0,0,0,0,0,0,0,0,1,0,0,0,0,0,0,0,0
519,589407,Križevačka Pivovara,Križevačko Svijetlo Pivo,Lager - Helles,https://untappd.com/b/krizevacka-pivovara-krizevacko-svijetlo-pivo/589407,5.0,N/A,3.45,929,02/15/14, ,croatia,0,0,0,0,0,0,0,0,0,0,0,0,0,0,0,0,0,0,0,0,0,0,0,0,0,0,0,0,0,1,0,0,0,0,0,0,0,0
520,4323318,The Garden Brewery,Burger Beer,Lager - Helles,https://untappd.com/b/the-garden-brewery-burger-beer/4323318,4.2,28,3.39,715,05/21/21,"Submarine Burger Beer! Together with friends from Garden Brewery, we’ve brewed a lager that makes burgers taste even better! ",croatia,0,0,0,0,0,0,0,0,0,0,0,0,0,0,0,0,0,0,0,0,0,0,0,0,0,0,0,0,0,1,0,0,0,0,0,0,0,0
521,4760508,The Garden Brewery,Munich Helles,Lager - Helles,https://untappd.com/b/the-garden-brewery-munich-helles/4760508,4.4,10,3.38,4038,03/19/22,"A clean, crisp lager with bready and herbal notes.The Garden Brewery asked 16 of its favourite global breweries to work with us to create exclusive collab beers for Restore Our Earth, a charity project we initiated with Beer52, the world’s biggest beer club. In the Summer of 2022 1.5 millions cans will be distributed globally.The Garden Brewery and Beer52 have committed to donate at least €30,000 to charities with proven high impact deliverables in Marine Conservation, Forest Conservation, Reimagining Carbon, Education & Behavior, Food & Agriculture and building Climate Resistant Communities ",croatia,0,0,0,0,0,0,0,0,0,0,0,0,0,0,0,0,0,0,0,0,0,0,0,0,0,0,0,0,0,1,0,0,0,0,0,0,0,0
522,3721340,Varionica,Pop!Lager,Lager - Helles,https://untappd.com/b/varionica-pop-lager/3721340,4.9,18,3.31,2211,03/14/20, ,croatia,0,0,0,0,0,0,0,0,0,0,0,0,0,0,0,0,0,0,0,0,0,0,0,0,0,0,0,0,0,1,0,0,0,0,0,0,0,0
523,3966475,The Garden Brewery,Helles Lager,Lager - Helles,https://untappd.com/b/the-garden-brewery-helles-lager/3966475,4.2,25,3.29,1908,09/16/20, ,croatia,0,0,0,0,0,0,0,0,0,0,0,0,0,0,0,0,0,0,0,0,0,0,0,0,0,0,0,0,0,1,0,0,0,0,0,0,0,0
524,3859665,Šibenska Pivovara,Faust,Lager - Helles,https://untappd.com/b/sibenska-pivovara-faust/3859665,5.0,38,3.25,546,07/05/20, ,croatia,0,0,0,0,0,0,0,0,0,0,0,0,0,0,0,0,0,0,0,0,0,0,0,0,0,0,0,0,0,1,0,0,0,0,0,0,0,0
525,1722678,Osječka Pivovara,Osječko Nefiltrirano Točeno Pivo,Lager - Helles,https://untappd.com/b/osjecka-pivovara-osjecko-nefiltrirano-toceno-pivo/1722678,4.8,20,3.21,2170,09/07/16, ,croatia,0,0,0,0,0,0,0,0,0,0,0,0,0,0,0,0,0,0,0,0,0,0,0,0,0,0,0,0,0,1,0,0,0,0,0,0,0,0
526,2717535,Kaltenberg Adria,Tars,Lager - Helles,https://untappd.com/b/kaltenberg-adria-tars/2717535,4.9,N/A,3.03,561,06/24/18, ,croatia,0,0,0,0,0,0,0,0,0,0,0,0,0,0,0,0,0,0,0,0,0,0,0,0,0,0,0,0,0,1,0,0,0,0,0,0,0,0
527,4910433,Konzum K-Plus,Klaas Bier 3%,Lager - Helles,https://untappd.com/b/konzum-k-plus-klaas-bier-lager-3/4910433,3.0,N/A,2.91,201,06/30/22, ,croatia,0,0,0,0,0,0,0,0,0,0,0,0,0,0,0,0,0,0,0,0,0,0,0,0,0,0,0,0,0,1,0,0,0,0,0,0,0,0
528,2675678,Pivovara Medvedgrad,Profesor,Lager - IPL (India Pale Lager),https://untappd.com/b/pivovara-medvedgrad-profesor/2675678,7.3,70,3.81,599,05/30/18,"Već ste probali našeg Baltazara, a sada je pred vama njegov mlađi brat Profesor! Sličnost s Baltazarom je očita u istom kvascu i hmeljevima - Mandarina Bavaria, Citra i Simcoe – ali Profesora smo nahranili s puuuno više hmelja. Ili kako bi rekao naš pivar Božo: Profesor je Baltazar na steroidima!  ",croatia,0,1,0,0,0,0,0,0,0,0,0,0,0,0,0,0,0,0,0,0,0,0,0,0,0,0,0,0,0,1,0,0,0,0,0,0,0,0
529,6005867,Pivovara Medvedgrad,Priroda i Društvo,Lager - IPL (India Pale Lager),https://untappd.com/b/pivovara-medvedgrad-priroda-i-drustvo/6005867,7.5,65,3.8,335,10/03/24,"Priroda i društvo četvrto je u seriji od pet piva koja pričaju Medvedgrad priču povodom 30. obljetnice. Ovaj double hoppy lager svijetlo je i snažno pivo, tropskih i citrusnih okusa koji potječu od velike količine američkih hmeljeva, srednjeg tijela i balansirane gorčine.  ",croatia,0,0,0,0,0,0,0,0,0,0,0,0,0,0,0,0,0,0,0,0,0,0,0,0,0,0,0,0,0,1,0,0,0,0,0,0,0,0
530,6542272,Pivovara Medvedgrad,31,Lager - IPL (India Pale Lager),https://untappd.com/b/pivovara-medvedgrad-31/6542272,7.7,44,3.79,156,12/22/25,"Rođendansko pivo - 31 - double je India pale lager,  moderni hibrid fermentiran s lager kvascem, ali obilno hmeljen u stilu New England piva. Punokusan, tropski aromatičan, s visokim postotkom alkohola.  ",croatia,0,0,0,0,0,0,0,0,0,0,0,1,0,0,0,0,0,0,1,0,0,0,0,0,0,0,0,0,0,1,0,0,0,0,0,0,0,0
531,5394031,Nova Runda,Small Batch Series: 43 DDH Pilsner,Lager - IPL (India Pale Lager),https://untappd.com/b/nova-runda-small-batch-series-43-ddh-pilsner/5394031,5.5,50,3.79,200,06/09/23,A DDH Pilsner brewed with Styrian Kolibri and Mosaic hops. ,croatia,0,1,0,0,0,0,0,0,0,0,0,0,0,0,0,0,0,0,0,0,0,0,0,0,0,0,0,0,0,1,0,0,0,0,0,0,0,0
532,3301705,Pivovara Medvedgrad,Fantom Juicy Lager,Lager - IPL (India Pale Lager),https://untappd.com/b/pivovara-medvedgrad-fantom-juicy-lager/3301705,6.8,63,3.79,156,06/27/19,"New England India Pale Lager brewed in collaboration with Matt Hollingsworth. Hops: Citra, Mosaic and El Dorado ",croatia,0,0,0,0,0,0,0,0,0,0,0,0,0,0,0,0,0,0,0,0,0,0,0,0,0,0,0,0,0,1,0,0,0,0,0,0,0,0
533,6679900,Pulfer Brewery,All My Friends Are Skeletons,Lager - IPL (India Pale Lager),https://untappd.com/b/pulfer-brewery-all-my-friends-are-skeletons/6679900,5.9,45,3.77,207,04/20/26,"We continued with West Coast lager series inspired by west coast bands and lyrics from their songs.Brewed with Mosaic, Simcoe, Amarillo and Altus. This IPL brings citrusy and resinous aromas packed with danky notes for true WC!Old school flavors in crushable lager body! Well, all my friends are Indians...All my friends are brown and red.SpoonmanAnd all my friends are skeletons...They beat the rhythm with their bonesSpoonman! ",croatia,0,0,0,0,0,0,0,0,0,0,0,0,0,0,0,0,0,0,0,0,0,0,0,0,0,0,0,0,0,1,0,0,0,0,0,0,0,0
534,3738218,Pivovara Medvedgrad,Fantom India Pale Lager,Lager - IPL (India Pale Lager),https://untappd.com/b/pivovara-medvedgrad-fantom-india-pale-lager/3738218,6.5,52,3.77,181,04/02/20,"Fantom je humanitarno pivo koje vraća vjeru u bolje sutra! Fantom na etiketi je anonimni dobrotvor, zaštitnik ugroženih i borac za pravdu, a sva zarada donira se Klubu roditelja nedonoščadi „Palčići“, odnosno za njihov projekt „Vratimo Palčiće u Petrovu"". Ovaj poseban lager oduševljava bogatim tijelom te moćnim hmeljnim karakterom. Dominira čarolija Sabro hmelja iz kojeg dolaze arome tropskog voća i kokosa.#ostanitedoma i uživajte u ovom pitkom i ukusnom predahu od stvarnosti! ",croatia,0,1,0,0,0,0,0,0,0,0,0,0,0,0,0,0,0,0,0,0,0,0,0,0,0,0,0,0,0,1,0,0,0,0,0,0,0,0
535,6628736,Nova Runda,Dusty Thumb,Lager - IPL (India Pale Lager),https://untappd.com/b/nova-runda-dusty-thumb/6628736,6.0,90,3.75,173,03/10/26,"A hitchhiker's guide to the Roy's Peak in New Zealand - be confident, put the thumb out, and wait for the taxi called by your mates from the pub. ",croatia,0,0,0,0,0,0,0,0,0,0,0,0,0,0,0,0,0,0,0,0,0,0,0,0,0,0,0,0,0,1,0,0,0,0,0,0,0,0
536,6630801,Pivovara Medvedgrad,Fantom 51,Lager - IPL (India Pale Lager),https://untappd.com/b/pivovara-medvedgrad-fantom-51/6630801,6.7,42,3.75,171,03/12/26,"Fantom 51 je New England IPL - mutni, aromatični lager inspiriran NEIPA stilom, s naglašenim tropskim i citrusnim notama hmelja. Punog je tijela, kremaste teksture, umjerene gorčine i odličnog balansa svježine, sočnosti i pitkosti.  ",croatia,0,1,0,0,0,0,0,0,0,0,0,0,0,0,0,0,0,0,0,0,0,0,0,0,0,0,0,0,0,1,0,0,0,0,0,0,0,0
537,6254721,Pulfer Brewery,Captain Badfish,Lager - IPL (India Pale Lager),https://untappd.com/b/pulfer-brewery-captain-badfish/6254721,5.7,35,3.75,477,05/06/25,We continued with West Coast lager series inspired by west coast bands and their songs.This brew is special one because is a collab beer with Greece beer bar and supplier - Last Row ON HOPS WE SAIL! ,croatia,0,0,0,0,0,0,0,0,0,0,0,0,0,0,0,0,0,0,0,0,0,0,0,0,0,0,0,0,0,1,0,0,0,0,0,0,0,0
538,5830701,Pulfer Brewery,Give It To Me Baby,Lager - IPL (India Pale Lager),https://untappd.com/b/pulfer-brewery-give-it-to-me-baby/5830701,5.9,30,3.74,721,05/17/24,"Here we go - our new West Coats lager in our series inspired by west coast American bands!Full of Citra, Mosaic, Simcoe and Eclipse, it's easy going with some hoppy kick. The Offspring baby!'Give it to me baby!'This is why we brew!  ",croatia,0,0,0,0,0,0,0,0,0,0,0,0,0,0,0,0,0,0,0,0,0,0,0,0,0,0,0,0,0,1,0,0,0,0,0,0,0,0
539,6101349,Pivovara Medvedgrad,30,Lager - IPL (India Pale Lager),https://untappd.com/b/pivovara-medvedgrad-30/6101349,7.6,45,3.73,207,12/20/24,"Specijalno, rođendansko pivo - 30 - je double India pale lager. Vrlo je jako pivo savršenog balansa, tijela i gorčine. Ova sočna bomba tropsko – citrusnih nota nikoga neće ostaviti ravnodušnim.  ",croatia,0,0,0,0,0,0,0,0,0,0,0,0,0,0,0,0,0,0,0,0,0,0,0,0,0,0,0,0,0,1,0,0,0,0,0,0,0,0
540,6447534,Pulfer Brewery,Voodoo Child,Lager - IPL (India Pale Lager),https://untappd.com/b/pulfer-brewery-voodoo-child/6447534,5.9,30,3.72,461,10/15/25,"We continued with West Coast lager series inspired by west coast bands and their songs.Brewed with Strata, Mosaic, Simcoe and Vista. Vibrant dankness with citrusy notes.If I don't meet you no more in this world then uhI'll meet ya on the next oneAnd don't be lateDon't be lateCause I'm a Voodoo Child Voodoo ChildLord knows I'm a Voodoo Child ",croatia,0,0,0,0,0,0,0,0,0,0,0,0,0,0,0,0,0,0,0,0,0,0,0,0,0,0,0,0,0,1,0,0,0,0,0,0,0,0
541,6012866,Pulfer Brewery,There Goes My Hero,Lager - IPL (India Pale Lager),https://untappd.com/b/pulfer-brewery-there-goes-my-hero/6012866,5.9,30,3.72,549,10/08/24,"Our new 'west coast' lager is here! This time we brewed up our story about one of the west coast band lyrics with our friend Ugo Stegnjaić from King's Brew.This heavily hopped lager with Simcoe, Citra, Mosaic and Strata is a kind of homage to the prematurely deceased Taylor Hawkins from one of our favorite bands. So enjoy, and let's make a toast.'There goes my hero. Watch him as he goes. There goes my hero. He's ordinary.' ",croatia,0,0,0,0,0,0,0,0,0,0,0,0,0,0,0,0,0,0,0,0,0,0,0,0,0,0,0,0,0,1,0,0,0,0,0,0,0,0
542,5284316,Pulfer Brewery,Dinosaur Victrola,Lager - IPL (India Pale Lager),https://untappd.com/b/pulfer-brewery-dinosaur-victrola/5284316,5.8,40,3.72,593,03/22/23,"A dinosaur Victrola listening to Buck Owens.Doo, doo, doo, Looking out my back door...Just like 'First Born Unicorn', we have found our inspiration for name and label design in wect coast, old school rock band  - Creedence Clearwater Revival - and their hit......Doo, doo, doo, Looking out my back door... ",croatia,0,0,0,0,0,0,0,0,0,0,0,0,0,0,0,0,0,0,0,0,0,0,0,0,0,0,0,0,0,1,0,0,0,0,0,0,0,0
543,6597424,Zmajska Pivovara,Cruise Control,Lager - IPL (India Pale Lager),https://untappd.com/b/zmajska-pivovara-cruise-control/6597424,5.5,50,3.72,236,02/11/26,"hops: Ekuanot, Idaho 7, MosaicFOLLOW THE HOPS, IGNORE THE GPS! ",croatia,0,1,0,0,0,0,0,0,0,0,0,0,0,0,0,0,0,0,0,0,0,0,0,0,0,0,0,0,0,1,0,0,0,0,0,0,0,0
544,5212997,Pulfer Brewery,First Born Unicorn,Lager - IPL (India Pale Lager),https://untappd.com/b/pulfer-brewery-first-born-unicorn/5212997,5.8,40,3.71,383,01/27/23,"A first 'born' beer in 2023!We wanted to do a new crazy beer label to open 2023 year. Something funny and crazy, a fluffy beast, raging unicorn in princess outfit, hardcore softporn... It is a west coast lager. For all rockheads, you know where we have found our inspiration for name and label...We really put enough hops to enhance citrusy, floral, herbal and bit spicy aromas.Like true west coast beer, clean, hoppy and bit bitter. With lower alcohol than IPA, it is meant to be drinkable all day and night, just like lager should be.Man, this is a tastefull beer! This is why we brew! ",croatia,0,1,0,0,0,0,0,0,0,0,0,1,0,0,1,0,0,0,0,0,0,0,0,0,0,0,0,0,0,1,0,0,0,0,0,0,0,0
545,5669748,Pulfer Brewery,Never Never Land,Lager - IPL (India Pale Lager),https://untappd.com/b/pulfer-brewery-never-never-land/5669748,5.8,30,3.7,593,01/04/24,"A first new beer 2024!We continued with West Coast lager series inspired by west coast bands and their songs. 'First Born Unicorn' and 'Dinosaur Victrola' were first two labels. This time  we have found our inspiration for name and label design in Metallica's absolute hit - Enter Sandman!""Sleep with one eye openGripping your pillow tightExit lightEnter nightTake my handWe're off to never-never land...""Easy-going lager with hoppy kick!This is why we brew! ",croatia,0,0,0,0,0,0,0,0,0,0,0,0,0,0,0,0,0,0,0,0,0,0,0,0,0,0,0,0,0,1,0,0,0,0,0,0,0,0
546,5894297,Pivovara Medvedgrad,4 Dečka,Lager - IPL (India Pale Lager),https://untappd.com/b/pivovara-medvedgrad-4-decka/5894297,4.0,30,3.7,277,07/04/24,"Treće u seriji od pet piva koja pričaju Medvedgrad priču povodom 30. obljetnice je session lager - osvježavajući lager kompleksnog okusa koji spaja pitkost lagera i voćnost ale piva. Biljno, tropsko i citrusno pivo, laganog tijela i suhog završetka.  ",croatia,0,0,0,0,0,0,0,0,0,0,0,0,0,0,0,0,0,0,0,0,0,0,0,0,0,0,0,0,0,1,0,0,0,0,0,0,0,0
547,3385724,Pulfer Brewery,#KRIVA,Lager - IPL (India Pale Lager),https://untappd.com/b/pulfer-brewery-kriva/3385724,5.5,25,3.68,154,08/16/19,"This beer is made for one special place - A most unusual garden, unique bar in Zagreb. Cool place for chill and relax with little treehouse in garden. Easy going lager hopped with american hops. Life is great. ",croatia,0,1,0,0,0,0,0,0,0,0,0,0,0,0,0,0,0,0,0,0,0,0,0,0,0,0,0,0,0,1,0,0,0,0,0,0,0,0
548,4617272,Pivovara Medvedgrad,Kelnerica,Lager - IPL (India Pale Lager),https://untappd.com/b/pivovara-medvedgrad-kelnerica/4617272,6.3,63,3.65,160,11/30/21,"Kelnerica je pivo koje smo u kolaboraciji s pivovarom i pivnicom Mlinarica zamislili kao prikaz onoga što njemački hmelj nove generacije može dati u pivu. Naglasak je prvenstveno na Calista hmelju, ovaj puta u Lupomax formi, koji pivi daje još više arome i okusa koji podsjećaju na bobičasto voće i naranču. I ovog puta smo odabrali poznati njemački lager kvasac kako bi hmeljne note uz laganu sladnost došle do što većeg izražaja. ",croatia,1,0,0,0,0,0,0,1,0,0,0,0,0,0,0,0,0,0,0,0,0,0,0,0,0,0,0,0,0,1,0,0,0,0,0,0,0,0
549,1592232,PIVIONICA,IPL,Lager - IPL (India Pale Lager),https://untappd.com/b/pivionica-ipl/1592232,6.0,45,3.63,350,06/08/16,"India Pale Lager - traditional lager with aromatic hops - Amarillo, Citra, Simcoe and Nelson Sauvin. ",croatia,0,1,0,0,0,0,0,0,0,0,0,0,0,0,0,0,0,0,0,0,0,0,0,0,0,0,0,0,0,1,0,0,0,0,0,0,0,0
550,6479444,The Garden Brewery,India Pale Lager,Lager - IPL (India Pale Lager),https://untappd.com/b/the-garden-brewery-india-pale-lager/6479444,5.3,N/A,3.6,157,11/04/25, ,croatia,0,0,0,0,0,0,0,0,0,0,0,0,0,0,0,0,0,0,0,0,0,0,0,0,0,0,0,0,0,1,0,0,0,0,0,0,0,0
551,5684603,The Garden Brewery,Bonaca,Lager - IPL (India Pale Lager),https://untappd.com/b/the-garden-brewery-bonaca/5684603,4.9,26,3.59,264,01/19/24,"Light & Refreshing. Generously dry hopped for Citrus, Peach & Pine notes  ",croatia,0,0,0,0,0,0,0,0,0,0,0,0,0,0,0,0,0,0,0,0,0,0,0,0,0,0,0,0,0,1,0,0,0,0,0,0,0,0
552,1530133,Pivovara Medvedgrad,Baltazar,Lager - IPL (India Pale Lager),https://untappd.com/b/pivovara-medvedgrad-baltazar/1530133,5.0,45,3.59,13300,04/28/16,"Hoppy lager with a fruity flavour and a slight bitterness of 45 IBU. For this unusual lager we used Simcoe, Citra and Mandarin Bavaria hops. ",croatia,0,1,0,0,0,0,0,0,1,0,0,0,0,0,0,0,0,0,0,0,0,0,0,0,0,0,0,0,0,1,0,0,0,0,0,0,0,0
553,3126467,Pivovara Medvedgrad,Bunny Hoppy,Lager - IPL (India Pale Lager),https://untappd.com/b/pivovara-medvedgrad-bunny-hoppy/3126467,5.0,31,3.54,198,03/15/19,Lager made from the freshest hops which create an amazing aroma. Powered by Greyp bikes! ,croatia,0,1,0,0,0,0,0,0,0,0,0,0,0,0,0,0,0,0,0,0,0,0,0,0,0,0,0,0,0,1,0,0,0,0,0,0,0,0
554,2394967,Pivovara Medvedgrad,Hendrix,Lager - IPL (India Pale Lager),https://untappd.com/b/pivovara-medvedgrad-hendrix/2394967,3.8,28,3.51,1843,11/19/17,"Session lager, enriched with exotic New Zealand hops, primarily Nelson Sauvin. Extremely refreshing and tasty, with beautiful aromas. In honor of legendary Hendrix Bridge. ",croatia,0,1,0,0,0,0,0,0,0,0,0,0,0,0,0,0,0,0,0,0,0,0,0,0,0,0,0,0,0,1,0,0,0,0,0,0,0,0
555,4378798,Crafter's,Hoppy Lager,Lager - IPL (India Pale Lager),https://untappd.com/b/crafter-s-hoppy-lager/4378798,5.0,N/A,3.5,590,06/25/21, ,croatia,0,0,0,0,0,0,0,0,0,0,0,0,0,0,0,0,0,0,0,0,0,0,0,0,0,0,0,0,0,1,0,0,0,0,0,0,0,0
556,1654763,PIVIONICA,Huncut,Lager - IPL (India Pale Lager),https://untappd.com/b/pivionica-huncut/1654763,4.5,30,3.5,956,07/22/16,German style pilsner lager dry hopped with American hops. Very refreshing and light drinking specially in hot summer days! ,croatia,0,1,0,1,0,0,0,0,0,0,0,0,0,0,0,0,0,0,0,0,0,0,0,0,0,0,0,0,0,1,0,0,0,0,0,0,0,0
557,2126751,Prvo Viško Pivo,Hoppy Lager,Lager - IPL (India Pale Lager),https://untappd.com/b/prvo-visko-pivo-hoppy-lager/2126751,4.5,17,3.35,358,06/03/17,Light lager dry hopped with Cascade hops.  ,croatia,0,1,0,0,0,0,0,0,0,0,0,0,0,0,0,0,0,0,0,0,0,0,0,0,0,0,0,0,0,1,0,0,0,0,0,0,0,0
558,5921245,The Garden Brewery,Babaroga,Lager - IPL (India Pale Lager),https://untappd.com/b/the-garden-brewery-babaroga/5921245,4.8,26,3.31,1346,07/25/24,Hoppy lager ,croatia,0,0,0,0,0,0,0,0,0,0,0,0,0,0,0,0,0,0,0,0,0,0,0,0,0,0,0,0,0,1,0,0,0,0,0,0,0,0
559,3183215,Zagrebačka Pivovara,Ožujsko Hoppy Lager,Lager - IPL (India Pale Lager),https://untappd.com/b/zagrebacka-pivovara-ozujsko-hoppy-lager/3183215,5.0,N/A,3.13,2753,04/18/19, ,croatia,0,0,0,0,0,0,0,0,0,0,0,0,0,0,0,0,0,0,0,0,0,0,0,0,0,0,0,0,0,1,0,0,0,0,0,0,0,0
560,5607375,The Garden Brewery,Munich Dunkel,Lager - Munich Dunkel,https://untappd.com/b/the-garden-brewery-munich-dunkel/5607375,5.0,27,3.54,398,11/16/23,"Winter beer with bready flavor and warm notes of chocolate, caramel and nuts ",croatia,0,0,1,0,0,0,1,0,0,0,0,0,0,0,0,0,0,0,0,0,0,0,0,0,0,0,0,0,0,1,0,0,0,0,0,0,0,0
561,22049,Pivovara Medvedgrad,Mrki Medvjed,Lager - Munich Dunkel,https://untappd.com/b/pivovara-medvedgrad-mrki-medvjed/22049,4.5,22,3.3,1337,01/06/11,"A dark lager, red in colour and refreshing in taste, mildly bitter and with the characteristic taste of caramelised malt. Mrki medvjed (Brown bear) is available throughout the year. ",croatia,1,0,0,0,0,0,1,0,0,0,0,0,0,0,0,0,0,0,0,0,0,0,0,0,0,0,0,0,0,1,0,0,0,0,0,0,0,0
562,5333069,Pivovara Medvedgrad,Fantom 32,Lager - Other,https://untappd.com/b/pivovara-medvedgrad-fantom-32/5333069,5.4,25,3.61,161,04/27/23,"Voćni, slatko - kiseli, osvježavajući lager s višnjom. ",croatia,0,0,0,0,0,0,0,0,0,0,0,0,0,0,0,0,0,0,0,0,0,0,0,0,0,0,0,0,0,1,0,0,0,0,0,0,0,0
563,6244476,Turopoljska Pivovara,Turopoljsko Zlato,Lager - Other,https://untappd.com/b/turopoljska-pivovara-turopoljsko-zlato/6244476,4.8,N/A,3.51,160,04/27/25,Lager svijetlo pivo ,croatia,0,0,0,0,0,0,0,0,0,0,0,0,0,0,0,0,0,0,0,0,0,0,0,0,0,0,0,0,0,1,0,0,0,0,0,0,0,0
564,5864057,The Garden Brewery,Hoppy Lager,Lager - Other,https://untappd.com/b/the-garden-brewery-hoppy-lager/5864057,4.7,20,3.48,306,06/10/24,"MALTS Premium extra pale, Pilsner Hops Magnum, Hallertau Tradition, Hersbrucker SpectrumYEATS Helles fire club ",croatia,0,0,0,0,0,0,0,0,0,0,1,0,0,0,0,0,0,0,0,0,0,0,0,0,0,0,0,0,0,1,0,0,0,0,0,0,0,0
565,5984061,The Garden Brewery,Premium Lager Konzum,Lager - Other,https://untappd.com/b/the-garden-brewery-premium-lager-konzum/5984061,5.2,22,3.46,175,09/14/24, ,croatia,0,0,0,0,0,0,0,0,0,0,0,0,0,0,0,0,0,0,0,0,0,0,0,0,0,0,0,0,0,1,0,0,0,0,0,0,0,0
566,6225048,Turopoljska Pivovara,Turopoljsko Blago,Lager - Other,https://untappd.com/b/turopoljska-pivovara-turopoljsko-blago/6225048,4.5,N/A,3.45,175,04/12/25,Nepasterizirano Lager svijetlo pivo. ,croatia,0,0,0,0,0,0,0,0,0,0,0,0,0,0,0,0,0,0,0,0,0,0,0,0,0,0,0,0,0,1,0,0,0,0,0,0,0,0
567,6218913,Hvar Brewing Company,Dry Hopped Lager,Lager - Other,https://untappd.com/b/hvar-brewing-company-dry-hopped-lager/6218913,4.2,N/A,3.41,2215,04/07/25,"Clean, crisp, easy drinking lager. Light in body with low bitterness and a subtle citrus finish. Australian Eclipse hops add a slight tropical edge and a hint of pine.  ",croatia,0,1,0,0,0,0,0,0,0,0,0,0,0,0,0,0,0,0,0,0,0,0,0,0,0,0,0,0,0,1,0,0,0,0,0,0,0,0
568,5439019,Lepi Dečki Brewery,Goodara LAGER,Lager - Other,https://untappd.com/b/lepi-decki-brewery-goodara-lager/5439019,4.5,25,3.29,965,07/11/23,Dobar osjećaj u tekućem obliku! Robna marka koja to nije ;) #Ribafish ,croatia,0,0,0,0,0,0,0,0,0,0,0,0,0,0,0,0,0,0,0,0,0,0,0,0,0,0,0,0,0,1,0,0,0,0,0,0,0,0
569,5293555,Karlovačka Pivovara (Heineken Croatia),Ledeno,Lager - Other,https://untappd.com/b/karlovacka-pivovara-heineken-croatia-ledeno/5293555,4.0,N/A,2.93,3049,03/29/23, ,croatia,0,0,0,0,0,0,0,0,0,0,0,0,0,0,0,0,0,0,0,0,0,0,0,0,0,0,0,0,0,1,0,0,0,0,0,0,0,0
570,6178219,Brewtal Brew Co.,Brewtal Lager,Lager - Pale,https://untappd.com/b/brewtal-brew-co-brewtal-lager/6178219,5.0,25,3.6,263,03/03/25, ,croatia,0,0,0,0,0,0,0,0,0,0,0,0,0,0,0,0,0,0,0,0,0,0,0,0,0,0,0,0,0,1,0,0,0,0,0,0,0,0
571,5859072,Big Joseph Brewery,Big Joseph Lager,Lager - Pale,https://untappd.com/b/big-joseph-brewery-big-joseph-lager/5859072,4.4,34,3.52,170,06/07/24,Rich malt flavor accompanied by floral notes of noble Saaz hops ,croatia,1,1,0,0,0,0,0,0,0,0,0,0,0,0,0,0,0,0,0,0,0,0,0,0,0,0,0,0,0,1,0,0,0,0,0,0,0,0
572,2852175,Pivovara Forum (Donat),Donat Lager,Lager - Pale,https://untappd.com/b/pivovara-forum-donat-donat-lager/2852175,4.9,28,3.49,191,09/19/18, ,croatia,0,0,0,0,0,0,0,0,0,0,0,0,0,0,0,0,0,0,0,0,0,0,0,0,0,0,0,0,0,1,0,0,0,0,0,0,0,0
573,3443646,Pivovara Medvedgrad,Hladno Pivo,Lager - Pale,https://untappd.com/b/pivovara-medvedgrad-hladno-pivo/3443646,4.1,40,3.48,3656,09/21/19,"Punk rock lager napravljen za i u suradnji s bendom Hladno pivo. nastao u našem novom pogonu, u istom kvartu kao i bend Hladno pivo i posveta je najpopularnijim gajničkim pankerima. Ovaj craft lager drugačiji od drugih, vrlo je pitak, punog tijela i arome, a fanovi će na etiketi prepoznati osam albuma benda.  ",croatia,0,0,0,0,0,0,0,0,0,0,0,0,0,0,0,0,0,0,0,0,0,0,0,0,0,0,0,0,0,1,0,0,0,0,0,0,0,0
574,3875077,PriMarius craft pivovara,cjePivo,Lager - Pale,https://untappd.com/b/primarius-craft-pivovara-cjepivo/3875077,4.8,28,3.44,1537,07/16/20,Placebo Lager ,croatia,0,0,0,0,0,0,0,0,0,0,0,0,0,0,0,0,0,0,0,0,0,0,0,0,0,0,0,0,0,1,0,0,0,0,0,0,0,0
575,656038,Bujska Pivovara,San Servolo Svijetlo Pivo,Lager - Pale,https://untappd.com/b/bujska-pivovara-san-servolo-svijetlo-pivo/656038,5.1,20,3.44,14594,04/21/14,"San Servolo light lager is produced from water of St. John spring, flowers hops and superior barley malt, without any preservatives or additives. Besides being unfiltered and unpasteurized, it's specialty is re-fermentation in the bottle, which gives a consistent foam and touch of floral honey which leaves no one indifferent. ",croatia,1,1,0,0,0,0,0,0,0,0,0,0,0,0,0,1,0,0,0,0,0,0,0,0,0,0,0,0,0,1,0,0,0,0,0,0,0,0
576,1105549,Razum,Vilenak,Lager - Pale,https://untappd.com/b/razum-vilenak/1105549,5.0,N/A,3.43,223,05/30/15, ,croatia,0,0,0,0,0,0,0,0,0,0,0,0,0,0,0,0,0,0,0,0,0,0,0,0,0,0,0,0,0,1,0,0,0,0,0,0,0,0
577,164400,Zlatni Medo,Zlatni Medo,Lager - Pale,https://untappd.com/b/zlatni-medo-zlatni-medo/164400,4.5,N/A,3.42,295,04/26/12,Unfiltered and unpasteurized pale lager. ,croatia,0,0,0,0,0,0,0,0,0,0,0,0,0,0,0,0,0,0,0,0,0,0,0,0,0,0,0,0,0,1,0,0,0,0,0,0,0,0
578,4437642,Crafter's,Brkovi,Lager - Pale,https://untappd.com/b/crafter-s-brkovi/4437642,5.0,N/A,3.41,204,07/31/21,PunkFolkWellnes Lager jer brkovi au da se vole! ,croatia,0,0,0,0,0,0,0,0,0,0,0,0,0,0,0,0,0,0,0,0,0,0,0,0,0,0,0,0,0,1,0,0,0,0,0,0,0,0
579,3268942,Bruman,Pajser,Lager - Pale,https://untappd.com/b/bruman-pajser/3268942,5.0,27,3.38,1195,06/07/19,Pale Lager hopped with classic german hops ,croatia,0,1,0,1,0,0,0,0,0,0,0,0,0,0,0,0,0,0,0,0,0,0,0,0,0,0,0,0,0,1,0,0,0,0,0,0,0,0
580,2017034,Dubrovnik Beer Co.,Maestral,Lager - Pale,https://untappd.com/b/dubrovnik-beer-co-maestral/2017034,5.4,32,3.37,4503,03/28/17, ,croatia,0,0,0,0,0,0,0,0,0,0,0,0,0,0,0,0,0,0,0,0,0,0,0,0,0,0,0,0,0,1,0,0,0,0,0,0,0,0
581,3660003,Istarska Pivovara,Ragusa,Lager - Pale,https://untappd.com/b/istarska-pivovara-ragusa/3660003,5.2,N/A,3.36,215,02/06/20, ,croatia,0,0,0,0,0,0,0,0,0,0,0,0,0,0,0,0,0,0,0,0,0,0,0,0,0,0,0,0,0,1,0,0,0,0,0,0,0,0
582,1440983,Pivovara Ličanka,Velebitsko Nefiltrirano Svijetlo,Lager - Pale,https://untappd.com/b/pivovara-licanka-velebitsko-nefiltrirano-svijetlo/1440983,5.0,N/A,3.35,1008,02/24/16,Mutno nefiltrirano svijetlo pivo. Pasterizirano. ,croatia,0,0,0,0,0,0,0,0,0,0,0,0,0,0,0,0,0,0,0,0,0,0,0,0,0,0,0,0,0,1,0,0,0,0,0,0,0,0
583,960087,Osječka Pivovara,Osječko 1664 Lager,Lager - Pale,https://untappd.com/b/osjecka-pivovara-osjecko-1664-lager/960087,4.7,N/A,3.33,201,01/30/15, ,croatia,0,0,0,0,0,0,0,0,0,0,0,0,0,0,0,0,0,0,0,0,0,0,0,0,0,0,0,0,0,1,0,0,0,0,0,0,0,0
584,945964,Zagrebačka Pivovara,Pivana Nefiltrirano,Lager - Pale,https://untappd.com/b/zagrebacka-pivovara-pivana-nefiltrirano/945964,5.0,N/A,3.33,332,01/16/15, ,croatia,0,0,0,0,0,0,0,0,0,0,0,0,0,0,0,0,0,0,0,0,0,0,0,0,0,0,0,0,0,1,0,0,0,0,0,0,0,0
585,3973557,Crafter's,Posavsko Svijetlo,Lager - Pale,https://untappd.com/b/crafter-s-posavsko-svijetlo/3973557,4.5,N/A,3.32,532,09/20/20, ,croatia,0,0,0,0,0,0,0,0,0,0,0,0,0,0,0,0,0,0,0,0,0,0,0,0,0,0,0,0,0,1,0,0,0,0,0,0,0,0
586,2982574,Kaltenberg Adria,Ludwig's Session Lager,Lager - Pale,https://untappd.com/b/kaltenberg-adria-ludwig-s-session-lager/2982574,4.3,30,3.3,251,12/10/18, ,croatia,0,0,0,0,0,0,0,0,0,0,0,0,0,0,0,0,0,0,0,0,0,0,0,0,0,0,0,0,0,1,0,0,0,0,0,0,0,0
587,3874352,Varionica,Papak,Lager - Pale,https://untappd.com/b/varionica-papak/3874352,4.9,37,3.3,1361,07/16/20,"Pivovara Varionica i chef Mate Janković zajedno su kreirali Papak, svježe, karakterno i beskompromisno kvalitetno pivo.Zašto Papak? Jer Papak nije papak. Svakom ispijenom bocom Papka,sudjelujete u donaciji Budi Foodie fundaciji koja stipendira obrazovanje mladih talenata u ugostiteljstvu. ",croatia,0,0,0,0,0,0,0,0,0,0,0,0,0,0,1,0,0,0,0,0,0,0,0,0,0,0,0,0,0,1,0,0,0,0,0,0,0,0
588,2195936,Pomalo,Dubrovnik Old Town Beer,Lager - Pale,https://untappd.com/b/pomalo-dubrovnik-old-town-beer/2195936,4.8,13,3.29,1012,07/16/17,"Smooth and refreshing, great for any occasion.  ",croatia,0,0,0,0,0,0,0,0,0,0,0,0,0,0,0,0,0,0,0,0,0,0,0,0,0,0,0,0,0,1,0,0,0,0,0,0,0,0
589,1655138,Pivovara Daruvar,Matanovo,Lager - Pale,https://untappd.com/b/pivovara-daruvar-matanovo/1655138,4.5,N/A,3.26,156,07/22/16, ,croatia,0,0,0,0,0,0,0,0,0,0,0,0,0,0,0,0,0,0,0,0,0,0,0,0,0,0,0,0,0,1,0,0,0,0,0,0,0,0
590,2544083,Lepi Dečki Brewery,Međimursko,Lager - Pale,https://untappd.com/b/lepi-decki-brewery-me-imursko/2544083,4.8,24,3.25,2040,03/08/18,"This is a new story in Cakovec. Welcome Lepi Dečki, our home made lager from Croatia.   ",croatia,0,0,0,0,0,0,0,0,0,0,0,0,0,0,0,0,0,0,0,0,0,0,0,0,0,0,0,0,0,1,0,0,0,0,0,0,0,0
591,1662495,Harat's Irish Pub,Harat's Special Lager,Lager - Pale,https://untappd.com/b/harat-s-irish-pub-harat-s-special-lager/1662495,5.0,N/A,3.24,913,07/27/16, ,croatia,0,0,0,0,0,0,0,0,0,0,0,0,0,0,0,0,0,0,0,0,0,0,0,0,0,0,0,0,0,1,0,0,0,0,0,0,0,0
592,5037689,Lidl Croatia,Argus Lager Beer,Lager - Pale,https://untappd.com/b/lidl-croatia-argus-lager-beer/5037689,4.0,N/A,3.23,171,09/25/22,"clear golden beer, small head. Aroma is malt, sweet, grain. Taste is the same, sweet, bitter, decent.Shop : Lidl Croatia ",croatia,1,0,0,0,0,0,0,0,0,0,0,0,0,0,0,0,0,0,0,0,0,0,0,0,0,0,0,0,0,1,0,0,0,0,0,0,0,0
593,4766856,Saperlot,Lager Boy,Lager - Pale,https://untappd.com/b/saperlot-lager-boy/4766856,4.5,19,3.21,835,03/24/22, ,croatia,0,0,0,0,0,0,0,0,0,0,0,0,0,0,0,0,0,0,0,0,0,0,0,0,0,0,0,0,0,1,0,0,0,0,0,0,0,0
594,810910,Karlovačka Pivovara (Heineken Croatia),Karlovačko Royal,Lager - Pale,https://untappd.com/b/karlovacka-pivovara-heineken-croatia-karlovacko-royal/810910,5.4,N/A,3.17,512,09/14/14, ,croatia,0,0,0,0,0,0,0,0,0,0,0,0,0,0,0,0,0,0,0,0,0,0,0,0,0,0,0,0,0,1,0,0,0,0,0,0,0,0
595,210133,Carlsberg Croatia,Hajdučko,Lager - Pale,https://untappd.com/b/carlsberg-croatia-hajducko/210133,5.0,N/A,3.14,392,08/04/12, ,croatia,0,0,0,0,0,0,0,0,0,0,0,0,0,0,0,0,0,0,0,0,0,0,0,0,0,0,0,0,0,1,0,0,0,0,0,0,0,0
596,1178061,K Pivovari Vukovar,Vukovarsko Domaće Svijetlo Pivo,Lager - Pale,https://untappd.com/b/k-pivovari-vukovar-vukovarsko-domace-svijetlo-pivo/1178061,4.5,28,3.11,15910,07/28/15, ,croatia,0,0,0,0,0,0,0,0,0,0,0,0,0,0,0,0,0,0,0,0,0,0,0,0,0,0,0,0,0,1,0,0,0,0,0,0,0,0
597,84155,Pivovara Ličanka,Velebitsko Svijetlo,Lager - Pale,https://untappd.com/b/pivovara-licanka-velebitsko-svijetlo/84155,5.0,N/A,3.1,9150,10/04/11, ,croatia,0,0,0,0,0,0,0,0,0,0,0,0,0,0,0,0,0,0,0,0,0,0,0,0,0,0,0,0,0,1,0,0,0,0,0,0,0,0
598,22061,Karlovačka Pivovara (Heineken Croatia),Karlovačko,Lager - Pale,https://untappd.com/b/karlovacka-pivovara-heineken-croatia-karlovacko/22061,5.0,20,3.09,122295,01/06/11,"Also canned as Karlovačko Bila.Skladna aroma, pun okus, profinjena gorčina. Zvuči kao 9. simfonija, a zapravo je lager. Nema konzervanse jer konzervansi su za inćune. Najbolje ga je piti za šankom ili u sjedećem položaju.  ",croatia,0,0,0,0,0,0,0,0,0,0,0,0,0,0,0,0,0,0,0,0,0,0,0,0,0,0,0,0,0,1,0,0,0,0,0,0,0,0
599,406526,Konzum K-Plus,K-Plus Svijetlo Pivo,Lager - Pale,https://untappd.com/b/konzum-k-plus-k-plus-svijetlo-pivo/406526,4.0,N/A,3.08,150,07/15/13, ,croatia,0,0,0,0,0,0,0,0,0,0,0,0,0,0,0,0,0,0,0,0,0,0,0,0,0,0,0,0,0,1,0,0,0,0,0,0,0,0
600,3228191,Istarska Pivovara,Istarsko Gold,Lager - Pale,https://untappd.com/b/istarska-pivovara-istarsko-gold/3228191,5.5,N/A,3.08,1502,05/14/19,Premium lager beer ,croatia,0,0,0,0,0,0,0,0,0,0,0,0,0,0,0,0,0,0,0,0,0,0,0,0,0,0,0,0,0,1,0,0,0,0,0,0,0,0
601,2396990,Dečki Iz Pilane,Pale Lager,Lager - Pale,https://untappd.com/b/decki-iz-pilane-pale-lager/2396990,4.8,N/A,3.07,1574,11/21/17, ,croatia,0,0,0,0,0,0,0,0,0,0,0,0,0,0,0,0,0,0,0,0,0,0,0,0,0,0,0,0,0,1,0,0,0,0,0,0,0,0
602,638725,Zagrebačka Pivovara,Ožujsko Super Dry,Lager - Pale,https://untappd.com/b/zagrebacka-pivovara-ozujsko-super-dry/638725,4.0,N/A,3.07,254,04/05/14, ,croatia,0,0,0,0,0,0,0,0,0,0,0,0,0,0,0,0,0,0,0,0,0,0,0,0,0,0,0,0,0,1,0,0,0,0,0,0,0,0
603,1346897,Carlsberg Croatia,Zanatsko Pivo,Lager - Pale,https://untappd.com/b/carlsberg-croatia-zanatsko-pivo/1346897,4.0,N/A,3.06,287,12/12/15,"9,2% ekstrakt ",croatia,0,0,0,0,0,0,0,0,0,0,0,0,0,0,0,0,0,0,0,0,0,0,0,0,0,0,0,0,0,1,0,0,0,0,0,0,0,0
604,39687,Zagrebačka Pivovara,Ožujsko,Lager - Pale,https://untappd.com/b/zagrebacka-pivovara-ozujsko/39687,5.0,25,3.04,106331,03/26/11,Ožujsko beer is a light lager beer that is produced since 1892 ,croatia,0,0,0,0,0,0,0,0,0,0,0,0,0,0,0,0,0,0,0,0,0,0,0,0,0,0,0,0,0,1,0,0,0,0,0,0,0,0
605,1283828,Karlovačka Pivovara (Heineken Croatia),Karlovačko Retro,Lager - Pale,https://untappd.com/b/karlovacka-pivovara-heineken-croatia-karlovacko-retro/1283828,5.0,N/A,3.03,3845,10/22/15,11.6° ,croatia,0,0,0,0,0,0,0,0,0,0,0,0,0,0,0,0,0,0,0,0,0,0,0,0,0,0,0,0,0,1,0,0,0,0,0,0,0,0
606,101290,Osječka Pivovara,Osječko,Lager - Pale,https://untappd.com/b/osjecka-pivovara-osjecko/101290,4.5,N/A,3.03,3404,11/22/11, ,croatia,0,0,0,0,0,0,0,0,0,0,0,0,0,0,0,0,0,0,0,0,0,0,0,0,0,0,0,0,0,1,0,0,0,0,0,0,0,0
607,3531885,Karlovačka Pivovara (Heineken Croatia),Karlovačko Odležano,Lager - Pale,https://untappd.com/b/karlovacka-pivovara-heineken-croatia-karlovacko-odlezano/3531885,4.6,22,3.01,1313,11/15/19,Aged pale lager ,croatia,0,0,0,0,0,0,0,0,0,0,0,0,0,0,0,0,0,0,0,0,0,0,0,0,0,0,0,0,0,1,0,0,0,0,0,0,0,0
608,3178037,Osječka Pivovara,Prvo Hrvatsko Pivo,Lager - Pale,https://untappd.com/b/osjecka-pivovara-prvo-hrvatsko-pivo/3178037,4.5,N/A,2.99,948,04/14/19, ,croatia,0,0,0,0,0,0,0,0,0,0,0,0,0,0,0,0,0,0,0,0,0,0,0,0,0,0,0,0,0,1,0,0,0,0,0,0,0,0
609,26887,Carlsberg Croatia,Pan Zlatni,Lager - Pale,https://untappd.com/b/carlsberg-croatia-pan-zlatni/26887,5.0,N/A,2.98,29816,01/27/11,Produced since 2009 ,croatia,0,0,0,0,0,0,0,0,0,0,0,0,0,0,0,0,0,0,0,0,0,0,0,0,0,0,0,0,0,1,0,0,0,0,0,0,0,0
610,1616256,Istarska Pivovara,Istarsko,Lager - Pale,https://untappd.com/b/istarska-pivovara-istarsko/1616256,5.2,35,2.95,8573,06/25/16, ,croatia,0,0,0,0,0,0,0,0,0,0,0,0,0,0,0,0,0,0,0,0,0,0,0,0,0,0,0,0,0,1,0,0,0,0,0,0,0,0
611,142369,Carlsberg Croatia,Pan Lager,Lager - Pale,https://untappd.com/b/carlsberg-croatia-pan-lager/142369,4.8,N/A,2.93,30350,03/08/12, ,croatia,0,0,0,0,0,0,0,0,0,0,0,0,0,0,0,0,0,0,0,0,0,0,0,0,0,0,0,0,0,1,0,0,0,0,0,0,0,0
612,1729943,Zadarska Pivovara,Zadarsko Premium,Lager - Pale,https://untappd.com/b/zadarska-pivovara-zadarsko/1729943,5.0,N/A,2.91,1268,09/12/16, ,croatia,0,0,0,0,0,0,0,0,0,0,0,0,0,0,0,0,0,0,0,0,0,0,0,0,0,0,0,0,0,1,0,0,0,0,0,0,0,0
613,143408,Pivovara Daruvar,Staročeško Svijetlo,Lager - Pale,https://untappd.com/b/pivovara-daruvar-starocesko-svijetlo/143408,4.8,25,2.88,9775,03/10/12, ,croatia,0,0,0,0,0,0,0,0,0,0,0,0,0,0,0,0,0,0,0,0,0,0,0,0,0,0,0,0,0,1,0,0,0,0,0,0,0,0
614,3850650,Pivovara Daruvar,Renzinger,Lager - Pale,https://untappd.com/b/pivovara-daruvar-renzinger/3850650,4.0,N/A,2.85,500,06/30/20, ,croatia,0,0,0,0,0,0,0,0,0,0,0,0,0,0,0,0,0,0,0,0,0,0,0,0,0,0,0,0,0,1,0,0,0,0,0,0,0,0
615,3078807,Pivovara Daruvar,Daruvarsko,Lager - Pale,https://untappd.com/b/pivovara-daruvar-daruvarsko/3078807,4.0,N/A,2.85,1134,02/12/19, ,croatia,0,0,0,0,0,0,0,0,0,0,0,0,0,0,0,0,0,0,0,0,0,0,0,0,0,0,0,0,0,1,0,0,0,0,0,0,0,0
616,22062,Istarska Pivovara,Favorit,Lager - Pale,https://untappd.com/b/istarska-pivovara-favorit/22062,5.0,4,2.84,14016,01/06/11, ,croatia,0,0,0,0,0,0,0,0,0,0,0,0,0,0,0,0,0,0,0,0,0,0,0,0,0,0,0,0,0,1,0,0,0,0,0,0,0,0
617,1538549,Pivovara Daruvar,Über Premium Lager,Lager - Pale,https://untappd.com/b/pivovara-daruvar-uber-premium-lager/1538549,4.0,N/A,2.82,302,05/04/16, ,croatia,0,0,0,0,0,0,0,0,0,0,0,0,0,0,0,0,0,0,0,0,0,0,0,0,0,0,0,0,0,1,0,0,0,0,0,0,0,0
618,428722,Karlovačka Pivovara (Heineken Croatia),Sokol,Lager - Pale,https://untappd.com/b/karlovacka-pivovara-heineken-croatia-sokol/428722,4.2,N/A,2.71,1018,08/11/13, ,croatia,0,0,0,0,0,0,0,0,0,0,0,0,0,0,0,0,0,0,0,0,0,0,0,0,0,0,0,0,0,1,0,0,0,0,0,0,0,0
619,4174943,Istarska Pivovara,Maxinger,Lager - Pale,https://untappd.com/b/istarska-pivovara-maxinger/4174943,4.0,N/A,2.67,1650,02/10/21, ,croatia,0,0,0,0,0,0,0,0,0,0,0,0,0,0,0,0,0,0,0,0,0,0,0,0,0,0,0,0,0,1,0,0,0,0,0,0,0,0
620,1427342,Bujska Pivovara,San Servolo Gold Classic Limited Edition,Lager - Strong,https://untappd.com/b/bujska-pivovara-san-servolo-gold-classic-limited-edition/1427342,7.1,N/A,3.61,1626,02/14/16,"Gold pivo - jako pivo Bujske pivovare krasi riječ dvostruko. Naime, u ovo zlato stavlja se dvostruko više slada, dvostruko više hmelja, odležavanje traje dvostruko duže od standardnih piva i naši pivari posvećuju mu posebnu pažnju od početka do kraja procesa. Naše pivarevo zlato! ",croatia,1,1,0,0,0,0,0,0,0,0,0,0,0,0,0,0,0,0,0,0,0,0,0,0,0,0,0,0,0,1,0,0,0,0,0,0,0,0
621,1445949,Mlinarica,Czech Style Lager,Lager - Světlé (Czech Pale),https://untappd.com/b/mlinarica-czech-style-lager/1445949,4.8,35,3.53,566,02/28/16, ,croatia,0,0,0,0,0,0,0,0,0,0,0,0,0,0,0,0,0,0,0,0,0,0,0,0,0,0,0,0,0,1,0,0,0,0,0,0,0,0
622,2126495,Pivovara Medvedgrad,Art Park Pivo,Lager - Vienna,https://untappd.com/b/pivovara-medvedgrad-art-park-pivo/2126495,4.8,33,3.6,451,06/03/17,"Nema ništa ljepše nego popiti hladno pivo na klupici u parku po vrućem, ljetnom danu. Ako je još pivo napravljeno s ljubavlju, a park prepun dobre atmosfere i kreativnosti, imamo Art Park Pivo – veselu suradnju Pimp My Pumpa i Pivovare Medvedgrad. ",croatia,0,0,0,0,0,0,0,0,0,0,0,0,0,0,0,0,0,1,0,0,0,0,0,0,0,0,0,0,0,1,0,0,0,0,0,0,0,0
623,1113185,Razum,Coprnica,Lager - Vienna,https://untappd.com/b/razum-coprnica/1113185,5.0,N/A,3.56,244,06/06/15, ,croatia,0,0,0,0,0,0,0,0,0,0,0,0,0,0,0,0,0,0,0,0,0,0,0,0,0,0,0,0,0,1,0,0,0,0,0,0,0,0
624,3796125,PIVIONICA,Vienna Hoppy Lager,Lager - Vienna,https://untappd.com/b/pivionica-vienna-hoppy-lager/3796125,4.5,25,3.55,170,05/22/20,"Kompleksni amber lager hmeljen aromatskim hmeljevima. Prevladavaju duboke zemljasto-karamelne, arome dopunjene aromama sušenog voća, grožđica, šljiva, lješnjaka uz ugodan balans citrusnih i borovinastih nota američkih hmeljeva. Komplaksno, ali vrlo pitko i ugodno osvježavajuće pivo. ",croatia,0,0,0,0,0,0,1,0,0,0,0,0,0,0,0,0,0,0,0,0,0,0,0,0,0,0,0,0,0,1,0,0,0,0,0,0,0,0
625,1852431,Mlinarica,Vienna Lager,Lager - Vienna,https://untappd.com/b/mlinarica-vienna-lager/1852431,5.0,25,3.44,1104,12/06/16, ,croatia,0,0,0,0,0,0,0,0,0,0,0,0,0,0,0,0,0,0,0,0,0,0,0,0,0,0,0,0,0,1,0,0,0,0,0,0,0,0
626,2916573,Lepi Dečki Brewery,Tria De Los Muertos,Lager - Vienna,https://untappd.com/b/lepi-decki-brewery-tria-de-los-muertos/2916573,4.5,22,3.43,557,10/29/18,"Tria de los Muertos is our take on lager for the celebrated holiday in Mexico - Dia de los Muertos. A combination of a local pub's story and a dedicated lager for our friends - Tria contains following:Munich / Crytal Light / Pilsner maltzs and Golding, Aurora and Saaz hops with W34/70 yeasts.  ",croatia,1,1,0,0,0,0,0,1,0,0,0,0,0,0,0,0,0,0,0,0,0,0,0,0,0,0,0,0,0,1,0,0,0,0,0,0,0,0
627,1704125,Lepi Dečki Brewery,Međim. Gypsy,Lager - Vienna,https://untappd.com/b/lepi-decki-brewery-me-im-gypsy/1704125,4.8,28,3.38,192,08/25/16,"Međimursko is a viennese lager, a bitter, malty, darker beer with sweetish aftertaste. It's served cold and available in all around Croatia ",croatia,1,0,0,0,0,0,0,0,0,0,0,0,0,0,0,0,0,0,0,0,0,0,0,0,0,0,0,0,0,1,0,0,0,0,0,0,0,0
628,267701,Zagrebačka Pivovara,Ožujsko Božićno Pivo,Lager - Winter,https://untappd.com/b/zagrebacka-pivovara-ozujsko-bozicno-pivo/267701,6.1,N/A,3.03,890,11/23/12,"Božićno Pivo (Christmas beer) is unique in our market, and except for a taste delight and always different visual identity. The last five years, this task has been entrusted to younger artists who in this way have the opportunity to present to the wider audience. Competition for artists up to 35 years was organized in partnership with the Institute for Contemporary Art and encouraged artists to present a somewhat different view of festive atmosphere. ",croatia,0,0,0,0,0,0,0,0,0,0,0,0,0,0,0,0,0,0,0,0,0,0,0,0,0,0,0,0,0,1,0,0,0,0,0,0,0,0
629,4878278,Mandrill Nano Brewing Co.,Cherry Session Melomel,Mead - Melomel,https://untappd.com/b/mandrill-nano-brewing-co-cherry-session-melomel/4878278,4.5,N/A,3.52,205,06/08/22, ,croatia,0,0,0,0,0,0,0,0,0,0,0,0,0,0,0,0,0,0,0,0,0,0,0,0,0,0,0,0,0,0,0,0,0,0,0,0,0,1
630,5971710,Pivovara Medvedgrad,Fantom 43,Märzen,https://untappd.com/b/pivovara-medvedgrad-fantom-43/5971710,5.7,23,3.62,167,09/05/24,"Njemački pivski klasik koji nas uvodi u sezonu Oktoberfesta – ovaj lager karakterizira bogat i krušni okus slada, suzdržana gorčina, kremasta struktura i jantarna boja.  ",croatia,1,0,0,0,0,0,0,0,0,0,0,0,0,0,0,0,0,0,0,0,0,0,0,0,0,0,0,0,0,0,0,0,0,0,0,0,0,1
631,2797926,The Garden Brewery,Märzen,Märzen,https://untappd.com/b/the-garden-brewery-marzen/2797926,6.1,25,3.6,200,08/14/18,"A traditional, rich, malt forward lager with a modernised hop bill. Our take on a German Festive Classic. The Saaz added lends a spicy element which contrasts with the earthy and floral notes from Willameete that gives this beer a more modern approach to this German Classic. The base is a beautiful combination of Munich & Vienna malts which give a rich malt backbone with a touch of german pils malt which is slightly soften it around the edge. Best enjoyed in large amounts around great company! ",croatia,1,0,0,1,0,0,0,0,0,0,0,0,0,0,0,0,0,0,0,0,0,0,0,0,0,0,0,0,0,0,0,0,0,0,0,0,0,1
632,3702873,Pivovara Daruvar,DA-1840-EU Specijal,Märzen,https://untappd.com/b/pivovara-daruvar-da-1840-eu-specijal/3702873,4.9,N/A,3.12,540,03/03/20, ,croatia,0,0,0,0,0,0,0,0,0,0,0,0,0,0,0,0,0,0,0,0,0,0,0,0,0,0,0,0,0,0,0,0,0,0,0,0,0,1
633,5282389,The Garden Brewery,Afterlife - Low Alcohol East Coast IPA,Non-Alcoholic - IPA,https://untappd.com/b/the-garden-brewery-afterlife-low-alcohol-east-coast-ipa/5282389,0.5,25,3.56,843,03/20/23,"Soft & juicy. Tropical & easy drinking. Packed with notes of Pineapple, Passion Fruit & Citrus ",croatia,0,0,0,0,0,0,0,0,0,0,0,0,0,0,0,0,0,0,0,0,0,0,0,0,0,0,0,1,0,0,0,0,0,0,0,0,0,0
634,6173913,The Garden Brewery,Yolo,Non-Alcoholic - IPA,https://untappd.com/b/the-garden-brewery-yolo/6173913,0.0,N/A,3.54,528,02/28/25,"Meet YOLO, our delicious new 0.0% Alcohol-Free IPA. It’s crisp, juicy, refreshing and packed with Mosaic, Citra and Simcoe hops. And just 56 calories per 330ml can!YOLO’s hops have antioxidant and anti-inflammatory properties that can aid better sleep (they’re gentle sedatives). So enjoy a great beer, rehydrate and stay clear headed ",croatia,0,1,0,0,0,0,0,0,0,0,0,0,0,0,0,0,0,0,0,0,0,0,0,0,0,0,0,1,0,0,0,0,0,0,0,0,0,0
635,4445294,The Garden Brewery,DDH IPA - Alcohol Free,Non-Alcoholic - IPA,https://untappd.com/b/the-garden-brewery-ddh-ipa-alcohol-free/4445294,0.0,N/A,3.51,1163,08/05/21,"A collaboration with alcohol free craft beer pioneers Coast Beer Co.Packed with juicy Simcoe, Citra & Mosaic hops ",croatia,0,1,0,0,0,0,0,0,0,0,0,1,0,0,0,0,0,0,0,0,0,0,0,0,0,0,0,1,0,0,0,0,0,0,0,0,0,0
636,5203719,The Garden Brewery,Birth - Low Alcohol West Coast IPA,Non-Alcoholic - IPA,https://untappd.com/b/the-garden-brewery-birth-low-alcohol-west-coast-ipa/5203719,0.5,50,3.42,987,01/19/23,"Crisp, bitter and hoppy with intense Pineapple, Melon, Lime & Blueberry aromasHops: Citra, Mosaic, Bru 1, AzaccaMalts: Pale Ale, Munich Type 2, Wheat Malt, Oat FlakesYeast: AY4 ",croatia,0,0,0,0,0,0,0,0,1,0,0,0,0,0,0,0,0,0,0,0,0,0,0,0,0,0,0,1,0,0,0,0,0,0,0,0,0,0
637,5282383,The Garden Brewery,Life - Low Alcohol Pilsner,Non-Alcoholic - Lager,https://untappd.com/b/the-garden-brewery-life-low-alcohol-pilsner/5282383,0.5,30,3.34,281,03/20/23,Crisp & refreshing with a gentle hoppiness ,croatia,0,0,0,0,0,0,0,0,0,0,0,0,0,0,0,0,0,0,0,0,0,0,0,0,0,0,0,0,0,1,0,0,0,0,0,0,0,0
638,418194,Carlsberg Croatia,Pan Free,Non-Alcoholic - Lager,https://untappd.com/b/carlsberg-croatia-pan-free/418194,0.5,N/A,2.81,925,07/30/13, ,croatia,0,0,0,0,0,0,0,0,0,0,0,0,0,0,0,0,0,0,0,0,0,0,0,0,0,0,0,0,0,1,0,0,0,0,0,0,0,0
639,654059,Karlovačka Pivovara (Heineken Croatia),Karlovačko 0.0%,Non-Alcoholic - Lager,https://untappd.com/b/karlovacka-pivovara-heineken-croatia-karlovacko-0-0/654059,0.0,20,2.72,1762,04/19/14, ,croatia,0,0,0,0,0,0,0,0,0,0,0,0,0,0,0,0,0,0,0,0,0,0,0,0,0,0,0,0,0,1,0,0,0,0,0,0,0,0
640,406482,Zagrebačka Pivovara,Ožujsko Cool,Non-Alcoholic - Lager,https://untappd.com/b/zagrebacka-pivovara-ozujsko-cool/406482,0.5,25,2.51,3059,07/15/13,"Ožujsko Cool is the best-selling and most popular non-alcoholic beer in Croatia, on the market since in 2002. year. Cool light lager beer, great beer flavor and the right choice for refreshment in circumstances such as sports or performing everyday tasks.It is especially suitable for drivers who nonalcoholic beer Cool guarantee security while maintaining beer enjoyment. produced exclusively from natural ingredients and recommended serving at a temperature of 5 ° with compact white foam. ",croatia,0,0,0,0,0,0,0,0,0,0,0,1,0,0,0,0,0,0,0,0,0,0,0,0,0,0,0,0,0,1,0,0,0,0,0,0,0,0
642,4195240,Nova Runda,Small Batch Series: 22 Hazy DDH APA,Pale Ale - American,https://untappd.com/b/nova-runda-small-batch-series-22-hazy-ddh-apa/4195240,5.3,45,3.84,417,02/25/21,"Hazy DDH APA brewed with Vic Secret, Citra, Mosaic and Chinook hops. ",croatia,0,1,0,0,0,0,0,0,0,0,0,0,0,0,0,0,0,0,0,0,0,0,0,0,0,0,0,0,0,0,0,0,0,0,0,0,1,0
643,6569939,Nova Runda,World Bartender Day 2026,Pale Ale - American,https://untappd.com/b/nova-runda-world-bartender-day-2026/6569939,5.2,45,3.82,184,01/16/26,We are again raising glasses to our friends behind the counter! The 2026 version of WBD is an APA brewed with classic hops - Mosaic and Citra. ,croatia,0,1,0,0,0,0,0,0,0,0,0,0,0,0,0,0,0,0,0,0,0,0,0,0,0,0,0,0,0,0,0,0,0,0,0,0,1,0
644,6516535,Nova Runda,BC / AD 2026,Pale Ale - American,https://untappd.com/b/nova-runda-bc-ad-2026/6516535,5.3,45,3.81,172,12/04/25,"Annual celebration of the most friendly beer packaging format - The Beer Can! 2026 edition is APA brewed with Citra, Mosaic, Peachtarine, and Manilita hops. ",croatia,0,1,0,0,0,0,0,0,0,0,0,0,0,0,0,0,0,0,0,0,0,0,0,0,0,0,0,0,0,0,0,0,0,0,0,0,1,0
645,6491632,Nova Runda,Small Batch Series: 84 TDH APA,Pale Ale - American,https://untappd.com/b/nova-runda-small-batch-series-84-tdh-apa/6491632,5.4,45,3.81,165,11/14/25,"Small Batch #84 is a Triple Dry-Hop American Pale Ale brewed with Sabro, Mosaic, Motueka, Nectaron, and Riwaka hops. ",croatia,0,1,0,0,0,0,0,0,0,0,0,0,0,0,0,0,0,0,0,0,0,0,0,0,0,0,0,0,0,0,0,0,0,0,0,0,1,0
646,5209591,Nova Runda,BC / AD 2023,Pale Ale - American,https://untappd.com/b/nova-runda-bc-ad-2023/5209591,5.5,45,3.81,216,01/23/23,"An annual celebration of the lady - Beer Can! This year's edition is hopped with Amarillo, Strata, Talus and Citra hops!  ",croatia,0,1,0,0,0,0,0,0,0,0,0,0,0,0,0,0,0,0,0,0,0,0,0,0,0,0,0,0,0,0,0,0,0,0,0,0,1,0
647,4837540,Zmajska Pivovara,Shady Wizard,Pale Ale - American,https://untappd.com/b/zmajska-pivovara-shady-wizard/4837540,5.3,20,3.8,319,05/12/22,"Brewer's concoction series, juicy pale ale, Riwaka dryhop ",croatia,0,0,0,0,0,0,0,0,0,0,0,0,0,0,0,0,0,0,0,0,0,0,0,0,0,0,0,0,0,0,0,0,0,0,0,0,1,0
648,4149335,Nova Runda,BC / AD,Pale Ale - American,https://untappd.com/b/nova-runda-bc-ad/4149335,5.4,40,3.8,163,01/21/21,"Cans are important part of our #FeelTheHops philosophy, and BC/AD is specially brewed for the Beer Can Appreciation Day, 24th of January!!  ",croatia,0,0,0,0,0,0,0,0,0,0,0,0,0,0,0,0,0,0,0,0,0,0,0,0,0,0,0,0,0,0,0,0,0,0,0,0,1,0
649,5670755,Nova Runda,BC / AD 2024,Pale Ale - American,https://untappd.com/b/nova-runda-bc-ad-2024/5670755,5.5,42,3.79,303,01/05/24,The celebration our precious Beer Can! 2024 edition is brewed with Nelson Sauvin and Lemondrop. ,croatia,0,0,0,0,0,0,0,0,0,0,0,0,0,0,0,0,0,0,0,0,0,0,0,0,0,0,0,0,0,0,0,0,0,0,0,0,1,0
650,4682529,Nova Runda,BC / AD 2022,Pale Ale - American,https://untappd.com/b/nova-runda-bc-ad-2022/4682529,5.4,40,3.79,225,01/18/22,"We're celebrating Beer Can Appreciation Day with a special release of American Pale Ale. This year's version is heavily hopped with Citra, Mosaic and Sabro.  ",croatia,0,0,0,0,0,0,0,0,0,0,0,0,0,0,0,0,0,0,0,0,0,0,0,0,0,0,0,0,0,0,0,0,0,0,0,0,1,0
651,5374637,Nova Runda,Small Batch Series : 42 Juicy Pale Ale,Pale Ale - American,https://untappd.com/b/nova-runda-small-batch-series-42-juicy-pale-ale/5374637,4.5,35,3.79,189,05/26/23,"Juicy American Pale Ale brewed with Simcoe, Amarillo, Citra and Mosaic hops. ",croatia,0,1,0,0,0,0,0,0,0,0,0,0,0,0,0,0,0,0,0,0,0,0,0,0,0,0,0,0,0,0,0,0,0,0,0,0,1,0
652,4753155,Nova Runda,Small Batch Series: 28 DDH APA,Pale Ale - American,https://untappd.com/b/nova-runda-small-batch-series-28-ddh-apa/4753155,5.3,55,3.79,169,03/14/22,"American pale ale double dry-hopped with Citra, Chinook, and Sabro hops. ",croatia,0,1,0,0,0,0,0,0,0,0,0,0,0,0,0,0,0,0,0,0,0,0,0,0,0,0,0,0,0,0,0,0,0,0,0,0,1,0
653,6165032,Nova Runda,World Bartender Day 2025,Pale Ale - American,https://untappd.com/b/nova-runda-world-bartender-day-2025/6165032,5.2,40,3.78,240,02/20/25,"We are raising glasses to our friends behind the counter! The 2025 version of WBD is a DDH APA brewed with Mosaic, Talus, and Simcoe hops. ",croatia,0,1,0,0,0,0,0,0,0,0,0,0,0,0,0,0,0,0,0,0,0,0,0,0,0,0,0,0,0,0,0,0,0,0,0,0,1,0
654,3883555,Nova Runda,APA Single Hop: HBC 692,Pale Ale - American,https://untappd.com/b/nova-runda-apa-single-hop-hbc-692/3883555,5.2,42,3.78,167,07/22/20,Another experimental hop was used in this APA - HBC 692  ,croatia,0,0,0,0,0,0,0,0,0,0,0,0,0,0,0,0,0,0,0,0,0,0,0,0,0,0,0,0,0,0,0,0,0,0,0,0,1,0
655,4187802,Nova Runda,APA Single Hop: El Dorado,Pale Ale - American,https://untappd.com/b/nova-runda-apa-single-hop-el-dorado/4187802,5.2,42,3.77,151,02/19/21,#SingleHopSeries American Pale Ale brewed with El Dorado hops. ,croatia,0,1,0,0,0,0,0,0,0,0,0,0,0,0,0,0,0,0,0,0,0,0,0,0,0,0,0,0,0,0,0,0,0,0,0,0,1,0
656,6134639,Nova Runda,BC / AD 2025,Pale Ale - American,https://untappd.com/b/nova-runda-bc-ad-2025/6134639,5.4,42,3.76,177,01/21/25,Beer Can Appreciation Day of 2025! Our favorite beer style in our favorite beer packaging is brewed with Nelson Sauvin and Lemondrop hops!  ,croatia,0,1,0,0,0,0,0,0,0,0,0,0,0,0,0,0,0,0,0,0,0,0,0,0,0,0,0,0,0,0,0,0,0,0,0,0,1,0
657,6014763,Nova Runda,Small Batch Series: 68 Hazy TDH APA,Pale Ale - American,https://untappd.com/b/nova-runda-small-batch-series-68-hazy-tdh-apa/6014763,5.6,45,3.76,252,10/10/24,"Triple dry hopped Pale Ale brewed with Galaxy, Ekuanot, HBC 630, Mosaic, and Citra hops. ",croatia,0,1,0,0,0,0,0,0,0,0,0,0,0,0,0,0,0,0,0,0,0,0,0,0,0,0,0,0,0,0,0,0,0,0,0,0,1,0
658,6005834,Nova Runda,Small Batch Series: 67 Hazy DDH APA,Pale Ale - American,https://untappd.com/b/nova-runda-small-batch-series-67-hazy-ddh-apa/6005834,5.4,45,3.76,183,10/03/24,Number 67 from our #SmallBatchSeries is Hazy DDH APA brewed with YCH 603 TRIAL Cryo and Ekuanot Hops. ,croatia,0,0,0,0,0,0,0,0,0,0,0,0,0,0,0,0,0,0,0,0,0,0,0,0,0,0,0,0,0,0,0,0,0,0,0,0,1,0
659,3002522,Hotch Potch,Little Gnomes' Hats,Pale Ale - American,https://untappd.com/b/hotch-potch-little-gnomes-hats/3002522,5.3,33,3.75,1065,12/22/18,"A juicy pale with a refreshing citrusy aroma from Citra hops, complemented with the sweet orange and mango aromas from the Amarillo hops. Apricot colored, moderately hazy appearance adds to the juiciness of this beer, but of course it’s the flavor that truly defines it, so we added oats for a fuller body, and a bit of lactose for smoothness and bringing the sweet nectar like taste to the front. The finish is pleasantly refreshing bitterness that just makes you crave for more. ",croatia,0,1,0,0,0,0,0,0,0,0,0,0,0,0,0,0,0,0,0,0,0,0,0,0,0,0,0,0,0,0,0,0,0,0,0,0,1,0
660,5560810,Nova Runda,Small Batch Series: 52 Juicy Pale Ale,Pale Ale - American,https://untappd.com/b/nova-runda-small-batch-series-52-juicy-pale-ale/5560810,5.0,25,3.75,176,10/11/23,Juicy American Pale Ale brewed with an experimental YCH 603 trial blend of hops  ,croatia,0,1,0,0,0,0,0,0,0,0,0,0,0,0,0,0,0,0,0,0,0,0,0,0,0,0,0,0,0,0,0,0,0,0,0,0,1,0
661,5311284,Nova Runda,Small Batch Series : 40 American Pale Ale,Pale Ale - American,https://untappd.com/b/nova-runda-small-batch-series-40-american-pale-ale/5311284,5.1,35,3.74,312,04/11/23,"American Pale Ale brewed with a blend of Chinook, Mosaic, Styrian wolf, and Citra hops ",croatia,0,1,0,0,0,0,0,0,0,0,0,0,0,0,0,0,0,0,0,0,0,0,0,0,0,0,0,0,0,0,0,0,0,0,0,0,1,0
662,706091,Nova Runda,APA,Pale Ale - American,https://untappd.com/b/nova-runda-apa/706091,5.2,42,3.74,5918,06/07/14, ,croatia,0,0,0,0,0,0,0,0,0,0,0,0,0,0,0,0,0,0,0,0,0,0,0,0,0,0,0,0,0,0,0,0,0,0,0,0,1,0
663,2298238,Vunetovo Craft Beer,7.10.17.,Pale Ale - American,https://untappd.com/b/vunetovo-craft-beer-7-10-17/2298238,5.2,40,3.74,176,09/18/17, ,croatia,0,0,0,0,0,0,0,0,0,0,0,0,0,0,0,0,0,0,0,0,0,0,0,0,0,0,0,0,0,0,0,0,0,0,0,0,1,0
664,4551201,Brewville - Neretva Valley,Leemoon Pie Oat Cream Pale,Pale Ale - American,https://untappd.com/b/brewville-neretva-valley-leemoon-pie-oat-cream-pale/4551201,5.8,25,3.73,387,10/16/21,"Hazy Pale loaded with oats for soft, creamy mouthfeel. Double dry hopped with Motueka & Sabro.  ",croatia,0,0,0,0,0,0,0,0,0,0,0,0,0,0,0,0,0,0,0,0,0,0,0,0,0,0,0,0,0,0,0,0,0,0,0,0,1,0
665,3813139,Nova Runda,APA Single Hop: Idaho 7,Pale Ale - American,https://untappd.com/b/nova-runda-apa-single-hop-idaho-7/3813139,5.2,42,3.73,157,06/05/20,First in the new Single Hop series where we glorify amazing ingredients - The hops. The First hop is popular newcomer Idaho 7 (since 2015 in the market).        ,croatia,0,1,0,0,0,0,0,0,0,0,0,0,0,0,0,0,0,0,0,0,0,0,0,0,0,0,0,0,0,0,0,0,0,0,0,0,1,0
666,4165349,Nova Runda,APA Single Hop: Opus CF 182,Pale Ale - American,https://untappd.com/b/nova-runda-apa-single-hop-opus-cf-182/4165349,5.2,42,3.73,157,02/03/21,#SingleHopSeries APA brewed with UK's experimental Opus CF 182 hops.   ,croatia,0,1,0,0,0,0,0,0,0,0,0,0,0,0,0,0,0,0,0,0,0,0,0,0,0,0,0,0,0,0,0,0,0,0,0,0,1,0
667,4165350,Nova Runda,APA Single Hop: Equanot,Pale Ale - American,https://untappd.com/b/nova-runda-apa-single-hop-equanot/4165350,5.2,42,3.73,163,02/03/21,#SingleHopSeries APA brewed with Equanot hops. ,croatia,0,1,0,0,0,0,0,0,0,0,0,0,0,0,0,0,0,0,0,0,0,0,0,0,0,0,0,0,0,0,0,0,0,0,0,0,1,0
668,3657000,Zmajska Pivovara,Bobi I Rudi Pale Ale,Pale Ale - American,https://untappd.com/b/zmajska-pivovara-bobi-i-rudi-pale-ale/3657000,5.3,38,3.72,197,02/03/20, ,croatia,0,0,0,0,0,0,0,0,0,0,0,0,0,0,0,0,0,0,0,0,0,0,0,0,0,0,0,0,0,0,0,0,0,0,0,0,1,0
669,3883554,Nova Runda,APA Single Hop: Jester,Pale Ale - American,https://untappd.com/b/nova-runda-apa-single-hop-jester/3883554,5.2,42,3.72,156,07/22/20,One of the most popular UK's aroma hops is a theme of this Single Hop - Jester ,croatia,0,1,0,0,0,0,0,0,0,0,0,0,0,0,0,0,0,0,0,0,0,0,0,0,0,0,0,0,0,0,0,0,0,0,0,0,1,0
670,5247888,Nova Runda,APA Single Hop: HBC 630,Pale Ale - American,https://untappd.com/b/nova-runda-apa-single-hop-hbc-630/5247888,5.2,42,3.71,176,02/23/23,A special edition of our APA single hopped with HBC 630 hops ,croatia,0,1,0,0,0,0,0,0,0,0,0,0,0,0,0,0,0,0,0,0,0,0,0,0,0,0,0,0,0,0,0,0,0,0,0,0,1,0
671,4222937,Nova Runda,Hoppy Patrick,Pale Ale - American,https://untappd.com/b/nova-runda-hoppy-patrick/4222937,5.4,40,3.7,228,03/16/21,Special St. Patrick's Day edition of American Pale Ale. The pot of this green and mighty leprechaun is filled with hops instead of gold!!   ,croatia,0,1,0,0,0,0,0,0,0,0,0,0,0,0,0,0,0,0,0,0,0,0,0,0,0,0,0,0,0,0,0,0,0,0,0,0,1,0
672,3194664,Dubrovnik Beer Co.,Runner,Pale Ale - American,https://untappd.com/b/dubrovnik-beer-co-runner/3194664,4.5,32,3.7,409,04/25/19,Brewed for Du Motion EXPO ,croatia,0,0,0,0,0,0,0,0,0,0,0,0,0,0,0,0,0,0,0,0,0,0,0,0,0,0,0,0,0,0,0,0,0,0,0,0,1,0
673,2107412,Lab Split,BARBA Single Hop CITRA,Pale Ale - American,https://untappd.com/b/lab-split-barba-single-hop-citra/2107412,5.1,45,3.68,165,05/22/17,2nd beer in our Single Hop lineup... this time we are using only CITRA hop in our beer. Beer is double hopped compared to Cascade Single Hop.Light body is pronouncing hop flavor and aroma.We believe we have a champ!!! Let us know what you think?! ,croatia,0,0,0,0,0,0,0,0,0,0,0,0,0,0,0,0,0,0,0,0,0,0,0,0,0,0,0,0,0,0,0,0,0,0,0,0,1,0
674,1602264,Nova Runda,Šibenski Učenjak,Pale Ale - American,https://untappd.com/b/nova-runda-sibenski-ucenjak/1602264,4.9,40,3.68,199,06/15/16,"Collaboration brew between Šibenik students’ club in Zagreb and our brewery. American pale ale best suited for warmer days, and only available in Šibenik.      ",croatia,0,0,0,0,0,0,0,0,0,0,0,0,0,0,0,0,0,0,0,0,0,0,0,0,0,0,0,0,0,0,0,0,0,0,0,0,1,0
675,2245981,The Garden Brewery,Palisade Pale,Pale Ale - American,https://untappd.com/b/the-garden-brewery-palisade-pale/2245981,5.4,40,3.67,239,08/16/17,"Single hop pale ale using Palisade hops.Part of our educational series in which you can learn alongside our brewers what different & exciting fresh hops they are using. A single hop pale ale showcasing the American hop Palisade. Grown in the ‘hop belt’ of America’s Northwest by Select Botanicals Group, Palisade is an aroma hop known for its high yield and its unique aroma profile. Described as earthy, floral, and fruity with notes of apricot and grass. The higher myrcene levels found in Palisade are what contribute to the piney, citrus ,and fruity complexities found in its aroma. ",croatia,0,1,0,0,0,0,0,0,1,0,0,0,0,0,0,0,0,0,0,0,0,0,0,0,0,0,0,0,0,0,0,0,0,0,0,0,1,0
676,3553060,PriMarius craft pivovara,Blagoslov,Pale Ale - American,https://untappd.com/b/primarius-craft-pivovara-blagoslov/3553060,5.4,40,3.67,1569,11/28/19, ,croatia,0,0,0,0,0,0,0,0,0,0,0,0,0,0,0,0,0,0,0,0,0,0,0,0,0,0,0,0,0,0,0,0,0,0,0,0,1,0
677,5229246,PriMarius craft pivovara,Akcent,Pale Ale - American,https://untappd.com/b/primarius-craft-pivovara-akcent/5229246,4.7,45,3.67,180,02/09/23,DDH APA ,croatia,0,0,0,0,0,0,0,0,0,0,0,0,0,0,0,0,0,0,0,0,0,0,0,0,0,0,0,0,0,0,0,0,0,0,0,0,1,0
678,6326274,Cross Brewery,Kama Citra,Pale Ale - American,https://untappd.com/b/cross-brewery-kama-citra/6326274,5.2,40,3.67,160,07/03/25,Pale Ale with 4 malts and 1 hop called Citra. Well balanced ,croatia,1,0,0,0,0,0,0,0,0,0,0,0,0,0,0,0,0,0,0,0,0,0,0,0,0,0,0,0,0,0,0,0,0,0,0,0,1,0
679,2303049,Nova Runda,Žetva,Pale Ale - American,https://untappd.com/b/nova-runda-zetva/2303049,5.0,100,3.66,184,09/22/17,Seasonal Wet Hop beer brewed with fresh Slovenian hops Aurora ,croatia,0,1,0,0,0,0,0,0,0,0,0,0,0,0,0,0,0,0,0,0,0,0,0,0,0,0,0,0,0,0,0,0,0,0,0,0,1,0
680,2299125,The Garden Brewery,Simcoe Pale,Pale Ale - American,https://untappd.com/b/the-garden-brewery-simcoe-pale/2299125,4.9,40,3.66,1137,09/19/17,"Single hop pale ale using Simcoe hops. Grown in the ‘hop belt’ of America’s Northwest by Select Botanicals Group, Palisade is an aroma hop known for its high yield and its unique aroma profile. Described as Fruity, Earthy, Piney, and Dank with notes of passionfruit and berries. The extremely low Cohumulone levels in Simcoe contribute to the soft, smooth, approachable bitterness found here. ",croatia,0,1,0,0,0,0,0,0,1,0,0,0,0,0,0,0,0,0,0,0,0,0,0,0,0,0,0,0,0,0,0,0,0,0,0,0,1,0
681,4506603,Morčić Pivovara,American Pale Ale,Pale Ale - American,https://untappd.com/b/morcic-pivovara-american-pale-ale/4506603,5.2,40,3.66,354,09/16/21,"Malts: Pale, Munich, CaraPils, AromeHops: Mosaic, AzaccaYeast: Verdant IPA ",croatia,0,0,0,0,0,0,0,0,0,0,0,0,0,0,0,0,0,0,0,0,0,0,0,0,0,0,0,0,0,0,0,0,0,0,0,0,1,0
682,2008525,Valentinijan D.o.o.,Valens Pale Ale,Pale Ale - American,https://untappd.com/b/valentinijan-d-o-o-valens-pale-ale/2008525,4.5,37,3.65,400,03/23/17,"Samer iz kaming! U iščekivanju smrdljivih martina, komaraca, omare i prašine, Valentinijan d.o.o. je preduhitrio gore navedeno i složio jedno lagano ljetno veselje. Riječ je o Pale ale Valensu! Pivo je lagano, gorkasto i aromatično. Gorčina 37 IBU-a, Abv 4,5%. ",croatia,0,0,0,0,0,0,0,0,0,0,0,0,0,0,0,0,0,0,0,0,0,0,0,0,0,0,0,0,0,0,0,0,0,0,0,0,1,0
683,1594421,The Garden Brewery,Adriatic Pale Ale,Pale Ale - American,https://untappd.com/b/the-garden-brewery-adriatic-pale-ale/1594421,5.1,40,3.65,311,06/10/16,"Vamos a la playa?Big, juicy and bursting with flavour. Sessionable sunshine. 13° ",croatia,0,0,0,0,0,0,0,0,0,0,0,0,0,0,0,0,0,0,0,0,0,0,0,0,0,0,0,0,0,0,0,0,0,0,0,0,1,0
684,3893391,Prva Makarska Pivovara,APA (American Pale Ale),Pale Ale - American,https://untappd.com/b/prva-makarska-pivovara-apa-american-pale-ale/3893391,4.9,45,3.64,244,07/28/20, ,croatia,0,0,0,0,0,0,0,0,0,0,0,0,0,0,0,0,0,0,0,0,0,0,0,0,0,0,0,0,0,0,0,0,0,0,0,0,1,0
685,6248360,The Garden Brewery,Tvorničko APA,Pale Ale - American,https://untappd.com/b/the-garden-brewery-tvornicka-apa/6248360,4.6,5,3.63,222,05/01/25, ,croatia,0,0,0,0,0,0,0,0,0,0,0,0,0,0,0,0,0,0,0,0,0,0,0,0,0,0,0,0,0,0,0,0,0,0,0,0,1,0
686,3893058,The Garden Brewery,Kveik Pale Ale,Pale Ale - American,https://untappd.com/b/the-garden-brewery-kveik-pale-ale/3893058,4.6,15,3.62,1328,07/28/20,"A New England style pale hopped with Bru-1, Citra, and El Dorado, and fermented with Ebbegarden Kveik yeast.  Strong tropical notes of guava, pineapple, melon and mango. ",croatia,0,0,0,0,0,0,0,1,0,0,0,0,0,0,0,0,0,0,0,0,0,0,0,0,0,0,0,0,0,0,0,0,0,0,0,0,1,0
687,1925001,Mlinarica,American Pale Ale,Pale Ale - American,https://untappd.com/b/mlinarica-american-pale-ale/1925001,5.5,45,3.61,692,01/28/17, ,croatia,0,0,0,0,0,0,0,0,0,0,0,0,0,0,0,0,0,0,0,0,0,0,0,0,0,0,0,0,0,0,0,0,0,0,0,0,1,0
688,2039924,Lab Split,BARBA Single Hop CASCADE,Pale Ale - American,https://untappd.com/b/lab-split-barba-single-hop-cascade/2039924,5.1,38,3.61,258,04/12/17,1st beer in our Single Hop lineup... this time we are using only CASCADE hop in our beer. Soon to follow up will be Citra or Summit... ,croatia,0,0,0,0,0,0,0,0,0,0,0,0,0,0,0,0,0,0,0,0,0,0,0,0,0,0,0,0,0,0,0,0,0,0,0,0,1,0
689,4281318,Funky Craft Brewery,Marson,Pale Ale - American,https://untappd.com/b/funky-craft-brewery-marson/4281318,5.0,45,3.61,293,04/24/21, ,croatia,0,0,0,0,0,0,0,0,0,0,0,0,0,0,0,0,0,0,0,0,0,0,0,0,0,0,0,0,0,0,0,0,0,0,0,0,1,0
690,4701093,Protokol,Šesta Od Sedam,Pale Ale - American,https://untappd.com/b/protokol-sesta-od-sedam/4701093,5.5,N/A,3.61,235,02/03/22,Name translates as “Sixth Out Of Seven” ,croatia,0,0,0,0,0,0,0,0,0,0,0,0,0,0,0,0,0,0,0,0,0,0,0,0,0,0,0,0,0,0,0,0,0,0,0,0,1,0
692,5978122,Nova Runda,Beer Bash 2024,Pale Ale - Australian,https://untappd.com/b/nova-runda-beer-bash-2024/5978122,5.4,35,3.79,459,09/10/24,"This is the third time we've brewed up this magic potion for our annual Beer Bash, but this year, we're doubling down on the fun with a TWO-DAY bender. Unleash your inner Aussie with this New England Pale Ale that has a juicy ticket to the land down under! ",croatia,0,0,0,0,0,0,0,0,0,0,0,0,0,0,0,0,0,0,0,0,0,0,0,0,0,0,0,0,0,0,0,0,0,0,0,0,1,0
693,5506795,Nova Runda,Spakovo 3,Pale Ale - Australian,https://untappd.com/b/nova-runda-spakovo-3/5506795,5.4,40,3.75,218,08/31/23,Juicy double dry hopped pale ale packed with Galaxy and Vic Secret hops. ,croatia,0,1,0,0,0,0,0,0,0,0,0,0,0,0,0,0,0,0,0,0,0,0,0,0,0,0,0,0,0,0,0,0,0,0,0,0,1,0
694,2563751,The Garden Brewery,Galaxy Pale #05,Pale Ale - Australian,https://untappd.com/b/the-garden-brewery-galaxy-pale-05/2563751,5.5,32,3.55,451,03/20/18,"Our 5th Single Hop Showcase is the Australian Galaxy: it's all about the passionfruit, pineapple and guava . ",croatia,0,0,0,0,0,0,0,0,1,0,0,0,0,0,0,0,0,0,0,0,0,0,0,0,0,0,0,0,0,0,0,0,0,0,0,0,1,0
695,2037982,Bura Brew,IBA - Istrian Belgian Ale,Pale Ale - Belgian,https://untappd.com/b/bura-brew-iba-istrian-belgian-ale/2037982,6.1,28,3.58,1848,04/10/17,"Limited Edition available in 0,33 and 0,75 bottle format. Top fermented belgian style ale with a deep copper colour, unpasteurized, unfiltered, bottle fermented (bottle conditioned). Fermented with selected belgian abbaye yeast. Maturation for 4 months in the bottles ",croatia,0,0,0,0,0,0,0,1,0,0,0,0,0,0,0,0,0,0,0,0,0,0,0,0,0,0,0,0,0,0,0,0,0,0,0,0,1,0
696,4417414,Protokol,Papuča,Pale Ale - Belgian,https://untappd.com/b/protokol-papuca/4417414,5.5,N/A,3.54,162,07/18/21, ,croatia,0,0,0,0,0,0,0,0,0,0,0,0,0,0,0,0,0,0,0,0,0,0,0,0,0,0,0,0,0,0,0,0,0,0,0,0,1,0
697,2615754,Devetka Craft,Belgian Pale Ale,Pale Ale - Belgian,https://untappd.com/b/devetka-craft-belgian-pale-ale/2615754,5.1,30,3.41,560,04/22/18,"Naše prvo pivo, pivo sa pričom i pivo sa čak 9 različitih etiketa iz cijeloga svijeta. Naš BPA. We are so proud of this one… ",croatia,0,0,0,0,0,0,0,0,0,0,0,0,0,0,1,0,0,0,0,0,0,0,0,0,0,0,0,0,0,0,0,0,0,0,0,0,1,0
698,893934,Hold'em Brewery,All In,Pale Ale - English,https://untappd.com/b/hold-em-brewery-all-in/893934,5.1,N/A,3.47,240,11/29/14, ,croatia,0,0,0,0,0,0,0,0,0,0,0,0,0,0,0,0,0,0,0,0,0,0,0,0,0,0,0,0,0,0,0,0,0,0,0,0,1,0
699,2466691,Lab Split,ENGLEZ 2018,Pale Ale - English,https://untappd.com/b/lab-split-englez-2018/2466691,5.4,45,3.46,212,01/09/18,"Our new take on ENGLEZ and English style ale. All new brew for 2018, this time more on verge of English Pale Ale and IPA.Crisp, light malty flavor, refreshing, slight esters with hoppy backbone! ",croatia,1,0,0,0,0,0,0,0,0,0,0,0,0,0,0,0,0,0,0,0,0,0,0,0,0,0,0,0,0,0,0,0,0,0,0,0,1,0
700,2906286,Kampanjola Eko Bira,Organic Ale,Pale Ale - English,https://untappd.com/b/kampanjola-eko-bira-organic-ale/2906286,6.2,34,3.44,1383,10/23/18, ,croatia,0,0,0,0,0,0,0,0,0,0,0,0,0,0,0,0,0,0,0,0,0,0,0,0,0,0,0,0,0,0,0,0,0,0,0,0,1,0
701,6313754,Maskeron,NEON BLISS,Pale Ale - Fruited,https://untappd.com/b/maskeron-neon-bliss/6313754,5.0,20,3.77,330,06/22/25,FRUITED PALE ALEMANGO and COCONUT plus DH with SABRO ,croatia,0,0,0,0,0,0,0,0,0,0,0,0,0,0,0,0,0,0,0,0,0,0,0,0,0,0,1,0,0,0,0,0,0,0,0,0,0,0
702,5825816,Pomalo,Juicy Pale Ale,Pale Ale - Milkshake,https://untappd.com/b/pomalo-juicy-pale-ale/5825816,5.5,39,3.59,209,05/12/24,"Pomalo Juicy Pale Ale je Milkshake Pale Ale s 5,5% alkohola i 39 IBU. Ovo pivo donosi sočne arome tropskog voća, poput breskve i citrusa, uz dodatak laktoze koja mu daje kremastu teksturu. Blago je mutno, srednje karbonizirano i izrazito pitko, s uravnoteženom gorčinom i suhim završetkom. Inspirirano dalmatinskom filozofijom “pomalo”, idealno je za opuštanje i uživanje u svakodnevnim trenucima.Zgrabi novi Juicy pale ale, zavali se i živi ovaj trenutak POMALO. ",croatia,0,0,0,0,0,0,0,0,0,0,0,1,0,0,1,0,0,0,0,0,0,0,0,0,0,0,0,0,0,0,0,0,0,0,0,0,1,0
703,4341654,The Garden Brewery,Ice Cream Pale Ale,Pale Ale - Milkshake,https://untappd.com/b/the-garden-brewery-ice-cream-pale-ale/4341654,4.7,10,3.53,2215,06/02/21,Soft scoop vanilla ice cream pale ale with tropical and citrus notes. ,croatia,0,0,0,0,0,1,0,0,0,0,0,0,0,0,0,0,0,0,0,0,0,0,0,0,0,0,0,0,0,0,0,0,0,0,0,0,1,0
715,5772955,Maskeron,Lupulin Tribe,Pale Ale - New England / Hazy,https://untappd.com/b/maskeron-lupulin-tribe/5772955,5.5,20,3.84,322,04/01/24,"Hoppy Warriors: Come Out and Pla-aay!!Always fun to brew a beer with my brother's TAP BULIES, Sandi i Matija.This is a crushable, easy-drinking, super juicy hazy pale with the new hop HBC 1019 and Citra Cryo. ",croatia,0,0,0,0,0,0,0,0,0,0,0,0,0,0,0,0,0,0,0,0,0,0,0,0,0,0,0,0,0,0,0,0,0,0,0,0,1,0
716,4433750,Pivovara Medvedgrad,Fantom Motive NE Pale Ale,Pale Ale - New England / Hazy,https://untappd.com/b/pivovara-medvedgrad-fantom-motive-ne-pale-ale/4433750,5.3,30,3.84,318,07/29/21,"Tajanstveni, fantomski pivar Medvedgrada kuha različite pivske stilove, a svako pivo je novo i uvijek drugačije recepture. Ovog je puta skuhao New England Pale Ale u kolaboraciji s Motive Beer Company, koju predvodi sjajni irski majstor pivar Simon O'Keeffe! Kako i doliči ovom pivskom stilu, prevladava okus tropskog voća i juicy karakter, a pivo je osvježavajuće i lagano pa klizi niz grlo i po najvećim vrućinama. ",croatia,0,0,0,0,0,0,0,0,0,0,0,0,0,0,1,0,0,0,0,0,0,0,0,0,0,0,0,0,0,0,0,0,0,0,0,0,1,0
717,6273799,Nova Runda,Beer Bash 2025,Pale Ale - New England / Hazy,https://untappd.com/b/nova-runda-beer-bash-2025/6273799,4.8,22,3.83,306,05/22/25,"2025 Birthday Bash beer. New England Pale Ale brewed with Cascade, Cryo Athanum, NZ Cascade, Motueka, Galaxy Spectrum, and Cryo Loral.   ",croatia,0,0,0,0,0,0,0,0,0,0,1,0,0,0,0,0,0,0,0,0,0,0,0,0,0,0,0,0,0,0,0,0,0,0,0,0,1,0
718,2873661,Nova Runda,F5,Pale Ale - New England / Hazy,https://untappd.com/b/nova-runda-f5/2873661,5.5,20,3.83,1498,10/02/18,Special brew made for our friends WebCamp Zagreb - IT conference focused on web technologies which is being held annually in Zagreb. ,croatia,0,0,0,0,0,0,0,0,0,0,0,0,0,0,0,0,0,0,0,0,0,0,0,0,0,0,0,0,0,0,0,0,0,0,0,0,1,0
719,5031078,Pulfer Brewery,Beer Hunter,Pale Ale - New England / Hazy,https://untappd.com/b/pulfer-brewery-beer-hunter/5031078,5.2,40,3.83,732,09/22/22,"For all you 'beer brothers and sisters' who love  divine liquid called 'a beer' and everything that goes with it. We share your commitment and passion.Please, enjoy this new england pale ale made with super big hops combo - Amarillo, Citra, HBC 630, Idaho 7, Mosaic, Sabro, and Talus. It doesn't feel like your usual 5,2% beer, for sure. And yet, refreshing and drinkable!This is why we brew! ",croatia,0,1,0,0,0,0,0,0,0,0,0,0,0,0,0,0,0,0,0,0,0,0,0,0,0,0,0,0,0,0,0,0,0,0,0,0,1,0
720,6619610,Zmajska Pivovara,First SIP,Pale Ale - New England / Hazy,https://untappd.com/b/zmajska-pivovara-first-sip/6619610,4.5,N/A,3.82,335,03/02/26,"Take the first SIP- soft, hazy, slightly emotional- hops before speeches- small SIP for you, giant SIP for us ",croatia,0,1,0,0,0,0,0,0,0,0,0,0,0,0,0,0,0,0,0,0,0,0,0,0,0,0,0,0,0,0,0,0,0,0,0,0,1,0
721,4816630,Pulfer Brewery,Beer Not Bombs,Pale Ale - New England / Hazy,https://untappd.com/b/pulfer-brewery-beer-not-bombs/4816630,5.4,40,3.82,733,04/28/22,"They asked for help, we answer it. We dedicate this beer to Ukraine's association 'Dobro Dobrim' to help them in this rough time. Every war is a bad thing, Lot of suffering and losses. Beer not bombs is our message to all, as we should spread love, kindness and respect, not hate and horror. Beer instead bombs!We will help them with 10% from each sale and hope that our little support will mean something. This is why we brew!Absolute drinkability, hazy, silky and very smooth and tasty.Cheers! ",croatia,0,0,0,0,0,0,0,0,0,0,0,0,0,0,0,0,0,0,0,0,0,0,0,0,0,0,0,0,0,0,0,0,0,0,0,0,1,0
722,6335229,Zmajska Pivovara,Superdelic Tide,Pale Ale - New England / Hazy,https://untappd.com/b/zmajska-pivovara-superdelic-tide/6335229,5.2,25,3.81,287,07/11/25,"Hops: SuperDelic, Citra, Idaho 7 ",croatia,0,0,0,0,0,0,0,0,0,0,0,0,0,0,0,0,0,0,0,0,0,0,0,0,0,0,0,0,0,0,0,0,0,0,0,0,1,0
723,6441587,Pulfer Brewery,Mighty Gorgon,Pale Ale - New England / Hazy,https://untappd.com/b/pulfer-brewery-mighty-gorgon/6441587,5.6,45,3.81,878,10/10/25,"We continued with series of beer labels with mythical creatures and legends. For those who spent their childhood playing strategy games like 'Heroes of Might and Magic' will surely recognize inspiration for this beer label.Unlike in the game, the sturdy gorgons won't attack you with their acidic breath. It'll only fill your mouth with burst tropical flavours. Brewed and dryhopped with huge amount of Krush, Eukanot and Citra, it's more to hoppy side! ",croatia,0,0,0,0,0,0,0,0,0,0,0,0,0,0,0,0,0,0,0,0,0,0,0,0,0,0,0,0,0,0,0,0,0,0,0,0,1,0
724,6253771,Nova Runda,Alles Neu,Pale Ale - New England / Hazy,https://untappd.com/b/nova-runda-alles-neu/6253771,4.9,22,3.81,414,05/05/25,"Collaboration brew with our dear friends from Vienna, Austria - Bräuhaus Ten.Fifty. New England Pale ale brewed with New Zealand hops - Nelson Sauvin, Wakatu, Motueka, Riwaka, and NZ Cascade.  ",croatia,0,1,0,0,0,0,0,0,0,0,0,0,0,0,0,0,0,0,0,0,0,0,0,0,0,0,0,0,0,0,0,0,0,0,0,0,1,0
725,4909085,Zmajska Pivovara,Hazy Maze,Pale Ale - New England / Hazy,https://untappd.com/b/zmajska-pivovara-hazy-maze/4909085,5.1,N/A,3.81,250,06/29/22,You don't wanna find your way out!  ,croatia,0,0,0,0,0,0,0,0,0,0,0,0,0,0,0,0,0,0,0,0,0,0,0,0,0,0,0,0,0,0,0,0,0,0,0,0,1,0
726,6214832,Pulfer Brewery,Belladonna,Pale Ale - New England / Hazy,https://untappd.com/b/pulfer-brewery-belladonna/6214832,5.8,40,3.8,880,04/04/25, ,croatia,0,0,0,0,0,0,0,0,0,0,0,0,0,0,0,0,0,0,0,0,0,0,0,0,0,0,0,0,0,0,0,0,0,0,0,0,1,0
727,5683366,Zmajska Pivovara,Slumberland,Pale Ale - New England / Hazy,https://untappd.com/b/zmajska-pivovara-slumberland/5683366,5.7,N/A,3.8,258,01/18/24,"Chinook, Citra & Mosaic hops. ",croatia,0,1,0,0,0,0,0,0,0,0,0,0,0,0,0,0,0,0,0,0,0,0,0,0,0,0,0,0,0,0,0,0,0,0,0,0,1,0
728,6237055,Mlinarica,Don Lupulo,Pale Ale - New England / Hazy,https://untappd.com/b/mlinarica-don-lupulo/6237055,5.7,25,3.79,214,04/22/25,"Malts: Pils, Wheat, Munich, Carabody, Cara30Hops: Cryo Cascade, Kohatu, Krush, SabroYeast: Verdant IPA ",croatia,0,0,0,0,0,0,0,0,0,0,0,0,0,0,0,0,0,0,0,0,0,0,0,0,0,0,0,0,0,0,0,0,0,0,0,0,1,0
729,5462633,Nova Runda,Small Batch Series : 47 NE Pale Ale,Pale Ale - New England / Hazy,https://untappd.com/b/nova-runda-small-batch-series-47-ne-pale-ale/5462633,5.0,25,3.79,162,07/28/23,New England Pale Ale brewed for our friends - Viking pub located in Sarajevo! It's brewed with Nectaron and Pacific Sunrise hops. ,croatia,0,1,0,0,0,0,0,0,0,0,0,0,0,0,0,0,0,0,0,0,0,0,0,0,0,0,0,0,0,0,0,0,0,0,0,0,1,0
730,4090348,The Garden Brewery,New England Pale Ale - Galaxy and Citra,Pale Ale - New England / Hazy,https://untappd.com/b/the-garden-brewery-new-england-pale-ale-galaxy-and-citra/4090348,5.2,15,3.79,407,12/09/20,"Waves of passionfruit, peach and melon aromas overlay a oat laden malt base.  A New England Pale Ale that lets Galaxy and Citra hops shine! ",croatia,1,1,0,0,0,0,0,0,1,0,0,0,0,0,0,0,0,0,0,0,0,0,0,0,0,0,0,0,0,0,0,0,0,0,0,0,1,0
731,4329532,The Garden Brewery,New England Pale Ale #04 - Citra Showcase,Pale Ale - New England / Hazy,https://untappd.com/b/the-garden-brewery-new-england-pale-ale-04-citra-showcase/4329532,4.9,25,3.79,670,05/25/21,"Citra hops done 3-ways: T90 pellets, Lupomax and Cryo Big hitting Melon, Grapefruit and stone fruit aromas shine ",croatia,0,1,0,0,0,0,0,0,1,0,0,0,0,0,0,0,0,0,0,0,0,0,0,0,0,0,0,0,0,0,0,0,0,0,0,0,1,0
732,5285273,Nova Runda,Full Tilt,Pale Ale - New England / Hazy,https://untappd.com/b/nova-runda-full-tilt/5285273,5.1,13,3.78,736,03/23/23,"New England Pale Ale brewed with Galaxy, Citra, Mosaic and Pacific Sunrise hops. ",croatia,0,1,0,0,0,0,0,0,0,0,0,0,0,0,0,0,0,0,0,0,0,0,0,0,0,0,0,0,0,0,0,0,0,0,0,0,1,0
733,3968775,Zmajska Pivovara,Lotus,Pale Ale - New England / Hazy,https://untappd.com/b/zmajska-pivovara-lotus/3968775,5.3,N/A,3.78,301,09/18/20,"Juicy Pale Ale. Colab brew between Zmajska pivovara and Reset Brewery, double dry hopped with Citra, Centennial and Lotus. ",croatia,0,0,0,0,0,0,0,0,0,0,0,0,0,0,0,0,0,0,0,0,0,0,0,0,0,0,0,0,0,0,0,0,0,0,0,0,1,0
734,6299156,Nova Runda,Small Batch Series: 79 Pomona Ekuanot Juicy Pale Ale,Pale Ale - New England / Hazy,https://untappd.com/b/nova-runda-small-batch-series-79-pomona-ekuanot-juicy-pale-ale/6299156,5.7,20,3.78,182,06/11/25,Small Batch 79 is a Juicy Pale Ale brewed with Cryo Ekuanot hops and Pomona yeast. ,croatia,0,1,0,0,0,0,0,1,0,0,0,0,0,0,0,0,0,0,0,0,0,0,0,0,0,0,0,0,0,0,0,0,0,0,0,0,1,0
735,5837657,Zmajska Pivovara,SLOOP,Pale Ale - New England / Hazy,https://untappd.com/b/zmajska-pivovara-sloop/5837657,5.5,30,3.78,336,05/22/24,"Collaboration with King's caffe.Hops: HBC586, Equinox ",croatia,0,0,0,0,0,0,0,0,0,0,0,0,0,0,0,0,0,0,0,0,0,0,0,0,0,0,0,0,0,0,0,0,0,0,0,0,1,0
736,5001862,Nova Runda,Hoplander,Pale Ale - New England / Hazy,https://untappd.com/b/nova-runda-hoplander/5001862,5.0,16,3.78,434,09/01/22,"When Highlander brews a hoppy stew he immediately becomes the Hoplander! This New England Pale Ale is a joint effort with our colleagues from Bosnia and Herzegovina - Gorštak brewery. Rich and juicy Pale Ale hopped with Galaxy, Sabro, Mosaic and Chinook hops. ",croatia,0,1,0,0,0,0,0,0,0,0,0,0,0,0,0,0,0,0,0,0,0,0,0,0,0,0,0,0,0,0,0,0,0,0,0,0,1,0
737,4764658,The Garden Brewery,New England Pale Ale #08,Pale Ale - New England / Hazy,https://untappd.com/b/the-garden-brewery-new-england-pale-ale-08/4764658,5.2,20,3.77,778,03/22/22,"Light, smooth and juicy Antipodean Pale with the very freshest Vics Secret and Eclipse hops ",croatia,0,1,0,0,0,0,0,0,0,0,0,0,0,0,0,0,0,0,0,0,0,0,0,0,0,0,0,0,0,0,0,0,0,0,0,0,1,0
738,5443436,Dubrovnik Beer Co.,Hazy 13,Pale Ale - New England / Hazy,https://untappd.com/b/dubrovnik-beer-co-hazy-13/5443436,5.5,13,3.77,175,07/14/23,13th Anniversary Colaboration with Glam bar Dubrovnik. Brewed with Mosaic cryo and dry hopped with Talus and Sabro. ,croatia,0,0,0,0,0,0,0,0,0,0,0,0,0,0,0,0,0,0,0,0,0,0,0,0,0,0,0,0,0,0,0,0,0,0,0,0,1,0
739,5785486,Pulfer Brewery,Veridian Hailstorm,Pale Ale - New England / Hazy,https://untappd.com/b/pulfer-brewery-veridian-hailstorm/5785486,5.7,40,3.76,903,04/12/24,"We released another banger from monstrous cataclysmic beer label series!Black Blizzard, White Typhoon, Crimson Tornado, Dark Quasar and now - Veridian Hailstorm!Brewed with Azacca, Idaho7, Citra and Simcoe hops, it gives citrusy and tropical flavours.Beware, it is very hoppy! Smooth with bitterish finish, it crushable like monster on a label! ",croatia,0,1,0,0,0,0,0,0,0,0,0,0,0,0,0,0,0,0,0,0,0,0,0,0,0,0,0,0,0,0,0,0,0,0,0,0,1,0
740,5229365,Pulfer Brewery,Crimson Tornado,Pale Ale - New England / Hazy,https://untappd.com/b/pulfer-brewery-crimson-tornado/5229365,5.4,40,3.76,668,02/09/23,"A new monster on a beer label! After Black Blizzard and White Typhoon, it's time for Crimson Tornado!We brewed New England pale ale, but thanks to huge amount of hops you will experince IPA, really.Tropical aroma with pineapples, stone fruits, some dankness and herbal notes and citrusy background.Yes Nectaron, BRU-1, Lotus and Ekuanot hops combing power! ",croatia,0,1,0,0,0,0,0,0,1,0,0,0,0,0,0,0,0,0,0,0,0,0,0,0,0,0,0,0,0,0,0,0,0,0,0,0,1,0
741,5411115,Pulfer Brewery,Chick Fight,Pale Ale - New England / Hazy,https://untappd.com/b/pulfer-brewery-chick-fight/5411115,5.6,40,3.76,739,06/21/23,"We continue to brew hazy pale ales cause they are highly drinkable with lower alcohol, but still with tones of hops for very hoppy kick.Do you remember our double NEIPA 'Beerserker Rage' and berserker barbarian on its label?We also continue with beer label series inspired with creatures and mythology. Thunderbird and Phoenix, two chicks fighting for eternal glory!Will the raging Phoenix win because his resurrection ability or will the Thunderbird use his thunderbolts to crush flaming chick?Very hazy pale ale with tropical and citrus aroma from Mosaic, Citra, Idaho7 and Sabro hops.We could say it's hazy IPA how much hops we put in it, so expect hoppy kick. ",croatia,0,1,0,0,0,0,0,0,0,0,0,1,0,0,0,0,0,0,0,0,0,0,0,0,0,0,0,0,0,0,0,0,0,0,0,0,1,0
742,3192116,Bura Brew,Hoppykumulus,Pale Ale - New England / Hazy,https://untappd.com/b/bura-brew-hoppykumulus/3192116,5.5,30,3.76,199,04/23/19,"This is a collaboration beer between Bura Brew and Hotch Potch. If you were wondering what clouds taste like, you are about to find out: we joined forces with Bura Brew and tamed some clouds to serve you in glass. When you order our cloudy ale, don't be surprised with the smell of gummy bears and a hint of pear in flavor. Taming of clouds was a long process. They were so bitter at first that we have to give them a whole load of yellow gummy bears for the balance. As well for some unknown reason, they responded well when we gave them pears. Gummy bears and pears. And it was all yellow, and so is this ale.  ",croatia,0,0,0,0,0,0,0,0,0,0,0,0,0,0,0,0,0,0,0,0,0,0,0,0,0,0,0,0,0,0,0,0,0,0,0,0,1,0
743,4965719,The Garden Brewery,New England Pale Ale #10,Pale Ale - New England / Hazy,https://untappd.com/b/the-garden-brewery-new-england-pale-ale-10/4965719,5.2,22,3.75,728,08/06/22,"Smooth & juicy crusher with Pineapple, Passion Fruit & citrus aromas  ",croatia,0,0,0,0,0,0,0,0,0,0,0,0,0,0,0,0,0,0,0,0,0,0,0,0,0,0,0,0,0,0,0,0,0,0,0,0,1,0
744,4222125,The Garden Brewery,New England Pale Ale #03 - Lupomax Showcase,Pale Ale - New England / Hazy,https://untappd.com/b/the-garden-brewery-new-england-pale-ale-03-lupomax-showcase/4222125,5.2,20,3.75,1147,03/15/21,"New Citra & Mosaic Lupomax hop product showcase. Heavy notes of citrus, mango and melon ",croatia,0,0,0,0,0,0,0,0,0,0,0,0,0,0,0,0,0,0,0,0,0,0,0,0,0,0,0,0,0,0,0,0,0,0,0,0,1,0
745,4446507,The Garden Brewery,New England Pale Ale #05,Pale Ale - New England / Hazy,https://untappd.com/b/the-garden-brewery-new-england-pale-ale-05/4446507,4.7,15,3.75,571,08/06/21,"Peach, Mandarin and Coconut aromas. Packed with Sabro, Simcoe and HBC 431 hops  ",croatia,0,1,0,0,0,0,0,0,0,0,0,0,0,0,0,0,0,0,0,0,0,0,0,0,0,0,0,0,0,0,0,0,0,0,0,0,1,0
746,5410995,Pivovara Medvedgrad,Fantom 35,Pale Ale - New England / Hazy,https://untappd.com/b/pivovara-medvedgrad-fantom-35/5410995,5.2,28,3.75,165,06/21/23,"Fantom 35 mutno je pivo puno hmelja i predivnih aroma, tropskih nota i lagane, balansirane gorčine koja mu daje svježinu i pitkost. ",croatia,0,1,0,0,0,0,0,0,0,0,0,0,0,0,0,0,0,0,0,0,0,0,0,0,0,0,0,0,0,0,0,0,0,0,0,0,1,0
747,5748179,Mlinarica,Lucky,Pale Ale - New England / Hazy,https://untappd.com/b/mlinarica-lucky/5748179,5.5,35,3.74,199,03/14/24,"Malts: pale, wheat, munich, carapils, oat flakesHops: Talus, Cascade,  HBC586 Yeast: YF114 Crazy Hazy ",croatia,0,0,0,0,0,0,0,0,0,0,0,0,0,0,1,0,0,0,0,0,0,0,0,0,0,0,0,0,0,0,0,0,0,0,0,0,1,0
748,5910281,Dubrovnik Beer Co.,Hazy 14,Pale Ale - New England / Hazy,https://untappd.com/b/dubrovnik-beer-co-hazy-14/5910281,5.2,15,3.73,179,07/17/24,14th anniversary collaboration with Glam Bar Dubrovnik. ,croatia,0,0,0,0,0,0,0,0,0,0,0,0,0,0,0,0,0,0,0,0,0,0,0,0,0,0,0,0,0,0,0,0,0,0,0,0,1,0
749,5101734,The Garden Brewery,Obala - New England Pale Ale,Pale Ale - New England / Hazy,https://untappd.com/b/the-garden-brewery-obala-new-england-pale-ale/5101734,4.7,22,3.72,6497,11/03/22,"Smooth and tropical. Easy-drinking Pale packed with notes of Pineapple, Lime, Blueberry & Mandarin ",croatia,0,0,0,0,0,0,0,0,1,0,0,0,0,0,0,0,0,0,0,0,0,0,0,0,0,0,0,0,0,0,0,0,0,0,0,0,1,0
750,5239854,Mlinarica,The Stranger,Pale Ale - New England / Hazy,https://untappd.com/b/mlinarica-the-stranger/5239854,5.42,42,3.72,159,02/17/23,"Malt: Pale, Munich, wheat, carapilsHops: Styrian Wolf, HBC586, HBC630Yeast: Verdant IPA  ",croatia,0,0,0,0,0,0,0,0,0,0,0,0,0,0,0,0,0,0,0,0,0,0,0,0,0,0,0,0,0,0,0,0,0,0,0,0,1,0
751,5877570,The Garden Brewery,New England Pale Ale (Makarska),Pale Ale - New England / Hazy,https://untappd.com/b/the-garden-brewery-new-england-pale-ale-makarska/5877570,4.4,20,3.72,796,06/21/24,"Ripe tropical fruits and zesty citrus aromas combine with Pineapple, Mango & Grapefruit flavours in this smooth and creamy Pale. Made with our Croatian friends from Makarska ",croatia,0,0,0,0,0,0,0,0,1,0,0,0,0,0,0,0,0,0,0,0,0,0,0,0,0,0,0,0,0,0,0,0,0,0,0,0,1,0
752,5891783,Hvar Brewing Company,New England Pale Ale,Pale Ale - New England / Hazy,https://untappd.com/b/hvar-brewing-company-new-england-pale-ale/5891783,4.7,N/A,3.71,488,07/01/24, ,croatia,0,0,0,0,0,0,0,0,0,0,0,0,0,0,0,0,0,0,0,0,0,0,0,0,0,0,0,0,0,0,0,0,0,0,0,0,1,0
753,4593203,The Garden Brewery,New England Pale Ale #07,Pale Ale - New England / Hazy,https://untappd.com/b/the-garden-brewery-new-england-pale-ale-07/4593203,4.6,20,3.7,594,11/13/21,"Heavily hopped with HBC431, El Dorado, Talus & Citra. Big stone fruit, citrus, Coconut and Pineapple aromas ",croatia,0,0,0,0,0,0,0,0,1,0,0,0,0,0,0,0,0,0,0,0,0,0,0,0,0,0,0,0,0,0,0,0,0,0,0,0,1,0
755,6500120,Nova Runda,Small Batch 85: Freestyle Peachtarine,Pale Ale - New Zealand,https://untappd.com/b/nova-runda-small-batch-85-freestyle-peachtarine/6500120,5.5,20,3.82,151,11/21/25,"New Zealand Pale Ale brewed with Citra, Motueka, Mosaic, and Peachtarine hops. ",croatia,0,1,0,0,0,0,0,0,0,0,0,0,0,0,0,0,0,0,0,0,0,0,0,0,0,0,0,0,0,0,0,0,0,0,0,0,1,0
756,6500125,Nova Runda,Small Batch 86: Freestyle Manilita,Pale Ale - New Zealand,https://untappd.com/b/nova-runda-small-batch-86-freestyle-manilita/6500125,5.5,20,3.81,190,11/21/25,"New Zealand Pale Ale brewed with Citra, Motueka, Mosaic, and Manilita hops. ",croatia,0,1,0,0,0,0,0,0,0,0,0,0,0,0,0,0,0,0,0,0,0,0,0,0,0,0,0,0,0,0,0,0,0,0,0,0,1,0
759,5220309,Zmajska Pivovara,Sir William's Ale,Pale Ale - Other,https://untappd.com/b/zmajska-pivovara-sir-william-s-ale/5220309,5.6,27,3.82,242,02/02/23,"Not really a classic representative of the pale ale style. Characterized by strong hoppiness of Simcoe, Chinook, Citra, Cryo Citra and Nectaron hops. The aroma and taste flow from tropical fruit and citrus to pine and resin. Medium - bodied, moderate bitterness with a medium dry finish. Brewed as an hommage to the iconic place of Ljubljana's craft culture - Sir William's pub. ",croatia,0,1,0,0,0,0,0,0,1,0,0,0,0,0,0,0,0,0,0,0,0,0,0,0,0,0,0,0,0,0,0,0,0,0,0,0,1,0
760,5974753,Zmajska Pivovara,Pale Ale Dry Hopped,Pale Ale - Other,https://untappd.com/b/zmajska-pivovara-pale-ale-dry-hopped/5974753,5.3,45,3.77,164,09/07/24,"A special, dry hopped edition to celebrate 10 years since the release of our Pale ale.  ",croatia,0,0,0,0,0,0,0,0,0,0,0,0,0,0,0,0,0,0,0,0,0,0,0,0,0,0,0,0,0,0,0,0,0,0,0,0,1,0
761,5289396,Nova Runda,Small Batch Series: 38 DDH Pale Kveik,Pale Ale - Other,https://untappd.com/b/nova-runda-small-batch-series-38-ddh-pale-kveik/5289396,5.0,35,3.74,271,03/25/23,"Pale Kveik brewed with Riwaka, Pacific Sunrise, Galaxy, Citra, Mosaic ",croatia,0,0,0,0,0,0,0,0,0,0,0,0,0,0,0,0,0,0,0,0,0,0,0,0,0,0,0,0,0,0,0,0,0,0,0,0,1,0
762,3382679,The Garden Brewery,DDH Pale,Pale Ale - Other,https://untappd.com/b/the-garden-brewery-ddh-pale/3382679,5.2,20,3.68,450,08/14/19, ,croatia,0,0,0,0,0,0,0,0,0,0,0,0,0,0,0,0,0,0,0,0,0,0,0,0,0,0,0,0,0,0,0,0,0,0,0,0,1,0
763,4875234,Mandrill Nano Brewing Co.,Badger,Pale Ale - Other,https://untappd.com/b/mandrill-nano-brewing-co-badger/4875234,5.5,N/A,3.64,496,06/05/22,On draft best in a bar in Split on a hot spring/summer night  ,croatia,0,0,0,0,0,0,0,0,0,0,0,0,0,0,0,0,0,0,0,0,0,0,0,0,0,0,0,0,0,0,0,0,0,0,0,0,1,0
764,6051342,Zmajska Pivovara,Barbeerian Pale Ale,Pale Ale - Other,https://untappd.com/b/zmajska-pivovara-barbeerian-pale-ale/6051342,4.8,N/A,3.62,524,11/08/24, ,croatia,0,0,0,0,0,0,0,0,0,0,0,0,0,0,0,0,0,0,0,0,0,0,0,0,0,0,0,0,0,0,0,0,0,0,0,0,1,0
765,5402284,Adriatic Craft Beer,Ale With Rosemary,Pale Ale - Other,https://untappd.com/b/adriatic-craft-beer-ale-with-rosemary/5402284,5.0,34,3.6,237,06/15/23,"Adriatic Ale  is a pale ale beer with rosemary.Rosemary in Latin means sea dew. This beer brings the refreshment of the sea breeze on a hot summer day and the true taste of the Adriatic. Adriatic Ale offers refreshing and harmonious flavors of citrus, along with the gentle, aromatic bitterness of rosemary. Served at the right temperature of 8 to 10 degrees Celsius, it will go perfectly with a light Mediterranean meal. Rosemary is also a symbol of loyalty, so we are sure that you will always be loyal to this beer. ",croatia,0,0,0,0,0,0,0,0,0,0,0,0,0,0,0,0,0,0,0,0,0,0,0,0,0,0,0,0,0,0,0,0,0,0,0,0,1,0
766,4836170,Lepi Dečki Brewery,2 DOGMA COLD APA,Pale Ale - Other,https://untappd.com/b/lepi-decki-brewery-2-dogma-cold-apa/4836170,5.6,N/A,3.6,155,05/11/22,"DDH cold APA, made with rice for extra crispiness. ",croatia,0,0,0,0,0,0,0,0,0,0,0,0,0,0,0,0,0,0,0,0,0,0,0,0,0,0,0,0,0,0,0,0,0,0,0,0,1,0
767,2551658,The Garden Brewery,Xtra Pale Ale,Pale Ale - Other,https://untappd.com/b/the-garden-brewery-xtra-pale-ale/2551658,4.7,47,3.58,200,03/12/18,"A dank pale with flavours of tangerine and citrus, a heavy malt base and a combination of AY4 American Ale and WLP 095 Burlington Ale yeasts.  ",croatia,1,0,0,0,0,0,0,1,0,0,0,0,0,0,0,0,0,0,0,0,0,0,0,0,0,0,0,0,0,0,0,0,0,0,0,0,1,0
768,2512226,Mandrill Nano Brewing Co.,Pale Monkey,Pale Ale - Other,https://untappd.com/b/mandrill-nano-brewing-co-pale-monkey/2512226,4.1,N/A,3.56,603,02/14/18, ,croatia,0,0,0,0,0,0,0,0,0,0,0,0,0,0,0,0,0,0,0,0,0,0,0,0,0,0,0,0,0,0,0,0,0,0,0,0,1,0
769,3145092,The Garden Brewery,Mandarina Bavaria Pale,Pale Ale - Other,https://untappd.com/b/the-garden-brewery-the-garden-mandarina-bavaria-pale/3145092,4.8,35,3.51,642,03/25/19,"Single Hop Series. A showcase of the German Mandarina Bavaria hop. Pouring a light golden yellow, high levels of limonene and linalool result in an aroma of fresh citrus and mandarin pith. Sweet mandarin citrus, with a dry, bitter finish. ",croatia,0,0,0,1,0,0,0,0,0,0,0,0,0,0,0,0,0,0,0,0,0,0,0,0,0,0,0,0,0,0,0,0,0,0,0,0,1,0
770,3885584,The Garden Brewery,Huell Melon Pale Ale,Pale Ale - Other,https://untappd.com/b/the-garden-brewery-huell-melon-pale-ale/3885584,4.9,24,3.48,2909,07/23/20,"A brand new single-hopped Pale Ale, showcasing Huell Melon hops. Light-bodied, refreshing, with aromas of honeydew melon, strawberries and apricot. A proper summer beer, and perfectly thirst-quenching.  ",croatia,0,1,0,0,0,0,0,0,1,0,0,0,0,0,0,0,0,0,0,0,0,0,0,0,0,0,0,0,0,0,0,0,0,0,0,0,1,0
771,4802812,Pivski Mudraci,Pale Ale,Pale Ale - Other,https://untappd.com/b/pivski-mudraci-pale-ale/4802812,5.0,25,3.43,971,04/17/22,"Unpasteurised, unfiltered. Brewed on a wood stove. ",croatia,0,0,0,0,0,0,0,0,0,0,0,0,0,0,0,0,0,0,0,0,0,0,0,0,0,0,0,0,0,0,0,0,0,0,0,0,1,0
772,4199790,Domača Pivovara,FeJst Domača Piva,Pale Ale - Other,https://untappd.com/b/domaca-pivovara-fejst-domaca-piva/4199790,4.8,N/A,3.43,218,02/27/21, ,croatia,0,0,0,0,0,0,0,0,0,0,0,0,0,0,0,0,0,0,0,0,0,0,0,0,0,0,0,0,0,0,0,0,0,0,0,0,1,0
773,6163962,Zmajska Pivovara,Drifter,Pale Ale - Other,https://untappd.com/b/zmajska-pivovara-drifter/6163962,3.4,32,3.43,976,02/19/25,"Small Pale Ale brewed with Styrian Wolf, Citra and  Simcoe. ",croatia,0,0,0,0,0,0,0,0,0,0,0,0,0,0,0,0,0,0,0,0,0,0,0,0,0,0,0,0,0,0,0,0,0,0,0,0,1,0
774,5921144,The Garden Brewery,Starfu*ker,Pale Ale - Other,https://untappd.com/b/the-garden-brewery-starfu-ker/5921144,4.5,28,3.43,1474,07/25/24,Spar brand beer produced by The  Garden Brewery (The Bird d.o.o. company) ,croatia,0,0,0,0,0,0,0,0,0,0,0,0,0,0,0,0,0,0,0,0,0,0,0,0,0,0,0,0,0,0,0,0,0,0,0,0,1,0
775,5818719,The Garden Brewery,Pale Ale - Azacca Single Hop Showcase,Pale Ale - Other,https://untappd.com/b/the-garden-brewery-pale-ale-azacca-single-hop-showcase/5818719,3.4,20,3.4,1676,05/07/24,"Super sessionable pale with a bright, refreshing aroma and notes of juicy mango, citrus and subtle pine from the Azacca hops in their T90 and Cryo forms. A slightly bitter kick and dry finish makes for a highly drinkable thirst quencher. ",croatia,0,1,0,0,0,0,0,0,0,0,0,0,0,0,0,0,0,0,0,0,0,0,0,0,0,0,0,0,0,0,0,0,0,0,0,0,1,0
776,2198892,Vergal Brewery,Adriatik,Pale Ale - Other,https://untappd.com/b/vergal-brewery-adriatik/2198892,5.0,23,3.37,322,07/17/17,"Adriatik is a Sea Water Pale Ale, fresh, balanced, easily drinkable and rich in sensorial terms. The addition of Piran salt makes it unique, confering a light and interesting sapidity, and sealing an indivisible bond with the sea and the territory of Istria. Adriatik has an intense golden color, given by the Pale Ale malt, with notes of honey and cereal, a medium mouthfeel and a balanced bitterness. The scent released by lemon peels, added during the production process, makes it even more refreshing and suitable with delicate first courses, seafood and cruditès. ",croatia,1,0,0,0,0,0,0,0,0,0,0,0,0,0,0,0,0,0,0,0,0,0,0,0,0,0,0,0,0,0,0,0,0,0,0,0,1,0
777,3047559,Imota,Imocko Pivo,Pale Ale - Other,https://untappd.com/b/imota-imocko-pivo/3047559,4.8,N/A,3.25,828,01/22/19,"Malt, citrus, fruits, juicy ",croatia,0,0,0,0,0,0,0,0,1,0,0,0,0,0,0,0,0,0,0,0,0,0,0,0,0,0,0,0,0,0,0,0,0,0,0,0,1,0
778,1912672,Podrum,Kob,Pale Ale - Other,https://untappd.com/b/podrum-kob/1912672,4.5,24,3.24,383,01/18/17, ,croatia,0,0,0,0,0,0,0,0,0,0,0,0,0,0,0,0,0,0,0,0,0,0,0,0,0,0,0,0,0,0,0,0,0,0,0,0,1,0
780,6356097,Maskeron,SON OF THE BEACH,Pale Ale - XPA (Extra Pale),https://untappd.com/b/maskeron-son-of-the-beach/6356097,5.8,35,3.85,294,07/27/25,"EXTRA PALE ALE FOR LEMMY49% Motherhopper and 51% Son Of The BeachDDH with Galaxy Quantum, Superdelic, Motueka, Sabro CryoCrank up the volume and raise your glass to the Man! ",croatia,0,0,0,0,0,0,0,0,0,0,0,0,0,0,0,0,0,0,0,0,0,0,0,0,0,0,0,0,0,0,0,0,0,0,0,0,1,0
781,4961003,The Garden Brewery,Dry Hopped Callista Pilsner,Pilsner - American,https://untappd.com/b/the-garden-brewery-dry-hopped-callista-pilsner/4961003,5.0,28,3.43,3013,08/03/22,"Super refreshing dry hopped pilsner fermented with a traditional Bavarian lager yeast with an ultra light, all-German malt base. Showcasing Callista hops developed at the Hull Research Institute, displaying vibrant aromas of apricot, pears, and strawberries, balanced with a crisp bitterness. A heatwave essential! ",croatia,1,1,0,1,0,0,0,1,1,0,0,0,0,0,0,0,0,0,0,0,0,0,0,0,0,0,0,0,0,0,0,1,0,0,0,0,0,0
782,6658506,Brk Lee Brewery,PLZ,Pilsner - Czech / Bohemian,https://untappd.com/b/brk-lee-brewery-plz/6658506,5.2,30,3.75,190,04/03/26,"Naše prvo core pivo - nefiltrirani češki pilsner.Varen s bohemian sladom, dvostrukom dekokcijom i legendarnim Saaz hmeljem, sve po p.s.-u!Zapamtite: u Češkoj se pije najviše piva po glavi stanovnika, a valjda ljudi znaju što rade! ",croatia,1,0,0,0,0,0,0,0,0,0,0,0,0,0,0,0,0,0,0,0,0,0,0,0,0,0,0,0,0,0,0,1,0,0,0,0,0,0
783,6577169,Mlinarica,Mali Purger,Pilsner - Czech / Bohemian,https://untappd.com/b/mlinarica-mali-purger/6577169,5.3,45,3.7,171,01/23/26,"Brewed to celebrate a newborn at Mlinarica, this Bohemian Pils is all about balance and drinkability. Medium-full body with gentle breadiness and smooth malt character, with Saaz hops for a classic, noble, bitter, elegant finish. Soft, rounded, and dangerously easy to drink.Cheers to Mali Purger! ",croatia,1,1,0,0,0,0,0,0,0,0,0,0,0,0,0,0,0,0,0,0,0,0,0,0,0,0,0,0,0,0,0,1,0,0,0,0,0,0
784,5890366,Nova Runda,Zaboky 12 Ležak,Pilsner - Czech / Bohemian,https://untappd.com/b/nova-runda-zaboky-12-lezak/5890366,5.1,35,3.69,516,06/30/24,"Zaboky Ležak 12 is a homage to the Czech brewing tradition, crafted with the purity and precision it deserves. The result is a symphony of crisp malt character, accented by subtle floral and spicy notes from the noble Saaz hops. ",croatia,1,1,0,0,0,0,0,0,0,0,0,0,0,0,0,0,0,0,0,0,0,0,0,0,0,0,0,0,0,0,0,1,0,0,0,0,0,0
785,5913114,Pulfer Brewery,Czech This Out!,Pilsner - Czech / Bohemian,https://untappd.com/b/pulfer-brewery-czech-this-out/5913114,4.2,25,3.66,167,07/19/24,"BeeReady, and it's the 'Best of Show Beer at SMASH Homebrew Competition 2024. To get the story, this is a few words from our friends from #SMASH.'We are proud to announce that this year's best beer at the SMASH Homebrew competition was brewed by the talented Finn Markku and is headed your way. His 'Pale Czech Lager' won the hearts of the judges and the audience, and was declared the best of all submitted beers. As a prize for Best Of Show, Markku got the opportunity to brew his winning beer at the renowned Pulfer Brewery.'Needless to say, we are very pleased that we participated in this cool project in which we exchanged brewing tips, and had a great time along the way. Special thanks to all the guys from SMASH Homebrew Competition, CroCraft, and of course to the Markku. ",croatia,0,0,0,0,0,0,0,0,0,0,0,0,0,0,0,0,0,0,0,0,0,0,0,0,0,0,0,0,0,0,0,1,0,0,0,0,0,0
786,6075005,Pivovara Medvedgrad,Lager,Pilsner - Czech / Bohemian,https://untappd.com/b/pivovara-medvedgrad-lager/6075005,4.8,45,3.65,198,11/28/24,"Posljednje u seriji od pet piva koja pričaju Medvedgrad priču povodom 30. obljetnice svijetli je lager pod imenom Lager. Ovaj bohemian pilsner izraženog je sladnog okusa, izbalansiran s finom gorčinom koja dolazi od čeških hmeljeva. ",croatia,1,0,0,0,0,0,0,0,0,0,0,0,0,0,0,0,0,0,0,0,0,0,0,0,0,0,0,0,0,0,0,1,0,0,0,0,0,0
787,3804565,Zeppelin Craft Brewery,Pilsss,Pilsner - Czech / Bohemian,https://untappd.com/b/zeppelin-craft-brewery-pilsss/3804565,4.5,28,3.43,785,05/29/20, ,croatia,0,0,0,0,0,0,0,0,0,0,0,0,0,0,0,0,0,0,0,0,0,0,0,0,0,0,0,0,0,0,0,1,0,0,0,0,0,0
788,3138266,Lepi Dečki Brewery,Čakovečko,Pilsner - Czech / Bohemian,https://untappd.com/b/lepi-decki-brewery-cakovecko/3138266,4.4,21,3.38,1637,03/22/19,"In the north there lies Čakovec, an old town with its mysteries, adventure and dragons. Čakovečko is a pilsner style beer released on 27/03/2019 ",croatia,0,0,0,0,0,0,0,0,0,0,0,0,0,0,0,0,0,0,0,0,0,0,0,0,0,0,0,0,0,0,0,1,0,0,0,0,0,0
789,1780185,Crafter's,Glider,Pilsner - Czech / Bohemian,https://untappd.com/b/crafter-s-glider/1780185,5.0,N/A,3.35,1003,10/16/16,"Provjerena češka receptura i klasični pivski stil na Crafter's način! Pitko, lagano pivo sa cvijetnim aromama garantirano osvježava u svakoj prilici. ",croatia,0,0,0,0,0,0,0,0,0,0,0,0,0,0,0,0,0,0,0,0,0,0,0,0,0,0,0,0,0,0,0,1,0,0,0,0,0,0
790,2626755,Pivovara Daruvar,5th Element Bonner,Pilsner - Czech / Bohemian,https://untappd.com/b/pivovara-daruvar-5th-element-bonner/2626755,4.2,35,3.27,1412,04/29/18,"Karakterizira ga ugodna hmeljna gorčina, za nas tradicionalnih slovenskih hmeljeva Aurore i Goldinga, nadopunjena slatkoćom slada s hrvatskih polja. Jednostavno LJUBAV sa češkim otiskom koji objedinjuje najkvalitetnije sirovine tradicionalnog podrijetla koje koristimo kroz našu dugu povijest stvaranja piva. ",croatia,1,0,0,0,0,0,0,0,0,0,0,0,0,0,0,0,0,0,0,0,0,0,0,0,0,0,0,0,0,0,0,1,0,0,0,0,0,0
791,5820734,Pivovara Medvedgrad,Krigla,Pilsner - German,https://untappd.com/b/pivovara-medvedgrad-krigla/5820734,5.2,34,3.64,257,05/09/24,"Krigla je drugo pivo u seriji od pet piva koja pričaju Medvedgrad priču povodom 30. obljetnice. Osvježavajuće, lagano svijetlo pivo, savršenog balansa slatkoće slada i njemačkih hmeljeva uz ugodnu gorčinu.  ",croatia,1,0,0,0,0,0,0,0,0,0,0,0,0,0,0,0,0,0,0,0,0,0,0,0,0,0,0,0,0,0,0,1,0,0,0,0,0,0
792,4463110,Pivovara Medvedgrad,Fantom German Pilsner,Pilsner - German,https://untappd.com/b/pivovara-medvedgrad-fantom-german-pilsner/4463110,5.1,35,3.6,192,08/16/21,"Novi Fantom - novo pivo. Ovoga puta naš pivar je skuhao klasik - Extra Pale Premium Pilsner - perjanicu njemačkog pivarstva. Plemeniti hmeljevi - Tettnager, Mittelfruh, Spalter - daju mu pitkost, gorčinu te prepoznatljiv karakter. Prost! ",croatia,0,0,0,0,0,0,0,0,0,0,0,0,0,0,0,0,0,0,0,0,0,0,0,0,0,0,0,0,0,0,0,1,0,0,0,0,0,0
793,6447033,Pulfer Brewery,Wintress,Pilsner - German,https://untappd.com/b/pulfer-brewery-wintress/6447033,5.1,25,3.6,581,10/14/25,"Brewed with Perle and Saphir hops, it's modern pilsner.Golden colored, crisp with fruity notes, dry with bitter end, highly crushable. ",croatia,0,1,0,0,0,0,0,0,1,0,0,0,0,0,0,0,0,0,0,0,0,0,0,0,0,0,0,0,0,0,0,1,0,0,0,0,0,0
794,5816759,King's Brew,King's Pilsner,Pilsner - German,https://untappd.com/b/king-s-brew-king-s-pilsner/5816759,5.0,N/A,3.58,171,05/05/24,"King's Pilsner (German Pilsner), captivates with its combination of dominant floral and spicy hop aromas, perfectly balanced with subtle fruity notes of red berries. Additionally, it features malt aromas of crackers, bread crust, and sweet dough, creating an irresistible sensation on the palate. In the aftertaste, a pleasant moderate bitterness is felt, while the drinking experience remains crisp, smooth, and refreshing. Moreover, our Pilsner beer boasts a beautiful thick creamy foam that lingers atop the glass, while its white gold color further enhances the aesthetic pleasure. ",croatia,1,0,0,1,0,0,0,0,1,0,0,0,0,0,0,0,0,0,0,0,0,0,0,0,0,0,0,0,0,0,0,1,0,0,0,0,0,0
795,3323457,Nova Runda,Angry Moose,Pilsner - German,https://untappd.com/b/nova-runda-angry-moose/3323457,5.0,40,3.58,2137,07/10/19,"Yep, we finally brewed L A G E R! After 5 years of our ale loyalty, we decided it's time to dive into lager production. 6 months of in depth analysis of Pilsner style, and many trial and errors during that period resulted with this classic German style Pils. ",croatia,0,0,0,1,0,0,0,0,0,0,0,0,0,0,0,0,0,0,0,0,0,0,0,0,0,0,0,0,0,0,0,1,0,0,0,0,0,0
796,5018970,The Garden Brewery,Oktobeer Pilsner #2,Pilsner - German,https://untappd.com/b/the-garden-brewery-oktobeer-pilsner-2/5018970,4.5,35,3.56,544,09/13/22,German-style Pils with Slovenian Styrian Kolibri hops. Refreshing & Floral. ,croatia,0,1,0,1,0,0,0,0,0,0,0,0,0,0,0,0,0,0,0,0,0,0,0,0,0,0,0,0,0,0,0,1,0,0,0,0,0,0
797,5552726,Brewville - Neretva Valley,Bright Arrow,Pilsner - German,https://untappd.com/b/brewville-neretva-valley-bright-arrow/5552726,5.0,22,3.51,278,10/05/23,Bright Arrow is the story of Prince Domagoj and the Neretva pirates who protected their coasts and the right to the sea by piracy. This German Pilsner is a light lager beer with a light body and low bitterness with light hop aromas. ,croatia,0,0,0,1,0,0,0,0,0,0,0,0,0,0,0,0,0,0,0,0,0,0,0,0,0,0,0,0,0,0,0,1,0,0,0,0,0,0
798,4600197,Devetka Craft,Devetka La9er,Pilsner - German,https://untappd.com/b/devetka-craft-devetka-la9er/4600197,4.5,32,3.49,302,11/19/21,"Naš La9er je lagano pivo hmeljne arome, blage i ugodne gorčine, zlatne boje, bogate i čvrste pjene te, ono najvažnije, nevjerojatno pitko i osvježavajuće. Devetka La9er neće vas ostaviti ravnodušnima. Svaki novi gutljaj pozivati će vas na još, a užitak će biti potpun uz samo 4,5%  alkohola. Naš La9er jednostavno je Enjoyable. ",croatia,0,0,0,0,0,0,0,0,0,0,0,1,0,0,0,0,0,0,0,0,0,0,0,0,0,0,0,0,0,0,0,1,0,0,0,0,0,0
799,2437017,GRIF,GRIF Pilsner,Pilsner - German,https://untappd.com/b/grif-grif-pilsner/2437017,5.0,28,3.3,2488,12/19/17,"GRIF Pilsner je naša posveta klasičnom njemačkom pilsneru. Riječ je o laganom i pitkom pivu čiju naglašenu cvjetnu notu dobivamo korištenjem plemenitog njemačkog aromatičnog hmelja Tettnager.GRIF Pilsner smo dugo ukomljavali te fermentirali na niskim temperaturama s diacetilnog stankom na kraju primarne fermentacije nakon čega je slijedio pretok, odležavanje te punjenje. Rezultat je nefiltriran i nepasteriziran pilsner koji je idealno popiti svježe natočenog na temperaturi od 3 do 8 Celzijevaca. Kako bi Nijemci rekli - prost! ",croatia,0,1,0,0,0,0,0,0,0,0,0,0,0,0,0,0,0,0,0,0,0,0,0,0,0,0,0,0,0,0,0,1,0,0,0,0,0,0
800,1956960,The Garden Brewery,Pilsner | Zora,Pilsner - German,https://untappd.com/b/the-garden-brewery-pilsner-zora/1956960,4.5,27,3.29,13197,02/18/17,"This is our take on a traditional German Pilsner. A full malt bill; bready and soft caramel notes which has been generously hopped with a blend of Hallertauer Mittlefruh and Saaz hops and fermented with a classic Bavarian yeast. Clean, crisp and classic. ",croatia,1,1,0,1,0,0,1,1,0,0,0,0,0,0,0,0,0,0,0,0,0,0,0,0,0,0,0,0,0,0,0,1,0,0,0,0,0,0
801,1242750,PIVIONICA,Fulir,Pilsner - German,https://untappd.com/b/pivionica-fulir/1242750,4.5,25,3.24,1338,09/19/15,German style pilsner lager with clean and dry refreshing taste. ,croatia,0,0,0,1,0,0,0,0,0,0,0,0,0,0,0,0,0,0,0,0,0,0,0,0,0,0,0,0,0,0,0,1,0,0,0,0,0,0
802,1586138,Pivovara Medvedgrad,CugMajstor,Pilsner - Imperial / Double,https://untappd.com/b/pivovara-medvedgrad-cugmajstor/1586138,6.1,32,3.62,723,06/04/16,"Plemeniti pilsnerMajstori pivari: Matt Hollingsworth i Božidar KostanjčarHmeljevi: Aurora, Tettnanger, Hallertauer Mittelfrueh ",croatia,0,0,0,0,0,0,0,0,0,0,0,0,0,0,0,0,0,0,0,0,0,0,0,0,0,0,0,0,0,0,0,1,0,0,0,0,0,0
803,5776571,Zmajska Pivovara,Palooza,Pilsner - Italian,https://untappd.com/b/zmajska-pivovara-palooza/5776571,5.0,35,3.69,161,04/05/24,Collab with LZO Brewery from Italy. Hop: Cascade ,croatia,0,0,0,0,0,0,0,0,0,0,0,0,0,0,0,0,0,0,0,0,0,0,0,0,0,0,0,0,0,0,0,1,0,0,0,0,0,0
804,4569418,Nova Runda,Giro Sul Luppolo,Pilsner - Italian,https://untappd.com/b/nova-runda-giro-sul-luppolo/4569418,5.5,45,3.64,587,10/29/21,You have to cross the finish line in the first place if you want to win! This universal equation sounds simple but you have to infuse your body with enough hoppy electrolytes to achieve it. #PerLaVittoria ,croatia,0,0,0,0,0,0,0,0,0,0,0,0,0,0,0,0,0,0,0,0,0,0,0,0,0,0,0,0,0,0,0,1,0,0,0,0,0,0
805,4605772,The Garden Brewery,Italian Pilsner,Pilsner - Italian,https://untappd.com/b/the-garden-brewery-italian-pilsner/4605772,4.7,23,3.44,423,11/22/21,Crisp & clean with a citric squeeze of Italian Oranges & Lemons ,croatia,0,0,0,0,0,0,0,0,0,0,0,0,0,0,0,0,0,0,0,0,0,0,0,0,0,0,0,0,0,0,0,1,0,0,0,0,0,0
806,6515321,Nova Runda,Split Apple Rock Pilsner #3 - Motueka,Pilsner - New Zealand,https://untappd.com/b/nova-runda-split-apple-rock-pilsner-3-motueka/6515321,5.1,45,3.77,173,12/03/25,"Split Rock Pilsner V3 takes you to New Zealand's Pikimai hop farm, where Motueka hops grow wild! This version is dry-hopped exclusively with Motueka, delivering a crisp and dry finish. ",croatia,0,1,0,0,0,0,0,0,0,0,0,0,0,0,0,0,0,0,0,0,0,0,0,0,0,0,0,0,0,0,0,1,0,0,0,0,0,0
807,6373918,Nova Runda,Split Apple Rock Pilsner #2 - Motueka And Riwaka,Pilsner - New Zealand,https://untappd.com/b/nova-runda-split-apple-rock-pilsner-2-motueka-and-riwaka/6373918,5.2,45,3.77,235,08/11/25,"Crafted with traditional double decoction and Motueka and Riwaka hops, it strikes the perfect balance between drinkability and distinctive hop character that only New Zealand can provide. ",croatia,0,1,0,0,0,0,0,0,0,0,0,0,0,0,0,0,0,0,0,0,0,0,0,0,0,0,0,0,0,0,0,1,0,0,0,0,0,0
808,6504666,Pulfer Brewery,Phial of Light,Pilsner - New Zealand,https://untappd.com/b/pulfer-brewery-phial-of-light/6504666,4.8,35,3.76,441,11/24/25,"We have continued with beer series inspired by Tolkien's Middle Earth!It's hoppy pilsner brewed with Nelson Sauvin, Nectaron and light of Eärendil's star.""... slowly he held aloft the Phial of Galadriel. ... then as its power waxed, and hope grew in Frodo’s mind, it began to burn, and kindled to a silver flame, a minute heart of dazzling light, as though Eärendil had himself come down from the high sunset paths with the last Silmaril upon his brow."" ",croatia,0,0,0,0,0,0,0,0,0,0,0,0,0,0,0,0,0,0,0,0,0,0,0,0,0,0,0,0,0,0,0,1,0,0,0,0,0,0
809,6056256,Nova Runda,Small Batch Series: 71 New Zealand Juicy Pilsner,Pilsner - New Zealand,https://untappd.com/b/nova-runda-small-batch-series-71-new-zealand-juicy-pilsner/6056256,5.6,45,3.76,201,11/12/24,Hoppy and juicy Pils brewed with Nelson Sauvin and New Zealand Cascade. ,croatia,0,0,0,0,0,0,0,0,0,0,0,0,0,0,0,0,0,0,0,0,0,0,0,0,0,0,0,0,0,0,0,1,0,0,0,0,0,0
810,5670754,Nova Runda,Small Batch Series: 57 Oceania Pilsner,Pilsner - New Zealand,https://untappd.com/b/nova-runda-small-batch-series-57-oceania-pilsner/5670754,5.5,45,3.76,182,01/05/24,"A Pilsner brewed with Motueka, Vic Secret, and Rakau hops. ",croatia,0,1,0,0,0,0,0,0,0,0,0,0,0,0,0,0,0,0,0,0,0,0,0,0,0,0,0,0,0,0,0,1,0,0,0,0,0,0
811,6314800,Mlinarica,Princess of Zeland,Pilsner - New Zealand,https://untappd.com/b/mlinarica-princess-of-zeland/6314800,5.6,32,3.76,151,06/23/25,"Malts: Pils,  Munich,  CaraBodyHops: Nectaron, Motueka, Kohatu, SuperdelicYeast: W34/70 ",croatia,0,0,0,0,0,0,0,0,0,0,0,0,0,0,0,0,0,0,0,0,0,0,0,0,0,0,0,0,0,0,0,1,0,0,0,0,0,0
812,6515326,Nova Runda,Split Apple Rock Pilsner #4 - Nelson Sauvin,Pilsner - New Zealand,https://untappd.com/b/nova-runda-split-apple-rock-pilsner-4-nelson-sauvin/6515326,5.1,45,3.75,162,12/03/25,"And we are in round 4 of our Split Rock Pilsner series. This time, we are going full Nelson Sauvin from New Zealand's Pikimai hop farm. We dry-hopped this NZ boy to push those wine-like notes while keeping it properly bitter and dry. ",croatia,0,0,0,0,0,0,0,0,0,0,0,0,0,0,0,0,0,0,0,0,0,0,0,0,0,0,0,0,0,0,0,1,0,0,0,0,0,0
813,6373915,Nova Runda,Split Apple Rock Pilsner #1 - Nelson And Cascade,Pilsner - New Zealand,https://untappd.com/b/nova-runda-split-apple-rock-pilsner-1-nelson-and-cascade/6373915,5.2,45,3.75,187,08/11/25,The Split Rock watches over another expression of New Zealand's hops - pairing the Nelson Sauvin with Cascade hops. This Pilsner is showcasing how the same terrain can produce entirely different flavor profiles. ,croatia,0,1,0,0,0,0,0,0,0,0,0,0,0,0,0,0,0,0,0,0,0,0,0,0,0,0,0,0,0,0,0,1,0,0,0,0,0,0
814,5403577,Zmajska Pivovara,Zvir,Pilsner - New Zealand,https://untappd.com/b/zmajska-pivovara-zvir/5403577,5.2,35,3.71,222,06/16/23,"Pale, dry, golden coloured, combines citrus fruits which dominate in aroma (lemon, lime, tangerine, grapefruit) with a background of sweet fruit notes of pineapple and mango.Hop: Riwaka, Motueka ",croatia,0,0,0,0,0,0,0,0,1,0,0,0,0,0,0,0,0,0,0,0,0,0,0,0,0,0,0,0,0,0,0,1,0,0,0,0,0,0
815,6385323,Pulfer Brewery,Flame of the West,Pilsner - New Zealand,https://untappd.com/b/pulfer-brewery-flame-of-the-west/6385323,4.3,30,3.71,503,08/22/25,"""Very bright was that sword when it was made whole again; the light of the sun shone redly in it, and the light of the moon shone cold, and its edge was hard and keen. And Aragorn gave it a new name and called it Andúril, Flame of the West."" ",croatia,0,0,0,0,0,0,0,0,0,0,0,0,0,0,0,0,0,0,0,0,0,0,0,0,0,0,0,0,0,0,0,1,0,0,0,0,0,0
816,6203307,Pulfer Brewery,Heart of the Mountain,Pilsner - New Zealand,https://untappd.com/b/pulfer-brewery-heart-of-the-mountain/6203307,4.3,40,3.69,781,03/25/25,"We have continued with beer series inspired from Middle Earth!Crushable, easy-going hoppy pilsner brewed with Mosaic and New Zealand hops - Nelson Sauvin, Wai-iti and Motueka. Lots of tropical and limelike flavours, stonefruits and spiciness. We love it!  ",croatia,0,1,0,0,0,0,0,0,1,0,0,0,0,0,0,0,0,1,0,0,0,0,0,0,0,0,0,0,0,0,0,1,0,0,0,0,0,0
817,6282735,Pulfer Brewery,King of the Nine,Pilsner - New Zealand,https://untappd.com/b/pulfer-brewery-king-of-the-nine/6282735,4.3,30,3.67,687,05/29/25,"""Upon it sat a shape, black-mantled, huge and threatening. A crown of steel he bore, but between rim and robe naught was there to see, save only a deadly gleam of eyes: the Lord of the Nazgûl... now he was come again, bringing ruin, turning hope to despair, and victory to death. A great black mace he wielded. "" ",croatia,0,0,0,0,0,0,0,0,0,0,0,0,0,0,0,0,0,0,0,0,0,0,0,0,0,0,0,0,0,0,0,1,0,0,0,0,0,0
818,5022274,The Garden Brewery,New Zealand Dry Hopped Pilsner #7,Pilsner - New Zealand,https://untappd.com/b/the-garden-brewery-new-zealand-dry-hopped-pilsner-7/5022274,5.0,30,3.67,509,09/16/22,"Crisp and vibrant lager with mineral notes and Clementine, Melon, and Mango aromas ",croatia,0,0,0,0,0,0,0,0,0,0,0,0,0,0,0,0,0,0,0,0,0,0,0,0,0,0,0,0,0,0,0,1,0,0,0,0,0,0
819,6323146,Pivovara Medvedgrad,Fantom 48,Pilsner - New Zealand,https://untappd.com/b/pivovara-medvedgrad-fantom-48/6323146,5.1,33,3.63,165,06/30/25,"Ovaj pilsner izdvaja se specifičnim hmeljnim profilom s potpisom iz dalekog Novog Zelanda. Lagane sladne baze, fine gorčine i osvježavajućeg završetka.  ",croatia,1,0,0,0,0,0,0,0,0,0,0,0,0,0,0,0,0,0,0,0,0,0,0,0,0,0,0,0,0,0,0,1,0,0,0,0,0,0
820,5433193,Nova Runda,Small Batch Series : 45 Luminosa Pilsner,Pilsner - Other,https://untappd.com/b/nova-runda-small-batch-series-45-luminosa-pilsner/5433193,5.0,45,3.83,159,07/07/23,Pilsner brewed with Luminosa hops. ,croatia,0,1,0,0,0,0,0,0,0,0,0,0,0,0,0,0,0,0,0,0,0,0,0,0,0,0,0,0,0,0,0,1,0,0,0,0,0,0
821,6041179,Nova Runda,Small Batch Series: 70 DDH Juicy Pilsner,Pilsner - Other,https://untappd.com/b/nova-runda-small-batch-series-70-ddh-juicy-pilsner/6041179,5.6,45,3.81,181,10/31/24,"Number 70 from our Small Batch Series is a DDH Juicy Pils hopped with Mosaic, Citra, and Sabro hops. ",croatia,0,1,0,0,0,0,0,0,0,0,0,0,0,0,0,0,0,0,0,0,0,0,0,0,0,0,0,0,0,0,0,1,0,0,0,0,0,0
822,5485892,Nova Runda,Small Batch Series: 49 Juicy Pilsner,Pilsner - Other,https://untappd.com/b/nova-runda-small-batch-series-49-juicy-pilsner/5485892,5.5,45,3.81,211,08/14/23,"Juicy Pilsner brewed with Citra, Galaxy, and Mosaic hops. ",croatia,0,1,0,0,0,0,0,0,0,0,0,0,0,0,0,0,0,0,0,0,0,0,0,0,0,0,0,0,0,0,0,1,0,0,0,0,0,0
823,5442931,Nova Runda,Small Batch Series : 46 DDH Hazy Pilsner,Pilsner - Other,https://untappd.com/b/nova-runda-small-batch-series-46-ddh-hazy-pilsner/5442931,5.0,45,3.79,188,07/14/23,"Pils brewed with Nectaron, Bru-1, and Styrian Kolibri hops. ",croatia,0,1,0,0,0,0,0,0,0,0,0,0,0,0,0,0,0,0,0,0,0,0,0,0,0,0,0,0,0,0,0,1,0,0,0,0,0,0
824,5659668,Nova Runda,Small Batch Series: 55 Juicy Pilsner,Pilsner - Other,https://untappd.com/b/nova-runda-small-batch-series-55-juicy-pilsner/5659668,5.5,45,3.78,154,12/26/23,"Juicy Pilsner brewed with Motueka, Columbus, and HBC 630 hops. ",croatia,0,1,0,0,0,0,0,0,0,0,0,0,0,0,0,0,0,0,0,0,0,0,0,0,0,0,0,0,0,0,0,1,0,0,0,0,0,0
825,5471954,Nova Runda,Small Batch Series : 48 DDH Pilsner,Pilsner - Other,https://untappd.com/b/nova-runda-small-batch-series-48-ddh-pilsner/5471954,5.7,45,3.78,168,08/04/23,"Double dry hopped pilsner brewed with El Dorado, Amarillo, Simcoe and Mosaic hops. ",croatia,0,1,0,0,0,0,0,0,0,0,0,0,0,0,0,0,0,0,0,0,0,0,0,0,0,0,0,0,0,0,0,1,0,0,0,0,0,0
826,5276931,Nova Runda,Small Batch Series: 37 New Zealand Hazy Kveik Pilsner,Pilsner - Other,https://untappd.com/b/nova-runda-small-batch-series-37-new-zealand-hazy-kveik-pilsner/5276931,4.9,40,3.74,150,03/17/23,Pilsner brewed with a Kveik yeast. ,croatia,0,0,0,0,0,0,0,1,0,0,0,0,0,0,0,0,0,0,0,0,0,0,0,0,0,0,0,0,0,0,0,1,0,0,0,0,0,0
827,6098003,Nova Runda,Small Batch Series: 74 New England Pale Pilsner,Pilsner - Other,https://untappd.com/b/nova-runda-small-batch-series-74-new-england-pale-pilsner/6098003,5.2,45,3.74,167,12/17/24,"The latest edition of the Small Batch Series is a New England Pale Pilsner brewed with Mosaic, Citra, and Sabro hops.  ",croatia,0,1,0,0,0,0,0,0,0,0,0,0,0,0,0,0,0,0,0,0,0,0,0,0,0,0,0,0,0,0,0,1,0,0,0,0,0,0
828,4350502,Nova Runda,East Coast German Pilsner,Pilsner - Other,https://untappd.com/b/nova-runda-east-coast-german-pilsner/4350502,5.5,45,3.72,791,06/07/21,"East Coast Pilsner, with the West Coast twist! ",croatia,0,0,0,0,0,0,0,0,0,0,0,0,0,0,0,0,0,0,0,0,0,0,0,0,0,0,0,0,0,0,0,1,0,0,0,0,0,0
829,6194651,Nova Runda,Small Batch Series: 77 L.A. Mountain Pilsner,Pilsner - Other,https://untappd.com/b/nova-runda-small-batch-series-77-l-a-mountain-pilsner/6194651,3.5,30,3.72,243,03/17/25,"Low gravity Pilsner brewed with Sabro, HBC 630 and Citra hops.  ",croatia,0,1,0,0,0,0,0,0,0,0,0,0,0,0,0,0,0,0,0,0,0,0,0,0,0,0,0,0,0,0,0,1,0,0,0,0,0,0
830,6358201,Nova Runda,Small Batch Series: 81 Amarillo Pilsner,Pilsner - Other,https://untappd.com/b/nova-runda-small-batch-series-81-amarillo-pilsner/6358201,5.1,45,3.71,172,07/30/25,Dry hopped Pilsner with Amarillo hops. ,croatia,0,1,0,0,0,0,0,0,0,0,0,0,0,0,0,0,0,0,0,0,0,0,0,0,0,0,0,0,0,0,0,1,0,0,0,0,0,0
831,4676252,Nova Runda,Englishman In York,Pilsner - Other,https://untappd.com/b/nova-runda-englishman-in-york/4676252,5.5,45,3.7,182,01/13/22,"In the distance, I see the City Walls,A ton of people moving on,Barker Tower is forming on the Ouse,I'm an Englishman in York. ",croatia,0,0,0,0,0,0,0,0,0,0,0,0,0,0,0,0,0,0,0,0,0,0,0,0,0,0,0,0,0,0,0,1,0,0,0,0,0,0
832,5670739,Nova Runda,Small Batch Series: 56 Citra Pilsner,Pilsner - Other,https://untappd.com/b/nova-runda-small-batch-series-56-citra-pilsner/5670739,5.5,45,3.7,166,01/05/24,Small Batch 56 is a Pilsner brewed with Citra hops. ,croatia,0,1,0,0,0,0,0,0,0,0,0,0,0,0,0,0,0,0,0,0,0,0,0,0,0,0,0,0,0,0,0,1,0,0,0,0,0,0
833,4835779,Nova Runda,Triple Hophead,Pilsner - Other,https://untappd.com/b/nova-runda-triple-hophead/4835779,5.5,45,3.69,890,05/10/22,"They say jump and you say how high? Whit this one, the sky is the limit! Styrian trio of hops - Styrian Kolibri, Styrian Bobek, and Styrian Celeia will make you obey the rules, 'cause you'll just fly higher and higher! ",croatia,0,1,0,0,0,0,0,0,0,0,0,0,0,0,0,0,0,0,0,0,0,0,0,0,0,0,0,0,0,0,0,1,0,0,0,0,0,0
834,6194649,Nova Runda,Small Batch Series: 76 L.A. Juicy Pilsner,Pilsner - Other,https://untappd.com/b/nova-runda-small-batch-series-76-l-a-juicy-pilsner/6194649,3.5,20,3.69,155,03/17/25,Low Gravity Pils brewed with Motueka and Riwaka hops. ,croatia,0,1,0,0,0,0,0,0,0,0,0,0,0,0,0,0,0,0,0,0,0,0,0,0,0,0,0,0,0,0,0,1,0,0,0,0,0,0
835,5927336,Nova Runda,HOPA,Pilsner - Other,https://untappd.com/b/nova-runda-hopa/5927336,3.8,35,3.67,223,07/30/24,"Just like the song says, this Hopa Pilsner is as easy-drinking as a Sunday morning. It's light-bodied and crisp with a refreshing 3.8% ABV, perfect for unwinding on a sunny day with a gentle breeze. ",croatia,0,0,0,0,0,0,0,0,0,0,0,0,0,0,0,0,0,0,0,0,0,0,0,0,0,0,0,0,0,0,0,1,0,0,0,0,0,0
836,4737671,Drivenik Brewery,KiRiCa,Pilsner - Other,https://untappd.com/b/drivenik-brewery-kirica/4737671,4.9,26,3.58,211,03/03/22, ,croatia,0,0,0,0,0,0,0,0,0,0,0,0,0,0,0,0,0,0,0,0,0,0,0,0,0,0,0,0,0,0,0,1,0,0,0,0,0,0
837,4256072,Kninska Pivovara,Kraljevsko Pilsner,Pilsner - Other,https://untappd.com/b/kninska-pivovara-kraljevsko-pilsner/4256072,4.7,N/A,3.57,187,04/07/21,"Nefiltrirano, nepastetizirano pilsner pivo nastalo po pomno izbalansiranoj i dokazanoj craft recepturi. Jedinstveni okus svježine daje mu priroradna izvorska voda rijeke Krke koja se rađa na obroncima najviše hrvatske planine Dinare duboko u damatinskom zaleđu odakle je u 11. stoljeću vladao hrvatski kralj Dmitar Zvonimir u čiju čast ovo pivo i nosi naziv Kraljevsko. Rezervirano za kraljeve. ",croatia,0,0,0,0,0,0,0,0,0,0,0,0,0,0,0,0,0,0,0,0,0,0,0,0,0,0,0,0,0,0,0,1,0,0,0,0,0,0
838,3870970,Prva Makarska Pivovara,Pilsner,Pilsner - Other,https://untappd.com/b/prva-makarska-pivovara-pilsner/3870970,4.9,29,3.54,253,07/13/20, ,croatia,0,0,0,0,0,0,0,0,0,0,0,0,0,0,0,0,0,0,0,0,0,0,0,0,0,0,0,0,0,0,0,1,0,0,0,0,0,0
839,5863811,Lepi Dečki Brewery,Goodara Navijačko - Pilsner,Pilsner - Other,https://untappd.com/b/lepi-decki-brewery-goodara-navijacko-pilsner/5863811,4.4,20,3.52,157,06/10/24,#hrvatska! ,croatia,0,0,0,0,0,0,0,0,0,0,0,0,0,0,0,0,0,0,0,0,0,0,0,0,0,0,0,0,0,0,0,1,0,0,0,0,0,0
840,6190311,Brlog zadružna pivovara,Zadranka,Pilsner - Other,https://untappd.com/b/brlog-zadruzna-pivovara-zadranka/6190311,4.8,N/A,3.52,504,03/14/25,Pilsner beer with a refreshing balance and drinkability with subtle malt notes of white bread and crackers. Spalter and Hallertau Blanc hops provide a refreshing bitterness and an herbal and floral flavor and aroma that finishes crisp and clean. The perfect solution to your year round thirst! ,croatia,1,1,0,0,0,0,0,0,0,0,0,0,0,0,0,0,0,0,0,0,0,0,0,0,0,0,0,0,0,0,0,1,0,0,0,0,0,0
841,5927160,Pulfer Brewery,Hoppy Morphosis,Pilsner - Other,https://untappd.com/b/pulfer-brewery-hoppy-morphosis/5927160,4.2,40,3.51,511,07/30/24,"Given the opportunity, after the Czech This Out!¨collaboration, we decided to tweak the winning Markku Leminen's recipe from this year's SMASH Homebrew Competition. Just a little bit.To the fantastic base, we added the Czech modern hops in the phase of dry hopping - Saturn and Kazbek, which blended very nicely with the previously incorporated Saaz. It gives us a very nice addition of floral, spicy, and tropical flavors and aromas. So good. Mr. Kafka would be pleased. ",croatia,0,1,0,0,0,0,0,0,0,0,0,0,0,0,0,0,0,0,0,0,0,0,0,0,0,0,0,0,0,0,0,1,0,0,0,0,0,0
842,3820764,Bir,Karantena Lager,Pilsner - Other,https://untappd.com/b/bir-karantena-lager/3820764,4.6,30,3.5,266,06/10/20, ,croatia,0,0,0,0,0,0,0,0,0,0,0,0,0,0,0,0,0,0,0,0,0,0,0,0,0,0,0,0,0,0,0,1,0,0,0,0,0,0
843,4756004,Lepi Dečki Brewery,Galeb,Pilsner - Other,https://untappd.com/b/lepi-decki-brewery-galeb/4756004,4.4,21,3.49,180,03/16/22, ,croatia,0,0,0,0,0,0,0,0,0,0,0,0,0,0,0,0,0,0,0,0,0,0,0,0,0,0,0,0,0,0,0,1,0,0,0,0,0,0
844,348370,Bošnjak Company,Bošnjak Svijetli Lager,Pilsner - Other,https://untappd.com/b/bosnjak-company-bosnjak-svijetli-lager/348370,4.8,N/A,3.44,242,04/19/13,Pasteurized pale lager. ,croatia,0,0,0,0,0,0,0,0,0,0,0,0,0,0,0,0,0,0,0,0,0,0,0,0,0,0,0,0,0,0,0,1,0,0,0,0,0,0
845,3642452,The Garden Brewery,Mango Pilsner,Pilsner - Other,https://untappd.com/b/the-garden-brewery-mango-pilsner/3642452,4.3,22,3.39,766,01/25/20,Crisp and refreshing with a sweet Mango hit. ,croatia,0,0,0,0,0,0,0,0,0,0,0,0,0,0,0,0,0,0,0,0,0,0,0,0,0,0,0,0,0,0,0,1,0,0,0,0,0,0
846,4205367,Tap B Split Craft Brewery,Gad,Pilsner - Other,https://untappd.com/b/tap-b-split-craft-brewery-gad/4205367,4.4,17,3.36,673,03/04/21,"Gad je naš vrhunski uradak, crispy lager, vrhunsko lager pivo skuhano sa slovenskim hmeljem Styrian Golding daje mu punoću okusa. Gad je pivo zlatno-prozirne boje, jako pitko, na okus daje aromu ječmenog slada u kombinaciji sa blagom zahmeljenošću s Styrian hmeljem, jednom kad probate Gada više nikada nećete piti industrijska piva sumnjive kvalitete. ",croatia,1,0,0,0,0,0,0,0,0,0,0,0,0,0,0,0,0,0,0,0,0,0,0,0,0,0,0,0,0,0,0,1,0,0,0,0,0,0
847,3247736,Zmajska Pivovara,Pils,Pilsner - Other,https://untappd.com/b/zmajska-pivovara-pils/3247736,4.8,35,3.36,4314,05/25/19,The secret of this wickedly drinkable pilsner beer is a perfect ratio of freshness and bitterness. Flowery hop aromas arise from noble hops and bready-rich malt aroma from local Slavonian malt. ,croatia,1,1,0,0,0,0,0,0,0,0,0,0,0,0,0,0,0,0,0,0,0,0,0,0,0,0,0,0,0,0,0,1,0,0,0,0,0,0
848,22046,Pivovara Medvedgrad,Zlatni Medvjed,Pilsner - Other,https://untappd.com/b/pivovara-medvedgrad-zlatni-medvjed/22046,4.4,25,3.33,23858,01/06/11,"A pilsener with a golden-yellow colour, a refreshing taste and a pleasantly bitter aroma. We brew Zlatni medvjed (Golden bear) throughout the year. Golden Bear is the same style of beer with same ingredients as original beer Zlatni medvjed, only this one was made especially for UK market with English label.  ",croatia,0,0,0,0,0,0,0,0,0,0,0,0,0,0,0,0,0,0,0,0,0,0,0,0,0,0,0,0,0,0,0,1,0,0,0,0,0,0
849,731391,Osječka Pivovara,Hajduk 1911,Pilsner - Other,https://untappd.com/b/osjecka-pivovara-hajduk-1911/731391,4.5,N/A,3.29,192,06/30/14,Official beer for the Croatian football club Hajduk Split ,croatia,0,0,0,0,0,0,0,0,0,0,0,0,0,0,0,0,0,0,0,0,0,0,0,0,0,0,0,0,0,0,0,1,0,0,0,0,0,0
850,1478693,Pivovara Daruvar,5th Element LELA,Pilsner - Other,https://untappd.com/b/pivovara-daruvar-5th-element-lela/1478693,4.5,24,3.19,5006,03/22/16,A unique blend of two beer style Alea and lager beer gives the best of both style and makes it as easy as the element that is symbolized - WATER. Ale beer adds a mild hoppy / ester flavor which has only beer fermented at a higher temperature while lager beer gives the basic body and the freshness of the beer this unique blend. ,croatia,0,0,0,0,0,0,0,0,0,0,0,0,0,0,0,0,0,0,0,0,0,0,0,0,0,0,0,0,0,0,0,1,0,0,0,0,0,0
851,3883122,Zeppelin Craft Brewery,Tovar,Pilsner - Other,https://untappd.com/b/zeppelin-craft-brewery-tovar/3883122,4.5,28,3.15,2336,07/21/20, ,croatia,0,0,0,0,0,0,0,0,0,0,0,0,0,0,0,0,0,0,0,0,0,0,0,0,0,0,0,0,0,0,0,1,0,0,0,0,0,0
852,3790331,Carlsberg Croatia,Pan Pilsner,Pilsner - Other,https://untappd.com/b/carlsberg-croatia-pan-pilsner/3790331,5.0,N/A,2.96,2664,05/18/20, ,croatia,0,0,0,0,0,0,0,0,0,0,0,0,0,0,0,0,0,0,0,0,0,0,0,0,0,0,0,0,0,0,0,1,0,0,0,0,0,0
853,4840267,Labona Craft Brewery,Porter,Porter - American,https://untappd.com/b/labona-craft-brewery-porter/4840267,6.0,N/A,3.4,512,05/13/22, ,croatia,0,0,0,0,0,0,0,0,0,0,0,0,0,0,0,0,0,0,0,0,0,0,0,0,0,0,0,0,0,0,0,0,1,0,0,0,0,0
854,4642684,Saperlot,Witch Hat,Porter - American,https://untappd.com/b/saperlot-witch-hat-0-33l/4642684,6.3,30,3.12,1005,12/17/21, ,croatia,0,0,0,0,0,0,0,0,0,0,0,0,0,0,0,0,0,0,0,0,0,0,0,0,0,0,0,0,0,0,0,0,1,0,0,0,0,0
855,4668108,Brlog zadružna pivovara,Small Batch #9 Baltic Porter,Porter - Baltic,https://untappd.com/b/brlog-zadruzna-pivovara-small-batch-9-baltic-porter/4668108,10.0,35,3.8,394,01/05/22,"Aromas of dark and dried fruit, caramel and chocolate truffles, with hints of licorice and porto wine. Sweet, with traditional hops and warm alcohol. ",croatia,0,1,1,0,0,0,1,0,1,0,0,1,0,0,0,0,0,0,0,0,0,0,0,0,0,0,0,0,0,0,0,0,1,0,0,0,0,0
856,2924050,Mlinarica,Piece of Cake,Porter - Baltic,https://untappd.com/b/mlinarica-piece-of-cake/2924050,6.0,45,3.78,285,11/03/18,"BraIlian Montecristo medium roast coffee as an initial aroma, followed right away by the complex marzipan, vanilla, cinnamon from the tonka beans. First taste again brings the coffee to the front, with a direct transition to dark chocolate flavour contributed by the cocoa nibs, however it's the tonka that justifies the name of our beer, making it a proper liquid cake. The clean lager character can be recognised in the finishing smoothness, and the aftertaste is again a lingering combination of rich coffee and tonka complexity. ",croatia,0,0,1,0,0,1,0,0,0,0,0,0,0,0,0,0,1,0,0,0,0,0,0,0,0,0,0,0,0,0,0,0,1,0,0,0,0,0
857,5022275,The Garden Brewery,Blackberry Baltic Porter #8,Porter - Baltic,https://untappd.com/b/the-garden-brewery-blackberry-baltic-porter-8/5022275,9.0,20,3.76,1055,09/16/22,"Roasty, dark, smooth and fruity with fresh blackberries   ",croatia,0,0,0,0,0,0,0,0,1,0,0,0,0,0,0,0,0,0,0,0,0,0,0,0,0,0,0,0,0,0,0,0,1,0,0,0,0,0
858,5653406,Brlog zadružna pivovara,Majstorica Maruška,Porter - Baltic,https://untappd.com/b/brlog-zadruzna-pivovara-majstorica-maruska/5653406,10.0,N/A,3.75,225,12/21/23,"LIMITIRANO IZDANJE.Prva kolaboracija Maraske Zadar s Brlogom. Gusto, tamno, desertno pivo bogatog tijela s infuziranom višnjom maraskom proizašlom iz proizvodnje slavnog Maraschina. Pivo koje razvija kulturu suradnje na lokalnoj razini i spaja svjetove.Sastav: voda, ječmeni slad, hmelj, kvasac, višnja maraska. ",croatia,1,0,0,0,0,0,0,1,0,0,0,0,0,0,1,0,0,0,0,0,0,0,0,0,0,0,0,0,0,0,0,0,1,0,0,0,0,0
859,4737555,Pivovara Medvedgrad,Fantom Fehér Nyúl Baltic Porter,Porter - Baltic,https://untappd.com/b/pivovara-medvedgrad-fantom-feher-nyul-baltic-porter/4737555,7.5,27,3.72,331,03/03/22,Čokoladno - karamelasti Fantom Baltic Porter skuhan je u suradnji s mađarskom craft pivovarom Fehér Nyúl Brewery & Taproom. ,croatia,0,0,0,0,0,0,1,0,0,0,0,0,0,0,0,0,0,0,0,0,0,0,0,0,0,0,0,0,0,0,0,0,1,0,0,0,0,0
860,5160966,Pivovara Medvedgrad,8 Sons,Porter - Baltic,https://untappd.com/b/pivovara-medvedgrad-8-sons/5160966,8.0,70,3.69,163,12/15/22,"8 Sons is a collaboration between eight brothers, four Croatians and four Dutch, that have two things in common: an engineer father and a family craft brewery. Moersluetel Craft Brewery brews big, bold and flavourful beers and Medvedgrad Brewery is specialized for tasty lagers. A big and bold Baltic Porter is the result of this unique collaboration, a strong and complex dark lager with coffee and dark chocolate flavors. Let's surf forever on waves of delicious beers! ",croatia,0,0,1,0,0,0,0,0,0,0,0,0,0,0,0,0,0,0,0,0,0,0,0,0,0,0,0,0,0,0,0,0,1,0,0,0,0,0
861,1354330,Pivovara Daruvar,5th Element BART,Porter - Baltic,https://untappd.com/b/pivovara-daruvar-5th-element-bart/1354330,7.2,40,3.57,429,12/17/15,Ovo pivo simbolizira element ZEMLJA. Spravljeno je u stilu Baltic porter koji karakteriziraju intenzivni sladni okusi s naglašenom notom prženih sladova te povećani sadržaj alkohola. Zbog korištenja 7 vrsta specijalnog slada savršeno prezentira element ZEMLJE koja simbolizira slad. ,croatia,1,0,0,0,0,0,0,0,0,0,0,1,0,0,0,0,0,0,0,0,0,0,0,0,0,0,0,0,0,0,0,0,1,0,0,0,0,0
862,22039,Zagrebačka Pivovara,Tomislav,Porter - Baltic,https://untappd.com/b/zagrebacka-pivovara-tomislav-tamno-crno/22039,7.3,N/A,3.28,22803,01/06/11,"Tomislav's black royal beer - the first and best-selling special beer in Croatia.Dates from 1925, when it was first produced in honor of the thousandth anniversary of the coronation of King Tomislav.Tomislav is the right choice for true connoisseurs of specialty beers that enjoy special flavors.It differs from other black beer market as the only products of toasted malt, which gives it a distinctive caramel flavor. ",croatia,1,0,0,0,0,0,1,0,0,0,0,0,0,0,0,0,0,0,0,0,0,0,0,0,0,0,0,0,0,0,0,0,1,0,0,0,0,0
863,3793585,The Garden Brewery,Flat White Coffee Porter,Porter - Coffee,https://untappd.com/b/the-garden-brewery-flat-white-coffee-porter/3793585,5.5,30,3.71,3006,05/21/20,"Cold-brew iced-coffee porter: rich, smooth and creamy with notes of roasted almond and dark chocolate ",croatia,0,0,1,0,0,0,0,0,0,0,0,0,0,0,0,0,0,0,0,0,0,0,0,0,0,0,0,0,0,0,0,0,1,0,0,0,0,0
864,3860698,Angeluš brewery,Porter,Porter - English,https://untappd.com/b/angelus-brewery-porter/3860698,5.9,35,3.6,789,07/06/20,"Angeluš - Porter je tamno ale pivo intenzivnih aroma kave, čokolade, vanilije i bobičastog voća. ",croatia,0,0,0,0,0,0,0,0,0,0,0,0,0,0,0,0,0,0,0,0,0,0,0,0,0,0,0,0,0,0,0,0,1,0,0,0,0,0
865,2996102,PriMarius craft pivovara,Tàmān Támān,Porter - English,https://untappd.com/b/primarius-craft-pivovara-taman-taman/2996102,5.4,30,3.52,1142,12/19/18,Svilenkasto suhovoćni direkt te tamno čokoladni aperkat s blagim kavenim krošeom u baršunastom taman tamnom biskvitnem tijelu... ,croatia,0,0,0,0,0,0,0,0,0,0,0,0,0,0,0,0,0,0,0,0,0,0,0,0,0,0,0,0,0,0,0,0,1,0,0,0,0,0
866,2906318,Kampanjola Eko Bira,Organic Porter,Porter - English,https://untappd.com/b/kampanjola-eko-bira-organic-porter/2906318,6.2,28,3.52,806,10/23/18, ,croatia,0,0,0,0,0,0,0,0,0,0,0,0,0,0,0,0,0,0,0,0,0,0,0,0,0,0,0,0,0,0,0,0,1,0,0,0,0,0
872,2842620,The Garden Brewery,Baltic Porter,Porter - Imperial / Double Baltic,https://untappd.com/b/the-garden-brewery-baltic-porter/2842620,10.1,45,3.84,1901,09/13/18,"A silky and robust baltic porter reminiscent of raisin, burnt caramel, roasted coffee and molasses.  Very malty and somewhat sweet, it finishes with a dry and balanced bitter taste. The aroma is molasses and malt. Like a moderately hopped bock, with chocolate and coffee notes. This brew is bottom fermented and well rounded, with its potency hidden in its easy-drinking quality.  Rummy, raisin and liquorice notes similar to an old ale reside in the profile. The character also has hints of chocolate and coffee, and at times, a roasted background. ",croatia,1,0,1,0,0,0,1,0,0,0,0,0,0,0,0,0,0,0,0,0,0,0,0,0,0,0,0,0,0,0,0,0,1,0,0,0,0,0
873,6039448,Mlinarica,The Whole Cake,Porter - Imperial / Double Baltic,https://untappd.com/b/mlinarica-the-whole-cake/6039448,8.1,45,3.84,165,10/29/24,"After a few repetitions od the crowds favorite Piece of Cake, we decided it's enough slicing,  so here's the whole cake: more alcohol, more Tonka, cocoa and coffee, more pleasure! ",croatia,0,0,0,0,0,0,0,0,0,0,0,1,0,0,0,0,1,0,0,0,0,0,0,0,0,0,0,0,0,0,0,0,1,0,0,0,0,0
875,1842628,The Garden Brewery,Vanilla & Chocolate Porter,Porter - Other,https://untappd.com/b/the-garden-brewery-vanilla-and-chocolate-porter/1842628,6.7,26,3.77,5314,11/29/16,"A vanilla and chocolate porter aged on French oak and rested on organic cocoa nibs and Madagascar vanilla pods.Like velvet on the tongue - chocolate, coffee and dark caramel - it pours heavy with a very thick, dominating head. The aroma is strong dark chocolate with subtle notes of coffee and vanilla. The lactose and vanillin (from the oak) beautifully round the flavours together. A little thin and bitter, like a porter should be, this leaves a slightly roasted coffee bean sensation. After swallowing this soft bitterness gives way to a long lasting vanilla coating on the palate. ",croatia,0,0,1,0,0,1,1,0,0,0,0,0,0,0,0,0,1,0,0,0,0,0,0,0,0,0,0,0,0,0,0,0,1,0,0,0,0,0
876,1633960,Prvo Viško Pivo,Porter,Porter - Other,https://untappd.com/b/prvo-visko-pivo-porter/1633960,7.0,30,3.68,859,07/07/16, ,croatia,0,0,0,0,0,0,0,0,0,0,0,0,0,0,0,0,0,0,0,0,0,0,0,0,0,0,0,0,0,0,0,0,1,0,0,0,0,0
877,4192966,Varionica,Hazel Cake Porter,Porter - Other,https://untappd.com/b/varionica-hazel-cake-porter/4192966,7.77,50,3.68,409,02/23/21,"Porter brewed with Cocoa nibs, hazelnut and lactose. Special birthday edition ",croatia,0,0,0,0,0,0,0,0,0,0,0,0,0,0,0,0,0,0,0,0,0,0,0,0,0,0,0,0,0,0,0,0,1,0,0,0,0,0
878,6399112,The Garden Brewery,Smoked Slavonian Plum Porter,Porter - Other,https://untappd.com/b/the-garden-brewery-smoked-slavonian-plum-porter/6399112,7.5,30,3.67,859,09/03/25,"Heaps of juicy, ripe Croatian plums, from our nearby region of Slavonia, combine with specialty smoked malts to create a rich, complex, and robust Porter. This is a brew of profound depth, where sweet fruit meets a lingering, smoky complexity to make the perfect autumn evening accompaniment. ",croatia,1,0,0,0,0,0,0,0,1,0,0,0,0,0,0,0,0,0,0,0,0,0,0,0,0,0,0,0,0,0,0,0,1,0,0,0,0,0
879,3971229,Lepi Dečki Brewery,The Blueberry Side,Porter - Other,https://untappd.com/b/lepi-decki-brewery-the-blueberry-side/3971229,5.5,20,3.63,184,09/19/20,"A fruit beer based on The Dark Side porter - porter with the addition of blueberries. 150g of fresh eko Lisjak blueberrys per 1 liter of the beer. Slightly bitter, lots of coffee and sourness of blueberries from EKO LISJAK farm!  ",croatia,0,0,0,0,0,0,0,0,1,0,0,0,0,0,0,0,0,0,0,0,0,0,0,0,0,0,0,0,0,0,0,0,1,0,0,0,0,0
880,795825,Nova Runda,Renaissance Porter,Porter - Other,https://untappd.com/b/nova-runda-renaissance-porter/795825,5.8,33,3.62,152,08/30/14, ,croatia,0,0,0,0,0,0,0,0,0,0,0,0,0,0,0,0,0,0,0,0,0,0,0,0,0,0,0,0,0,0,0,0,1,0,0,0,0,0
881,2478286,Valentinijan D.o.o.,Valens Porter,Porter - Other,https://untappd.com/b/valentinijan-d-o-o-valens-porter/2478286,5.5,N/A,3.6,202,01/20/18, ,croatia,0,0,0,0,0,0,0,0,0,0,0,0,0,0,0,0,0,0,0,0,0,0,0,0,0,0,0,0,0,0,0,0,1,0,0,0,0,0
882,3061217,Hajsonberg,Black Betty Porter,Porter - Other,https://untappd.com/b/hajsonberg-black-betty-porter/3061217,6.2,22,3.58,214,02/01/19, ,croatia,0,0,0,0,0,0,0,0,0,0,0,0,0,0,0,0,0,0,0,0,0,0,0,0,0,0,0,0,0,0,0,0,1,0,0,0,0,0
883,2492567,GRIF,GRIF Vanilla Bourbon Oak Porter,Porter - Other,https://untappd.com/b/grif-grif-vanilla-bourbon-oak-porter/2492567,5.2,35,3.57,157,01/29/18,"Porter, spravljen od čak 6 vrsta slada među kojima su dva tamna, pržena slada koji se ističu svojim aromama pržene kave i tamne čokolade. Dodatak zobenih pahuljica daje mu bogato, jako tijelo s čvrstom pjenom, a mahune vanilije odležane u najkvalitetnijem Bourbon whiskyu zajedno s hrastovim čipsom našem Porteru daju specifičnu aromu u kojoj prevladava kombinacija prženog slada sa suptilnim okusima i mirisima vanilije, Bourbon whiskya te hrastovine. ",croatia,1,0,0,0,0,0,0,0,0,0,0,0,0,0,0,0,0,0,0,0,0,0,0,0,0,0,0,0,0,0,0,0,1,0,0,0,0,0
884,4077145,Fabrika Bire,Bumbarska Tamna,Porter - Other,https://untappd.com/b/fabrika-bire-bumbarska-tamna/4077145,5.7,44,3.56,183,11/29/20,"Nefiltrirano, nepasterizirano domaće ale pivo bez konzervansa, umjetnih bojila i bilo kakvih drugih dodataka, s prirodnim jestivim talogom kvasca, refermentirano u boci. Ovo tamno pivo napravljeno je od 2 vrste specifičnih hmeljeva i kombinacije 5 vrsta najboljih europskih sladova koje PORTER i zaslužuje! Poželjno čuvati na hladnom i tamnom mjestu u uspravnom položaju. ",croatia,1,0,0,0,0,0,0,0,0,0,0,0,0,0,0,0,0,1,0,0,0,0,0,0,0,0,0,0,0,0,0,0,1,0,0,0,0,0
885,3022834,Lepi Dečki Brewery,The Dark Side,Porter - Other,https://untappd.com/b/lepi-decki-brewery-the-dark-side/3022834,5.5,20,3.55,1268,01/04/19,"From the dark side of the moon comes #lepidecki's first porter, The Dark Side, a 5.5 ABV, less bitter, the darkest beer they ever made.An obvious reference two of our biggest inspiration, a sci-fi story and a hell of a music album, the dark side will be hitting shops soon!  ",croatia,0,1,0,0,0,0,0,0,0,0,0,0,0,0,0,0,0,0,0,0,0,0,0,0,0,0,0,0,0,0,0,0,1,0,0,0,0,0
886,2402551,Zeppelin Craft Brewery,Ra-Koon,Porter - Other,https://untappd.com/b/zeppelin-craft-brewery-ra-koon/2402551,6.5,50,3.53,963,11/25/17, ,croatia,0,0,0,0,0,0,0,0,0,0,0,0,0,0,0,0,0,0,0,0,0,0,0,0,0,0,0,0,0,0,0,0,1,0,0,0,0,0
887,783213,Zmajska Pivovara,Porter,Porter - Other,https://untappd.com/b/zmajska-pivovara-porter/783213,6.5,38,3.5,7124,08/17/14,"Dark Chocolate, coffee, dried fruit and caramel. No, you're not reading a recipe for your favourite cake. These are the flavours and aromas blended in harmony within this classic British style ale. Combining variety of six malts and one hop resulted in this pleasantly bitter beer.It's as robust as it gets! ",croatia,1,0,0,0,0,0,1,0,1,0,0,0,0,0,0,0,0,0,0,0,0,0,0,0,0,0,0,0,0,0,0,0,1,0,0,0,0,0
888,762064,Visibaba Brew Co,Bob Barley,Porter - Other,https://untappd.com/b/visibaba-brew-co-bob-barley/762064,6.5,30,3.46,2037,07/30/14,"Enter a jungle of roasted malts, blowing coffee and chocolate flavours through the air. Light up the darkness and you’ll fly on a cloud of good vibrations…Love the beer you drink, drink the beer you love. –Bob Barley ",croatia,1,0,1,0,0,0,0,0,0,0,0,0,0,0,0,0,0,0,0,0,0,0,0,0,0,0,0,0,0,0,0,0,1,0,0,0,0,0
889,4880545,The Garden Brewery,Oak Aged Vanilla & Chocolate Porter,Porter - Other,https://untappd.com/b/the-garden-brewery-oak-aged-vanilla-and-chocolate-porter/4880545,5.5,20,3.44,2343,06/10/22,"Luxurious Chocolate Porter rested on Vanilla and Oak.The Garden Brewery asked 16 of its favourite global breweries to work with us to create exclusive collab beers for Restore Our Earth, a charity project we initiated with Beer52, the world’s biggest beer club. In the Summer of 2022 1.5 millions cans will be distributed globally.The Garden Brewery and Beer52 have committed to donate at least €30,000 to charities with proven high impact deliverables in Marine Conservation, Forest Conservation, Reimagining Carbon, Education & Behavior, Food & Agriculture and building Climate Resistant Communities. ",croatia,0,0,0,0,0,0,0,0,0,0,0,0,0,0,0,0,0,0,0,0,0,0,0,0,0,0,0,0,0,0,0,0,1,0,0,0,0,0
890,2181050,Podrum,Crna Čarobnica,Porter - Other,https://untappd.com/b/podrum-crna-carobnica/2181050,4.4,N/A,3.17,248,07/07/17, ,croatia,0,0,0,0,0,0,0,0,0,0,0,0,0,0,0,0,0,0,0,0,0,0,0,0,0,0,0,0,0,0,0,0,1,0,0,0,0,0
891,1777616,Crafter's,Pumpker,Pumpkin / Yam Beer,https://untappd.com/b/crafter-s-pumpker/1777616,5.5,N/A,3.54,337,10/15/16, ,croatia,0,0,0,0,0,0,0,0,0,0,0,0,0,0,0,0,0,0,0,0,0,0,0,0,0,0,0,0,0,0,0,0,0,0,0,0,0,1
892,5625156,Pivovara Medvedgrad,Fantom 38,Rauchbier,https://untappd.com/b/pivovara-medvedgrad-fantom-38/5625156,5.3,24,3.59,177,11/30/23,"Fantom 38 pripada tradicionalnom njemačkom pivskom stilu Rauchbier Märzen. Dimljeno pivo, srednje jako, ugodnog balansa gorčine i sladnosti.  ",croatia,1,0,0,0,0,0,0,0,0,0,0,0,0,0,0,0,0,0,0,0,0,0,0,0,0,0,0,0,0,0,0,0,0,0,0,0,0,1
893,2509123,PriMarius craft pivovara,Zornjak,Red Ale - American Amber / Red,https://untappd.com/b/primarius-craft-pivovara-zornjak/2509123,5.1,40,3.64,1304,02/11/18,HÖPPY AMBER ,croatia,0,0,0,0,0,0,0,0,0,0,0,0,0,0,0,0,0,0,0,0,0,0,0,0,0,0,0,0,0,0,0,0,0,0,0,0,1,0
894,2832758,Brlog zadružna pivovara,Neposlušna,Red Ale - American Amber / Red,https://untappd.com/b/brlog-zadruzna-pivovara-neposlusna/2832758,5.0,N/A,3.57,3401,09/06/18,Neposlušna je red ale buntovnica bez filtera. Arome hmelja i toplinu karamele spaja u slobodnom duhu zadrugarstva ,croatia,0,1,0,0,0,0,1,0,0,0,0,0,0,0,0,0,0,0,0,0,0,0,0,0,0,0,0,0,0,0,0,0,0,0,0,0,1,0
895,4002151,Devetka Craft,Devetka Red Ale,Red Ale - American Amber / Red,https://untappd.com/b/devetka-craft-devetka-red-ale/4002151,5.5,33,3.55,366,10/10/20,"Ovaj stil kuhanja još uvijek nema visoko mjesto na craft listi cijenjenih piva. Uzmite pržene i blage slatke karamelne note pažljivo probranih sladova. Uravnotežite ih aromama biljnog i itrusnog hmelja. Što ćete dobiti? Hoppy Red Ale! Pivo predivne rubin boje. Iako se odlikuje svom puninom gorčine, nevjerojatno dobro pristaje svakoj hrani. No ni sam po sebi nikoga neće ostaviti ravnodušnim. ",croatia,1,1,0,0,0,0,1,0,0,0,0,0,0,0,0,0,0,0,1,0,0,0,0,0,0,0,0,0,0,0,0,0,0,0,0,0,1,0
896,5952534,Pivski Mudraci,Amber,Red Ale - American Amber / Red,https://untappd.com/b/pivski-mudraci-amber/5952534,5.0,N/A,3.52,187,08/19/24, ,croatia,0,0,0,0,0,0,0,0,0,0,0,0,0,0,0,0,0,0,0,0,0,0,0,0,0,0,0,0,0,0,0,0,0,0,0,0,1,0
897,1706283,The Garden Brewery,Red Rye,Red Ale - American Amber / Red,https://untappd.com/b/the-garden-brewery-red-rye/1706283,4.5,35,3.52,950,08/27/16,The base of an American Red. The malt bill of a rye. Dry hopped like a west coast IPA! Our take on a few classics.  On the nose you get a very strong rye aroma balanced with hints of pine and subtle earthy and floral notes. The flavour is an upfront spicy bitterness from the rye followed by a toffee-like sweetness giving way to a mouth filling bitterness that lingers long after the first sip. Full bodied with medium carbonation.  ,croatia,1,0,0,0,0,0,0,0,0,0,0,0,0,0,1,0,0,0,0,0,0,0,0,0,0,0,0,0,0,0,0,0,0,0,0,0,1,0
898,2808327,Slavonica,Grof,Red Ale - American Amber / Red,https://untappd.com/b/slavonica-grof/2808327,5.5,23,3.51,603,08/21/18,"Kao što su negdašnji vladari i vlastelini čvrstom rukom djelovali na puk, tako se i ovaj Amber Ale ističe svojom umjerenom jačinom i konzervativnom notom. Blagom gorčinom i punim okusom te zagasitom crvenkastom, jantarnom bojom, iako nenametljivo, ono ipak plijeni pažnju i nudi više nego ste očekivali, oslikavajući karakter grofa Julija Jankovića (1820. - 1904.), istaknutog političara, velikog župana Požeške županije, umjerenog konzervativca koji je unutar tadašnje vrlo složene političke situacije u Hrvatskom saboru zagovarao hrvatske interese i ravnopravnost naroda.Julije Janković rođen u Pakracu od majke grofice Eleonore Pejačević - Virovitičke i oca Izidora pl. Jankovića, posljednji je grof iz obitelji Janković koja je više od stoljeća, počevši od 1760. godine, u posjedu imala vlastelinstva Pakrac, Daruvar, Sirač i Stražeman. Velik dio svog bogatstva Julije je podijelio u dobrotvorne svrhe, a posebno se isticao u osnivanju i darivanju kulturnih i prosvjetnih ustanova. ",croatia,0,0,0,0,0,0,0,0,0,0,0,0,0,0,0,0,0,0,0,0,0,0,0,0,0,0,0,0,0,0,0,0,0,0,0,0,1,0
899,2218053,Zeppelin Craft Brewery,Flamingo,Red Ale - American Amber / Red,https://untappd.com/b/zeppelin-craft-brewery-flamingo/2218053,4.8,38,3.46,2284,07/29/17,"Pivo izrazito jarke crvene boje, gdje bi gorčina stršala kao Flamingo usred jezera, ali mi smo se pobrinuli za fini balans sa hrvatskim sladom. Time ovo pivo sjeda kao Flamingo u zen pozi, balansiran, složen i vrlo pitak.Pivo ima pojačanu hmeljnu gorčinu ali radi tehnologije proizvodnje i veću sladnu slatkoću, pa se te dvije stvari izbalansiraju i gorčina toliko ne dolazi do izražaja. ",croatia,1,0,0,0,0,0,0,0,0,0,0,0,0,0,1,0,0,0,0,0,0,0,0,0,0,0,0,0,0,0,0,0,0,0,0,0,1,0
900,1180711,Air Craft,Red Baron,Red Ale - American Amber / Red,https://untappd.com/b/air-craft-red-baron/1180711,5.0,N/A,3.46,758,07/31/15, ,croatia,0,0,0,0,0,0,0,0,0,0,0,0,0,0,0,0,0,0,0,0,0,0,0,0,0,0,0,0,0,0,0,0,0,0,0,0,1,0
901,1722813,Crafter's,Swing,Red Ale - American Amber / Red,https://untappd.com/b/crafter-s-swing/1722813,4.7,N/A,3.37,993,09/08/16,Avantura boje i okusa u čaši. Skladna kombinacija blago karamelastog tijela sljubljenog sa citrusnim i tropskim voćnim notama dobivenim korištenjem probranih vrsta hmelja. ,croatia,0,1,0,0,0,0,1,0,0,0,0,0,0,0,0,0,0,0,0,0,0,0,0,0,0,0,0,0,0,0,0,0,0,0,0,0,1,0
902,4904851,Lepi Dečki Brewery,RiČka,Red Ale - Irish,https://untappd.com/b/lepi-decki-brewery-ricka/4904851,4.5,20,3.51,277,06/25/22, ,croatia,0,0,0,0,0,0,0,0,0,0,0,0,0,0,0,0,0,0,0,0,0,0,0,0,0,0,0,0,0,0,0,0,0,0,0,0,1,0
903,2672253,Pivovara Barilo,Malduk,Red Ale - Irish,https://untappd.com/b/pivovara-barilo-malduk/2672253,5.1,28,3.46,710,05/27/18,"Traditional style Irish Red Ale (Leann dearg) with flavours reminiscent of nature and takes you back to the turbulent ages of pirates of Omis. The balanced blend of 4 different strains of top quality barley and 2 different types of the finest hops, reminds your palette of the refreshing homely taste of caramel, with a grassy-floral characters. ",croatia,0,1,0,0,0,0,1,0,0,0,0,0,0,0,0,1,0,0,0,0,0,0,0,0,0,0,0,0,0,0,0,0,0,0,0,0,1,0
904,1508629,Bura Brew,Redsand Amber Ale,Red Ale - Irish,https://untappd.com/b/bura-brew-redsand-amber-ale/1508629,5.8,22,3.43,5384,04/13/16,"Top-fermented Amber Ale. Unpasteurized, unfiltered, bottle-fermented (bottle conditioned), no additives or preservatives. Brewed with passion and expertise by our Brewmaster.Top-fermented amber ale in Irish Red Ale style. Intriguing amber ale brewed with 4 types of barley malt, a small amount of wheat malt, a mix of Slovenian and American hops and yeast. Drinkable but with a substantial body, slightly bitter at first followed by a sweet aftertaste. The malty taste dominates along with exotic fruit and eventually mild and pleasant liquorice flavours. Medium carbonation with a smooth and creamy mouthfeel. The amber red colour reflects the typical Istrian red soil and for this is called REDSAND Amber ale. Unfiltered and bottle-conditioned it comes with a natural yeast sediment. ",croatia,1,1,0,0,0,0,0,1,1,0,0,0,0,0,0,1,0,0,0,0,0,0,0,0,0,0,0,0,0,0,0,0,0,0,0,0,1,0
905,2746393,Zmajska Pivovara,Šank?!,Red Ale - Irish,https://untappd.com/b/zmajska-pivovara-sank/2746393,4.4,26,3.43,770,07/13/18,This quaffable Irish red ale was conceived in collaboration with the guys from the famous punk rock band from Zagreb – Šank?! Its malty body with a hint of caramel sweetness is backed by low 4.5% of alcohol and 26 IBUs. Drinking this Irish classic pairs well with hard street rock chords. ,croatia,1,0,0,0,0,0,1,0,0,0,0,1,0,0,0,0,0,0,0,0,0,0,0,0,0,0,0,0,0,0,0,0,0,0,0,0,1,0
906,3944574,Lokalna Craft Pivovara,Drma,Red Ale - Other,https://untappd.com/b/lokalna-craft-pivovara-drma/3944574,6.0,38,3.57,196,09/01/20,"Drma has a rich malty aroma which is well balanced with European noble hops.It is produced in Croatia by Lokalna Craft Pivovara (Local Craft Brewery) exclusively for the city of Zagreb, hence the name Lokalna (Local). ",croatia,1,1,0,0,0,0,0,0,0,0,0,0,0,0,0,0,0,0,0,0,0,0,0,0,0,0,0,0,0,0,0,0,0,0,0,0,1,0
907,418107,Tolkien House,Hobbit Beer,Red Ale - Other,https://untappd.com/b/tolkien-house-hobbit-beer/418107,4.9,N/A,3.55,321,07/30/13, ,croatia,0,0,0,0,0,0,0,0,0,0,0,0,0,0,0,0,0,0,0,0,0,0,0,0,0,0,0,0,0,0,0,0,0,0,0,0,1,0
908,3416688,Lepi Dečki Brewery,Kosjenka,Red Ale - Other,https://untappd.com/b/lepi-decki-brewery-kosjenka/3416688,4.0,22,3.54,351,09/04/19,"Rye Red Ale - Kosjenka is a light autumn beer of distinctive red colour. A match to her stronger giant brother Regoč, Kosjenka is a small, witty and adventurous fairy from a Croatian folk's tale. ",croatia,0,0,0,0,0,0,0,0,0,0,0,0,0,0,0,0,0,0,0,0,0,0,0,0,0,0,0,0,0,0,0,0,0,0,0,0,1,0
909,3201655,Familia Craft Pivovara,Ferata,Red Ale - Other,https://untappd.com/b/familia-craft-pivovara-ferata/3201655,5.1,30,3.49,1149,04/28/19,"Although it exudes with strength and character, the flavor of this beer are gentle and moderate. ",croatia,0,0,0,0,0,0,0,0,0,0,0,0,0,0,0,0,0,0,0,0,0,0,0,0,0,0,0,0,0,0,0,0,0,0,0,0,1,0
910,2686251,King's Brew,Kameleon,Red Ale - Other,https://untappd.com/b/king-s-brew-kameleon/2686251,4.0,36,3.48,197,06/06/18,"Non-classic light red ale. Designed as an entry ticket into the ale-world, as light as it gets while offering all the bits and bobs of a proper craft beer.Easy on the nose and the palate, a sweet body and a very balanced hoppy aroma. Bitterness carefully dosed, but can be improved upon by mixing a full pint with a serving 0.03 of Cynar, Amaro Isolabella and Pelinkovac - bitter spirits that give the beer a whole new characted - albeit still keeping it strictly beer-ish - hence the name - Kameleon.Bottoms up! ",croatia,0,0,0,0,0,0,0,0,0,0,0,0,0,0,0,0,0,0,0,0,0,0,0,0,0,0,0,0,0,0,0,0,0,0,0,0,1,0
911,2974865,Beckers Craft Brewery,Mangulica,Schwarzbier,https://untappd.com/b/beckers-craft-brewery-mangulica/2974865,5.2,20,3.67,343,12/06/18,"A classic approach to malty, balanced german black beer. Mangulica is black pig from Slavonija, Croatia. ",croatia,1,0,0,1,0,0,0,0,0,0,0,0,0,0,0,0,0,0,0,0,0,0,0,0,0,0,0,0,0,0,0,0,0,0,0,0,0,1
912,1637864,Mlinarica,Black Widow (tamni lager),Schwarzbier,https://untappd.com/b/mlinarica-black-widow-tamni-lager/1637864,5.4,33,3.61,614,07/09/16, ,croatia,0,0,0,0,0,0,0,0,0,0,0,0,0,0,0,0,0,0,0,0,0,0,0,0,0,0,0,0,0,0,0,0,0,0,0,0,0,1
913,3464325,Bruman,Babau,Schwarzbier,https://untappd.com/b/bruman-babau/3464325,5.1,25,3.45,732,10/04/19,Dark lager ,croatia,0,0,0,0,0,0,0,0,0,0,0,0,0,0,0,0,0,0,0,0,0,0,0,0,0,0,0,0,0,0,0,0,0,0,0,0,0,1
914,44043,Pivovara Medvedgrad,Crna Kraljica,Schwarzbier,https://untappd.com/b/pivovara-medvedgrad-crna-kraljica/44043,4.7,20,3.37,9187,04/16/11,"A dark lager with additional hops and a characteristic taste and aroma from dark, roasted malt grains. Crna kraljica (Black queen) is available throughout the year. ",croatia,1,1,0,0,0,0,0,0,0,0,0,0,0,0,0,0,0,0,0,0,0,0,0,0,0,0,0,0,0,0,0,0,0,0,0,0,0,1
915,1859136,Crafter's,Spirit,Scotch Ale / Wee Heavy,https://untappd.com/b/crafter-s-spirit/1859136,8.0,N/A,3.76,210,12/11/16,"Tamno pivo punog kompleksnog tijela koji odmah nakon laganih okusa prženog i karamelnog slada otkriva salvu voćnih okusa koje smo postigli induciranjem suhih šljiva, marelica, grožđica, cimetom i provoklasnom vanilijom s Madagaskara. preporučamo serviranje na 15C, kako bi sve arome došle do izražaja. ",croatia,1,0,0,0,0,0,1,0,0,0,0,0,0,0,0,0,0,0,0,0,0,0,0,0,0,0,0,0,0,0,0,0,0,0,0,0,1,0
916,6213499,Karlovačka Pivovara (Heineken Croatia),Karlovačko Radler Grejp,Shandy / Radler,https://untappd.com/b/karlovacka-pivovara-heineken-croatia-karlovacko-radler-grejp/6213499,2.0,N/A,3.5,793,04/03/25, ,croatia,0,0,0,0,0,0,0,0,0,0,0,0,0,0,0,0,0,0,0,0,0,0,0,0,0,0,0,0,0,0,0,0,0,0,0,0,0,1
917,3928334,The Garden Brewery,Imperial Radler,Shandy / Radler,https://untappd.com/b/the-garden-brewery-imperial-radler/3928334,4.2,36,3.47,1212,08/21/20,Zesty and super refreshing. Blended with homemade Croatian lemonade.  ,croatia,0,0,0,0,0,0,0,0,0,0,0,0,0,0,0,0,0,0,0,0,0,0,0,0,0,0,0,0,0,0,0,0,0,0,0,0,0,1
918,787717,Osječka Pivovara,Osječko Radler Crni,Shandy / Radler,https://untappd.com/b/osjecka-pivovara-osjecko-radler-crni/787717,2.0,7,3.41,2518,08/23/14,Black beer with Lemon juice ,croatia,0,0,0,0,0,0,0,0,0,0,0,0,0,0,0,0,0,0,0,0,0,0,0,0,0,0,0,0,0,0,0,0,0,0,0,0,0,1
919,6219114,Pivovara Daruvar,Staročeško Radler Crni Limun,Shandy / Radler,https://untappd.com/b/pivovara-daruvar-starocesko-radler-crni-limun/6219114,2.0,N/A,3.37,230,04/07/25, ,croatia,0,0,0,0,0,0,0,0,0,0,0,0,0,0,0,0,0,0,0,0,0,0,0,0,0,0,0,0,0,0,0,0,0,0,0,0,0,1
920,5832511,Konzum K-Plus,Klaas Bier Grapefruit Radler,Shandy / Radler,https://untappd.com/b/konzum-k-plus-klaas-bier-grapefruit-radler/5832511,2.5,N/A,3.35,309,05/18/24, ,croatia,0,0,0,0,0,0,0,0,0,0,0,0,0,0,0,0,0,0,0,0,0,0,0,0,0,0,0,0,0,0,0,0,0,0,0,0,0,1
921,2626390,Carlsberg Croatia,Pan Radler Breskva & Đumbir,Shandy / Radler,https://untappd.com/b/carlsberg-croatia-pan-radler-breskva-and-umbir/2626390,2.0,7,3.33,1772,04/29/18, ,croatia,0,0,0,0,0,0,0,0,0,0,0,0,0,0,0,0,0,0,0,0,0,0,0,0,0,0,0,0,0,0,0,0,0,0,0,0,0,1
922,207811,Carlsberg Croatia,Pan Radler Limun,Shandy / Radler,https://untappd.com/b/pan-zlatni-pan-radler-limun/207811,2.0,7,3.32,5468,07/30/12, ,croatia,0,0,0,0,0,0,0,0,0,0,0,0,0,0,0,0,0,0,0,0,0,0,0,0,0,0,0,0,0,0,0,0,0,0,0,0,0,1
923,401659,Zagrebačka Pivovara,Ožujsko Grejp,Shandy / Radler,https://untappd.com/b/zagrebacka-pivovara-ozujsko-grejp/401659,2.0,10,3.3,7436,07/08/13,"Beer lovers with a taste pleasantly surprised to be on the shelves saw a new trump card for refreshments with which the Zagreb Brewery confirm their status acquired fighter thirst no. 1 in 2012th year.It is Ožusko Grejp (grapefruit), new hope that will all beer lovers to taste, and those who are on their way to becoming, to give additional reason to enjoy the refreshing, especially in the coming spring and summer. ",croatia,0,0,0,0,0,0,0,0,1,0,1,0,0,0,0,0,0,0,0,0,0,0,0,0,0,0,0,0,0,0,0,0,0,0,0,0,0,1
924,651702,Zagrebačka Pivovara,Ožujsko Tamno Višnja,Shandy / Radler,https://untappd.com/b/zagrebacka-pivovara-tamno-ozujsko-visnja/651702,2.0,N/A,3.28,153,04/18/14, ,croatia,0,0,0,0,0,0,0,0,0,0,0,0,0,0,0,0,0,0,0,0,0,0,0,0,0,0,0,0,0,0,0,0,0,0,0,0,0,1
925,2642651,Karlovačka Pivovara (Heineken Croatia),Natur Radler Grejp i Menta,Shandy / Radler,https://untappd.com/b/karlovacka-pivovara-heineken-croatia-natur-radler-grejp-i-menta/2642651,2.0,7,3.28,804,05/10/18, ,croatia,0,0,0,0,0,0,0,0,0,0,0,0,0,0,0,0,0,0,0,0,0,0,0,0,0,0,0,0,0,0,0,0,0,0,0,0,0,1
926,1660398,Lidl Croatia,Perlenbacher Pivo & Limonada,Shandy / Radler,https://untappd.com/b/lidl-croatia-perlenbacher-pivo-and-limonada/1660398,2.5,N/A,3.25,196,07/24/16, ,croatia,0,0,0,0,0,0,0,0,0,0,0,0,0,0,0,0,0,0,0,0,0,0,0,0,0,0,0,0,0,0,0,0,0,0,0,0,0,1
927,407566,Istarska Pivovara,Favorit Radler,Shandy / Radler,https://untappd.com/b/istarska-pivovara-favorit-eadler/407566,2.0,N/A,3.24,1041,07/17/13, ,croatia,0,0,0,0,0,0,0,0,0,0,0,0,0,0,0,0,0,0,0,0,0,0,0,0,0,0,0,0,0,0,0,0,0,0,0,0,0,1
928,61640,Karlovačka Pivovara (Heineken Croatia),Karlovačko Radler Limun,Shandy / Radler,https://untappd.com/b/karlovacka-pivovara-heineken-croatia-karlovacko-radler-limun/61640,2.0,7,3.23,12872,07/02/11, ,croatia,0,0,0,0,0,0,0,0,0,0,0,0,0,0,0,0,0,0,0,0,0,0,0,0,0,0,0,0,0,0,0,0,0,0,0,0,0,1
929,2177685,Lidl Croatia,Radler Grapefruit,Shandy / Radler,https://untappd.com/b/lidl-croatia-radler-grapefruit/2177685,2.5,N/A,3.21,378,07/04/17, ,croatia,0,0,0,0,0,0,0,0,0,0,0,0,0,0,0,0,0,0,0,0,0,0,0,0,0,0,0,0,0,0,0,0,0,0,0,0,0,1
930,250354,Zagrebačka Pivovara,Ožujsko Limun,Shandy / Radler,https://untappd.com/b/ozujsko-cool-ozujsko-limun/250354,2.0,7,3.19,12411,10/21/12,The original Croation with lemon added. ,croatia,0,0,0,0,0,0,0,0,0,0,0,0,0,0,0,0,0,0,0,0,0,0,0,0,0,0,0,0,0,0,0,0,0,0,0,0,0,1
931,685232,Karlovačka Pivovara (Heineken Croatia),Karlovacko Laganini,Shandy / Radler,https://untappd.com/b/karlovacka-pivovara-heineken-croatia-karlovacko-laganini/685232,2.0,N/A,3.18,411,05/18/14,"Radler with Lime, Myrtle and Coriander ",croatia,0,0,0,0,0,0,0,0,0,0,0,0,0,0,0,0,0,0,0,0,0,0,0,0,0,0,0,0,0,0,0,0,0,0,0,0,0,1
932,3752454,Karlovačka Pivovara (Heineken Croatia),Natur Radler Crni Limun,Shandy / Radler,https://untappd.com/b/karlovacka-pivovara-heineken-croatia-natur-radler-crni-limun/3752454,2.0,7,3.14,2066,04/16/20, ,croatia,0,0,0,0,0,0,0,0,0,0,0,0,0,0,0,0,0,0,0,0,0,0,0,0,0,0,0,0,0,0,0,0,0,0,0,0,0,1
933,2036810,Zagrebačka Pivovara,Ožujsko s okusom Bazge,Shandy / Radler,https://untappd.com/b/zagrebacka-pivovara-ozujsko-bazga/2036810,2.0,10,3.12,3748,04/09/17, ,croatia,0,0,0,0,0,0,0,0,0,0,0,0,0,0,0,0,0,0,0,0,0,0,0,0,0,0,0,0,0,0,0,0,0,0,0,0,0,1
934,1078852,Karlovačka Pivovara (Heineken Croatia),Radler Ledero - Mandarina,Shandy / Radler,https://untappd.com/b/karlovacka-pivovara-heineken-croatia-radler-ledero-mandarina/1078852,2.0,N/A,3.06,653,05/09/15,"Mjesavina svijetlog lager piva i osvjezavajuceg bezalkoholnog pica od vise vrsta vocnog soka, limun, mandarina i acerola. ",croatia,0,0,0,0,0,0,0,0,0,0,0,1,0,0,0,0,0,0,1,0,0,0,0,0,0,0,0,0,0,0,0,0,0,0,0,0,0,1
935,2028629,Istarska Pivovara,Istarsko Muškat,Shandy / Radler,https://untappd.com/b/istarska-pivovara-istarsko-muskat/2028629,2.0,10,3.03,1793,04/05/17,Muscat flavoured ,croatia,0,0,0,0,0,0,0,0,0,0,0,0,0,0,0,0,0,0,0,0,0,0,0,0,0,0,0,0,0,0,0,0,0,0,0,0,0,1
936,5759195,The Garden Brewery,"Imperial Florida Weisse Mango, Lime & Raspberry",Sour - Berliner Weisse,https://untappd.com/b/the-garden-brewery-imperial-florida-weisse-mango-lime-and-raspberry/5759195,7.3,12,3.72,560,03/22/24,"Our very own globetrotter Mario put into motion another Mexican collab, this time with the boys from Fausto! A big and bold Florida Weisse with a ton of fruit in it for a super juicy punch. ",croatia,0,0,0,0,0,0,0,0,1,0,0,0,0,0,0,0,0,0,0,0,0,0,0,0,0,0,0,0,0,0,0,0,0,0,1,0,0,0
937,1627748,The Garden Brewery,Sour,Sour - Berliner Weisse,https://untappd.com/b/the-garden-brewery-sour/1627748,3.5,10,3.58,3700,07/02/16,"A clean, refreshing sour ale hopped with Nelson Sauvin from New Zealand and Summer from Australia. Dry hopped during fermentation to make the most of our unique house yeast. Aroma is strong white grape with a background of ripe passion fruit and melon pulp. Flavour is unique and distinct; sour white grape. A very clean beer it has a dry finish with the medium-tart mouth puckering sourness.A Croatian first; this is perfect for summer drinking, cider-drinkers or people who just ‘don’t drink beer’. ",croatia,0,0,0,0,0,0,0,1,1,0,0,0,0,0,0,0,0,0,0,0,0,0,0,0,0,0,0,0,0,0,0,0,0,0,1,0,0,0
938,5837612,The Garden Brewery,"Florida Weisse: Kiwi, Papaya & Lemon",Sour - Berliner Weisse,https://untappd.com/b/the-garden-brewery-florida-weisse-kiwi-papaya-and-lemon/5837612,5.8,16,3.55,1045,05/22/24,Punchy & Juicy Sour with sweet tropical Papaya & Kiwi balanced with tart Lemons. Made with our Mexican friends Cervesa Morenos ,croatia,0,0,0,0,0,0,0,0,0,0,0,0,0,0,0,0,0,0,0,0,0,0,0,0,0,0,0,0,0,0,0,0,0,0,1,0,0,0
939,4079972,Varionica,Chef's Beer,Sour - Flanders Oud Bruin,https://untappd.com/b/varionica-chef-s-beer/4079972,9.3,30,3.6,421,12/02/20,"This truly special beer is a hybrid between Old Ale and Flanders Brown. We further enriched the complex combination of malts by using maraština raisins and molasses in the brewing process. After primary fermentation with English yeast strains, the beer is transferred to barrique barrels in which it acquires a completely new dimension by secondary fermentation with wild yeasts and long aging.Chef's beer is the winner of a gold medal from the prestigious European Beer Challenge in London and was created as a collaboration between Barut Brewing and Blending, Zmajska pivovara, BIBICH WINE CROATIA and chef Mate Janković ",croatia,1,0,0,0,0,0,0,1,0,0,0,0,0,1,0,0,0,0,0,0,0,0,0,0,0,0,0,0,0,0,0,0,0,0,1,0,0,0
940,5113059,Zmajska Pivovara,Rouge 22,Sour - Flanders Red Ale,https://untappd.com/b/zmajska-pivovara-rouge-22/5113059,5.6,N/A,3.79,162,11/11/22, ,croatia,0,0,0,0,0,0,0,0,0,0,0,0,0,0,0,0,0,0,0,0,0,0,0,0,0,0,0,0,0,0,0,0,0,0,1,0,0,0
946,4545336,The Garden Brewery,"Imperial Raspberry, Coffee & Cacao Sour",Sour - Fruited,https://untappd.com/b/the-garden-brewery-imperial-raspberry-coffee-and-cacao-sour/4545336,7.5,6,3.85,1581,10/12/21,"Budapest Beer Week Collab (Hungary) Collab: 7.5%Beer festivals have had it hard over the last 2 years so we wanted to say a BIG thanks to them all (and craft beer bars too) for bringing breweries and drinkers together. We made this with Tibor, Marton and Peter from BPBW who run an amazing festival and who supported us from the start. This is rich, intense, tart and luxuriant with a massive 270 grams of fresh raspberries in every single litre. Balanced complexity is added by resting on Cacao nibs and fresh roasted Coffee. ",croatia,0,0,0,0,0,0,0,0,1,0,0,0,0,0,0,0,0,0,0,0,0,0,0,0,0,0,1,0,0,0,0,0,0,0,0,0,0,0
947,4130380,Nova Runda,Small Batch Series: 21 Raspberry Sour,Sour - Fruited,https://untappd.com/b/nova-runda-small-batch-series-21-raspberry-sour/4130380,5.2,20,3.83,153,01/04/21,"Tart and fruity, this Sour is filled with a thick mass of Raspberry juice  ",croatia,0,0,0,0,0,0,0,0,1,0,0,0,0,0,0,0,0,0,0,0,0,0,0,0,0,0,1,0,0,0,0,0,0,0,0,0,0,0
948,4322531,The Garden Brewery,"Imperial Apricot, Mandarin & Lemon Sour",Sour - Fruited,https://untappd.com/b/the-garden-brewery-imperial-apricot-mandarin-and-lemon-sour/4322531,6.4,5,3.82,1558,05/21/21,Tart and fruity with a gentle saltiness. Conditioned on Orange and Lemon rind; and Green Cardamom pods ,croatia,0,0,0,0,0,0,0,0,1,0,0,0,0,0,0,0,0,0,0,0,0,0,0,0,0,0,1,0,0,0,0,0,0,0,0,0,0,0
949,5072936,The Garden Brewery,"Triple Dragon Fruit, Pink Guava & Strawberry Sour",Sour - Fruited,https://untappd.com/b/the-garden-brewery-triple-dragon-fruit-pink-guava-and-strawberry-sour/5072936,11.5,6,3.82,1092,10/18/22,SIXTH BIRTHDAY COLLAB BREWEnormous Kettle Sour fruit bomb ,croatia,0,0,0,0,0,0,0,0,1,0,0,0,0,0,0,0,0,0,0,0,0,0,0,0,0,0,1,0,0,0,0,0,0,0,0,0,0,0
950,4523860,Nova Runda,"Fruit Expo: Passion Fruit, Mango And Lime Sour",Sour - Fruited,https://untappd.com/b/nova-runda-fruit-expo-passion-fruit-mango-and-lime-sour/4523860,6.0,8,3.81,295,09/27/21,"Zesty and refreshing kettle sour brewed with passion fruit, mango and lime.   ",croatia,0,0,0,0,0,0,0,0,1,0,0,0,0,0,0,0,0,0,0,0,0,0,0,0,0,0,1,0,0,0,0,0,0,0,0,0,0,0
951,4149345,Nova Runda,Fruit Expo: Passion Fruit Sour Kveik,Sour - Fruited,https://untappd.com/b/nova-runda-fruit-expo-passion-fruit-sour-kveik/4149345,7.5,12,3.8,732,01/21/21,"This isn't your regular fruited sour. Yes, passion fruit is overwhelming and intense, but it nicely complements the real star of this beer - Kveik yeast which adds a new dimension to this beer.   ",croatia,0,0,0,0,0,0,0,1,1,0,0,0,0,0,0,0,0,0,0,0,0,0,0,0,0,0,1,0,0,0,0,0,0,0,0,0,0,0
952,4965714,The Garden Brewery,"Imperial Cherry, Raspberry & Coffee Sour",Sour - Fruited,https://untappd.com/b/the-garden-brewery-imperial-cherry-raspberry-and-coffee-sour/4965714,7.5,6,3.79,1300,08/06/22,A complex Sour beast made with our Manchester friends. Sweet Cherry and Raspberry balanced with rich Cacao and earthy cold-brew Coffee ,croatia,0,0,0,0,0,0,0,0,1,0,0,0,0,0,0,0,0,0,0,0,0,0,0,0,0,0,1,0,0,0,0,0,0,0,0,0,0,0
953,4996410,Saperlot,Flat-Earthers Stop,Sour - Fruited,https://untappd.com/b/saperlot-flat-earthers-stop/4996410,6.0,20,3.79,214,08/27/22,Passionfruit infused sour ,croatia,0,0,0,0,0,0,0,0,1,0,0,0,0,0,0,0,0,0,0,0,0,0,0,0,0,0,1,0,0,0,0,0,0,0,0,0,0,0
954,5371409,Zmajska Pivovara,Very Berry Bunny,Sour - Fruited,https://untappd.com/b/zmajska-pivovara-very-berry-bunny/5371409,4.9,3,3.78,240,05/24/23,"It's a leap of fruits! Taste and aroma dominated by raspberry with a hint of black currant in the background. Medium body, pleasant sweetness. No bitterness.  ",croatia,0,0,0,0,0,0,0,0,1,0,0,0,0,0,0,0,0,0,0,0,0,0,0,0,0,0,1,0,0,0,0,0,0,0,0,0,0,0
955,3220670,The Garden Brewery,Pineapple Sour,Sour - Fruited,https://untappd.com/b/the-garden-brewery-pineapple-sour/3220670,4.5,5,3.77,212,05/10/19,"Pouring a hazy yellow with dominant notes of fresh, juicy pineapple. Refreshing and tart with a lasting sourness. A real summertime champion. ",croatia,0,0,0,0,0,0,0,0,0,0,0,0,0,0,0,0,0,0,0,0,0,0,0,0,0,0,1,0,0,0,0,0,0,0,0,0,0,0
956,6415161,Maskeron,"SOUR Raspberry, Strawberry, Blueberry, Sweet Cherry",Sour - Fruited,https://untappd.com/b/maskeron-sour-raspberry-strawberry-blueberry-sweet-cherry/6415161,6.0,10,3.77,190,09/17/25,"FRUITED SOUR 2Loaded with bunch of the best berries.RASPBERRY, STRAWBERRY, BLUEBERRY, SWEET CHERRY. ",croatia,0,0,0,0,0,0,0,0,1,0,0,0,0,0,0,0,0,0,0,0,0,0,0,0,0,0,1,0,0,0,0,0,0,0,0,0,0,0
957,6665341,Mlinarica,Find Muck,Sour - Fruited,https://untappd.com/b/mlinarica-find-muck/6665341,4.4,10,3.76,225,04/09/26,"A collab beer with our dear friends from Sibeeria Brewery from Prague. Kettle sour with lemon, ginger and carrots. Every sip sends a refreshing buzz through your mind!- This beer has carrots in it!- Why is it purple? - Because it's black!Contains lactose! ",croatia,0,0,0,0,0,0,0,0,0,0,0,0,0,0,0,0,0,0,0,0,0,0,0,0,0,0,1,0,0,0,0,0,0,0,0,0,0,0
958,5240592,The Garden Brewery,"Mango, Strawberry & Apricot Sour",Sour - Fruited,https://untappd.com/b/the-garden-brewery-mango-strawberry-and-apricot-sour/5240592,5.5,8,3.76,1009,02/17/23,Packed with fruit and balanced by a bright and zingy acidity ,croatia,0,0,0,0,0,0,0,0,1,0,0,0,0,0,0,0,0,0,0,0,0,0,0,0,0,0,1,0,0,0,0,0,0,0,0,0,0,0
959,3885540,The Garden Brewery,Imperial Strawberry Sour,Sour - Fruited,https://untappd.com/b/the-garden-brewery-imperial-strawberry-sour/3885540,6.1,5,3.76,1014,07/23/20, ,croatia,0,0,0,0,0,0,0,0,0,0,0,0,0,0,0,0,0,0,0,0,0,0,0,0,0,0,1,0,0,0,0,0,0,0,0,0,0,0
960,4917537,Nova Runda,Fruit Expo: Apricot Sour,Sour - Fruited,https://untappd.com/b/nova-runda-fruit-expo-apricot-sour/4917537,4.6,8,3.76,693,07/04/22,"A perfect summer experience - sour with a pronounced fruity aroma, but the low body, and juicy flavor. ",croatia,0,0,0,0,0,0,0,0,1,0,0,0,0,0,0,0,0,0,0,0,0,0,0,0,0,0,1,0,0,0,0,0,0,0,0,0,0,0
961,5423539,Maskeron,Trip To the Sour Side,Sour - Fruited,https://untappd.com/b/maskeron-trip-to-the-sour-side/5423539,6.0,10,3.76,275,06/30/23,"GUAVA, MANGO, PASSION FRUITFirst Sour beer from the series ""Trip To The Sour Side""Full body fruited Sour 15% ",croatia,0,0,0,0,0,0,0,0,1,0,0,0,0,0,0,0,0,0,0,0,0,0,0,0,0,0,1,0,0,0,0,0,0,0,0,0,0,0
962,4222938,Nova Runda,Fruit Expo: Raspberry Sour,Sour - Fruited,https://untappd.com/b/nova-runda-fruit-expo-raspberry-sour/4222938,4.8,20,3.75,1039,03/16/21,Another brewski from the Fruit Expo series. This Kettle Sour is upgraded with large quantities of raspberry   ,croatia,0,0,0,0,0,0,0,0,1,0,0,0,0,0,0,0,0,0,0,0,0,0,0,0,0,0,1,0,0,0,0,0,0,0,0,0,0,0
963,5053391,Nova Runda,Fruit Expo: Strawberry & White Guava Sour,Sour - Fruited,https://untappd.com/b/nova-runda-fruit-expo-strawberry-and-guava-sour/5053391,4.7,8,3.75,274,10/05/22,"Perfectly balanced Sour tnx to the mix of Strawberry and Guava. Medium body, subtle sourness, and a long fruity finish with a high probability you'll order another one! ",croatia,0,0,0,0,0,0,0,0,1,0,0,0,0,0,0,0,0,0,0,0,0,0,0,0,0,0,1,0,0,0,0,0,0,0,0,0,0,0
964,6350087,Maskeron,"Mango, Peach, Coconut, Lychee-Lemon SOUR 1",Sour - Fruited,https://untappd.com/b/maskeron-mango-peach-coconut-lychee-lemon-sour-1/6350087,6.5,8,3.74,257,07/23/25,"2025 SOUR 1MANGO, PEACH, COCONUT, LYCHEE - LEMON ",croatia,0,0,0,0,0,0,0,0,0,0,0,0,0,0,0,0,0,0,0,0,0,0,0,0,0,0,1,0,0,0,0,0,0,0,0,0,0,0
965,5403071,Nova Runda,Fruit Expo: Passion Fruit Sour,Sour - Fruited,https://untappd.com/b/nova-runda-fruit-expo-passion-fruit-sour/5403071,4.9,8,3.74,489,06/15/23,"Latest beer in our fruit expo series is a smooth, and fruity sour brewed with a lot of Passion fruit. ",croatia,0,0,0,0,0,0,0,0,1,0,0,0,0,0,0,0,0,0,0,0,0,0,0,0,0,0,1,0,0,0,0,0,0,0,0,0,0,0
966,5010465,Nova Runda,Fruit Expo: Pineapple Sour,Sour - Fruited,https://untappd.com/b/nova-runda-fruit-expo-pineapple-sour/5010465,4.7,8,3.74,178,09/07/22,"Fruity and very drinkable Sour, but don't get surprised when those pineapple notes hit you, because this Sour is packed with pineapple, and those notes are just getting stronger with every sip! ",croatia,0,0,0,0,0,0,0,0,0,0,0,0,0,0,0,0,0,0,0,0,0,0,0,0,0,0,1,0,0,0,0,0,0,0,0,0,0,0
967,4662777,Nova Runda,Fruit Expo: Mango And Lime Sour,Sour - Fruited,https://untappd.com/b/nova-runda-fruit-expo-mango-and-lime-sour/4662777,4.5,N/A,3.74,155,12/31/21,Fruity and pungent Sour with a full body and all-around Mango flavor accompanied by Lime. ,croatia,0,0,0,0,0,0,0,0,0,0,0,0,0,0,0,0,0,0,0,0,0,0,0,0,0,0,1,0,0,0,0,0,0,0,0,0,0,0
968,6432199,PriMarius craft pivovara,Sourkić,Sour - Fruited,https://untappd.com/b/primarius-craft-pivovara-sourkic/6432199,4.6,N/A,3.74,167,10/02/25,"Passion Fruit, Lime and a hint of Ginger ",croatia,0,0,0,0,0,0,0,0,0,0,0,0,0,0,0,0,0,0,0,0,0,0,0,0,0,0,1,0,0,0,0,0,0,0,0,0,0,0
969,4764637,The Garden Brewery,"Imperial Strawberry, Apricot & Lemon Sour",Sour - Fruited,https://untappd.com/b/the-garden-brewery-imperial-strawberry-apricot-and-lemon-sour/4764637,7.7,5,3.73,828,03/22/22,Sumptuous triple-fruited kettle sour with zesty Italian lemons and background notes of Black Pepper ,croatia,0,0,0,0,0,0,0,0,1,0,0,0,0,0,0,0,0,0,0,0,0,0,0,0,0,0,1,0,0,0,0,0,0,0,0,0,0,0
970,4764639,The Garden Brewery,"Imperial Blueberry, Orange Peel & Cacao Sour",Sour - Fruited,https://untappd.com/b/the-garden-brewery-imperial-blueberry-orange-peel-and-cacao-sour/4764639,8.0,10,3.72,788,03/22/22,"Fruity, earthy and complex. With copious amounts of sweet-tart Blueberries, rich Cacao Nibs and tangy Orange peel  ",croatia,0,0,0,0,0,0,0,0,1,0,0,0,0,0,0,0,0,0,0,0,0,0,0,0,0,0,1,0,0,0,0,0,0,0,0,0,0,0
971,5631049,Nova Runda,Small Batch Series: 54 Hoppy Lemonade,Sour - Fruited,https://untappd.com/b/nova-runda-small-batch-series-54-hoppy-lemonade/5631049,4.7,12,3.72,150,12/04/23,Hoppy and fruity Sour Ale brewed with lime. ,croatia,0,0,0,0,0,0,0,0,1,0,0,0,0,0,0,0,0,0,0,0,0,0,0,0,0,0,1,0,0,0,0,0,0,0,0,0,0,0
972,5697170,The Garden Brewery,Blackcurrant & Peach Sour,Sour - Fruited,https://untappd.com/b/the-garden-brewery-blackcurrant-and-peach-sour/5697170,6.6,5,3.72,684,01/31/24,"Biting Blackcurrant acidity softened by sweet and juicy white Peaches. Rounded  off with toasty hazelnuts, this Peach cobbler in a can was made with our good mates from Montpellier.  ",croatia,0,0,0,0,0,0,0,0,0,0,0,0,0,0,0,0,0,0,0,0,0,0,0,0,0,0,1,0,0,0,0,0,0,0,0,0,0,0
973,4675470,Nova Runda,Fruit Expo: 3 Berries Sour,Sour - Fruited,https://untappd.com/b/nova-runda-fruit-expo-3-berries-sour/4675470,4.5,N/A,3.71,201,01/12/22,"If you're looking for a complex, thick and fruity sour, you've found it. Blueberry, Cranberry, and Black Currant are forming this mighty Berry Bomb! ",croatia,0,0,0,0,0,0,0,0,1,0,0,0,0,0,0,0,0,0,0,0,0,0,0,0,0,0,1,0,0,0,0,0,0,0,0,0,0,0
974,4764645,The Garden Brewery,"Passion Fruit, Peach & Pineapple Sour",Sour - Fruited,https://untappd.com/b/the-garden-brewery-passion-fruit-peach-and-pineapple-sour/4764645,4.0,4,3.71,862,03/22/22,"Fresh, juicy, tropical, tart and sessionable ",croatia,0,0,0,0,0,0,0,0,0,0,0,0,0,0,0,0,0,0,0,0,0,0,0,0,0,0,1,0,0,0,0,0,0,0,0,0,0,0
975,4914395,Varionica,Melagrano Sour NOEL,Sour - Fruited,https://untappd.com/b/varionica-melagrano-sour-noel/4914395,4.7,10,3.71,179,07/02/22,"A refreshing and fruity sour made with lemon, pomegranate and cardamom. Made in collaboration with Zagreb's only Micheline star restaurant NOEL.  ",croatia,0,0,0,0,0,0,0,0,1,0,0,0,0,0,0,0,0,0,0,0,0,0,0,0,0,0,1,0,0,0,0,0,0,0,0,0,0,0
976,4435273,Nova Runda,Fruit Expo: Blueberry Sour,Sour - Fruited,https://untappd.com/b/nova-runda-fruit-expo-blueberry-sour/4435273,5.4,N/A,3.71,266,07/30/21,"Fruity and refreshing, sour and powerful. Fruit Expo number 3 brings all the goodness of blueberries. ",croatia,0,0,0,0,0,0,0,0,1,0,0,0,0,0,0,0,0,0,0,0,0,0,0,0,0,0,1,0,0,0,0,0,0,0,0,0,0,0
977,3669347,The Garden Brewery,Blueberry & Lavender Sour,Sour - Fruited,https://untappd.com/b/the-garden-brewery-blueberry-and-lavender-sour/3669347,5.2,8,3.7,2235,02/12/20,"Collab brew with Amundsen Brewery.Aromatic, tart and citrusy.A kettle sour fermented on Blueberries and conditioned on Lavender. ",croatia,0,0,0,0,0,0,0,0,1,0,0,0,0,0,0,0,0,0,0,0,0,0,0,0,0,0,1,0,0,0,0,0,0,0,0,0,0,0
978,5917514,Nova Runda,Fruit Expo: Mint & Lime Sour,Sour - Fruited,https://untappd.com/b/nova-runda-fruit-expo-mint-and-lime-sour/5917514,4.9,8,3.68,199,07/22/24,"Beat the heat with our latest Fruit Expo adventure: Lime & Mint! This refreshing summer brew is a delightful mix of zesty lime and cool mint, perfect for quenching your thirst on a scorching day. ",croatia,0,0,0,0,0,0,0,0,0,0,0,0,0,0,0,0,0,0,0,0,0,0,0,0,0,0,1,0,0,0,0,0,0,0,0,0,0,0
979,4824134,The Garden Brewery,"Imperial Peach, Vanilla & Ginger Sour",Sour - Fruited,https://untappd.com/b/the-garden-brewery-imperial-peach-vanilla-and-ginger-sour/4824134,7.7,3,3.68,1064,05/02/22,"Fruity and complex Kettle Sour with huge amounts of ripe peach, warming Ginger and mellow Vanilla  ",croatia,0,0,0,0,0,0,0,0,0,0,0,0,0,0,0,0,0,0,0,0,0,0,0,0,0,0,1,0,0,0,0,0,0,0,0,0,0,0
980,3119893,The Garden Brewery,Apricot Sour,Sour - Fruited,https://untappd.com/b/the-garden-brewery-apricot-sour/3119893,3.6,5,3.68,742,03/10/19,"Sweet, robust, with a balanced tartness. Pouring a creamy orange, the addition of lactose provides the backbone for a smooth, easy drinking sour. Perfect for the burgeoning spring weather.  ",croatia,0,0,0,0,0,0,0,0,0,0,0,0,0,0,0,0,0,0,0,0,0,0,0,0,0,0,1,0,0,0,0,0,0,0,0,0,0,0
981,3612158,The Garden Brewery,Rhubarb Sour,Sour - Fruited,https://untappd.com/b/the-garden-brewery-rhubarb-sour/3612158,4.1,6,3.68,297,01/03/20, ,croatia,0,0,0,0,0,0,0,0,0,0,0,0,0,0,0,0,0,0,0,0,0,0,0,0,0,0,1,0,0,0,0,0,0,0,0,0,0,0
982,4993614,Nova Runda,Fruit Expo: White Guava Sour,Sour - Fruited,https://untappd.com/b/nova-runda-fruit-expo-white-guava-sour/4993614,4.7,8,3.68,313,08/26/22,Have you ever experienced a full rush of white Guava? This hazy and white Guava beer is bursting with tropical aroma and is a go-to beer for every fruit-sour fan. ,croatia,0,0,0,0,0,0,0,0,1,0,0,0,0,0,0,0,0,0,0,0,0,0,0,0,0,0,1,0,0,0,0,0,0,0,0,0,0,0
983,6071690,The Garden Brewery,"Peach Tea, Strawberry And Apricot Sour",Sour - Fruited,https://untappd.com/b/the-garden-brewery-peach-tea-strawberry-and-apricot-sour/6071690,5.4,3,3.68,418,11/25/24,"Dry, delicate, piquant and thirst quenching. Made with Badin, our Norwegian Arctic friends.Hops Magnum Malts Extra Pale Ale, Wheat Malt, Flaked Oats Yeast AY4 Adjuncts Peach Tea, Strawberry, Apricot Alergens Gluten ",croatia,0,0,0,0,0,0,0,0,1,0,0,0,0,0,0,0,0,0,0,0,0,0,0,0,0,0,1,0,0,0,0,0,0,0,0,0,0,0
984,5987811,The Garden Brewery,"Imperial Sour Lemon, Chinese Black Tea & Guizhou Peppercorn",Sour - Fruited,https://untappd.com/b/the-garden-brewery-imperial-sour-lemon-chinese-black-tea-and-guizhou-peppercorn/5987811,7.5,2,3.67,302,09/18/24, ,croatia,0,0,0,0,0,0,0,0,0,0,0,0,0,0,0,0,0,0,0,0,0,0,0,0,0,0,1,0,0,0,0,0,0,0,0,0,0,0
985,5635099,Nova Runda,"Fruit Expo: Mango, Pineapple & Lime",Sour - Fruited,https://untappd.com/b/nova-runda-fruit-expo-mango-pineapple-and-lime/5635099,5.0,8,3.66,188,12/08/23,"Embark on a flavor rollercoaster with this Sour from the Fruit Expo series – the beer equivalent of a Hawaiian shirt at a formal party! Pineapple, mango, and lime all decided to join the party. ",croatia,0,0,0,0,0,0,0,0,0,0,0,0,0,0,0,0,0,0,0,0,0,0,0,0,0,0,1,0,0,0,0,0,0,0,0,0,0,0
986,2757642,The Garden Brewery,Cherry Sour,Sour - Fruited,https://untappd.com/b/the-garden-brewery-cherry-sour/2757642,4.3,5,3.66,375,07/20/18,"A kettle sour fermented on large amounts of Croatian Makarska cherries. Tart and complex, medium bodied and deep red in colour with intense cherry flavour.  ",croatia,0,0,0,0,0,0,0,0,0,0,0,0,0,0,0,0,0,0,0,0,0,0,0,0,0,0,1,0,0,0,0,0,0,0,0,0,0,0
987,4208606,Zmajska Pivovara,Berry Bunny,Sour - Fruited,https://untappd.com/b/zmajska-pivovara-berry-bunny/4208606,5.5,5,3.66,322,03/06/21,Sour beer with raspberry and strawberry. ,croatia,0,0,0,0,0,0,0,0,1,0,0,0,0,0,0,0,0,0,0,0,0,0,0,0,0,0,1,0,0,0,0,0,0,0,0,0,0,0
988,4675529,Nova Runda,Beer Cocktail: Cosmopolitan,Sour - Fruited,https://untappd.com/b/nova-runda-beer-cocktail-cosmopolitan/4675529,4.6,N/A,3.65,250,01/12/22,"For our second Cocktail inspired Beer we've chosen the popular Cosmopolitan. A combination of Cranberry juice, Lime, and Orange aroma resulted in a very drinkable beer with subtle sour notes. ",croatia,0,0,0,0,0,0,0,0,1,0,0,0,0,0,0,0,0,0,0,0,0,0,0,0,0,0,1,0,0,0,0,0,0,0,0,0,0,0
989,4027101,The Garden Brewery,Rhubarb & Strawberry Sour,Sour - Fruited,https://untappd.com/b/the-garden-brewery-rhubarb-and-strawberry-sour/4027101,3.9,4,3.64,537,10/27/20,Double fruited sour ale with a big combination of rhubarb and strawberry. ,croatia,0,0,0,0,0,0,0,0,1,0,0,0,0,0,0,0,0,0,0,0,0,0,0,0,0,0,1,0,0,0,0,0,0,0,0,0,0,0
990,5370449,The Garden Brewery,"Florida Weisse Mango, Rhubarb & Lemon",Sour - Fruited,https://untappd.com/b/the-garden-brewery-florida-weisse-mango-rhubarb-and-lemon/5370449,5.5,10,3.64,662,05/23/23,"Triple-fruited Sour. Tart Rhubarb meets sweet Mango, accented with piquant Lemons. Summer is calling...Malts - Extra Pale Ale Malt, Wheat Flakes, Oat FlakesHops - MagnumYeast - JuiceMachineAdjuncts - Mango, Rhubarb, Lemon ",croatia,0,0,0,0,0,0,0,0,1,0,0,0,0,0,0,0,0,0,0,0,0,0,0,0,0,0,1,0,0,0,0,0,0,0,0,0,0,0
992,4182752,The Garden Brewery,"Imperial Florida Weisse #02 - Pink Guava, Strawberry & Lime",Sour - Fruited Berliner Weisse,https://untappd.com/b/the-garden-brewery-imperial-florida-weisse-02-pink-guava-strawberry-and-lime/4182752,7.4,8,3.84,1764,02/15/21,"Amped up floridaweisse laden with juicy pink guava, strawberry and sweet milk sugar, balanced with piquant limes. ",croatia,0,0,0,0,0,0,0,0,1,0,0,0,0,0,0,0,0,0,0,0,0,0,0,0,0,0,1,0,0,0,0,0,0,0,0,0,0,0
993,4580142,The Garden Brewery,"Imperial Florida Weisse #07 - Passion Fruit, Pineapple & Lime",Sour - Fruited Berliner Weisse,https://untappd.com/b/the-garden-brewery-imperial-florida-weisse-07-passion-fruit-pineapple-and-lime/4580142,6.7,4,3.84,675,11/05/21,"Tropical, tart and tangy triple-fruited Kettle Sour with Brazilian Lime ",croatia,0,0,0,0,0,0,0,0,1,0,0,0,0,0,1,0,0,0,0,0,0,0,0,0,0,0,1,0,0,0,0,0,0,0,0,0,0,0
994,4387367,The Garden Brewery,"Imperial Florida Weisse #03 - Raspberry, Coconut & Vanilla",Sour - Fruited Berliner Weisse,https://untappd.com/b/the-garden-brewery-imperial-florida-weisse-03-raspberry-coconut-and-vanilla/4387367,6.1,3,3.83,749,06/30/21,"Raspberry, Coconut & Vanilla Tart and juicy with a masses of raspberries, coconut flesh and vanilla pods. ",croatia,0,0,0,0,0,1,0,0,1,0,0,0,0,0,0,0,0,0,0,0,0,0,0,0,0,0,1,0,0,0,0,0,0,0,0,0,0,0
995,5320961,The Garden Brewery,"Florida Weisse Passion Fruit, Pineapple & Mandarin",Sour - Fruited Berliner Weisse,https://untappd.com/b/the-garden-brewery-florida-weisse-passion-fruit-pineapple-and-mandarin/5320961,5.7,10,3.8,812,04/18/23,"Triple-fruited Sour. Juicy, full-bodied & tangy ",croatia,0,0,0,0,0,0,0,0,1,0,0,0,0,0,0,0,0,0,0,0,0,0,0,0,0,0,1,0,0,0,0,0,0,0,0,0,0,0
996,4580144,The Garden Brewery,"Imperial Florida Weisse #08 - Rhubarb, Mango & Vanilla",Sour - Fruited Berliner Weisse,https://untappd.com/b/the-garden-brewery-imperial-florida-weisse-08-rhubarb-mango-and-vanilla/4580144,6.9,5,3.8,615,11/05/21,Tart & tropical Kettle Sour; with Vanilla Pods and a gentle Ginger warmth ,croatia,0,0,0,0,0,0,0,0,0,0,0,0,0,0,0,0,0,0,0,0,0,0,0,0,0,0,1,0,0,0,0,0,0,0,0,0,0,0
997,3855080,The Garden Brewery,"Florida Weisse #03 - Pineapple, Mango & Coconut",Sour - Fruited Berliner Weisse,https://untappd.com/b/the-garden-brewery-florida-weisse-03-pineapple-mango-and-coconut/3855080,4.4,9,3.8,745,07/03/20,Super-fruited florida weisse in a pinacolada style! Masses of pineapple and mango on a lactose sour base.  Strong aroma of sweet coconut. ,croatia,0,0,0,0,0,0,0,0,1,0,0,0,0,0,0,0,0,0,0,0,0,0,0,0,0,0,1,0,0,0,0,0,0,0,0,0,0,0
998,4146173,The Garden Brewery,"Imperial Florida Weisse #01 - Passion Fruit, Mango & Mandarin",Sour - Fruited Berliner Weisse,https://untappd.com/b/the-garden-brewery-imperial-florida-weisse-01-passion-fruit-mango-and-mandarin/4146173,8.5,12,3.79,1039,01/18/21,"Our Florida Weisse doubled up and overlain with as much passionfruit, mango and mandarin as it can carry. ",croatia,0,0,0,0,0,0,0,0,1,0,0,0,0,0,0,0,0,0,0,0,0,0,0,0,0,0,1,0,0,0,0,0,0,0,0,0,0,0
999,4824148,The Garden Brewery,"Imperial Florida Weisse #09 - Strawberry, Mango & Lime",Sour - Fruited Berliner Weisse,https://untappd.com/b/the-garden-brewery-imperial-florida-weisse-09-strawberry-mango-and-lime/4824148,6.8,4,3.77,859,05/02/22,"A fruity sour explosion, packed with ripe Strawberries, Mangos and zesty Lime ",croatia,0,0,0,0,0,0,0,0,1,0,0,0,0,0,0,0,0,0,0,0,0,0,0,0,0,0,1,0,0,0,0,0,0,0,0,0,0,0
1000,4513511,Nova Runda,Beer Cocktail: Mojito Berliner,Sour - Fruited Berliner Weisse,https://untappd.com/b/nova-runda-beer-cocktail-mojito-berliner/4513511,4.9,8,3.77,528,09/20/21,Your place under the sun can't be complete without this brewski. Easy going and low bodied Berliner accompanied by mint and lime. Slightly sour and refreshing. ,croatia,0,0,0,0,0,0,0,0,0,0,0,0,0,0,0,0,0,0,0,0,0,0,0,0,0,0,1,0,0,0,0,0,0,0,0,0,0,0
1001,3855078,The Garden Brewery,Florida Weisse 2,Sour - Fruited Berliner Weisse,https://untappd.com/b/the-garden-brewery-florida-weisse-2/3855078,4.1,10,3.75,701,07/03/20,Pink guava - lychee - lime ,croatia,0,0,0,0,0,0,0,0,0,0,0,0,0,0,0,0,0,0,0,0,0,0,0,0,0,0,1,0,0,0,0,0,0,0,0,0,0,0
1002,4446500,The Garden Brewery,"Imperial Florida Weisse #04 - Papaya, Strawberry & Lemon",Sour - Fruited Berliner Weisse,https://untappd.com/b/the-garden-brewery-imperial-florida-weisse-04-papaya-strawberry-and-lemon/4446500,6.0,4,3.73,710,08/06/21,Smooth and tropical with vanilla pods. ,croatia,0,0,0,0,0,1,0,0,0,0,0,0,0,0,0,0,0,0,0,0,0,0,0,0,0,0,1,0,0,0,0,0,0,0,0,0,0,0
1003,4662781,Nova Runda,Fruit Expo: Beetroot And Lime Berliner Weisse,Sour - Fruited Berliner Weisse,https://untappd.com/b/nova-runda-fruit-expo-beetroot-and-lime-berliner-weisse/4662781,4.4,N/A,3.73,194,12/31/21,Easy-going Berliner but with more complexity achieved by Beetroot juice and Lime. ,croatia,0,0,0,0,0,0,0,0,0,0,0,0,0,0,0,0,0,0,0,0,0,0,0,0,0,0,1,0,0,0,0,0,0,0,0,0,0,0
1004,4876748,The Garden Brewery,"Imperial Florida Weisse #10 - Lychee, Mandarin & Lime",Sour - Fruited Berliner Weisse,https://untappd.com/b/the-garden-brewery-imperial-florida-weisse-10-lychee-mandarin-and-lime/4876748,7.4,4,3.73,686,06/07/22,"Sweet fruits meet sour beer. Ripe Mandarin flesh, Lychees and zingy Lime zest balanced with softening vanilla pods ",croatia,0,0,0,0,0,1,0,0,1,0,0,0,0,0,0,0,0,0,0,0,0,0,0,0,0,0,1,0,0,0,0,0,0,0,0,0,0,0
1005,4498126,Nova Runda,Fruit Expo: Berliner Weisse With Lime,Sour - Fruited Berliner Weisse,https://untappd.com/b/nova-runda-fruit-expo-berliner-weisse-with-lime/4498126,4.6,8,3.72,1107,09/10/21,"Classic Berliner Weisse upgraded with lime. The aroma is fruity and citrusy, and the lime gives that refreshing note responsible for the smooth ride. ",croatia,0,0,0,0,0,0,0,0,1,0,0,0,0,0,0,0,0,0,0,0,0,0,0,0,0,0,1,0,0,0,0,0,0,0,0,0,0,0
1006,5282379,The Garden Brewery,"Valovi - Florida Weisse Pink Guava, Strawberry & Lime",Sour - Fruited Berliner Weisse,https://untappd.com/b/the-garden-brewery-valovi-florida-weisse-pink-guava-strawberry-and-lime/5282379,6.9,5,3.71,3187,03/20/23,"Tropical & juicy sour beer...Malts - Lager, Oat Malt, Wheat MaltHops - ColumbusYeast - SandersAdjuncts - Pink Guava, Strawberry, Lime ",croatia,0,0,0,0,0,0,0,0,1,0,0,0,0,0,0,0,0,0,0,0,0,0,0,0,0,0,1,0,0,0,0,0,0,0,0,0,0,0
1007,5490510,The Garden Brewery,"Florida Weisse Prickly Pear, Strawberry & Coconut",Sour - Fruited Berliner Weisse,https://untappd.com/b/the-garden-brewery-florida-weisse-prickly-pear-strawberry-and-coconut/5490510,6.7,N/A,3.71,1095,08/18/23,"Fruit-packed summer sour. Ripe, bright and aromatic. ",croatia,0,0,0,0,0,0,0,0,0,0,0,0,0,0,0,0,0,0,0,0,0,0,0,0,0,0,1,0,0,0,0,0,0,0,0,0,0,0
1008,4605822,The Garden Brewery,"Florida Weisse #07 - Raspberry, Lemon & Vanilla",Sour - Fruited Berliner Weisse,https://untappd.com/b/the-garden-brewery-florida-weisse-07-raspberry-lemon-and-vanilla/4605822,4.7,5,3.7,603,11/22/21,Sessionable and zingy Kettle Sour with heaps of Croatian Raspberries and Italian Lemon Zest; balanced by Madagascan Vanilla ,croatia,0,0,0,0,0,0,0,0,1,0,0,0,0,0,0,0,0,0,0,0,0,0,0,0,0,0,1,0,0,0,0,0,0,0,0,0,0,0
1009,4495695,The Garden Brewery,"Imperial Florida Weisse #05 - Watermelon, Cucumber & Strawberry",Sour - Fruited Berliner Weisse,https://untappd.com/b/the-garden-brewery-imperial-florida-weisse-05-watermelon-cucumber-and-strawberry/4495695,6.2,5,3.7,540,09/08/21,Tart and juicy triple-fruited poolside beer with zingy lime zest and fresh mint ,croatia,0,0,0,0,0,0,0,0,1,0,0,0,0,0,0,0,0,0,0,0,0,0,0,0,0,0,1,0,0,0,0,0,0,0,0,0,0,0
1010,4046597,The Garden Brewery,"Florida Weisse #04 - Peach, Apricot, Papaya",Sour - Fruited Berliner Weisse,https://untappd.com/b/the-garden-brewery-florida-weisse-04-peach-apricot-papaya/4046597,4.7,9,3.67,1271,11/09/20,Our Florida Weisse base loaded with tropical papaya and layered with sweet apricot peach and vanilla. ,croatia,0,0,0,0,0,1,0,0,0,0,0,0,0,0,0,0,0,0,0,0,0,0,0,0,0,0,1,0,0,0,0,0,0,0,0,0,0,0
1011,4020212,The Garden Brewery,Cherry & Plum Sour,Sour - Fruited Berliner Weisse,https://untappd.com/b/the-garden-brewery-cherry-and-plum-sour/4020212,3.7,4,3.66,1117,10/23/20,Berliner-Weisse style sour conditioned on Sour Cherry & Plums. Tart and refreshing. ,croatia,0,0,0,0,0,0,0,0,0,0,0,0,0,0,0,0,0,0,0,0,0,0,0,0,0,0,1,0,0,0,0,0,0,0,0,0,0,0
1012,5614047,The Garden Brewery,"Imperial Florida Weisse: Pineapple, Coconut & Vanilla",Sour - Fruited Berliner Weisse,https://untappd.com/b/the-garden-brewery-imperial-florida-weisse-pineapple-coconut-and-vanilla/5614047,7.0,8,3.66,764,11/21/23,"Juicy & Tropical Pineapple Punch. A Big, Tart & Sour beer, balanced with gentle notes of Coconut & Vanilla. Made with our Portuguese friends  ",croatia,0,0,0,0,0,0,0,0,0,0,0,0,0,0,0,0,0,0,0,0,0,0,0,0,0,0,1,0,0,0,0,0,0,0,0,0,0,0
1013,4222129,The Garden Brewery,"Florida Weisse #06 - Pineapple, Pink Grapefruit & Vanilla",Sour - Fruited Berliner Weisse,https://untappd.com/b/the-garden-brewery-florida-weisse-06-pineapple-pink-grapefruit-and-vanilla/4222129,4.2,5,3.66,993,03/15/21,Sweet and zesty with gentle vanilla notes ,croatia,0,0,0,0,0,1,0,0,0,0,0,0,0,0,0,0,0,0,0,0,0,0,0,0,0,0,1,0,0,0,0,0,0,0,0,0,0,0
1014,4836171,Lepi Dečki Brewery,3 REKETYE SOUR,Sour - Fruited Berliner Weisse,https://untappd.com/b/lepi-decki-brewery-3-reketye-sour/4836171,4.3,N/A,3.64,164,05/11/22,Kettle sour made with huge ammounts of sour cherry. Perfect for summer ;) ,croatia,0,0,0,0,0,0,0,0,0,0,0,0,0,0,0,0,0,0,0,0,0,0,0,0,0,0,1,0,0,0,0,0,0,0,0,0,0,0
1015,2812943,Pivovara Daruvar,5th Element Weissberry,Sour - Fruited Berliner Weisse,https://untappd.com/b/pivovara-daruvar-5th-element-weissberry/2812943,4.5,N/A,3.63,180,08/24/18,For a good and fulfilling life is always in need of harmony.Working WEISSBERRY her we love connect yeast and lactic acid bacteria to the harmony of alcohol and acids balancing this sour beer style Berliner Weisse. Additionally we noted peculiarity of this style by upgrading basic beer concentrated juice of raspberries that it turns into the ultimate refreshing beer cocktail worthy of our 5thELEMENT lines. ,croatia,0,0,0,0,0,0,0,1,1,0,0,1,0,0,0,0,0,0,0,0,0,0,0,0,0,0,1,0,0,0,0,0,0,0,0,0,0,0
1016,4090419,The Garden Brewery,"Florida Weisse #05 - Mango, Strawberry, Peach",Sour - Fruited Berliner Weisse,https://untappd.com/b/the-garden-brewery-florida-weisse-05-mango-strawberry-peach/4090419,3.5,8,3.62,1280,12/09/20,"Florida Weisse with a soft fruit cocktail of mango, strawberry, and peaches.  ",croatia,0,0,0,0,0,0,0,0,1,0,0,0,0,0,0,0,0,0,0,0,0,0,0,0,0,0,1,0,0,0,0,0,0,0,0,0,0,0
1017,5918390,The Garden Brewery,"Florida Weisse: Watermelon, Lime & Mint",Sour - Fruited Berliner Weisse,https://untappd.com/b/the-garden-brewery-florida-weisse-watermelon-lime-and-mint/5918390,6.2,3,3.6,642,07/23/24,"Refreshing and tart with cool mint. Beautiful thirst quencher made with our friends from the French Alps, Outer Range ",croatia,0,0,0,0,0,0,0,0,0,0,0,0,0,0,0,0,0,0,0,0,0,0,0,0,0,0,1,0,0,0,0,0,0,0,0,0,0,0
1018,5534246,The Garden Brewery,Florida Weisse: Strawberry & Lychee,Sour - Fruited Berliner Weisse,https://untappd.com/b/the-garden-brewery-florida-weisse-strawberry-and-lychee/5534246,6.3,N/A,3.6,873,09/21/23,"Double fruited Sour with sweet, juicy Strawberries and soft Lychees. Made with our Swiss friends, Hoppy People ",croatia,0,0,0,0,0,0,0,0,1,0,0,0,0,0,0,0,0,0,0,0,0,0,0,0,0,0,1,0,0,0,0,0,0,0,0,0,0,0
1019,2587192,The Garden Brewery,Gooseberry & Elderflower Sour,Sour - Fruited Berliner Weisse,https://untappd.com/b/the-garden-brewery-gooseberry-and-elderflower-sour/2587192,3.3,3,3.59,1091,04/05/18,"A fruity, tart and clean beer with a distinct aroma and fresh sour finish.Available in 2.8% and 3.3% versions. ",croatia,0,0,0,0,0,0,0,0,1,0,0,0,0,0,0,0,0,0,0,0,0,0,0,0,0,0,1,0,0,0,0,0,0,0,0,0,0,0
1020,3766890,The Garden Brewery,Florida Weisse,Sour - Fruited Berliner Weisse,https://untappd.com/b/the-garden-brewery-florida-weisse/3766890,4.1,8,3.57,2573,04/29/20, ,croatia,0,0,0,0,0,0,0,0,0,0,0,0,0,0,0,0,0,0,0,0,0,0,0,0,0,0,1,0,0,0,0,0,0,0,0,0,0,0
1021,3220663,The Garden Brewery,Buckthorn Sour,Sour - Fruited Gose,https://untappd.com/b/the-garden-brewery-buckthorn-sour/3220663,3.8,N/A,3.72,866,05/10/19,A Gose-style kettle sour with Buckthorn Berries and sea salt from Pag Island. ,croatia,0,0,0,0,0,0,0,0,0,0,0,0,0,0,0,0,0,0,0,0,0,0,0,0,0,0,1,0,0,0,0,0,0,0,0,0,0,0
1022,3801600,Mlinarica,Sourise,Sour - Fruited Gose,https://untappd.com/b/mlinarica-sourise/3801600,4.5,8,3.69,334,05/27/20,"The English traditionally dry hop their beersThe Germans traditionally kettle sour beersThe Belgian traditionally add fruit to their beersSalt traditionally is added to a gose.We put all these traditions in one and made you this traditional salty, fruity, double-dry-hopped kettle sour! Exactly the beer everyone needs on a hot summer day! Cheers! ",croatia,0,0,0,1,0,0,0,0,1,0,0,0,0,0,0,0,0,0,0,0,0,0,0,0,0,0,1,0,0,0,0,0,0,0,0,0,0,0
1023,4774341,The Garden Brewery,Imperial Mandarin & Lemon Gose,Sour - Fruited Gose,https://untappd.com/b/the-garden-brewery-imperial-mandarin-and-lemon-gose/4774341,6.6,4,3.65,739,03/29/22,A St Clements Gose with aromatic citrus fruit and peel. Balanced with Himalyan salt ,croatia,0,0,0,0,0,0,0,0,1,0,0,0,0,0,0,0,0,0,0,0,0,0,0,0,0,0,1,0,0,0,0,0,0,0,0,0,0,0
1024,3905295,Varionica,Passion Sour,Sour - Fruited Gose,https://untappd.com/b/varionica-passion-sour/3905295,4.5,10,3.46,2304,08/05/20,"Gose made with passion fruit, made for Zagreb's only Michelin star restaurant NOEL ",croatia,0,0,0,0,0,0,0,0,1,0,0,0,0,0,0,0,0,0,0,0,0,0,0,0,0,0,1,0,0,0,0,0,0,0,0,0,0,0
1025,6089406,Nova Runda,Spicy Sour: Cherry On Fire,Sour - Other,https://untappd.com/b/nova-runda-spicy-sour-cherry-on-fire/6089406,4.4,8,3.83,307,12/10/24,"This 4.4% ABV sour beer is a flavor explosion - imagine a classic American hard candy, tangy with a touch of heat, then picture it infused with juicy cherries, bright lime, and a warm cinnamon kick. ",croatia,0,0,0,0,0,0,0,0,0,0,0,0,0,0,0,0,0,0,0,0,0,0,0,0,0,0,0,0,0,0,0,0,0,0,1,0,0,0
1026,5150876,Nova Runda,Small Batch Series: 32 Fruited Imperial Sour,Sour - Other,https://untappd.com/b/nova-runda-small-batch-series-32-fruited-imperial-sour/5150876,8.2,8,3.8,202,12/08/22,A Winter Special brewed with Haskap berry. ,croatia,0,0,0,0,0,0,0,0,1,0,0,0,0,0,0,0,0,0,0,0,0,0,0,0,0,0,0,0,0,0,0,0,0,0,1,0,0,0
1027,4485295,Mlinarica,Duality,Sour - Other,https://untappd.com/b/mlinarica-duality/4485295,7.5,15,3.77,179,09/01/21,"We proudly present you our first beer we specifically brewed with the aim to sour and mature in wine barrels!Duality has a double nature, with grape juice being added to the wort from the early stages of fermentation, which was performed by a wine yeast strain.Cabernet Sauvignon must was added when the beer was transferred in the barrels that previously held red wine and we allowed the microflora present do some souring and maturing for 1 year before bottling this elixir. ",croatia,0,0,0,0,0,0,0,1,0,0,0,0,0,1,0,0,0,0,0,0,0,0,0,0,0,0,0,0,0,0,0,0,0,0,1,0,0,0
1028,4949918,The Garden Brewery,Imperial Passion Fruit & Coffee Sour,Sour - Other,https://untappd.com/b/the-garden-brewery-imperial-passion-fruit-and-coffee-sour/4949918,7.9,4,3.76,1070,07/27/22,Tart and complex with lightly roasted Columbian Coffee beans from our friends at Four Wheel Coffee Roastery. ,croatia,0,0,0,0,0,0,0,0,0,0,0,0,0,0,0,0,0,0,0,0,0,0,0,0,0,0,0,0,0,0,0,0,0,0,1,0,0,0
1029,5643202,Nova Runda,Spicy Sour: Golden Blend,Sour - Other,https://untappd.com/b/nova-runda-spicy-sour-golden-blend/5643202,4.4,8,3.73,170,12/14/23,"Our newest addition to the Spicy Sour series is a beer with a gentle 4.4% ABV, and it's Inspired by the aromatic Golden milk spice blend. We've crafted this beer using a medley of Curcuma, Ginger, Ceylon Cinnamon, Black Pepper, Nutmeg, and Lime.  ",croatia,0,0,0,0,0,0,0,0,0,0,0,0,0,0,0,0,0,0,0,0,0,0,0,0,0,0,0,0,0,0,0,0,0,0,1,0,0,0
1030,5608812,Nova Runda,Spicy Sour: East Twist,Sour - Other,https://untappd.com/b/nova-runda-spicy-sour-east-twist/5608812,4.4,8,3.72,352,11/17/23,"Introducing the Spicy Sour series, an innovation inspired by the vibrant flavors of Asian street food. The first beer from this series is crafted with a  blend of red pepper, zesty ginger, and refreshing lime. Get ready for an adventurous, zesty experience that pays homage to the culinary delights of Asian streets. ",croatia,0,0,0,0,0,0,0,0,0,0,0,0,0,0,0,0,0,0,0,0,0,0,0,0,0,0,0,0,0,0,0,0,0,0,1,0,0,0
1031,6272016,Nova Runda,Spicy Sour: Ginger Uppercut,Sour - Other,https://untappd.com/b/nova-runda-spicy-sour-ginger-uppercut/6272016,4.4,8,3.72,217,05/20/25,"A refreshing 4.4% ABV keeps flavor session-friendly, while a gentle 8 IBU ensures the sourness takes center stage - just the raw, battle between fiery ginger and tangy lemon. ",croatia,0,0,0,0,0,0,0,0,0,0,0,0,0,0,0,0,0,0,0,0,0,0,0,0,0,0,0,0,0,0,0,0,0,0,1,0,0,0
1032,5325864,Nova Runda,Beer Cocktail: Strawberry Mojito,Sour - Other,https://untappd.com/b/nova-runda-beer-cocktail-strawberry-mojito/5325864,4.9,8,3.66,742,04/21/23,"With a crisp and clean beer base, the Strawberry Mojito is infused with the sweet and tangy flavors of ripe strawberries, zesty lime, and cooling mint. The result is a perfectly balanced drink that's both light and flavorful with a kick of 5.4% ABV to keep the party going. ",croatia,0,0,0,0,0,0,0,0,1,0,0,0,0,0,0,0,0,0,0,0,0,0,0,0,0,0,0,0,0,0,0,0,0,0,1,0,0,0
1033,5423597,Nova Runda,Beer Cocktail: Raspberry Mojito,Sour - Other,https://untappd.com/b/nova-runda-beer-cocktail-raspberry-mojito/5423597,4.9,8,3.64,264,06/30/23,"Raspberry Mojito is a refreshing and drinkable brew that you might even forget it has a 5,4% ABV. Pour it into a glass, take a sip, and you'll be greeted by a rush of sweet raspberry goodness, followed by a zesty kick of mint. ",croatia,0,0,0,0,0,0,0,0,1,0,0,0,0,0,0,0,0,0,0,0,0,0,0,0,0,0,0,0,0,0,0,0,0,0,1,0,0,0
1034,3280033,Zmajska Pivovara,Bunny Sour,Sour - Other,https://untappd.com/b/zmajska-pivovara-bunny-sour/3280033,4.2,15,3.64,436,06/14/19,Sour beer with carrot.- carrot juice- lime puree- kettle sour ,croatia,0,0,0,0,0,0,0,0,0,0,0,0,0,0,0,0,0,0,0,0,0,0,0,0,0,0,0,0,0,0,0,0,0,0,1,0,0,0
1035,6479616,The Garden Brewery,Istrian Malvazija White Wine Sour,Sour - Other,https://untappd.com/b/the-garden-brewery-istrian-malvazija-white-wine-sour/6479616,5.4,20,3.63,489,11/04/25,"Crafted from late-summer Malvazija grape must, our White Wine Sour is complex yet light, easy-drinking and mineral-rich. The Istrian Malvazija grape, indigenous to Croatia, combines with aromatic hops and a Kettle Sour base to create a crisp, zesty and mineral-rich profile with aromas of citrus, apple and stone fruit.Crafted from late-summer Malvazija grape must, our White Wine Sour is complex yet light, easy-drinking and mineral-rich. The Istrian Malvazija grape, indigenous to Croatia, combines with aromatic hops and a Kettle Sour base to create a crisp, zesty and mineral-rich profile with aromas of citrus, apple and stone fruit.Part of a set with the Imperial Slavonian Frankovka Red Wine Stout. ",croatia,0,1,0,0,0,0,0,0,1,0,0,0,0,0,0,0,0,0,0,0,0,0,0,0,0,0,0,0,0,0,0,0,0,0,1,0,0,0
1036,3244107,The Garden Brewery,Sour Pale,Sour - Other,https://untappd.com/b/the-garden-brewery-the-garden-sour-pale/3244107,4.5,20,3.59,538,05/24/19,"A summer fresh, lightly soured peach pale ale. A sour base blended with our pale ale, along with the addition of peach, passiofruit and mango, creates a light, hoppy, fruity, easy drinking pale for those long summer nights. ",croatia,0,0,0,0,0,0,0,0,1,0,0,0,0,0,0,0,0,0,0,0,0,0,0,0,0,0,0,0,0,0,0,0,0,0,1,0,0,0
1037,5877566,The Garden Brewery,Yuzu & Coffee Sour,Sour - Other,https://untappd.com/b/the-garden-brewery-yuzu-and-coffee-sour/5877566,5.0,3,3.59,814,06/21/24,"Vibrant Yuzu gives aroma, tartness and refreshing citrus flavours. Roasted Coffee provides an earthy depth. Made with our friends from New York, KCBC ",croatia,0,0,0,0,0,0,0,0,0,0,0,0,0,0,0,0,0,0,0,0,0,0,0,0,0,0,0,0,0,0,0,0,0,0,1,0,0,0
1038,3042909,The Garden Brewery,Rosehip & Wild Sorrel Sour,Sour - Other,https://untappd.com/b/the-garden-brewery-rosehip-and-wild-sorrel-sour/3042909,3.8,8,3.58,970,01/19/19,Tart and floral with spicy almost lemongrass notes. With locally foraged Croatian herbs and plants. ,croatia,0,0,0,0,0,0,0,0,0,0,0,0,0,0,0,0,0,0,0,0,0,0,0,0,0,0,0,0,0,0,0,0,0,0,1,0,0,0
1039,5101749,The Garden Brewery,Uvala - House Sour,Sour - Other,https://untappd.com/b/the-garden-brewery-uvala-house-sour/5101749,3.5,10,3.55,2130,11/03/22,"Crisp, refreshing and distinct. Tart, mineral and dry with notes of Pineapple & Citrus ",croatia,0,0,0,0,0,0,0,0,0,0,0,0,0,0,0,0,0,0,0,0,0,0,0,0,0,0,0,0,0,0,0,0,0,0,1,0,0,0
1040,6620495,The Garden Brewery,Gin & Tonic Sour Beer,Sour - Other,https://untappd.com/b/the-garden-brewery-gin-and-tonic-sour-beer/6620495,5.5,N/A,3.48,231,03/03/26,"An ode to the timeless G&T, this Kettle Sour is bright, tart and incredibly crisp. Infused with local Croatian Juniper berries and fresh lemons, it delivers a zesty, botanical punch that lingers long after the first sip. ",croatia,0,0,0,0,0,0,0,0,1,0,0,0,0,0,0,0,0,0,0,0,0,0,0,0,0,0,0,0,0,0,0,0,0,0,1,0,0,0
1041,3723074,The Garden Brewery,Dry-Hopped Sour,Sour - Other,https://untappd.com/b/the-garden-brewery-dry-hopped-sour/3723074,3.5,9,3.46,2000,03/15/20, ,croatia,0,0,0,0,0,0,0,0,0,0,0,0,0,0,0,0,0,0,0,0,0,0,0,0,0,0,0,0,0,0,0,0,0,0,1,0,0,0
1042,5589404,Zmajska Pivovara,Not A Bunny,Sour - Other Gose,https://untappd.com/b/zmajska-pivovara-not-a-bunny/5589404,5.0,N/A,3.62,215,11/02/23,"First gose by Zmajska! Sour beer with a note of salt and coriander, complemented with zest of different citrus fruits. ",croatia,0,0,0,0,0,0,0,0,1,0,0,0,0,0,0,0,0,0,0,0,0,0,0,0,0,0,0,0,0,0,0,0,0,0,1,0,0,0
1086,4993911,Pulfer Brewery,Handy Candy: Pineapple,Sour - Smoothie / Pastry,https://untappd.com/b/pulfer-brewery-handy-candy-pineapple/4993911,6.0,5,3.85,790,08/26/22,"Oh yeaaah!A new fruited pastry sour series!It's still a huuuge fruited smoothie sour, but in this series, we're going to put more emphasis on sweetness and the feeling of chewing candy. Sweeeeet-sour combo!Pineapple and mystic candy dosage for a crazy experience!This is why we brew!Contains unfermented fruit. Drink fresh. Don't age.Gently rotate a can few times before you open it for best experience. ",croatia,0,0,0,0,0,0,0,0,1,0,0,0,0,0,1,0,0,0,0,0,0,0,0,0,0,0,0,0,0,0,0,0,0,0,1,0,0,0
1087,4993917,Pulfer Brewery,Handy Candy: Peach & Apricot,Sour - Smoothie / Pastry,https://untappd.com/b/pulfer-brewery-handy-candy-peach-and-apricot/4993917,5.5,5,3.83,744,08/26/22,"Oh yeaaah!A new fruited pastry sour series!It's still a huuuge fruited smoothie sour, but in this series, we're going to put more emphasis on sweetness and the feeling of chewing candy. Sweeeeet-sour combo!Peach, apricots and mystic candy dosage for a crazy experience!This is why we brew!Contains unfermented fruit. Drink fresh. Don't age.Gently rotate a can few times before you open it for best experience ",croatia,0,0,0,0,0,0,0,0,1,0,0,0,0,0,1,0,0,0,0,0,0,0,0,0,0,0,0,0,0,0,0,0,0,0,1,0,0,0
1088,4467709,Nova Runda,Beer Cake: Blueberry Pancake,Sour - Smoothie / Pastry,https://untappd.com/b/nova-runda-beer-cake-blueberry-pancake/4467709,5.9,N/A,3.82,164,08/20/21,"Pastry sour brewed with lactose, vanilla, and large quantities of blueberries. ",croatia,0,0,0,0,0,1,0,0,1,0,0,0,0,0,0,0,0,0,0,0,0,0,0,0,0,0,0,0,0,0,0,0,0,0,1,0,0,0
1089,4457317,Nova Runda,Beer Cake: Apricot Biscuit,Sour - Smoothie / Pastry,https://untappd.com/b/nova-runda-beer-cake-apricot-biscuit/4457317,5.5,N/A,3.78,198,08/13/21,"Beer Cake series has only one goal - to experiment with different ingredients which power up basic beer ingredients. Apricot biscuit is a beer brewed with vanilla, lactose, and a lot of apricots! ",croatia,0,0,0,0,0,1,0,0,0,0,0,0,0,0,0,0,0,0,0,0,0,0,0,0,0,0,0,0,0,0,0,0,0,0,1,0,0,0
1090,6348168,Nova Runda,Beer Cake: Blueberry And Ginger Lemon Pie,Sour - Smoothie / Pastry,https://untappd.com/b/nova-runda-beer-cake-blueberry-and-ginger-lemon-pie/6348168,5.0,8,3.77,248,07/21/25,"Welcome back to our Beer Cake series!  This pastry sour ale captures the essence of fresh lemon pie with blueberries, ginger, and vanilla. It's a 5% ABV balanced dessert experience. ",croatia,0,0,0,0,0,1,0,0,1,0,0,0,0,0,0,0,0,0,0,0,0,0,0,0,0,0,0,0,0,0,0,0,0,0,1,0,0,0
1091,4631546,Mlinarica,Sour Cake,Sour - Smoothie / Pastry,https://untappd.com/b/mlinarica-sour-cake/4631546,6.2,12,3.76,179,12/10/21,"Yes, a sour beer can be a winter beer indeed! Just make sure it's a pastry sour, which we most certainly did.In order to do so, this beer has lactose, plenty of cocoa nibs, some Tonka beans and loads of sour cherries.A proper Christmas sour cake for sure! ",croatia,0,0,0,0,0,0,0,0,0,0,0,0,0,0,0,0,1,0,0,0,0,0,0,0,0,0,0,0,0,0,0,0,0,0,1,0,0,0
1092,4909462,Pulfer Brewery,Smoothiesh: ...Get Hammered!,Sour - Smoothie / Pastry,https://untappd.com/b/pulfer-brewery-smoothiesh-get-hammered/4909462,5.5,5,3.71,744,06/29/22,"Mr.Pimp the Doplphin asked a question: ""What do sharks do for fun?""And the answer brings hammer shark: ""Get Hammered!""Another dad's joke with smoothiesh sour labels - #This is why we brew!Ultra mega loaded with raspberries and blueberries give this smoothie sour very sexy purple color! We added biskvit and cinnamon to twist this sour to pastry side what gave aroma of real cake! Very thick with crazy strong foam, taste like sweet cake with berries and cinnamon. Yammy!Did you catch all the tattoos on hammer shark?Contains real unfermented fruit. Drink fresh. Don't age. Store in refrigerator.Gently rotate can few times before you open it for full experince. ",croatia,0,0,0,0,0,0,0,0,1,0,0,0,0,0,1,0,0,0,0,0,0,0,0,0,0,0,0,0,0,0,0,0,0,0,1,0,0,0
1093,2267474,The Garden Brewery,Samphire Sour,Sour - Traditional Gose,https://untappd.com/b/the-garden-brewery-samphire-sour/2267474,4.4,5,3.67,1329,08/30/17,"A softly salty & citric 4.4% soft, sessionable sour. The soreness is tart and soft but well balanced by the salt component and a mild sweetness from the dark crystal. A healthy addition of lemondrop hops from Germany gives a non offensive, harmonious bitter element to the beer finishing & rounding off with a subtle citrus and earthy bite from the sumac. ",croatia,0,1,0,1,0,0,0,0,0,0,0,0,0,0,0,0,0,0,0,0,0,0,0,0,0,0,0,0,0,0,0,0,0,0,1,0,0,0
1094,4436992,Brlog zadružna pivovara,Ninska Gose,Sour - Traditional Gose,https://untappd.com/b/brlog-zadruzna-pivovara-ninska-gose/4436992,4.1,N/A,3.58,394,07/30/21, ,croatia,0,0,0,0,0,0,0,0,0,0,0,0,0,0,0,0,0,0,0,0,0,0,0,0,0,0,0,0,0,0,0,0,0,0,1,0,0,0
1095,1729208,Prvo Viško Pivo,Gose,Sour - Traditional Gose,https://untappd.com/b/prvo-visko-pivo-gose/1729208,4.1,35,3.4,394,09/11/16, ,croatia,0,0,0,0,0,0,0,0,0,0,0,0,0,0,0,0,0,0,0,0,0,0,0,0,0,0,0,0,0,0,0,0,0,0,1,0,0,0
1096,5807235,Kampanjola Eko Bira,Bira Od Pira,Specialty Grain,https://untappd.com/b/kampanjola-eko-bira-bira-od-pira/5807235,4.9,N/A,3.4,959,04/28/24,Wheat spellt beer non filtred ,croatia,0,0,0,0,0,0,0,0,0,0,0,0,0,0,0,0,0,0,0,0,0,0,0,0,0,0,0,0,0,0,0,0,0,0,0,0,0,1
1097,825528,Vunetovo Craft Beer,Hvarska Medicina,Spiced / Herbed Beer,https://untappd.com/b/vunetovo-craft-beer-hvarska-medicina/825528,5.4,25,3.67,172,09/27/14, ,croatia,0,0,0,0,0,0,0,0,0,0,0,0,0,0,0,0,0,0,0,0,0,0,0,0,0,0,0,0,0,0,0,0,0,0,0,0,0,1
1098,1854731,The Garden Brewery,Rosemary Julebryg,Spiced / Herbed Beer,https://untappd.com/b/the-garden-brewery-rosemary-julebryg/1854731,5.3,36,3.55,327,12/09/16, ,croatia,0,0,0,0,0,0,0,0,0,0,0,0,0,0,0,0,0,0,0,0,0,0,0,0,0,0,0,0,0,0,0,0,0,0,0,0,0,1
1099,3375913,Bujska Pivovara,Pietro & Pietro Truffler,Spiced / Herbed Beer,https://untappd.com/b/bujska-pivovara-truffler/3375913,7.1,N/A,3.37,180,08/10/19,Beer with black truffle flavour. ,croatia,0,0,0,0,0,0,0,0,0,0,0,0,0,0,0,0,0,0,0,0,0,0,0,0,0,0,0,0,0,0,0,0,0,0,0,0,0,1
1100,3997467,Podrum,Anisa,Spiced / Herbed Beer,https://untappd.com/b/podrum-anisa/3997467,5.9,31,3.33,278,10/07/20, ,croatia,0,0,0,0,0,0,0,0,0,0,0,0,0,0,0,0,0,0,0,0,0,0,0,0,0,0,0,0,0,0,0,0,0,0,0,0,0,1
1101,1636159,Bujska Pivovara,San Servolo Gold Truffler,Spiced / Herbed Beer,https://untappd.com/b/bujska-pivovara-san-servolo-gold-truffler/1636159,7.1,N/A,3.01,747,07/08/16,"Gold Truffler pivo je jako pivo Bujske pivovare sa naglašenom notom i okusom tartufa napravljeno u suradnji sa tvrtkom Natura tartufi, jednim od najvećih distributera tartufa u Hrvatskoj. Cilj ovog piva je spojiti globalni pivarski craft pokret sa lokalnom istarskom gastro scenom. ",croatia,0,0,0,0,0,0,0,0,0,0,0,0,0,0,0,0,0,0,0,0,0,0,0,0,0,0,0,0,0,0,0,0,0,0,0,0,0,1
1102,3252131,Beer Squad,Cannabeer,Spiced / Herbed Beer,https://untappd.com/b/beer-squad-cannabeer/3252131,5.0,50,2.92,445,05/28/19,"Greenish beer which contains extract from the flower of industrial hemp, a natural green color from chlorophyll and CBD. ",croatia,0,0,0,0,0,0,0,0,0,0,0,0,0,0,0,0,0,0,0,0,0,0,0,0,0,0,0,0,0,0,0,0,0,0,0,0,0,1
1103,2797682,Pivovara Daruvar,5th Element Green Power (Cannabeer),Spiced / Herbed Beer,https://untappd.com/b/pivovara-daruvar-5th-element-green-power-cannabeer/2797682,4.8,25,2.79,955,08/14/18,"By complementing its line of special beers, with excitement we present a completely new beer and the first such kind on the Croatian market - a beer with the extract of the flower of industrial hemp.The beer of traditional Czech recipe gives the specific flavor of cannabis, and the attractive greenish color, imitating the plant's own color, reminds of all the power of green nature as well as on the hollow itself. One of the strongest plants in nature so gets its current version!Aroma: Light, airy, refreshing with a pleasant lime aroma.Appearance: Dark greenish color with persistent white foam.Taste: A mild herbal, citrus-like flavor that resembles a lime.Redness: Light, slightly carbonated, refreshing.Pairing with food: All types of meat and sauces, all kinds of deserts, hard cheeses. ",croatia,0,0,0,0,0,0,0,0,0,0,0,0,0,0,0,0,0,0,0,0,0,0,0,0,0,0,0,0,0,0,0,0,0,0,0,0,0,1
1104,2028635,Istarska Pivovara,Istarsko Tartuf,Spiced / Herbed Beer,https://untappd.com/b/istarska-pivovara-istarsko-tartuf/2028635,5.2,N/A,1.67,1612,04/05/17, ,croatia,0,0,0,0,0,0,0,0,0,0,0,0,0,0,0,0,0,0,0,0,0,0,0,0,0,0,0,0,0,0,0,0,0,0,0,0,0,1
1105,4885321,Pivski Mudraci,Stout,Stout - American,https://untappd.com/b/pivski-mudraci-stout/4885321,5.9,24,3.53,352,06/12/22, ,croatia,0,0,0,0,0,0,0,0,0,0,0,0,0,0,0,0,0,0,0,0,0,0,0,0,0,0,0,0,0,0,0,0,0,0,0,1,0,0
1106,2555084,Zmajska Pivovara,New World Stout,Stout - American,https://untappd.com/b/zmajska-pivovara-new-world-stout/2555084,5.8,45,3.52,3530,03/16/18,"A classic Irish beer style enhanced by aromatic American hops. Its aromas of coffee, along with aromas reminiscent of chocolate were created by a combination of six different malts. Blended with them, and taking the beer to a new level, are aromas of pine and citrus fruits brought on Amarillo and Simcoe hops. ",croatia,1,1,1,0,0,0,0,0,1,0,0,0,0,0,0,0,0,0,0,0,0,0,0,0,0,0,0,0,0,0,0,0,0,0,0,1,0,0
1107,4880553,The Garden Brewery,Coffee & Hazelnut Stout,Stout - Coffee,https://untappd.com/b/the-garden-brewery-coffee-and-hazelnut-stout/4880553,5.8,25,3.61,2310,06/10/22,"Smooth and roasty with fresh Coffee and toasted Hazelnuts.The Garden Brewery asked 16 of its favourite global breweries to work with us to create exclusive collab beers for Restore Our Earth, a charity project we initiated with Beer52, the world’s biggest beer club. In the Summer of 2022 1.5 millions cans will be distributed globally.The Garden Brewery and Beer52 have committed to donate at least €30,000 to charities with proven high impact deliverables in Marine Conservation, Forest Conservation, Reimagining Carbon, Education & Behavior, Food & Agriculture and building Climate Resistant Communities. ",croatia,0,0,0,0,0,0,0,0,0,0,0,0,0,0,0,0,0,0,0,0,0,0,0,0,0,0,0,0,0,0,0,0,0,0,0,1,0,0
1108,3210964,Varionica,Lively Neon,Stout - Coffee,https://untappd.com/b/varionica-lively-neon/3210964,6.2,28,3.6,385,05/04/19,Lively Neon napravljen je u kombinaciji našeg Oatmeal stouta i cold brew kave Brazil Monetecristo sa Daterra farme. Klasične arome stouta pojačane su zavodljivim aromama kave i tako čine savršen spoj u čaši koji će pasati uz svaki doručak! ,croatia,0,0,0,0,0,0,0,0,0,0,0,0,0,0,1,0,0,0,0,0,0,0,0,0,0,0,0,0,0,0,0,0,0,0,0,1,0,0
1109,4051593,Pivovara Medvedgrad,Kišna Nedjelja,Stout - English,https://untappd.com/b/pivovara-medvedgrad-kisna-nedjelja/4051593,5.3,31,3.57,204,11/13/20,"Nakon Punk Rock Lagera Hladno pivo i naveliko hvaljene IPA-e Konobar, Pivovara Medvedgrad je u suradnji s gajničkim punkerima pripremila Punk Rock Stout Kišna nedjelja, što je ujedno i ime novog singla Hladnog piva s nadolazećeg albuma karijere.Kišna nedjelja je tamno pivo naglašenih čokoladnih i karamelnih nota s umjerenih 5,3 % alkohola, blage gorčine (31 IBU)i punog, kremastog tijela. Za one koji žele znati više, reći ćemo da je ovaj stout nalik onima u njihovoj domovini Engleskoj, a korišteni su hmeljevi karakteristični za ovaj stil -Aurora, Savinjski Golding, EastKent Golding. ",croatia,0,0,0,0,0,0,1,0,0,0,0,1,0,0,0,0,0,0,0,0,0,0,0,0,0,0,0,0,0,0,0,0,0,0,0,1,0,0
1110,4275195,Nova Runda,Small Batch Series: 25 Export Stout,Stout - Foreign / Export,https://untappd.com/b/nova-runda-small-batch-series-25-export-stout/4275195,7.0,48,3.77,168,04/20/21,"Number 25 of #SmallBatchSeries is kinda special. It's our first Stout beer, and it's Export Stout. Dry fruits, chocolate, coffee, this one has all. ",croatia,0,0,1,0,0,0,0,0,1,0,0,0,0,0,0,0,0,0,0,0,0,0,0,0,0,0,0,0,0,0,0,0,0,0,0,1,0,0
1111,2596164,Pivovara Daruvar,5th Element Voodoo,Stout - Foreign / Export,https://untappd.com/b/pivovara-daruvar-5th-element-voodoo/2596164,7.5,45,3.53,275,04/10/18,"Beer black as the subsoil, which give their flavor barley rich in tannins French oak.It is characterized by an intense aroma of coffee and dark chocolate that after drinking complement the bitterness of the hops aroma of chicory, molasses and pleasant astringency of tannins. ",croatia,0,1,1,0,0,0,0,0,0,0,0,0,0,0,0,1,0,0,0,0,0,0,0,0,0,0,0,0,0,0,0,0,0,0,0,1,0,0
1112,2406060,Pivovara Daruvar,5th Element Stout 4.2.,Stout - Foreign / Export,https://untappd.com/b/pivovara-daruvar-5th-element-stout-4-2/2406060,7.5,45,3.45,2361,11/26/17,"The complexity of the beer fully reflects the passion that is the basis of the 5th Element line. In the title STOUT 4.2 (For Two) hides the call to share the beer with loved ones. Therefore, we invite you to share our passion with a loved one because this beer is stored that connects real beer lovers. ",croatia,0,0,0,0,0,0,0,0,0,0,0,0,0,0,0,0,0,0,0,0,0,0,0,0,0,0,0,0,0,0,0,0,0,0,0,1,0,0
1126,6083678,Nova Runda,BA Prototype 2024: Imperial Stout Infused With Tobago Estate Cocoa Nibs,Stout - Imperial / Double,https://untappd.com/b/nova-runda-ba-prototype-2024-imperial-stout-infused-with-tobago-estate-cocoa-nibs/6083678,12.0,80,3.83,191,12/05/24,"A Prototype Imperial Stout crafted with award-winning cocoa nibs from Tobago Cocoa Estate - Organic Cocoa Farm. This collaboration marries Croatian brewing with Tobago’s finest cocoa, honored at the 2023 International Chocolate Awards ",croatia,0,0,0,0,0,0,0,0,0,0,0,0,0,0,0,0,1,0,0,0,0,0,0,0,0,0,0,0,0,0,0,0,0,0,0,1,0,0
1127,6479617,The Garden Brewery,Croatian Imperial Stout,Stout - Imperial / Double,https://untappd.com/b/the-garden-brewery-croatian-imperial-stout/6479617,10.0,40,3.83,249,11/04/25,"This complex 10% Imperial Stout brings two Dalmatian delicacies, Figs and Carob, to the forefront. Exceptionally smooth and rich, it’s built on roasted malts that yield layers of dark chocolate, bold espresso and molasses.A balanced, full-bodied winter warmer.Hops: Magnum Malts: Extra Pale Malt, Munich Malt, Chocolate Malt, Caramunich, Carafa Special 3, Flaked Oats Yeast: AY4 Adjuncts: Lactose, Fig, Carob Alergens: Gluten, Lactose, Fig, Carob  ",croatia,1,0,1,0,0,0,0,0,0,0,0,0,0,0,0,0,0,0,0,0,0,0,0,0,0,0,0,0,0,0,0,0,0,0,0,1,0,0
1128,4949931,The Garden Brewery,Imperial Blueberry & Vanilla Stout,Stout - Imperial / Double,https://untappd.com/b/the-garden-brewery-imperial-blueberry-and-vanilla-stout/4949931,8.2,35,3.82,1398,07/27/22,"Luxurious dessert stout with Madagascan Vanilla, Cacao Nibs and heaps of sweet Blueberries ",croatia,0,0,0,0,0,0,0,0,1,0,0,0,0,0,0,0,0,0,0,0,0,0,0,0,0,0,0,0,0,0,0,0,0,0,0,1,0,0
1129,3508820,The Garden Brewery,Imperial Chocolate & Peanut Butter Stout,Stout - Imperial / Double,https://untappd.com/b/the-garden-brewery-imperial-chocolate-and-peanut-butter-stout/3508820,9.0,30,3.82,1736,10/31/19, ,croatia,0,0,0,0,0,0,0,0,0,0,0,0,0,0,0,0,0,0,0,0,0,0,0,0,0,0,0,0,0,0,0,0,0,0,0,1,0,0
1130,4861885,The Garden Brewery,Double Imperial Chocolate & Vanilla Stout,Stout - Imperial / Double,https://untappd.com/b/the-garden-brewery-double-imperial-chocolate-and-vanilla-stout/4861885,10.0,20,3.81,1300,05/28/22,"Rich, smooth and ridiculously chocolatey. Rested on Madagascan Vanilla ",croatia,0,0,1,0,0,0,0,0,0,0,0,0,0,0,0,0,0,0,0,0,0,0,0,0,0,0,0,0,0,0,0,0,0,0,0,1,0,0
1131,4222131,The Garden Brewery,Imperial Mexican Stout,Stout - Imperial / Double,https://untappd.com/b/the-garden-brewery-imperial-mexican-stout/4222131,8.1,25,3.81,378,03/15/21,"Dark chocolate, organic cinnamon and smoky chipotle in a complex dessert stout ",croatia,0,0,1,0,0,0,0,0,0,0,0,0,0,0,0,0,0,0,0,0,0,0,0,0,0,0,0,0,0,0,0,0,0,0,0,1,0,0
1132,6113886,Mlinarica,Portal,Stout - Imperial / Double,https://untappd.com/b/mlinarica-portal/6113886,9.9,45,3.8,194,12/30/24,"We aged this imperial stout in Ruby and Tawny Port barrels for 12 months. Fortified wine character is quite evident in the final product with the balance of the base beer itself being slightly more on the sweet side, but not cloying.Contains lactose ",croatia,0,0,0,0,0,0,0,0,0,0,0,0,0,1,0,0,0,0,0,0,0,0,0,0,0,0,0,0,0,0,0,0,0,0,0,1,0,0
1133,5241832,The Garden Brewery,Imperial Walnut And Maple Syrup Stout,Stout - Imperial / Double,https://untappd.com/b/the-garden-brewery-imperial-walnut-and-maple-syrup-stout/5241832,9.1,40,3.76,1152,02/18/23,"Rich, roasty, nutty and complex with notes of chocolate, coffee & dark fruits. Noticeable alcohol warmth with a sweet caramel finish ",croatia,0,0,1,0,0,0,1,0,1,0,0,1,0,0,0,0,0,0,0,0,0,0,0,0,0,0,0,0,0,0,0,0,0,0,0,1,0,0
1134,3736044,Mlinarica,Imperial Stout,Stout - Imperial / Double,https://untappd.com/b/mlinarica-imperial-stout/3736044,8.2,60,3.75,170,03/30/20,"It's creamy, rich with flavors and aromas: coffee, dark chocolate, roastiness, bit of licorice in the background, as well as dark caramel and molasses.What more could you ask to hide the alcohol of an imperial stout?Enjoy! ",croatia,0,0,1,0,0,0,1,0,0,0,0,1,0,0,0,0,0,0,0,0,0,0,0,0,0,0,0,0,0,0,0,0,0,0,0,1,0,0
1135,6129476,Mlinarica,Nostra,Stout - Imperial / Double,https://untappd.com/b/mlinarica-nostra/6129476,8.0,40,3.74,179,01/16/25,"An old school imperial stout with a creamy, but not cloying mouthfeel. A balance between sweetness and roasty bitterness giving it a proper dark chocolate taste. Very light vanilla notes from some bourbon barrel oak chips ",croatia,0,0,1,0,0,1,0,0,0,1,0,0,0,1,0,0,0,0,0,0,0,0,0,0,0,0,0,0,0,0,0,0,0,0,0,1,0,0
1136,6479607,The Garden Brewery,Imperial Slavonian Frankovka Red Wine Stout,Stout - Imperial / Double,https://untappd.com/b/the-garden-brewery-imperial-slavonian-frankovka-red-wine-stout/6479607,8.5,N/A,3.73,683,11/04/25,"Frankovka grape must from the late Summer wine harvest blends with a rich Stout base to create a deep and complex beer with roasted notes of Chocolate, Coffee and driwd fruits. ",croatia,0,0,0,0,0,0,0,0,1,0,0,0,0,0,0,0,0,0,0,0,0,0,0,0,0,0,0,0,0,0,0,0,0,0,0,1,0,0
1137,6054461,The Garden Brewery,"Imperial Tonka Bean, Hazelnut & Orange Stout",Stout - Imperial / Double,https://untappd.com/b/the-garden-brewery-imperial-tonka-bean-hazelnut-and-orange-stout/6054461,8.2,25,3.72,2061,11/10/24,"Rich, deep & velvety, with notes of Roasted Hazelnuts, Dark Chocolate, warm spices and Orange zest. Made with our Ukrainian friends at Didko. ",croatia,0,0,0,0,0,0,0,0,0,0,0,0,0,0,0,0,0,0,0,0,0,0,0,0,0,0,0,0,0,0,0,0,0,0,0,1,0,0
1138,4580135,The Garden Brewery,"Imperial Vanilla, Orange & Cardamom Panna Cotta Stout",Stout - Imperial / Double,https://untappd.com/b/the-garden-brewery-imperial-vanilla-orange-and-cardamom-panna-cotta-stout/4580135,8.8,40,3.71,891,11/05/21,Creamy and luxuriant dessert Stout with Madagascan Vanilla Pods and Italian Citrus Peel ,croatia,0,0,0,0,0,0,0,0,0,0,0,0,0,0,0,0,0,0,0,0,0,0,0,0,0,0,0,0,0,0,0,0,0,0,0,1,0,0
1139,4880551,The Garden Brewery,Cherry & Coconut Imperial Stout,Stout - Imperial / Double,https://untappd.com/b/the-garden-brewery-cherry-and-coconut-imperial-stout/4880551,7.0,30,3.38,2533,06/10/22,"Deep, rich and complex imperial stout with sweet coconut flesh and maraschino cherries.The Garden Brewery asked 16 of its favourite global breweries to work with us to create exclusive collab beers for Restore Our Earth, a charity project we initiated with Beer52, the world’s biggest beer club. In the Summer of 2022 1.5 millions cans will be distributed globally.The Garden Brewery and Beer52 have committed to donate at least €30,000 to charities with proven high impact deliverables in Marine Conservation, Forest Conservation, Reimagining Carbon, Education & Behavior, Food & Agriculture and building Climate Resistant Communities. ",croatia,0,0,0,0,0,0,0,0,0,0,0,0,0,0,0,0,0,0,0,0,0,0,0,0,0,0,0,0,0,0,0,0,0,0,0,1,0,0
1148,4387388,The Garden Brewery,"Imperial Chocolate, Banana & Coffee Stout",Stout - Imperial / Double Coffee,https://untappd.com/b/the-garden-brewery-imperial-chocolate-banana-and-coffee-stout/4387388,8.0,43,3.78,541,06/30/21,"Luxurious, rich and intense with a freshly roasted Coffee aroma, Cacao Nibs and gentle notes of Banana ",croatia,0,0,0,0,0,0,0,0,0,0,0,0,0,0,0,0,0,0,0,0,0,0,0,0,0,0,0,0,0,0,0,0,0,0,0,1,0,0
1149,5091832,The Garden Brewery,"Imperial Coffee, Caramel And Vanilla Stout",Stout - Imperial / Double Coffee,https://untappd.com/b/the-garden-brewery-imperial-coffee-caramel-and-vanilla-stout/5091832,7.2,N/A,3.69,1764,10/27/22, ,croatia,0,0,0,0,0,0,0,0,0,0,0,0,0,0,0,0,0,0,0,0,0,0,0,0,0,0,0,0,0,0,0,0,0,0,0,1,0,0
1150,5794028,The Garden Brewery,Imperial Coffee & Coconut Stout,Stout - Imperial / Double Coffee,https://untappd.com/b/the-garden-brewery-imperial-coffee-and-coconut-stout/5794028,7.1,N/A,3.69,1371,04/19/24,Freshly ground Coffee meets silky Coconut in this big sweet Pastry Stout ,croatia,0,0,0,0,0,0,0,0,0,0,0,0,0,0,0,0,0,0,0,0,0,0,0,0,0,0,0,0,0,0,0,0,0,0,0,1,0,0
1169,5759192,The Garden Brewery,"Imperial Chocolate, Carob & Blackberry Stout",Stout - Imperial / Double Pastry,https://untappd.com/b/the-garden-brewery-imperial-chocolate-carob-and-blackberry-stout/5759192,8.9,24,3.82,1366,03/22/24,"On a recent stop to sunny Spain and the home of our friends La Pirata Brewing we decided to brew up another collab. Last time we went for a lighter beer, so this time we went full out with a big, big Imperial Stout with an interesting flavour twist - carob. ",croatia,0,0,0,0,0,0,0,0,0,0,0,0,0,0,0,0,0,0,0,0,0,0,0,0,0,0,0,0,0,0,0,0,0,0,0,1,0,0
1170,6071684,The Garden Brewery,Double Imperial Pistachio Baklava Stout,Stout - Imperial / Double Pastry,https://untappd.com/b/the-garden-brewery-double-imperial-pistachio-baklava-stout/6071684,9.5,40,3.8,479,11/25/24,"Big, sweet, complex & luxurious. And just like Baklava; perfect for sharing and celebrations. Made with our Aussie mates at One Drop.Hops Magnum Malts Extra Pale Ale, Dextrin Malt, Carafa Special 3, Chocolate Malt, CaraAroma, Munich, Flaked Oats Yeast AY4 Adjuncts Pistachio, Biscuit Alergens Gluten, Lactose, Pistachio ",croatia,0,0,0,0,0,0,0,0,0,0,0,0,0,0,0,0,0,0,0,0,0,0,0,0,0,0,0,0,0,0,0,0,0,0,0,1,0,0
1171,6098002,Nova Runda,BA Prototype 2024: Imperial Pastry Stout - Schwarzwald Essence,Stout - Imperial / Double Pastry,https://untappd.com/b/nova-runda-ba-prototype-2024-imperial-pastry-stout-schwarzwald-essence/6098002,12.0,80,3.8,170,12/17/24,"Time spent in carefully selected bourbon barrels has added complexity to this 12% ABV Imperial Stout, which draws inspiration from the classic Schwarzwald dessert. Its velvety chocolate richness is followed by the gentle sweetness of vanilla and a lingering cherry finish. ",croatia,0,0,1,0,0,1,0,0,0,1,0,0,0,1,0,0,0,0,0,0,0,0,0,0,0,0,0,0,0,0,0,0,0,0,0,1,0,0
1172,5571127,The Garden Brewery,Imperial Chocolate & Strawberry Liqueur Stout,Stout - Imperial / Double Pastry,https://untappd.com/b/the-garden-brewery-imperial-chocolate-and-strawberry-liquer-stout/5571127,8.6,25,3.77,1722,10/19/23,Fresh Strawberries give a tartness to balance the sweet pastry stout base; notes of Almond. Made with Nerdbrewing from Sweden ,croatia,0,0,0,0,0,0,0,0,1,0,0,0,0,0,0,0,0,0,0,0,0,0,0,0,0,0,0,0,0,0,0,0,0,0,0,1,0,0
1173,4764662,The Garden Brewery,Imperial Black Forest Gateau Stout,Stout - Imperial / Double Pastry,https://untappd.com/b/the-garden-brewery-imperial-black-forest-gateau-stout/4764662,8.1,20,3.75,1265,03/22/22,Indulgent dessert stout inspired by the classic German cake. Conditioned on Organic Cacao Nibs and Sweet Cherries ,croatia,0,0,0,1,0,0,0,0,0,0,0,0,0,0,0,0,0,0,0,0,0,0,0,0,0,0,0,0,0,0,0,0,0,0,0,1,0,0
1174,6032272,Zmajska Pivovara,Jaffa the Hutt,Stout - Imperial / Double Pastry,https://untappd.com/b/zmajska-pivovara-jaffa-the-hutt/6032272,7.2,N/A,3.75,219,10/24/24,"RESIST IT, NO JEDI CAN.Orange, roasted malt, vanilla, chocolate.. ",croatia,1,0,1,0,0,1,0,0,0,0,0,0,0,0,0,0,0,0,0,0,0,0,0,0,0,0,0,0,0,0,0,0,0,0,0,1,0,0
1175,6620504,The Garden Brewery,Imperial Banana Bread Stout,Stout - Imperial / Double Pastry,https://untappd.com/b/the-garden-brewery-imperial-banana-bread-stout/6620504,8.4,N/A,3.75,355,03/03/26,"Thick, dark and dangerously drinkable, our Imperial Banana Bread Stout is brewed with real bananas and deep, dessert-like malts for a rich, comforting finish. ",croatia,1,0,0,0,1,0,0,0,0,0,0,0,0,0,0,0,0,0,0,0,0,0,0,0,0,0,0,0,0,0,0,0,0,0,0,1,0,0
1176,4446600,The Garden Brewery,Imperial Peanut Butter Jelly & Smores Stout,Stout - Imperial / Double Pastry,https://untappd.com/b/the-garden-brewery-imperial-peanut-butter-jelly-and-smores-stout/4446600,8.2,25,3.75,494,08/06/21,"Rich, indulgent and packed with Peanut Butter, toasted Marshmallows, Dark Chocolate, Biscuits and Raspberry & Strawberry Jelly ",croatia,0,0,0,0,0,0,0,0,1,0,0,0,0,0,0,0,0,0,0,0,0,0,0,0,0,0,0,0,0,0,0,0,0,0,0,1,0,0
1177,5697168,The Garden Brewery,Imperial Speculoos Stout,Stout - Imperial / Double Pastry,https://untappd.com/b/the-garden-brewery-imperial-speculoos-stout/5697168,7.1,25,3.67,1019,01/31/24,"A beer homage to the classic Northern European Biscuit made by two Southern European breweries, us and our Catalan friends. This sweet and complex pastry Stout features ginger, citrus & spices ",croatia,0,0,0,0,0,0,0,0,0,0,0,0,0,0,0,0,0,0,0,0,0,0,0,0,0,0,0,0,0,0,0,0,0,0,0,1,0,0
1178,5827405,Pulfer Brewery,Chupacabra,Stout - Imperial / Double Pastry,https://untappd.com/b/pulfer-brewery-chupacabra/5827405,9.5,40,3.64,589,05/14/24,"Chupacabra is a beautiful thick and oily imperial pastry stout whose base was resting on tonka beans and coconut.The main story is 140 kilograms of thick sour cherry puree, which we added during the fermentation phase. The idea was to get fine liqueur-like notes of cherry, together with some acid that would balance the sweetness of the base and adjuncts.It's complex, with prominent aroma and flavors of chocolate, vanilla, almond, coconut and cherry... It's a dark pitch beauty. ",croatia,0,0,1,0,0,1,0,0,0,0,0,0,0,0,0,0,0,0,0,0,0,0,0,0,0,0,0,0,0,0,0,0,0,0,0,1,0,0
1179,5649599,Zmajska Pivovara,Nitro Noir Coffee,Stout - Irish Dry,https://untappd.com/b/zmajska-pivovara-nitro-noir-coffee/5649599,4.5,N/A,3.84,216,12/18/23,Irish dry stout with coffee!Winter edition. ,croatia,0,0,0,0,0,0,0,0,0,0,0,0,0,0,0,0,0,0,0,0,0,0,0,0,0,0,0,0,0,0,0,0,0,0,0,1,0,0
1180,5275423,Zmajska Pivovara,Nitro Noir,Stout - Irish Dry,https://untappd.com/b/zmajska-pivovara-nitro-noir/5275423,4.5,34,3.75,1029,03/16/23,"Brewed for St. Patrick's Day 2023. Mild and pleasant bitternes with emphasized roasted notes, primarily coffee and chocolate with caramel in the background. Smooth and creamy. ",croatia,0,0,1,0,0,0,1,0,0,0,0,0,0,0,0,0,0,0,0,0,0,0,0,0,0,0,0,0,0,0,0,0,0,0,0,1,0,0
1181,5890368,Nova Runda,Black Rose (Róisín Dubh),Stout - Irish Dry,https://untappd.com/b/nova-runda-black-rose-roisin-dubh/5890368,4.2,N/A,3.68,387,06/30/24,"Róisín Dubh is a taste of rebellion in a can – a nod to Ireland's rich history. Crafted with roasted barley, Black Rose boasts a dark, captivating hue, mirroring the song's brooding melody. Sláinte to a bold brew that's anything but a Whiskey in the Jar. ",croatia,0,0,0,0,0,0,0,0,0,0,0,0,0,0,0,1,0,0,0,0,0,0,0,0,0,0,0,0,0,0,0,0,0,0,0,1,0,0
1182,3800653,PIVIONICA,Irish Dry Stout,Stout - Irish Dry,https://untappd.com/b/pivionica-irish-dry-stout/3800653,4.2,27,3.42,361,05/26/20,"Tradicija i klasika nikad ne izlaze iz mode kad je u pitanju Irski stout. Od početka do kraja slijedili smo isključivo tradiciju i samo tri osnovna sastojka, jer ovaj stil ne ostavlja prostor za eksperimente - suhoća, blaga kiselost prženog ječma i meka pitkost su odlike koje ga opisuju. ",croatia,0,0,0,0,0,0,0,0,0,0,0,0,0,0,0,0,0,0,0,0,0,0,0,0,0,0,0,0,0,0,0,0,0,0,0,1,0,0
1184,6591681,Nova Runda,Creme De La Moo: Chocolate Moouse,Stout - Milk / Sweet,https://untappd.com/b/nova-runda-creme-de-la-moo-chocolate-moouse/6591681,6.9,30,3.84,188,02/06/26,We are starting our new Creme De La Moo series with the Chocolate Moouse Milk Stout. A lot of cocoa nibs are paired with dark malts and creamy lactose body to achieve that Moo(sey) texture.  ,croatia,1,0,0,0,0,0,0,0,0,0,0,0,0,0,0,0,1,0,0,0,0,0,0,0,0,0,0,0,0,0,0,0,0,0,0,1,0,0
1185,6591705,Nova Runda,Creme De La Moo: Cookies And Cream,Stout - Milk / Sweet,https://untappd.com/b/nova-runda-creme-de-la-moo-cookies-and-cream/6591705,6.9,30,3.83,213,02/06/26,"Everyone likes Oreo cookies, and this Stout has Oreo vibes all the way! With crushed so much those cookie crumbs and vanilla cream notes, that you will want to dip Oreos immediately into this Milk....er...Stout! ",croatia,0,0,0,0,0,1,0,0,0,0,1,0,0,0,0,0,0,0,0,0,0,0,0,0,0,0,0,0,0,0,0,0,0,0,0,1,0,0
1186,6446172,Nova Runda,Chronotype With Cocoa Nibs,Stout - Milk / Sweet,https://untappd.com/b/nova-runda-chronotype-with-cocoa-nibs/6446172,7.5,5,3.8,396,10/13/25,The second collab with Tobago Cocoa Estate resulted with a milk stout infused with award winning cocoa nibs from their organic cocoa farm. These cocoa nibs were honored at the 2025 International Chocolate Awards World Finals! Cocoa nibs roasted by Friis-Holm. ,croatia,0,0,0,0,0,0,0,0,0,0,0,0,0,0,0,0,1,0,0,0,0,0,0,0,0,0,0,0,0,0,0,0,0,0,0,1,0,0
1187,6238002,Maskeron,Sweet And Spoooky,Stout - Milk / Sweet,https://untappd.com/b/maskeron-sweet-and-spoooky/6238002,5.8,26,3.77,263,04/23/25,Sweet and Spoooky is come back from Spoooky series of our Stouts. Contain lactose and Vanilla beans from Madacascar. No other pastry treatment in this beer. ,croatia,0,0,0,0,0,0,0,0,0,0,0,0,0,0,0,0,0,0,0,0,0,0,0,0,0,0,0,0,0,0,0,0,0,0,0,1,0,0
1188,4461760,Prva Makarska Pivovara,Stout,Stout - Milk / Sweet,https://untappd.com/b/prva-makarska-pivovara-stout/4461760,6.5,30,3.72,151,08/15/21, ,croatia,0,0,0,0,0,0,0,0,0,0,0,0,0,0,0,0,0,0,0,0,0,0,0,0,0,0,0,0,0,0,0,0,0,0,0,1,0,0
1189,5688796,Kumska Pivovara,Kumsko Vanilla Stout,Stout - Milk / Sweet,https://untappd.com/b/kumska-pivovara-kumsko-vanilla-stout/5688796,6.5,34,3.71,154,01/23/24,Strong stout beer aged on original vanilla pods from Mauritius. Distinctive aromas of dark chocolate and delicate aromas of bourbon vanilla ,croatia,0,0,1,0,0,1,0,0,0,1,0,0,0,0,0,0,0,0,0,0,0,0,0,0,0,0,0,0,0,0,0,0,0,0,0,1,0,0
1190,4648902,Lepi Dečki Brewery,Postman Series no1 - Coconut stout,Stout - Milk / Sweet,https://untappd.com/b/lepi-decki-brewery-postman-series-no1-coconut-stout/4648902,6.0,28,3.71,173,12/21/21,"The Postman Always Rings Twice.Milk Stout with Roasted Coconut  and added Golding hops for balance. Try it, wont regret it! ",croatia,0,1,0,0,0,0,0,0,0,0,0,0,0,0,0,0,0,0,0,0,0,0,0,0,0,0,0,0,0,0,0,0,0,0,0,1,0,0
1191,3541078,Hotch Potch,Bad Drummer,Stout - Milk / Sweet,https://untappd.com/b/hotch-potch-bad-drummer/3541078,5.2,30,3.68,200,11/21/19,"Raw cocoa with some medium roasted coffee in the aroma, accompanied by sweeter caramely notes. The taste follows the aroma with some dark chocolate, and roasted bread flavors, all sweetened by the addition of lactose which defines this milk stout. The lactose also contributes to a fuller mouthfeel and silky texture, and enhances the caramel maltiness in the finish. The aftertaste that follows is that of pleasant roasty bitterness. ",croatia,1,0,1,0,0,0,1,0,0,0,0,0,0,0,0,0,1,0,0,0,0,0,0,0,0,0,0,0,0,0,0,0,0,0,0,1,0,0
1192,4397168,The Garden Brewery,Coconut & Tonka Bean Milk Stout,Stout - Milk / Sweet,https://untappd.com/b/the-garden-brewery-coconut-and-tonka-bean-milk-stout/4397168,5.5,22,3.6,3521,07/05/21,"Complex dark malts, cacao, and vanilla intermingle with sweet coconut and spicy tonka in this vegan sundae stout  ",croatia,1,0,0,0,0,1,0,0,0,0,0,0,0,0,0,0,0,0,0,0,0,0,0,0,0,0,0,0,0,0,0,0,0,0,0,1,0,0
1193,2376959,The Garden Brewery,Milk Stout,Stout - Milk / Sweet,https://untappd.com/b/the-garden-brewery-milk-stout/2376959,4.1,18,3.59,864,11/07/17,"A big beer in a little can. 7 types of the best malts and a lot of lactose make this a heavy hitter in a small package. Thick, heavy, sweet, and creamy stout packed with massive notes of coffee crema, chocolate, roast. Finished super silky smooth with each sip. ",croatia,1,0,1,0,0,0,0,0,0,0,0,0,0,0,0,0,0,0,0,0,0,0,0,0,0,0,0,0,0,0,0,0,0,0,0,1,0,0
1194,3418422,The Garden Brewery,Chocolate and Pecan Milk Stout,Stout - Milk / Sweet,https://untappd.com/b/the-garden-brewery-chocolate-and-pecan-milk-stout/3418422,5.2,15,3.58,2055,09/05/19,"Full bodied, strong and rich. Light coffee, tobacco and dried fruit on the nose. Sweet with a creamy mouthfeel, nutty pecan notes blend with rich dark chocolate from the organic Cacao Nibs. ",croatia,0,0,1,0,0,0,0,0,1,0,0,0,0,0,0,0,0,0,0,0,0,0,0,0,0,0,0,0,0,0,0,0,0,0,0,1,0,0
1195,1594422,The Garden Brewery,Stout | Nero,Stout - Milk / Sweet,https://untappd.com/b/the-garden-brewery-stout-nero/1594422,5.7,20,3.55,12514,06/10/16,"Breakfast Stout - made with oats, lactose and an experimental hop from Slovenia. ",croatia,0,0,0,0,0,0,0,0,0,0,0,0,0,0,0,0,0,0,0,0,0,0,0,0,0,0,0,0,0,0,0,0,0,0,0,1,0,0
1196,2370076,Dubrovnik Beer Co.,Grego,Stout - Milk / Sweet,https://untappd.com/b/dubrovnik-beer-co-grego/2370076,4.8,22,3.5,2781,11/03/17, ,croatia,0,0,0,0,0,0,0,0,0,0,0,0,0,0,0,0,0,0,0,0,0,0,0,0,0,0,0,0,0,0,0,0,0,0,0,1,0,0
1197,2985889,Bura Brew,Terra Magica,Stout - Milk / Sweet,https://untappd.com/b/bura-brew-terra-magica/2985889,5.2,28,3.47,1834,12/13/18,"Top-fermented Stout with oat flakes and milk sugar. Unpasteurized, unfiltered, bottle-fermented (bottle conditioned). ",croatia,0,0,0,0,0,0,0,0,0,0,0,0,0,0,0,0,0,0,0,0,0,0,0,0,0,0,0,0,0,0,0,0,0,0,0,1,0,0
1198,6218937,The Garden Brewery,Peanut Butter & Chocolate Cheesecake Stout,Stout - Milk / Sweet,https://untappd.com/b/the-garden-brewery-peanut-butter-and-chocolate-cheesecake-stout/6218937,6.2,N/A,3.44,1185,04/07/25,"Rich and velvety dessert stout with a creamy peanut butter, cheesecake sweetness and a malted roasty depth.  ",croatia,1,0,0,0,0,0,0,0,0,0,0,0,0,0,0,0,0,0,0,0,0,0,0,0,0,0,0,0,0,0,0,0,0,0,0,1,0,0
1199,1974647,Varionica,HabaNeon Stout,Stout - Oatmeal,https://untappd.com/b/varionica-habaneon-stout/1974647,6.2,N/A,3.58,592,03/01/17,Made with fresh Habanero peppers. Collaboration with volimljuto.com ,croatia,0,0,0,0,0,0,0,0,0,0,0,0,0,0,0,0,0,0,0,0,0,0,0,0,0,0,0,0,0,0,0,0,0,0,0,1,0,0
1200,3017595,Brlog zadružna pivovara,Špurija,Stout - Oatmeal,https://untappd.com/b/brlog-zadruzna-pivovara-spurija/3017595,6.5,27,3.56,764,12/31/18,"Najmlađa sestra iz linije ženskih buntovnica. Taj sanjarski pogled prema noćnom nebu nazvali smo po riječi špurijus, što je u žargonu predosjećaj. Top notes chocolate and coffee. Full body, malty caramel flavour that feels like liquid silk in the mouth. ",croatia,1,0,1,0,0,0,1,0,0,0,0,0,0,0,0,0,0,0,0,0,0,0,0,0,0,0,0,0,0,0,0,0,0,0,0,1,0,0
1201,4805602,Brewville - Neretva Valley,The Might of Rome,Stout - Oatmeal,https://untappd.com/b/brewville-neretva-valley-the-might-of-rome/4805602,5.8,30,3.55,350,04/20/22,"The Might of Rome is the story of Narona, which was a Roman city in the area of today's village Vid in the Neretva Valley, where today is the Archaeological Museum of Narona, the first in situ museum in Croatia. The Might of Rome is an oatmeal stout, a medium-bodied and medium-bitter black beer with the addition of oats and aromas of coffee, chocolate and caramel. ",croatia,0,0,1,0,0,0,1,0,0,0,0,0,0,0,0,0,0,0,0,0,0,0,0,0,0,0,0,0,0,0,0,0,0,0,0,1,0,0
1202,3969322,GRIF,Oatmeal Stout,Stout - Oatmeal,https://untappd.com/b/grif-oatmeal-stout/3969322,6.0,35,3.37,1717,09/18/20, ,croatia,0,0,0,0,0,0,0,0,0,0,0,0,0,0,0,0,0,0,0,0,0,0,0,0,0,0,0,0,0,0,0,0,0,0,0,1,0,0
1203,1727198,Crafter's,Chimney,Stout - Oatmeal,https://untappd.com/b/crafter-s-chimney/1727198,4.8,N/A,3.37,604,09/10/16,"Kremasti okus i blagi miris pržene kave, uz voćne note i niski stupanj alkohola čine ovo pivo dobiveno iz tamnijih sladova i plemenitog hmelja ugodnim za piće u bilo koje doba dana. ",croatia,1,1,0,0,0,0,0,0,0,0,0,1,0,0,0,0,0,0,0,0,0,0,0,0,0,0,0,0,0,0,0,0,0,0,0,1,0,0
1204,1461807,Varionica,Neon Stout,Stout - Oatmeal,https://untappd.com/b/varionica-neon-stout/1461807,6.2,28,3.35,5746,03/11/16,"As a proud dark representative of Craft Brewery Varionica, Neon Stout beer will win you over with the exceptional fullness of flavor obtained by combining several special malts and cereals. You will not remain indifferent to the full taste accentuated by notes of black coffee and chocolate. ",croatia,1,0,1,0,0,0,0,0,0,0,0,0,0,0,0,0,0,0,0,0,0,0,0,0,0,0,0,0,0,0,0,0,0,0,0,1,0,0
1205,1822687,The Garden Brewery,Nitro Stout,Stout - Other,https://untappd.com/b/the-garden-brewery-nitro-stout/1822687,5.6,20,3.77,228,11/16/16,Our stoutOn Nitrogen ,croatia,0,0,0,0,0,0,0,0,0,0,0,0,0,0,0,0,0,0,0,0,0,0,0,0,0,0,0,0,0,0,0,0,0,0,0,1,0,0
1206,2917567,Tap B Split Craft Brewery,MRKA Chili Choco Stout,Stout - Other,https://untappd.com/b/tap-b-split-craft-brewery-mrka-chili-choco-stout/2917567,7.5,29,3.76,166,10/30/18,"Chocolate stout with dried cayenne chili peppers,vanilla, nutmeg and cinnamon in taste. Winter delicacy. ",croatia,0,0,0,0,0,1,0,0,0,0,0,0,0,0,0,0,0,0,0,0,0,0,0,0,0,0,0,0,0,0,0,0,0,0,0,1,0,0
1207,1903435,Pulfer Brewery,Boranka,Stout - Other,https://untappd.com/b/pulfer-brewery-boranka/1903435,6.5,33,3.73,585,01/11/17,"We dedicated our stout to noble campaign - Boranka (Paint it back). Every summer, wildfires destroy thousands of square kilometers of green forests, turning them into black, burned areas. Boranka is one of the largest volunteer projects with an aim to ‘paint’ those black, burned areas into new green forests.Scouts and other volunteers joined this campaign and helped! You can join too, become donator or volunteer! Also, drinking our stout you participate in our donation to Boranka!Cheers and let's plant those trees back! ",croatia,0,0,0,0,0,0,0,0,0,0,0,0,0,0,0,0,0,0,0,0,0,0,0,0,0,0,0,0,0,0,0,0,0,0,0,1,0,0
1208,4575992,Familia Craft Pivovara,Chocolate Stout- Cuban Edition,Stout - Other,https://untappd.com/b/familia-craft-pivovara-chocolate-stout-cuban-edition/4575992,5.3,N/A,3.64,228,11/02/21,Second edition of our Chocolate Stout brewed using cocoa beans from Cuba. Five malt types enriched with flaked oats and coca beans gives full body with subtle cocoa flavor. ,croatia,1,0,0,0,0,0,0,0,0,0,0,0,0,0,0,0,1,0,0,0,0,0,0,0,0,0,0,0,0,0,0,0,0,0,0,1,0,0
1209,4629948,Varionica,Hack3r White Hat,Stout - Other,https://untappd.com/b/varionica-hack3r-white-hat/4629948,6.3,N/A,3.63,190,12/09/21, ,croatia,0,0,0,0,0,0,0,0,0,0,0,0,0,0,0,0,0,0,0,0,0,0,0,0,0,0,0,0,0,0,0,0,0,0,0,1,0,0
1210,2994757,Lab Split,Simon's Motor Oil Stout,Stout - Other,https://untappd.com/b/lab-split-simon-s-motor-oil-stout/2994757,5.2,20,3.57,152,12/18/18,"Thick, creamy, oily. This Stout has some Lactose to boost mouth feel, along with some roast, coffee and chocolate malt! This brew was a collab with Real Ale Craft Beer, celebrity beer reviewer Simon! :) ",croatia,1,0,1,0,0,0,0,0,0,0,0,0,0,0,0,0,0,0,0,0,0,0,0,0,0,0,0,0,0,0,0,0,0,0,0,1,0,0
1211,2809897,King's Brew,Veles,Stout - Other,https://untappd.com/b/king-s-brew-veles/2809897,4.7,N/A,3.54,214,08/22/18, ,croatia,0,0,0,0,0,0,0,0,0,0,0,0,0,0,0,0,0,0,0,0,0,0,0,0,0,0,0,0,0,0,0,0,0,0,0,1,0,0
1212,698827,Pivovara Medvedgrad,Agram Stout,Stout - Other,https://untappd.com/b/pivovara-medvedgrad-agram-stout/698827,5.5,30,3.5,1227,05/31/14,"A thick, creamy stout, with the irresistible taste of roasted malt, a rich aroma and a pleasant sweetness with a lightly bitter aftertaste. We brew Agram Stout towards the end of winter. ",croatia,1,0,0,0,0,0,0,0,0,0,0,0,0,0,0,0,0,0,0,0,0,0,0,0,0,0,0,0,0,0,0,0,0,0,0,1,0,0
1213,6398584,The Garden Brewery,Croatian Oyster Stout,Stout - Oyster,https://untappd.com/b/the-garden-brewery-croatian-oyster-stout/6398584,6.5,30,3.64,790,09/02/25,"A unique, rich & complex stout that celebrates the treasures of the sea and land. Fresh Oysters from our friend’s Adriatic farm give a lovely, delicate mineral character and a subtle salt brine taste to beautifully complement the dark, roasty flavours of the speciality malts.  ",croatia,1,0,0,0,0,0,0,0,0,0,0,0,0,0,0,0,0,0,0,0,0,0,0,0,0,0,0,0,0,0,0,0,0,0,0,1,0,0
1214,3532115,Zmajska Pivovara,Bounty Stout,Stout - Pastry,https://untappd.com/b/zmajska-pivovara-bounty-stout/3532115,6.0,40,3.77,302,11/15/19,"Bounty Stout ima nemalih 6,0% Abv, ugodnih 40 IBU-a, a dominantne arome kokosa, kakaa, tamne čokolade i tamne karamele svrstavaju ga u Pastry Stout tip piva, slojevit, bogat i pomalo dekadentan pivski stil zbog dodatka slastičarskih sastojaka. ",croatia,0,0,0,0,0,0,1,0,0,0,0,0,0,0,0,0,0,1,0,0,0,0,0,0,0,0,0,0,0,0,0,0,0,0,0,1,0,0
1215,2940773,The Garden Brewery,Chocolate & Peanut Butter Stout,Stout - Pastry,https://untappd.com/b/the-garden-brewery-chocolate-and-peanut-butter-stout/2940773,6.9,35,3.67,4317,11/14/18,"Dark, creamy & decadent with notes of peanut butter, caramel and chocolate. ",croatia,0,0,1,0,0,0,1,0,0,0,0,0,0,0,0,0,0,0,0,0,0,0,0,0,0,0,0,0,0,0,0,0,0,0,0,1,0,0
1227,4567803,Zmajska Pivovara,Critters of the Dark,Stout - Russian Imperial,https://untappd.com/b/zmajska-pivovara-critters-of-the-dark/4567803,10.0,N/A,3.85,230,10/28/21,"Brewer's concoction series, barrel aged imperial stout, cocoa, coffe and vanilla notes.... no need to call the critters patrol. ",croatia,0,0,0,0,0,1,0,0,0,0,0,0,0,1,0,0,1,0,0,0,0,0,0,0,0,0,0,0,0,0,0,0,0,0,0,1,0,0
1228,6180714,Zmajska Pivovara,Dark Dozen,Stout - Russian Imperial,https://untappd.com/b/zmajska-pivovara-dark-dozen/6180714,10.4,70,3.79,166,03/06/25,"Drinks smooth, hits hard. ",croatia,0,0,0,0,0,0,0,0,0,0,0,0,0,0,0,0,0,0,0,0,0,0,0,0,0,0,0,0,0,0,0,0,0,0,0,1,0,0
1229,5748173,Pivovara Medvedgrad,Gavran,Stout - Russian Imperial,https://untappd.com/b/pivovara-medvedgrad-gavran/5748173,10.5,70,3.78,489,03/14/24,"Gavran je jako, gusto, crno pivo u čijem okusu dominiraju kava i crna čokolada. ",croatia,0,0,0,0,0,0,0,0,0,0,0,0,0,0,0,0,0,0,0,0,0,0,0,0,0,0,0,0,0,0,0,0,0,0,0,1,0,0
1230,4020442,Zmajska Pivovara,Bearly Strong,Strong Ale - American,https://untappd.com/b/zmajska-pivovara-bearly-strong/4020442,9.99,50,3.72,556,10/23/20,"Pivo je stila American Strong Ale koje smo skuhali s prijateljem Matijem iz estonske pivovare Lehe Pruulikoda uoči prošlogodišnjeg Zmajeva. To je bio samo početak jer ogroman dio posla učinile su bačve burbona u kojima je pivo odležalo osam mjeseci. Dobili smo moćno (9,99 % ABV), zaokruženo i aromatično pivo, s toplim mirisima karamele, burbona, vanilije i kokosa. ",croatia,0,0,0,0,0,0,1,0,0,0,0,0,0,0,0,0,0,0,0,0,0,0,0,0,0,0,0,0,0,0,0,0,0,0,0,0,1,0
1231,3115915,Bruman,Kontrakolpo,Strong Ale - American,https://untappd.com/b/bruman-kontrakolpo/3115915,6.9,80,3.42,435,03/08/19, ,croatia,0,0,0,0,0,0,0,0,0,0,0,0,0,0,0,0,0,0,0,0,0,0,0,0,0,0,0,0,0,0,0,0,0,0,0,0,1,0
1232,2639853,The Garden Brewery,Summer Wheat Ale,Wheat Beer - American Pale Wheat,https://untappd.com/b/the-garden-brewery-summer-wheat-ale/2639853,3.6,5,3.61,281,05/08/18,A dry-hopped wheat beer blended with our house sour: dry and sessionable with soft notes of grapefruit and lychee and a subtle tartness.  ,croatia,0,0,0,0,0,0,0,0,1,0,0,0,0,0,0,0,0,0,0,0,0,0,0,0,0,0,0,0,0,0,0,0,0,1,0,0,0,0
1233,1654494,Zmajska Pivovara,Hoppy Wheat,Wheat Beer - American Pale Wheat,https://untappd.com/b/zmajska-pivovara-hoppy-wheat/1654494,4.9,35,3.59,2291,07/21/16,"This beer forgot its German roots on first miles over Atlantic and right after arrival it adopted the values of the new continent: the naturalness and exceptional ease. That is how this dry, light and naturally hazy beer with creamy texture, wheat body and soul of hops was born.Easy to drink but hard to forget! ",croatia,0,1,0,1,0,0,0,0,0,0,0,0,0,0,0,0,0,0,0,0,0,0,0,0,0,0,0,0,0,0,0,0,0,1,0,0,0,0
1234,2688245,Pivovara Daruvar,5th Element Whey Beer,Wheat Beer - American Pale Wheat,https://untappd.com/b/pivovara-daruvar-5th-element-whey-beer/2688245,4.5,N/A,3.28,230,06/07/18,"Each bottle contains 5 - 7 g Whey protein (whey protein), comes as an unfiltered beer, which gives it an excellent source of natural vitamin B from brewer's yeast, with a lower alcohol content of 4.5% is ideal as a refreshment for all sport enthusiasts and athletes who like to enjoy in beer. ",croatia,0,0,0,0,0,0,0,1,0,0,0,1,0,0,0,0,0,0,0,0,0,0,0,0,0,0,0,0,0,0,0,0,0,1,0,0,0,0
1235,2974764,Šibenska Pivovara,Barone,Wheat Beer - Dunkelweizen,https://untappd.com/b/sibenska-pivovara-barone/2974764,5.35,N/A,3.44,161,12/06/18,"Barone je Dunkelweizen (tamno pšenično) pivo sa punim tijelom i blagom aromom. Sadrži 50 % pšenice i 5,35 % udio alkohola. Njegova tamna boja i punina okusa savršeno odgovaraju u ovim hladnim zimskim mjesecima. ",croatia,0,0,0,0,0,0,0,0,0,0,0,1,0,0,0,0,0,1,0,0,0,0,0,0,0,0,0,0,0,0,0,0,0,1,0,0,0,0
1236,6032230,Pulfer Brewery,Santa Klausovich,Wheat Beer - Fruited,https://untappd.com/b/pulfer-brewery-santa-klausovich/6032230,7.2,25,3.63,323,10/24/24,"After Capo di Hefe, Don Banano and Bill O'Coffeen, Oyabun, here comes Santa Klausovich!A balkan styled, three stripes addidas outfit, Mr. Klausovich is real gangsta' from the street!Wheat beer brewed with bananas, and than conditioned on vanilla and cinnamon, this is a liquid dessert. Yummmmmmmy!This is why we brew!  ",croatia,0,0,0,0,1,1,0,0,0,0,0,0,0,0,0,0,0,0,0,0,0,0,0,0,0,0,1,0,0,0,0,0,0,0,0,0,0,0
1237,2588048,Pulfer Brewery,Brundelweiss,Wheat Beer - Hefeweizen,https://untappd.com/b/pulfer-brewery-brundelweiss/2588048,5.2,12,3.68,1394,04/06/18,"Our version of weissbier! When you brew hefeweizen, do as the Germans do! Wheat and Pilsner malt, german hop Tettnanger. Our 2nd collaboration is named Brundelweiss, full of banana and clove aroma and flavor. Prost! ",croatia,1,0,0,1,1,0,0,0,0,0,0,0,0,0,0,0,0,0,0,0,0,0,0,0,0,0,0,0,0,0,0,0,0,1,0,0,0,0
1238,5598220,Pulfer Brewery,Scareweiss,Wheat Beer - Hefeweizen,https://untappd.com/b/pulfer-brewery-scareweiss/5598220,5.5,12,3.63,1027,11/09/23,"A new modern version of traditional german weissbier or heferweizen is here!Traditional yeast and german hops are used and twisted with modern malts to create this beauty.You can taste banana-like aroma with clove-like flavor, with silky aftertaste and subtle bitterness.Very drinkable, silky with golden pale color, yummy!This is why we brew! ",croatia,1,1,0,1,1,0,0,1,0,0,0,0,0,0,0,0,0,0,0,0,0,0,0,0,0,0,0,0,0,0,0,0,0,1,0,0,0,0
1239,2719484,Bujska Pivovara,San Servolo Hefeweizen,Wheat Beer - Hefeweizen,https://untappd.com/b/bujska-pivovara-san-servolo-hefeweizen/2719484,5.1,N/A,3.57,1398,06/26/18,"Hefeweizen pivo – mutno nefiltrirano i nepasterizirano pšenično pivo dobiveno od pšeničnog slada. Sadrži visoki udjel kvasaca u sebi i zato je jako hranjivo, ali ujedno i osvježavajuće zbog veće reskosti i same aromatičnosti piva koju dobivamo specijalnim kvascima, a u prvom redu krase ga arome banane i klinčića. ",croatia,1,0,0,0,0,0,0,1,0,0,0,0,0,0,0,0,0,0,1,0,0,0,0,0,0,0,0,0,0,0,0,0,0,1,0,0,0,0
1240,2437728,Mandrill Nano Brewing Co.,Üger,Wheat Beer - Hefeweizen,https://untappd.com/b/mandrill-nano-brewing-co-uger/2437728,4.9,38,3.56,252,12/19/17,Hopenweizen klasicni njemacki hefe dodatno zahmeljen magnum hmeljevima osvjezavace gorcine carboniziran iskljucivo kvascima bez dodavanja CO2 #prvohrvatskounisexpivo banana  za nju  gorcina za njega ,croatia,0,0,0,0,1,0,0,0,0,0,0,0,0,0,0,0,0,0,0,0,0,0,0,0,0,0,0,0,0,0,0,0,0,1,0,0,0,0
1241,5863812,Lepi Dečki Brewery,Goodara Grill - Pšenično,Wheat Beer - Hefeweizen,https://untappd.com/b/lepi-decki-brewery-goodara-grill-psenicno/5863812,4.6,N/A,3.54,190,06/10/24,Dobar osjećaj u tekućem obliku! Robna marka koja to nije ;) #Ribafish ,croatia,0,0,0,0,0,0,0,0,0,0,0,0,0,0,0,0,0,0,0,0,0,0,0,0,0,0,0,0,0,0,0,0,0,1,0,0,0,0
1242,2110977,Lepi Dečki Brewery,Nikola Zrinski,Wheat Beer - Hefeweizen,https://untappd.com/b/lepi-decki-brewery-nikola-zrinski/2110977,3.7,N/A,3.51,265,05/25/17,"Nikola Zrinski, named after Nikola Zrinski Čakovečki, was a Croatian and Hungarian military leader, statesman and poet. He was a member of the House of Zrinski (or Zrínyi), a Croatian-Hungarian noble family. The beer is weissbier / wheatbeer, our first attempt at it and we're proud of it!  ",croatia,0,0,0,0,0,0,0,0,0,0,0,0,0,0,0,0,0,0,0,0,0,0,0,0,0,0,0,0,0,0,0,0,0,1,0,0,0,0
1243,2955378,Zeppelin Craft Brewery,Marmun,Wheat Beer - Hefeweizen,https://untappd.com/b/zeppelin-craft-brewery-marmun/2955378,5.0,19,3.41,2123,11/23/18,"Osvježavajuće i pitko pivo punog tijela voćnih aroma, prevladava okus banane i klinćića.Majmun, jedan od zamjenika pilota Zeppelina, u biti lud lik jer skuplja pšenični slad u vožnji dok visi na hmeljnoj ""lijani"" sa Zeppelina. Iako je slomljen autopilot Zeppelina on ostavlja Zeppelin bez nadzora da bi u letu nakupio dovoljno pšenice za sljedeću turu piva, jednostavno ne može izdržati kada lete iznad pšeničnih polja. Za to vrijeme se svi skamene od straha jer nemaju nadzor nad Zeppelinom, dok njega to baš ne dira. ",croatia,1,0,0,0,0,0,0,0,0,0,0,0,0,0,0,0,0,0,0,0,0,0,0,0,0,0,0,0,0,0,0,0,0,1,0,0,0,0
1244,2187638,Pivovara Daruvar,5th Element Gerweiss,Wheat Beer - Hefeweizen,https://untappd.com/b/pivovara-daruvar-5th-element-gerweiss/2187638,4.5,15,3.37,1835,07/10/17, ,croatia,0,0,0,0,0,0,0,0,0,0,0,0,0,0,0,0,0,0,0,0,0,0,0,0,0,0,0,0,0,0,0,0,0,1,0,0,0,0
1245,22050,Pivovara Medvedgrad,Dva Klasa,Wheat Beer - Hefeweizen,https://untappd.com/b/pivovara-medvedgrad-dva-klasa/22050,4.6,20,3.23,8695,01/06/11,Dark clouded wheatbeer with a purple red colour and a specific scent and taste which comes from wheat malt. We brew Dva klasa (Two spikes) throughout the year. ,croatia,1,0,0,0,0,0,0,0,0,0,0,0,0,0,0,0,0,0,0,0,0,0,0,0,0,0,0,0,0,0,0,0,0,1,0,0,0,0
1246,2108277,Carlsberg Croatia,Panonska Wheat,Wheat Beer - Hefeweizen,https://untappd.com/b/carlsberg-croatia-panonska-wheat/2108277,5.3,N/A,3.21,898,05/23/17,Wheat je pšenično pivo stabilne pjene i blago zamućene zlatne boje nježnog kremastog okusa uz dašak agruma. ,croatia,0,0,0,0,0,0,0,0,0,0,1,0,0,0,0,0,0,0,0,0,0,0,0,0,0,0,0,0,0,0,0,0,0,1,0,0,0,0
1247,4581401,Saperlot,Weizen Iwo,Wheat Beer - Hefeweizen,https://untappd.com/b/saperlot-weizen-iwo-0-33l/4581401,5.1,15,3.16,1410,11/05/21, ,croatia,0,0,0,0,0,0,0,0,0,0,0,0,0,0,0,0,0,0,0,0,0,0,0,0,0,0,0,0,0,0,0,0,0,1,0,0,0,0
1248,4585350,Pulfer Brewery,Capo Di Hefe,Wheat Beer - Other,https://untappd.com/b/pulfer-brewery-capo-di-hefe/4585350,7.3,18,3.8,635,11/08/21,"Say hello to our little friend...This isn't ordinary wheat beer. This is imperial pastry hefeweizen. There aren't many beers like this in the world, but we brew it 'cause it was fun!Imagine hefeweizen brewed with banana, coconut and Madagascar vanilla. Weizen yeast already gave banana-like aroma and flavour but we wanted even more of that. So we put fair amount of bananas into fermentation to enchance those banana flavours. And then we conditioned it on  Madagascar vanilla pods and coconut which produced really amazing taste. Lots of wheat and oats and touch of lactose for creamy body and there you go - crazy wheat beer!Silky and smooth, it really feels like a beach cake punch.This is why we brew!Capisci? ",croatia,0,0,0,0,1,1,0,1,0,0,0,0,0,0,1,0,0,0,0,0,0,0,0,0,0,0,0,0,0,0,0,0,0,1,0,0,0,0
1249,4758484,Pulfer Brewery,Don Bonanno,Wheat Beer - Other,https://untappd.com/b/pulfer-brewery-don-bonanno/4758484,7.0,25,3.71,670,03/18/22,"Another Pastry Imperial Hefeweizen from 'La Famiglia' series!This time we played with tonka beans and cacao nibs, along with banana pure. You will find banana taste with chocolate and marzipanish aroma in every sip. Full and thick, sweetish, sounds like a real dessert.Every  Capo needs consigliere... An artwork for a fiesty capuchin monkey and 'mafia' theme was inspired by italian-american boss crime Joseph Bonanno, also known as Joe Bananas. This is why we brew!Capisci? ",croatia,0,0,1,0,1,0,0,0,0,0,0,0,0,0,0,0,0,0,0,0,0,0,0,0,0,0,0,0,0,0,0,0,0,1,0,0,0,0
1250,5643180,Pulfer Brewery,Oyabun,Wheat Beer - Other,https://untappd.com/b/pulfer-brewery-oyabun/5643180,7.1,20,3.7,771,12/14/23,"After Capo di Hefe, Don Banano and Bill O'Coffeen, here comes Oyabun, big boss of Yakuza, well knowed japanese mafia..With tradioninal japanese styled tattoos, this japanese macaque is a perfect match for a beerlabel.Wheat beer brewed with bananas, and than conditioned on vanilla and chocolate, this is a liquid dessert. And it's veeeerry drinkable for such flavourfull beer.This is why we brew! ",croatia,0,0,1,0,1,1,0,0,0,0,0,0,0,0,0,0,0,0,0,0,0,0,0,0,0,0,0,0,0,0,0,0,0,1,0,0,0,0
1251,5110301,Pulfer Brewery,Bill O'Coffen,Wheat Beer - Other,https://untappd.com/b/pulfer-brewery-bill-o-coffen/5110301,7.0,15,3.61,453,11/09/22,"f you have ever seen the movie 'Gangs of New York' then you definitely know who 'Bill The Butcher' is.Well, it was he who inspired our continuation of the gangster imperial pastry hefeweizen series aka 'La Famiglia'This time we added bananas, coffee beans, and biscuits to our base. We thanks our friends from craft coffee roaster and coffee shop Kavantura who roasted special brazilian coffee just for this occasion. We wanted more espresso and nutty flavors so they lightly roasted coffee beans and made us happy?The result is a very nicely balanced aroma of iced coffee and an interesting taste of tiramisu. Super rich and fun!Our design studio again nailed this gangster beer style label! Artwork! ",croatia,0,0,0,0,1,0,0,0,0,0,0,0,0,0,1,0,0,0,0,0,0,0,0,0,0,0,0,0,0,0,0,0,0,1,0,0,0,0
1252,2695808,Dubrovnik Beer Co.,Hugo Stiglitz Belgian Wit,Wheat Beer - Witbier / Blanche,https://untappd.com/b/dubrovnik-beer-co-hugo-stiglitz-belgian-wit/2695808,4.5,20,3.63,301,06/11/18, ,croatia,0,0,0,0,0,0,0,0,0,0,0,0,0,0,0,0,0,0,0,0,0,0,0,0,0,0,0,0,0,0,0,0,0,1,0,0,0,0
1253,5423662,Mandrill Nano Brewing Co.,John Lemon,Wheat Beer - Witbier / Blanche,https://untappd.com/b/mandrill-nano-brewing-co-john-lemon/5423662,5.0,10,3.62,250,06/30/23,Belgium-y taste with a heavy wheat prescence. ,croatia,0,0,0,0,0,0,0,0,0,0,0,0,0,0,0,0,0,0,0,0,0,0,0,0,0,0,0,0,0,0,0,0,0,1,0,0,0,0
1254,3256464,Zmajska Pivovara,Wit,Wheat Beer - Witbier / Blanche,https://untappd.com/b/zmajska-pivovara-wit/3256464,5.0,15,3.57,263,05/31/19,"Refreshing, fragrant and highly drinkable beer. Brewed with raw wheat and barley malt, spiced with hops, bitter orange peel and coriander. Ultimate partner in a variety of Mediterranean dishes. ",croatia,1,1,0,0,0,0,0,0,0,0,0,0,0,0,0,1,0,0,0,0,0,0,0,0,0,0,0,0,0,0,0,0,0,1,0,0,0,0
1255,2606698,PriMarius craft pivovara,Bijelo,Wheat Beer - Witbier / Blanche,https://untappd.com/b/primarius-craft-pivovara-bijelo/2606698,5.2,16,3.54,1019,04/17/18, ,croatia,0,0,0,0,0,0,0,0,0,0,0,0,0,0,0,0,0,0,0,0,0,0,0,0,0,0,0,0,0,0,0,0,0,1,0,0,0,0
1256,3356813,Lepi Dečki Brewery,Nikola Zrinski / Miklos Zrinyi,Wheat Beer - Witbier / Blanche,https://untappd.com/b/lepi-decki-brewery-nikola-zrinski-miklos-zrinyi/3356813,4.3,16,3.49,1313,07/29/19,"A collaboration with Reketye Brewery, new take on Zrinski weizen is this beer.A warlord, grandfather of Nikola Zrinski, the hero of Sziget is a hero both in Croatia and Hungary.  ",croatia,0,0,0,0,0,0,0,0,0,0,0,0,0,0,0,0,0,0,0,0,0,0,0,0,0,0,0,0,0,0,0,0,0,1,0,0,0,0
1257,762546,Visibaba Brew Co,John Lemon,Wheat Beer - Witbier / Blanche,https://untappd.com/b/visibaba-brew-co-john-lemon/762546,5.5,24,3.46,2978,07/30/14,"Belgian Wheat Beer with a zest of Croatia.""Imagine an eccentric wheat beer that wakes up your senses and takes you on a journey across a citrusy and floral universe, then leaves you with a bitter finish that refreshes like no other. A beer that takes you away and sets you free.""-John LemonContains lemons and orange peels from the island of Vis, ",croatia,0,0,0,0,0,0,0,0,0,0,0,0,0,0,0,0,0,0,0,0,0,0,0,0,0,0,0,0,0,0,0,0,0,1,0,0,0,0
1258,1170842,Pivovara Medvedgrad,Ljeto u Zagrebu / The Summer in Zagreb,Wheat Beer - Witbier / Blanche,https://untappd.com/b/pivovara-medvedgrad-ljeto-u-zagrebu-the-summer-in-zagreb/1170842,5.2,20,3.46,4322,07/22/15,Belgian wheat beer made ​​from barley and wheat malt and oats supplemented with bitter orange peel and coriander. ,croatia,1,0,0,0,0,0,0,0,0,0,0,0,0,0,0,1,0,0,0,0,0,0,0,0,0,0,0,0,0,0,0,0,0,1,0,0,0,0
1259,5877565,The Garden Brewery,Witbier,Wheat Beer - Witbier / Blanche,https://untappd.com/b/the-garden-brewery-witbier/5877565,5.2,20,3.4,690,06/21/24,Classic Belgian Witbier with a luscious wheat base and prominent notes of Coriander & Orange Peel. Made with our Canadian friends Malty National ,croatia,0,0,0,0,0,0,0,0,0,0,0,0,0,0,0,0,0,0,0,0,0,0,0,0,0,0,0,0,0,0,0,0,0,1,0,0,0,0
1260,1019139,Karlovačka Pivovara (Heineken Croatia),Karlovačko Primavera,Wheat Beer - Witbier / Blanche,https://untappd.com/b/karlovacka-pivovara-heineken-croatia-karlovacko-primavera/1019139,4.9,N/A,3.31,207,03/21/15,Svijetlo nefiltrirano psenicno lager pivo obogaceno mirisnim notama korijandera i psenicnog slada. ,croatia,1,0,0,0,0,0,0,0,0,0,0,0,0,0,0,0,0,0,0,0,0,0,0,0,0,0,0,0,0,0,0,0,0,1,0,0,0,0
1261,2989677,Zmajska Pivovara,Barrel 04 (Brewer's Concoction),Wild Ale - American,https://untappd.com/b/zmajska-pivovara-barrel-04-brewer-s-concoction/2989677,6.8,32,3.68,187,12/15/18,Barrel aged with brewer's brett mix for a long time on a super secret location ,croatia,0,0,0,0,0,0,0,0,0,0,0,0,0,0,0,0,0,0,0,0,0,0,0,0,0,0,0,0,0,0,0,0,0,0,0,0,1,0
1262,3031267,Zmajska Pivovara,Barrel 01 (Brewer's Concoction),Wild Ale - American,https://untappd.com/b/zmajska-pivovara-barrel-01-brewer-s-concoction/3031267,5.1,30,3.64,173,01/11/19,Barrel aged for a long time on a super secret location.sacch fermented base beerwhisky barrelBrux Trois ,croatia,0,0,0,0,0,0,0,0,0,0,0,0,0,1,0,0,0,0,0,0,0,0,0,0,0,0,0,0,0,0,0,0,0,0,0,0,1,0
1263,3031288,Zmajska Pivovara,Barrel 03 (Brewer's Concoction),Wild Ale - American,https://untappd.com/b/zmajska-pivovara-barrel-03-brewer-s-concoction/3031288,5.1,30,3.64,160,01/11/19,Barrel aged for a long time on a super secret locationSacch fermented base beerwhisky barrelbrewer's Brett mix 1 ,croatia,0,0,0,0,0,0,0,0,0,0,0,0,0,1,0,0,0,0,0,0,0,0,0,0,0,0,0,0,0,0,0,0,0,0,0,0,1,0
1264,3031278,Zmajska Pivovara,Barrel 02 (Brewer's Concoction),Wild Ale - American,https://untappd.com/b/zmajska-pivovara-barrel-02-brewer-s-concoction/3031278,5.1,30,3.63,151,01/11/19,Barrel aged for a long time on a super secret locationsacch fermented base beerwhisky barrelBrux Trois Vrai ,croatia,0,0,0,0,0,0,0,0,0,0,0,0,0,1,0,0,0,0,0,0,0,0,0,0,0,0,0,0,0,0,0,0,0,0,0,0,1,0
1266,5572481,Mlinarica,Brettcave 02: Elderflower,Wild Ale - Other,https://untappd.com/b/mlinarica-brettcave-02-elderflower/5572481,4.7,N/A,3.81,248,10/20/23,Sour Ale aged in Oak Barrel with Elderflower ,croatia,0,0,0,0,0,0,0,0,0,0,0,0,0,0,0,0,0,0,0,0,0,0,0,0,0,0,0,0,0,0,0,0,0,0,0,0,1,0
1267,5607093,Mlinarica,Duality 08: Pear,Wild Ale - Other,https://untappd.com/b/mlinarica-duality-08-pear/5607093,6.1,10,3.78,175,11/16/23,"The Duality series continues in 2023! Mixed fermentation, wine barrel aged in Croatian oak barrels is the standard.This one had pears from the extra juicy sort Santa Maria added. ",croatia,0,0,0,0,0,0,0,0,0,0,0,0,0,1,0,0,0,0,0,0,0,0,0,0,0,0,0,0,0,0,0,0,0,0,0,0,1,0
1268,5409273,Mlinarica,Blend My Day,Wild Ale - Other,https://untappd.com/b/mlinarica-blend-my-day/5409273,7.8,N/A,3.78,162,06/19/23,"A blend of many different beers, all sours of course, and all went through the oak barrels. This beer took some longer ageing but reached a lovely profile very much reminding of a Flanders red. The light balsamic aceto acidity is present along with lactic sourness, but some malty support is also there, actually giving it an illusion of some berries being added in the end. ",croatia,1,0,0,0,0,0,0,0,1,0,0,0,0,1,0,0,0,0,0,0,0,0,0,0,0,0,0,0,0,0,0,0,0,0,0,0,1,0
1269,5590814,Mlinarica,BrettCave 04 : Muscat,Wild Ale - Other,https://untappd.com/b/mlinarica-brettcave-04-muscat/5590814,6.7,N/A,3.75,234,11/03/23,"Initialy a gose style beer was later transferred to  oak barrels. The rich aroma of elderflower and tangerines from the muscat pomace is easily recognizable, joined by some wild funk and a promise for some acidity on the nose already. Sparkling natural wine like taste with moderate acidity just complements the aroma. ",croatia,0,0,0,0,0,0,0,0,0,0,0,0,0,1,0,0,0,0,0,0,0,0,0,0,0,0,0,0,0,0,0,0,0,0,0,0,1,0
1270,5589972,Mlinarica,BrettCave 01 : the Dude,Wild Ale - Other,https://untappd.com/b/mlinarica-brettcave-01-the-dude/5589972,4.5,N/A,3.69,282,11/02/23,"Started as a Belgian Wit Beer, but was transferred to  oak wine barrel to work up the funk. Mulberry addition (Croatian for mulberry is Dud, hence the name) gave this beer its intense red-purple color. Sourness is both from the fruit and the mixed fermentation. The tiny green stems of the berries contributed with a distinct peppery note as well. ",croatia,0,0,0,0,0,0,0,0,1,0,0,0,0,1,0,0,0,0,0,0,0,0,0,0,0,0,0,0,0,0,0,0,0,0,0,0,1,0
2356,52232,Borsodi Sörgyár,Borsodi,Lager - Pale,https://untappd.com/b/borsodi-sorgyar-starbev-borsodi/52232,4.5,N/A,2.88,28154,N/A,The flagship of the brewery is a traditional golden coloured light beer.,hungary,0,0,0,0,0,0,0,0,0,0,0,0,0,0,0,0,0,0,0,0,0,0,0,0,0,0,0,0,0,1,0,0,0,0,0,0,0,0
